Project Name,Package Name,Type Name,NOF,NOPF,NOM,NOPM,LOC,WMC,NC,DIT,LCOM,FANIN,FANOUT
maven-maven-2.2.1,org.apache.maven.settings,GlobalSettingsTest,0,0,1,1,19,1,0,0,-1.0,0,0
maven-maven-2.2.1,org.apache.maven.settings,DefaultMavenSettingsBuilder,6,1,9,5,127,22,0,1,0.0,1,3
maven-maven-2.2.1,org.apache.maven.settings,MavenSettingsBuilder,4,0,4,0,39,4,1,0,-1.0,2,0
maven-maven-2.2.1,org.apache.maven.settings,RuntimeInfo,7,0,13,13,107,15,0,0,0.38461538461538464,2,0
maven-maven-2.2.1,org.apache.maven.settings,SettingsUtils,0,0,8,3,191,32,0,0,-1.0,4,1
maven-maven-2.2.1,org.apache.maven.settings,SettingsTest,3,0,2,1,17,2,0,0,0.0,0,1
maven-maven-2.2.1,org.apache.maven.settings,SettingsUtilsTest,0,0,1,1,18,1,0,0,-1.0,0,1
maven-maven-2.2.1,org.apache.maven.artifact.deployer,DefaultArtifactDeployer,3,0,2,2,49,7,0,1,0.0,0,6
maven-maven-2.2.1,org.apache.maven.artifact.deployer,ArtifactDeployerTest,1,0,3,1,21,3,0,0,0.6666666666666666,0,2
maven-maven-2.2.1,org.apache.maven.artifact.deployer,ArtifactDeployer,1,0,2,0,23,2,1,0,-1.0,1,2
maven-maven-2.2.1,org.apache.maven.artifact.deployer,ArtifactDeploymentException,0,0,3,3,15,3,0,0,-1.0,0,0
maven-maven-2.2.1,org.apache.maven.artifact.installer,DefaultArtifactInstaller,2,0,2,2,47,7,0,1,0.0,0,5
maven-maven-2.2.1,org.apache.maven.artifact.installer,ArtifactInstallerTest,1,0,3,1,21,3,0,0,0.6666666666666666,0,2
maven-maven-2.2.1,org.apache.maven.artifact.installer,ArtifactInstallationException,0,0,3,3,15,3,0,0,-1.0,0,0
maven-maven-2.2.1,org.apache.maven.artifact.installer,ArtifactInstaller,1,0,2,0,25,2,1,0,-1.0,1,2
maven-maven-2.2.1,org.apache.maven.artifact.manager,ChecksumFailedException,0,0,2,2,13,2,0,0,-1.0,0,0
maven-maven-2.2.1,org.apache.maven.artifact.manager,DefaultWagonManager,20,0,44,31,714,113,0,1,0.045454545454545456,2,6
maven-maven-2.2.1,org.apache.maven.artifact.manager,DefaultWagonProviderMapping,1,0,3,3,12,3,0,1,0.0,0,0
maven-maven-2.2.1,org.apache.maven.artifact.manager,WagonComponentConfigurator,0,0,1,1,9,1,0,0,-1.0,0,0
maven-maven-2.2.1,org.apache.maven.artifact.manager,WagonConfigurationException,3,0,4,4,21,4,0,0,0.0,0,0
maven-maven-2.2.1,org.apache.maven.artifact.manager,WagonManager,1,0,22,0,49,22,1,0,-1.0,13,3
maven-maven-2.2.1,org.apache.maven.artifact.manager,WagonProviderMapping,1,0,2,2,5,2,1,0,-1.0,3,0
maven-maven-2.2.1,org.apache.maven.artifact.manager,DefaultWagonManagerTest,5,0,29,20,366,33,0,0,0.10344827586206896,0,10
maven-maven-2.2.1,org.apache.maven.artifact.manager,ArtifactRepositoryLayoutStub,0,0,3,3,11,3,0,0,-1.0,0,3
maven-maven-2.2.1,org.apache.maven.artifact.manager,StringWagon,1,0,7,6,31,8,0,0,0.7142857142857143,1,0
maven-maven-2.2.1,org.apache.maven.artifact.manager,WagonA,0,0,1,1,11,1,0,1,-1.0,0,0
maven-maven-2.2.1,org.apache.maven.artifact.manager,WagonAWithImplementationHint,0,0,1,1,11,1,0,1,-1.0,1,0
maven-maven-2.2.1,org.apache.maven.artifact.manager,WagonB,0,0,1,1,11,1,0,1,-1.0,0,0
maven-maven-2.2.1,org.apache.maven.artifact.manager,WagonC,0,0,1,1,11,1,0,1,-1.0,0,0
maven-maven-2.2.1,org.apache.maven.artifact.manager,WagonMock,1,0,2,2,18,2,4,0,0.0,1,0
maven-maven-2.2.1,org.apache.maven.artifact.repository,DefaultArtifactRepository,5,0,13,13,83,15,0,1,0.23076923076923078,1,5
maven-maven-2.2.1,org.apache.maven.artifact.repository,DefaultArtifactRepositoryFactory,3,0,4,4,44,10,0,1,0.5,0,4
maven-maven-2.2.1,org.apache.maven.artifact.repository,ArtifactRepository,0,0,14,0,21,14,1,0,-1.0,76,3
maven-maven-2.2.1,org.apache.maven.artifact.repository,ArtifactRepositoryFactory,1,0,4,0,10,4,1,0,-1.0,6,2
maven-maven-2.2.1,org.apache.maven.artifact.repository,ArtifactRepositoryPolicy,10,7,9,9,75,16,0,0,0.2222222222222222,10,0
maven-maven-2.2.1,org.apache.maven.artifact.repository.metadata,AbstractRepositoryMetadata,1,0,12,8,105,16,4,1,0.5833333333333334,1,4
maven-maven-2.2.1,org.apache.maven.artifact.repository.metadata,ArtifactRepositoryMetadata,1,0,10,10,39,10,0,2,0.5,0,2
maven-maven-2.2.1,org.apache.maven.artifact.repository.metadata,DefaultRepositoryMetadataManager,2,0,10,4,235,36,0,1,0.2,1,6
maven-maven-2.2.1,org.apache.maven.artifact.repository.metadata,GroupRepositoryMetadata,1,0,11,11,55,14,0,2,0.7272727272727273,0,1
maven-maven-2.2.1,org.apache.maven.artifact.repository.metadata,RepositoryMetadata,0,0,4,0,28,4,1,0,-1.0,6,1
maven-maven-2.2.1,org.apache.maven.artifact.repository.metadata,RepositoryMetadataManager,0,0,4,0,17,4,1,0,-1.0,5,3
maven-maven-2.2.1,org.apache.maven.artifact.repository.metadata,SnapshotArtifactRepositoryMetadata,1,0,10,10,41,10,0,2,0.3,1,2
maven-maven-2.2.1,org.apache.maven.artifact.repository.metadata,AbstractRepositoryMetadataTest,4,0,15,14,84,15,0,0,0.6666666666666666,0,6
maven-maven-2.2.1,org.apache.maven.artifact.repository.metadata,MockAndControlForArtifactRepository,2,0,3,3,17,3,0,0,0.0,1,2
maven-maven-2.2.1,org.apache.maven.artifact.repository.metadata,TestRepoMetadata,0,0,9,8,28,9,0,2,-1.0,2,1
maven-maven-2.2.1,org.apache.maven.artifact.repository.metadata,RepositoryMetadataDeploymentException,0,0,2,2,13,2,0,0,-1.0,0,0
maven-maven-2.2.1,org.apache.maven.artifact.repository.metadata,RepositoryMetadataInstallationException,0,0,2,2,13,2,0,0,-1.0,0,0
maven-maven-2.2.1,org.apache.maven.artifact.repository.metadata,RepositoryMetadataReadException,0,0,2,2,13,2,0,0,-1.0,0,0
maven-maven-2.2.1,org.apache.maven.artifact.repository.metadata,RepositoryMetadataResolutionException,0,0,2,2,13,2,0,0,-1.0,0,0
maven-maven-2.2.1,org.apache.maven.artifact.repository.metadata,RepositoryMetadataStoreException,0,0,2,2,13,2,0,0,-1.0,0,0
maven-maven-2.2.1,org.apache.maven.artifact.resolver,DebugResolutionListener,3,0,14,14,77,20,0,1,0.14285714285714285,0,2
maven-maven-2.2.1,org.apache.maven.artifact.resolver,DefaultArtifactResolver,13,0,16,12,231,46,0,1,0.0,2,13
maven-maven-2.2.1,org.apache.maven.artifact.resolver,ResolveArtifactTask,7,0,3,2,45,4,0,0,0.0,0,2
maven-maven-2.2.1,org.apache.maven.artifact.resolver,WarningResolutionListener,1,0,12,12,33,12,0,1,1.0,0,2
maven-maven-2.2.1,org.apache.maven.artifact.resolver,ArtifactResolverTest,2,0,20,17,244,24,0,0,0.3,0,7
maven-maven-2.2.1,org.apache.maven.artifact.resolver,ArtifactMetadataSourceImplementation,0,0,3,3,11,3,0,0,-1.0,0,2
maven-maven-2.2.1,org.apache.maven.artifact.resolver,AbstractArtifactResolutionException,10,0,18,10,186,27,2,0,0.0,2,3
maven-maven-2.2.1,org.apache.maven.artifact.resolver,ArtifactCollector,0,0,2,0,9,2,1,0,-1.0,2,4
maven-maven-2.2.1,org.apache.maven.artifact.resolver,ArtifactNotFoundException,1,0,6,3,27,6,0,1,0.6666666666666666,2,1
maven-maven-2.2.1,org.apache.maven.artifact.resolver,ArtifactResolutionException,0,0,6,5,24,6,2,1,-1.0,1,1
maven-maven-2.2.1,org.apache.maven.artifact.resolver,ArtifactResolutionResult,2,0,5,5,30,7,0,0,0.4,7,1
maven-maven-2.2.1,org.apache.maven.artifact.resolver,ArtifactResolver,1,0,8,0,17,8,1,0,-1.0,6,4
maven-maven-2.2.1,org.apache.maven.artifact.resolver,CyclicDependencyException,1,0,2,2,15,2,0,2,0.0,0,1
maven-maven-2.2.1,org.apache.maven.artifact.resolver,DefaultArtifactCollector,0,0,9,2,319,67,0,1,-1.0,0,13
maven-maven-2.2.1,org.apache.maven.artifact.resolver,MultipleArtifactsNotFoundException,2,0,5,4,60,7,0,2,0.0,1,2
maven-maven-2.2.1,org.apache.maven.artifact.resolver,ResolutionListener,14,0,11,0,46,11,2,0,-1.0,1,2
maven-maven-2.2.1,org.apache.maven.artifact.resolver,ResolutionListenerForDepMgmt,0,0,2,0,8,2,1,0,-1.0,1,1
maven-maven-2.2.1,org.apache.maven.artifact.resolver,ResolutionNode,8,0,18,17,138,33,0,0,0.0,5,4
maven-maven-2.2.1,org.apache.maven.artifact.resolver,ArtifactResolutionExceptionTest,1,0,1,1,21,1,0,0,0.0,0,1
maven-maven-2.2.1,org.apache.maven.artifact.resolver,DefaultArtifactCollectorTest,9,0,65,45,626,79,0,0,0.06153846153846154,1,11
maven-maven-2.2.1,org.apache.maven.artifact.resolver,ArtifactSpec,2,0,5,3,23,6,0,0,0.0,3,2
maven-maven-2.2.1,org.apache.maven.artifact.resolver,Source,2,0,6,4,64,13,0,0,0.3333333333333333,1,6
maven-maven-2.2.1,org.apache.maven.artifact.transform,AbstractVersionTransformation,2,0,2,0,46,8,3,1,0.0,0,5
maven-maven-2.2.1,org.apache.maven.artifact.transform,DefaultArtifactTransformationManager,1,0,4,4,27,9,0,1,0.0,0,3
maven-maven-2.2.1,org.apache.maven.artifact.transform,LatestArtifactTransformation,0,0,4,3,24,6,0,2,-1.0,0,2
maven-maven-2.2.1,org.apache.maven.artifact.transform,ReleaseArtifactTransformation,0,0,5,3,42,8,0,2,-1.0,0,3
maven-maven-2.2.1,org.apache.maven.artifact.transform,SnapshotTransformation,3,0,7,5,86,16,0,2,0.42857142857142855,1,4
maven-maven-2.2.1,org.apache.maven.artifact.transform,ArtifactTransformation,1,0,3,0,27,3,1,0,-1.0,1,2
maven-maven-2.2.1,org.apache.maven.artifact.transform,ArtifactTransformationManager,1,0,3,0,26,3,1,0,-1.0,3,2
maven-maven-2.2.1,org.apache.maven.artifact,AbstractArtifactComponentTestCase,0,0,21,0,129,29,0,0,-1.0,0,4
maven-maven-2.2.1,org.apache.maven.artifact,Artifact,10,0,46,0,79,46,1,0,-1.0,99,5
maven-maven-2.2.1,org.apache.maven.artifact,ArtifactStatus,9,6,6,5,69,10,0,0,0.0,2,1
maven-maven-2.2.1,org.apache.maven.artifact,ArtifactUtils,0,0,11,9,79,20,0,0,-1.0,11,4
maven-maven-2.2.1,org.apache.maven.artifact,DefaultArtifact,19,0,58,52,367,95,0,1,0.15517241379310345,3,6
maven-maven-2.2.1,org.apache.maven.artifact,DependencyResolutionRequiredException,0,0,1,1,11,1,0,0,-1.0,0,1
maven-maven-2.2.1,org.apache.maven.artifact,InvalidArtifactRTException,5,0,9,9,46,9,0,0,0.0,1,0
maven-maven-2.2.1,org.apache.maven.artifact,InvalidRepositoryException,0,0,1,1,10,1,0,0,-1.0,0,0
maven-maven-2.2.1,org.apache.maven.artifact,ArtifactUtilsTest,0,0,3,2,38,3,0,0,-1.0,0,2
maven-maven-2.2.1,org.apache.maven.artifact,DefaultArtifactTest,13,0,10,9,52,10,0,0,0.0,0,3
maven-maven-2.2.1,org.apache.maven.artifact.testutils,MockManager,1,0,3,3,18,5,0,0,0.0,1,0
maven-maven-2.2.1,org.apache.maven.artifact.testutils,TestFileManager,7,1,14,11,125,19,0,0,0.21428571428571427,1,0
maven-maven-2.2.1,org.apache.maven.artifact.test,ArtifactTestCase,1,0,2,0,27,5,0,0,0.0,0,3
maven-maven-2.2.1,org.apache.maven.artifact.factory,ArtifactFactory,1,0,12,0,15,12,1,0,-1.0,16,1
maven-maven-2.2.1,org.apache.maven.artifact.factory,DefaultArtifactFactory,1,0,17,13,77,24,0,1,0.17647058823529413,0,4
maven-maven-2.2.1,org.apache.maven.artifact.factory,DefaultArtifactFactoryTest,0,0,1,1,15,1,0,0,-1.0,0,3
maven-maven-2.2.1,org.apache.maven.artifact.handler,ArtifactHandler,1,0,7,0,14,7,2,0,-1.0,12,0
maven-maven-2.2.1,org.apache.maven.artifact.handler,DefaultArtifactHandler,8,0,10,10,55,14,0,1,0.6,0,0
maven-maven-2.2.1,org.apache.maven.artifact.handler,ArtifactHandlerMock,7,0,14,14,46,14,0,1,0.5,1,0
maven-maven-2.2.1,org.apache.maven.artifact.handler.manager,ArtifactHandlerManager,1,0,2,0,9,2,1,0,-1.0,3,0
maven-maven-2.2.1,org.apache.maven.artifact.handler.manager,DefaultArtifactHandlerManager,1,0,3,3,20,4,0,1,0.0,0,1
maven-maven-2.2.1,org.apache.maven.artifact.metadata,AbstractArtifactMetadata,1,0,5,4,28,5,0,1,0.4,0,1
maven-maven-2.2.1,org.apache.maven.artifact.metadata,ArtifactMetadata,0,0,11,0,46,11,1,0,-1.0,22,2
maven-maven-2.2.1,org.apache.maven.artifact.metadata,ArtifactMetadataRetrievalException,1,0,5,5,33,5,0,0,0.8,0,1
maven-maven-2.2.1,org.apache.maven.artifact.metadata,ArtifactMetadataSource,1,0,3,0,22,3,0,0,-1.0,11,2
maven-maven-2.2.1,org.apache.maven.artifact.metadata,ResolutionGroup,3,0,4,4,19,4,0,0,0.0,5,1
maven-maven-2.2.1,org.apache.maven.artifact.repository.layout,ArtifactRepositoryLayout,1,0,3,0,9,3,2,0,-1.0,12,3
maven-maven-2.2.1,org.apache.maven.artifact.repository.layout,DefaultRepositoryLayout,3,0,5,3,44,9,0,1,0.0,0,4
maven-maven-2.2.1,org.apache.maven.artifact.repository.layout,LegacyRepositoryLayout,1,0,4,3,32,6,0,1,0.5,0,4
maven-maven-2.2.1,org.apache.maven.artifact.resolver.conflict,ConflictResolver,1,0,0,0,7,0,1,0,-1.0,0,0
maven-maven-2.2.1,org.apache.maven.artifact.resolver.conflict,DefaultConflictResolver,0,0,0,0,6,0,0,1,-1.0,0,0
maven-maven-2.2.1,org.apache.maven.artifact.resolver.filter,AndArtifactFilter,1,0,2,2,21,4,0,1,0.0,2,2
maven-maven-2.2.1,org.apache.maven.artifact.resolver.filter,ArtifactFilter,0,0,1,0,7,1,6,0,-1.0,19,1
maven-maven-2.2.1,org.apache.maven.artifact.resolver.filter,ExcludesArtifactFilter,0,0,2,2,14,2,0,2,-1.0,1,1
maven-maven-2.2.1,org.apache.maven.artifact.resolver.filter,ExclusionSetFilter,1,0,3,3,19,4,0,1,0.0,0,1
maven-maven-2.2.1,org.apache.maven.artifact.resolver.filter,IncludesArtifactFilter,1,0,2,2,21,4,1,1,0.0,0,1
maven-maven-2.2.1,org.apache.maven.artifact.resolver.filter,InversionArtifactFilter,1,0,2,2,9,2,0,1,0.0,0,2
maven-maven-2.2.1,org.apache.maven.artifact.resolver.filter,ScopeArtifactFilter,5,0,2,2,62,10,0,1,0.0,1,2
maven-maven-2.2.1,org.apache.maven.artifact.resolver.filter,TypeArtifactFilter,1,0,2,2,12,2,0,1,0.0,0,1
maven-maven-2.2.1,org.apache.maven.artifact.versioning,ArtifactVersion,0,0,6,0,13,6,1,0,-1.0,9,0
maven-maven-2.2.1,org.apache.maven.artifact.versioning,DefaultArtifactVersion,6,0,12,11,161,33,0,1,0.0,7,2
maven-maven-2.2.1,org.apache.maven.artifact.versioning,InvalidVersionSpecificationException,0,0,1,1,10,1,0,0,-1.0,0,0
maven-maven-2.2.1,org.apache.maven.artifact.versioning,ManagedVersionMap,0,0,2,2,20,5,0,0,-1.0,1,0
maven-maven-2.2.1,org.apache.maven.artifact.versioning,OverConstrainedVersionException,0,0,2,2,13,2,0,0,-1.0,0,1
maven-maven-2.2.1,org.apache.maven.artifact.versioning,Restriction,5,0,9,9,114,29,0,0,0.0,3,2
maven-maven-2.2.1,org.apache.maven.artifact.versioning,VersionRange,2,0,17,14,344,75,0,0,0.17647058823529413,28,4
maven-maven-2.2.1,org.apache.maven.artifact.versioning,DefaultArtifactVersionTest,0,0,20,15,192,20,0,0,-1.0,0,1
maven-maven-2.2.1,org.apache.maven.artifact.versioning,VersionRangeTest,8,0,4,3,561,4,0,0,0.5,0,3
maven-maven-2.2.1,org.apache.maven.cli.compat,CompatibleMain,0,0,2,2,23,3,0,0,-1.0,1,2
maven-maven-2.2.1,org.apache.maven.its,Suite,0,0,1,1,5,1,0,0,-1.0,0,0
maven-maven-2.2.1,org.apache.maven,BuildFailureException,0,0,2,2,13,2,0,0,-1.0,1,0
maven-maven-2.2.1,org.apache.maven,ConfigurationInterpolationException,1,0,2,2,9,2,0,0,1.0,0,0
maven-maven-2.2.1,org.apache.maven,ConfigurationInterpolator,1,0,1,0,4,1,1,0,-1.0,1,2
maven-maven-2.2.1,org.apache.maven,DefaultMaven,8,0,28,4,607,103,0,1,0.0,1,24
maven-maven-2.2.1,org.apache.maven,Maven,3,0,1,0,10,1,1,0,-1.0,3,1
maven-maven-2.2.1,org.apache.maven,MavenArtifactFilterManager,0,0,3,2,51,3,0,0,-1.0,2,1
maven-maven-2.2.1,org.apache.maven,ReflectionConfigurationInterpolator,0,0,1,1,11,1,0,1,-1.0,0,2
maven-maven-2.2.1,org.apache.maven,SettingsConfigurationException,2,0,5,5,26,5,0,0,0.6,0,0
maven-maven-2.2.1,org.apache.maven,MavenTestUtils,0,0,3,2,19,3,0,0,-1.0,0,0
maven-maven-2.2.1,org.apache.maven,WagonSelectorTest,5,0,9,9,97,10,0,0,0.2222222222222222,0,8
maven-maven-2.2.1,org.apache.maven,TestRuntimeInformation,0,0,1,1,5,1,0,0,-1.0,0,0
maven-maven-2.2.1,org.apache.maven.cli,AbstractConsoleDownloadMonitor,2,0,9,8,69,12,2,0,0.5555555555555556,1,0
maven-maven-2.2.1,org.apache.maven.cli,BatchModeDownloadMonitor,0,0,3,3,17,3,0,1,-1.0,0,0
maven-maven-2.2.1,org.apache.maven.cli,CLIManager,32,31,4,3,130,14,0,0,0.0,1,0
maven-maven-2.2.1,org.apache.maven.cli,ConsoleDownloadMonitor,2,0,7,6,65,13,0,1,0.42857142857142855,1,0
maven-maven-2.2.1,org.apache.maven.cli,MavenCli,4,3,15,2,422,71,0,0,0.0,3,15
maven-maven-2.2.1,org.apache.maven.cli,AbstractConsoleDownloadMonitorTest,1,0,12,12,58,12,2,0,0.4166666666666667,0,1
maven-maven-2.2.1,org.apache.maven.cli,TransferEventMock,0,0,3,3,22,3,0,0,-1.0,0,0
maven-maven-2.2.1,org.apache.maven.cli,BatchModeDownloadMonitorTest,0,0,1,0,11,1,0,1,-1.0,0,0
maven-maven-2.2.1,org.apache.maven.cli,ConsoleDownloadMonitorTest,1,0,4,3,41,4,0,1,0.5,0,1
maven-maven-2.2.1,org.apache.maven.cli,MavenCliTest,0,0,2,2,39,3,0,0,-1.0,0,1
maven-maven-2.2.1,org.apache.maven.container,ContainerUtils,0,0,2,2,27,7,0,0,-1.0,1,1
maven-maven-2.2.1,org.apache.maven.execution,BuildFailure,3,0,4,3,24,4,0,0,0.0,1,0
maven-maven-2.2.1,org.apache.maven.execution,BuildSuccess,2,0,3,3,19,3,0,0,0.0,0,1
maven-maven-2.2.1,org.apache.maven.execution,DefaultMavenExecutionRequest,18,0,29,29,125,29,0,1,0.3103448275862069,0,6
maven-maven-2.2.1,org.apache.maven.execution,DefaultRuntimeInformation,3,0,2,2,35,4,0,1,0.0,0,1
maven-maven-2.2.1,org.apache.maven.execution,MavenExecutionRequest,0,0,28,0,34,28,1,0,-1.0,4,2
maven-maven-2.2.1,org.apache.maven.execution,MavenSession,12,0,23,23,104,23,0,0,0.13043478260869565,13,6
maven-maven-2.2.1,org.apache.maven.execution,ReactorManager,12,6,20,18,124,32,0,0,0.15,6,5
maven-maven-2.2.1,org.apache.maven.execution,RuntimeInformation,0,0,1,0,8,1,1,0,-1.0,3,0
maven-maven-2.2.1,org.apache.maven.extension,DefaultExtensionManager,10,0,8,5,164,24,0,1,0.25,0,13
maven-maven-2.2.1,org.apache.maven.extension,ProjectArtifactExceptionFilter,2,0,2,1,12,2,0,0,0.0,0,2
maven-maven-2.2.1,org.apache.maven.extension,ExtensionManager,0,0,3,0,10,3,1,0,-1.0,1,2
maven-maven-2.2.1,org.apache.maven.lifecycle,DefaultLifecycleExecutor,12,0,49,6,1147,207,0,1,0.04081632653061224,0,19
maven-maven-2.2.1,org.apache.maven.lifecycle,TaskSegment,2,0,6,1,34,9,0,0,0.3333333333333333,1,0
maven-maven-2.2.1,org.apache.maven.lifecycle,Lifecycle,3,0,6,6,56,7,0,0,0.5,1,0
maven-maven-2.2.1,org.apache.maven.lifecycle,LifecycleExecutionException,0,0,3,3,15,3,0,0,-1.0,0,0
maven-maven-2.2.1,org.apache.maven.lifecycle,LifecycleExecutor,1,0,2,0,12,2,1,0,-1.0,1,3
maven-maven-2.2.1,org.apache.maven.lifecycle.mapping,DefaultLifecycleMapping,3,0,2,2,53,11,0,1,0.0,0,1
maven-maven-2.2.1,org.apache.maven.lifecycle.mapping,Lifecycle,3,0,6,6,42,6,0,0,0.5,1,0
maven-maven-2.2.1,org.apache.maven.lifecycle.mapping,LifecycleMapping,1,0,2,0,9,2,1,0,-1.0,1,0
maven-maven-2.2.1,org.apache.maven.monitor.event,DefaultEventMonitor,2,0,2,1,14,2,0,2,0.0,0,1
maven-maven-2.2.1,org.apache.maven.monitor.event,AbstractSelectiveEventMonitor,3,0,7,3,34,10,1,1,0.0,0,0
maven-maven-2.2.1,org.apache.maven.monitor.event,DefaultEventDispatcher,1,0,4,4,27,7,0,1,0.0,0,1
maven-maven-2.2.1,org.apache.maven.monitor.event,EventDispatcher,0,0,4,0,9,4,1,0,-1.0,8,1
maven-maven-2.2.1,org.apache.maven.monitor.event,EventMonitor,0,0,3,0,8,3,1,0,-1.0,4,0
maven-maven-2.2.1,org.apache.maven.monitor.event,MavenEvents,6,6,1,0,13,1,0,0,0.0,4,0
maven-maven-2.2.1,org.apache.maven.monitor.logging,DefaultLog,1,0,18,17,65,19,0,0,0.0,0,0
maven-maven-2.2.1,org.apache.maven.plugin,DebugConfigurationListener,1,0,4,3,46,9,0,0,0.0,0,0
maven-maven-2.2.1,org.apache.maven.plugin,DefaultPluginManager,14,0,32,16,784,134,0,1,0.125,2,33
maven-maven-2.2.1,org.apache.maven.plugin,DefaultPluginMappingManager,2,0,3,1,54,10,0,1,0.0,0,3
maven-maven-2.2.1,org.apache.maven.plugin,InvalidPluginException,0,0,1,1,10,1,0,0,-1.0,0,0
maven-maven-2.2.1,org.apache.maven.plugin,MavenPluginCollector,3,0,5,5,41,10,0,0,0.0,1,2
maven-maven-2.2.1,org.apache.maven.plugin,MavenPluginDiscoverer,1,0,3,3,17,3,0,0,0.6666666666666666,0,1
maven-maven-2.2.1,org.apache.maven.plugin,MavenPluginValidator,2,0,4,4,28,8,0,0,0.0,1,2
maven-maven-2.2.1,org.apache.maven.plugin,MojoExecution,7,2,12,12,58,12,0,0,0.25,7,2
maven-maven-2.2.1,org.apache.maven.plugin,PluginConfigurationException,3,0,9,6,147,28,1,0,0.0,3,3
maven-maven-2.2.1,org.apache.maven.plugin,PluginManager,1,0,10,0,26,10,1,0,-1.0,1,4
maven-maven-2.2.1,org.apache.maven.plugin,PluginManagerException,0,0,2,2,13,2,0,0,-1.0,0,0
maven-maven-2.2.1,org.apache.maven.plugin,PluginMappingManager,0,0,1,0,8,1,1,0,-1.0,1,1
maven-maven-2.2.1,org.apache.maven.plugin,PluginNotFoundException,0,0,1,1,10,1,0,0,-1.0,0,1
maven-maven-2.2.1,org.apache.maven.plugin,PluginParameterException,2,0,6,5,53,11,0,1,0.0,3,3
maven-maven-2.2.1,org.apache.maven.plugin,PluginParameterExpressionEvaluator,9,0,4,3,202,40,0,0,0.0,0,6
maven-maven-2.2.1,org.apache.maven.plugin,PluginUtils,0,0,3,2,38,4,0,0,-1.0,3,3
maven-maven-2.2.1,org.apache.maven.plugin,PluginParameterExpressionEvaluatorTest,1,0,15,11,134,17,0,0,0.0,1,10
maven-maven-2.2.1,org.apache.maven.plugin,AbstractMojo,2,0,4,4,48,5,0,1,0.5,0,1
maven-maven-2.2.1,org.apache.maven.plugin,AbstractMojoExecutionException,2,0,4,4,21,4,2,0,1.0,0,0
maven-maven-2.2.1,org.apache.maven.plugin,ContextEnabled,0,0,2,0,16,2,1,0,-1.0,0,0
maven-maven-2.2.1,org.apache.maven.plugin,Mojo,1,0,3,0,27,3,1,0,-1.0,4,1
maven-maven-2.2.1,org.apache.maven.plugin,MojoExecutionException,0,0,4,4,41,4,0,1,-1.0,2,0
maven-maven-2.2.1,org.apache.maven.plugin,MojoFailureException,0,0,3,3,34,3,0,1,-1.0,2,0
maven-maven-2.2.1,org.apache.maven.plugin.version,DefaultPluginVersionManager,8,0,15,2,356,66,0,1,0.0,0,16
maven-maven-2.2.1,org.apache.maven.plugin.version,IntervalUtils,2,0,4,2,60,10,0,0,0.5,3,1
maven-maven-2.2.1,org.apache.maven.plugin.version,PluginVersionManager,1,0,2,0,5,2,1,0,-1.0,1,2
maven-maven-2.2.1,org.apache.maven.plugin.version,PluginVersionNotFoundException,2,0,3,3,15,3,0,0,0.0,0,0
maven-maven-2.2.1,org.apache.maven.plugin.version,PluginVersionResolutionException,3,0,5,5,26,5,0,0,0.0,0,0
maven-maven-2.2.1,org.apache.maven.plugin.version,IntervalUtilsTest,4,0,13,13,48,13,0,0,0.38461538461538464,0,1
maven-maven-2.2.1,org.apache.maven.reactor,MavenExecutionException,0,0,4,4,17,4,0,0,-1.0,0,0
maven-maven-2.2.1,org.apache.maven.usability,ArtifactNotFoundDiagnoser,1,0,2,2,21,3,0,0,1.0,0,4
maven-maven-2.2.1,org.apache.maven.usability,ArtifactResolverDiagnoser,1,0,2,2,22,4,0,0,1.0,0,4
maven-maven-2.2.1,org.apache.maven.usability,InvalidArtifactDiagnoser,0,0,3,2,19,4,0,0,-1.0,1,1
maven-maven-2.2.1,org.apache.maven.usability,MojoExecutionExceptionDiagnoser,0,0,2,2,32,7,0,0,-1.0,1,2
maven-maven-2.2.1,org.apache.maven.usability,MojoFailureExceptionDiagnoser,0,0,2,2,22,5,0,0,-1.0,1,2
maven-maven-2.2.1,org.apache.maven.usability,PluginConfigurationDiagnoser,0,0,2,2,19,4,0,0,-1.0,1,3
maven-maven-2.2.1,org.apache.maven.usability,ProfileActivationDiagnoser,0,0,2,2,18,3,0,0,-1.0,0,2
maven-maven-2.2.1,org.apache.maven.usability,ProjectBuildDiagnoser,0,0,2,2,22,4,0,0,-1.0,0,4
maven-maven-2.2.1,org.apache.maven.usability,SystemWarnings,0,0,1,1,5,1,0,0,-1.0,3,0
maven-maven-2.2.1,org.apache.maven.usability,ArtifactResolverDiagnoserTest,0,0,1,1,16,1,0,0,-1.0,0,1
maven-maven-2.2.1,org.apache.maven.usability,InvalidArtifactDiagnoserTest,1,0,7,5,41,8,0,0,0.0,0,2
maven-maven-2.2.1,org.apache.maven.usability,MojoExecutionExceptionDiagnoserTest,0,0,1,1,13,1,0,0,-1.0,0,2
maven-maven-2.2.1,org.apache.maven.usability,MojoFailureExceptionDiagnoserTest,0,0,1,1,13,1,0,0,-1.0,0,2
maven-maven-2.2.1,org.apache.maven.usability,PluginErrorDiagnoserTest,1,0,12,10,141,12,0,0,0.0,0,6
maven-maven-2.2.1,org.apache.maven.usability.plugin,ExpressionDocumentationException,1,0,2,2,9,2,0,0,1.0,0,0
maven-maven-2.2.1,org.apache.maven.usability.plugin,ExpressionDocumenter,3,0,3,1,67,9,0,0,0.0,2,1
maven-maven-2.2.1,org.apache.maven.usability.plugin,Xpp3ParseTest,0,0,1,1,14,1,0,0,-1.0,0,0
maven-maven-2.2.1,org.apache.maven.usability.diagnostics,DiagnosisUtils,0,0,5,4,52,15,0,0,-1.0,10,1
maven-maven-2.2.1,org.apache.maven.usability.diagnostics,ErrorDiagnoser,1,1,2,2,5,2,1,0,-1.0,2,0
maven-maven-2.2.1,org.apache.maven.usability.diagnostics,ErrorDiagnostics,3,1,5,5,63,11,0,0,0.6,1,2
maven-maven-2.2.1,org.apache.maven.usability.diagnostics,PuntErrorDiagnoser,0,0,2,2,11,2,0,1,-1.0,0,1
maven-maven-2.2.1,org.apache.maven.model,ActivationFileTest,0,0,4,4,21,4,0,0,-1.0,0,0
maven-maven-2.2.1,org.apache.maven.model,ActivationOSTest,0,0,4,4,21,4,0,0,-1.0,0,0
maven-maven-2.2.1,org.apache.maven.model,ActivationPropertyTest,0,0,4,4,21,4,0,0,-1.0,0,0
maven-maven-2.2.1,org.apache.maven.model,ActivationTest,0,0,4,4,21,4,0,0,-1.0,0,0
maven-maven-2.2.1,org.apache.maven.model,BuildTest,0,0,4,4,21,4,0,0,-1.0,0,0
maven-maven-2.2.1,org.apache.maven.model,CiManagementTest,0,0,4,4,21,4,0,0,-1.0,0,0
maven-maven-2.2.1,org.apache.maven.model,ContributorTest,0,0,4,4,21,4,0,0,-1.0,0,0
maven-maven-2.2.1,org.apache.maven.model,DependencyManagementTest,0,0,4,4,21,4,0,0,-1.0,0,0
maven-maven-2.2.1,org.apache.maven.model,DependencyTest,0,0,4,4,21,4,0,0,-1.0,0,0
maven-maven-2.2.1,org.apache.maven.model,DeploymentRepositoryTest,0,0,4,4,21,4,0,0,-1.0,0,0
maven-maven-2.2.1,org.apache.maven.model,DeveloperTest,0,0,4,4,21,4,0,0,-1.0,0,0
maven-maven-2.2.1,org.apache.maven.model,DistributionManagementTest,0,0,4,4,21,4,0,0,-1.0,0,0
maven-maven-2.2.1,org.apache.maven.model,ExclusionTest,0,0,4,4,21,4,0,0,-1.0,0,0
maven-maven-2.2.1,org.apache.maven.model,ExtensionTest,0,0,4,4,21,4,0,0,-1.0,0,0
maven-maven-2.2.1,org.apache.maven.model,IssueManagementTest,0,0,4,4,21,4,0,0,-1.0,0,0
maven-maven-2.2.1,org.apache.maven.model,LicenseTest,0,0,4,4,21,4,0,0,-1.0,0,0
maven-maven-2.2.1,org.apache.maven.model,MailingListTest,0,0,4,4,21,4,0,0,-1.0,0,0
maven-maven-2.2.1,org.apache.maven.model,ModelTest,0,0,4,4,21,4,0,0,-1.0,0,0
maven-maven-2.2.1,org.apache.maven.model,NotifierTest,0,0,4,4,21,4,0,0,-1.0,0,0
maven-maven-2.2.1,org.apache.maven.model,OrganizationTest,0,0,4,4,21,4,0,0,-1.0,0,0
maven-maven-2.2.1,org.apache.maven.model,ParentTest,0,0,4,4,21,4,0,0,-1.0,0,0
maven-maven-2.2.1,org.apache.maven.model,PluginConfigurationTest,0,0,4,4,21,4,0,0,-1.0,0,0
maven-maven-2.2.1,org.apache.maven.model,PluginContainerTest,0,0,4,4,21,4,0,0,-1.0,0,0
maven-maven-2.2.1,org.apache.maven.model,PluginExecutionTest,0,0,4,4,21,4,0,0,-1.0,0,0
maven-maven-2.2.1,org.apache.maven.model,PluginManagementTest,0,0,4,4,21,4,0,0,-1.0,0,0
maven-maven-2.2.1,org.apache.maven.model,PluginTest,0,0,4,4,21,4,0,0,-1.0,0,0
maven-maven-2.2.1,org.apache.maven.model,PrerequisitesTest,0,0,4,4,21,4,0,0,-1.0,0,0
maven-maven-2.2.1,org.apache.maven.model,ProfileTest,0,0,4,4,21,4,0,0,-1.0,0,0
maven-maven-2.2.1,org.apache.maven.model,RelocationTest,0,0,4,4,21,4,0,0,-1.0,0,0
maven-maven-2.2.1,org.apache.maven.model,ReportPluginTest,0,0,6,6,51,6,0,0,-1.0,0,0
maven-maven-2.2.1,org.apache.maven.model,ReportSetTest,0,0,4,4,21,4,0,0,-1.0,0,0
maven-maven-2.2.1,org.apache.maven.model,ReportingTest,0,0,4,4,21,4,0,0,-1.0,0,0
maven-maven-2.2.1,org.apache.maven.model,RepositoryPolicyTest,0,0,4,4,21,4,0,0,-1.0,0,0
maven-maven-2.2.1,org.apache.maven.model,RepositoryTest,0,0,4,4,21,4,0,0,-1.0,0,0
maven-maven-2.2.1,org.apache.maven.model,ResourceTest,0,0,4,4,21,4,0,0,-1.0,0,0
maven-maven-2.2.1,org.apache.maven.model,ScmTest,0,0,4,4,21,4,0,0,-1.0,0,0
maven-maven-2.2.1,org.apache.maven.model,SiteTest,0,0,4,4,21,4,0,0,-1.0,0,0
maven-maven-2.2.1,org.apache.maven.plugin.logging,Log,0,0,16,0,87,16,1,0,-1.0,4,0
maven-maven-2.2.1,org.apache.maven.plugin.logging,SystemStreamLog,0,0,19,16,124,19,0,1,-1.0,0,0
maven-maven-2.2.1,org.apache.maven.plugin.descriptor,DuplicateMojoDescriptorException,0,0,1,1,5,1,0,1,-1.0,0,0
maven-maven-2.2.1,org.apache.maven.plugin.descriptor,DuplicateParameterException,0,0,1,1,5,1,0,1,-1.0,0,0
maven-maven-2.2.1,org.apache.maven.plugin.descriptor,InvalidParameterException,0,0,2,2,12,2,0,1,-1.0,0,0
maven-maven-2.2.1,org.apache.maven.plugin.descriptor,InvalidPluginDescriptorException,0,0,2,2,8,2,3,0,-1.0,0,0
maven-maven-2.2.1,org.apache.maven.plugin.descriptor,MojoDescriptor,24,3,51,50,450,66,0,0,0.4117647058823529,11,4
maven-maven-2.2.1,org.apache.maven.plugin.descriptor,Parameter,12,0,27,27,99,27,0,0,0.4074074074074074,5,1
maven-maven-2.2.1,org.apache.maven.plugin.descriptor,PluginDescriptor,16,0,37,37,198,50,0,0,0.32432432432432434,17,4
maven-maven-2.2.1,org.apache.maven.plugin.descriptor,PluginDescriptorBuilder,0,0,4,4,158,26,0,0,-1.0,2,3
maven-maven-2.2.1,org.apache.maven.plugin.descriptor,Requirement,2,0,4,4,23,4,0,0,0.0,1,0
maven-maven-2.2.1,org.apache.maven.plugin.lifecycle,LifecycleXpp3ReaderTest,0,0,1,1,23,1,0,0,-1.0,0,0
maven-maven-2.2.1,org.apache.maven.plugin.registry,DefaultPluginRegistryBuilder,5,1,5,3,73,9,0,1,0.0,0,3
maven-maven-2.2.1,org.apache.maven.plugin.registry,MavenPluginRegistryBuilder,3,0,2,0,7,2,1,0,-1.0,2,0
maven-maven-2.2.1,org.apache.maven.plugin.registry,PluginRegistryUtils,0,0,5,3,81,20,0,0,-1.0,3,2
maven-maven-2.2.1,org.apache.maven.plugin.registry,RuntimeInfo,4,0,7,7,37,9,0,0,0.2857142857142857,3,0
maven-maven-2.2.1,org.apache.maven.profiles,AlwaysOnActivation,0,0,0,0,2,0,0,0,-1.0,0,0
maven-maven-2.2.1,org.apache.maven.profiles,DefaultMavenProfilesBuilder,1,0,1,1,32,2,0,1,0.0,0,0
maven-maven-2.2.1,org.apache.maven.profiles,MavenProfilesBuilder,1,0,1,0,8,1,1,0,-1.0,1,0
maven-maven-2.2.1,org.apache.maven.profiles,ProfilesConversionUtils,0,0,4,1,74,14,0,0,-1.0,2,1
maven-maven-2.2.1,org.apache.maven.profiles,DefaultProfileManager,6,0,19,18,186,44,0,1,0.0,0,2
maven-maven-2.2.1,org.apache.maven.profiles,ProfileManager,0,0,14,0,16,14,1,0,-1.0,10,0
maven-maven-2.2.1,org.apache.maven.profiles,DefaultProfileManagerTest,0,0,8,8,140,8,0,0,-1.0,0,1
maven-maven-2.2.1,org.apache.maven.profiles.activation,AlwaysOnProfileActivator,0,0,2,2,8,2,0,1,-1.0,0,0
maven-maven-2.2.1,org.apache.maven.profiles.activation,DetectedProfileActivator,0,0,2,1,6,2,3,1,-1.0,0,0
maven-maven-2.2.1,org.apache.maven.profiles.activation,FileProfileActivator,1,0,3,2,43,7,0,2,0.6666666666666666,0,0
maven-maven-2.2.1,org.apache.maven.profiles.activation,JdkPrefixProfileActivator,1,0,5,1,45,9,0,2,0.4,1,2
maven-maven-2.2.1,org.apache.maven.profiles.activation,OperatingSystemProfileActivator,0,0,7,2,87,19,0,1,-1.0,0,0
maven-maven-2.2.1,org.apache.maven.profiles.activation,ProfileActivationException,0,0,2,2,8,2,0,0,-1.0,1,0
maven-maven-2.2.1,org.apache.maven.profiles.activation,ProfileActivator,1,0,2,0,5,2,3,0,-1.0,1,0
maven-maven-2.2.1,org.apache.maven.profiles.activation,SystemPropertyProfileActivator,1,0,3,2,50,10,0,2,0.6666666666666666,0,0
maven-maven-2.2.1,org.apache.maven.profiles.activation,JdkPrefixProfileActivatorTest,0,0,14,10,76,14,0,0,-1.0,1,2
maven-maven-2.2.1,org.apache.maven.project,DefaultMavenProjectBuilder,17,1,58,17,1199,217,1,1,0.0,2,28
maven-maven-2.2.1,org.apache.maven.project,DefaultMavenProjectHelper,1,0,5,5,45,7,0,1,0.8,0,4
maven-maven-2.2.1,org.apache.maven.project,DefaultProjectBuilderConfiguration,5,0,11,11,47,12,0,1,0.5454545454545454,0,2
maven-maven-2.2.1,org.apache.maven.project,DuplicateProjectException,0,0,2,2,13,2,0,0,-1.0,0,0
maven-maven-2.2.1,org.apache.maven.project,InvalidProjectModelException,2,0,6,6,26,6,0,1,0.0,1,1
maven-maven-2.2.1,org.apache.maven.project,MavenProject,47,3,194,173,1219,323,0,0,0.020618556701030927,53,9
maven-maven-2.2.1,org.apache.maven.project,MavenProjectBuilder,4,0,13,0,49,13,1,0,-1.0,7,5
maven-maven-2.2.1,org.apache.maven.project,MavenProjectBuildingResult,3,0,5,5,45,5,0,0,0.0,0,2
maven-maven-2.2.1,org.apache.maven.project,MavenProjectHelper,1,0,5,0,8,5,1,0,-1.0,0,1
maven-maven-2.2.1,org.apache.maven.project,MissingProjectException,0,0,2,2,13,2,0,0,-1.0,0,0
maven-maven-2.2.1,org.apache.maven.project,ModelUtils,15,0,73,66,936,193,0,0,0.1643835616438356,7,2
maven-maven-2.2.1,org.apache.maven.project,ModelPartCloner,0,0,1,0,3,1,0,0,-1.0,1,0
maven-maven-2.2.1,org.apache.maven.project,ProjectBuilderConfiguration,0,0,10,0,12,10,1,0,-1.0,12,2
maven-maven-2.2.1,org.apache.maven.project,ProjectBuildingException,1,0,4,4,21,4,1,0,0.0,1,0
maven-maven-2.2.1,org.apache.maven.project,ProjectSorter,4,0,14,8,218,61,0,0,0.14285714285714285,2,3
maven-maven-2.2.1,org.apache.maven.project,ProjectUtils,0,0,6,3,71,15,0,0,-1.0,4,5
maven-maven-2.2.1,org.apache.maven.project,AbstractMavenProjectTestCase,1,0,6,0,50,9,4,0,0.0,0,4
maven-maven-2.2.1,org.apache.maven.project,DefaultMavenProjectBuilderTest,2,0,8,7,100,14,0,1,0.5,0,4
maven-maven-2.2.1,org.apache.maven.project,MavenProjectDynamismTest,1,0,14,11,321,24,0,0,0.0,0,3
maven-maven-2.2.1,org.apache.maven.project,MavenProjectTest,0,0,8,8,87,8,0,1,-1.0,0,1
maven-maven-2.2.1,org.apache.maven.project,ModelUtilsTest,0,0,19,15,398,21,0,0,-1.0,0,1
maven-maven-2.2.1,org.apache.maven.project,ProjectBaseDirectoryAlignmentTest,1,0,1,1,17,1,0,1,0.0,0,1
maven-maven-2.2.1,org.apache.maven.project,ProjectClasspathTest,1,0,4,1,68,6,0,1,0.0,0,5
maven-maven-2.2.1,org.apache.maven.project,ProjectSorterTest,0,0,18,16,275,23,0,0,-1.0,1,2
maven-maven-2.2.1,org.apache.maven.project,TestArtifactResolver,6,1,10,9,98,14,0,0,0.4,1,8
maven-maven-2.2.1,org.apache.maven.project,Source,3,0,5,4,75,9,0,0,0.6,0,6
maven-maven-2.2.1,org.apache.maven.project,TestProjectBuilder,0,0,2,2,8,2,0,2,-1.0,1,2
maven-maven-2.2.1,org.apache.maven.project.artifact,ActiveProjectArtifact,2,0,51,51,344,59,0,0,0.0,0,7
maven-maven-2.2.1,org.apache.maven.project.artifact,AttachedArtifact,1,0,23,23,76,24,0,0,0.5652173913043478,0,5
maven-maven-2.2.1,org.apache.maven.project.artifact,InvalidDependencyVersionException,0,0,1,1,10,1,0,0,-1.0,0,0
maven-maven-2.2.1,org.apache.maven.project.artifact,MavenMetadataSource,8,1,7,4,276,47,0,0,0.0,3,13
maven-maven-2.2.1,org.apache.maven.project.artifact,ProjectRelocation,2,0,0,0,4,0,0,0,-1.0,1,2
maven-maven-2.2.1,org.apache.maven.project.artifact,ProjectArtifactFactory,0,0,2,2,10,2,0,0,-1.0,1,3
maven-maven-2.2.1,org.apache.maven.project.artifact,ProjectArtifactMetadata,3,0,15,14,69,17,0,0,0.4666666666666667,1,4
maven-maven-2.2.1,org.apache.maven.project.artifact,MavenMetadataSourceTest,0,0,3,3,83,5,0,0,-1.0,0,7
maven-maven-2.2.1,org.apache.maven.project.inheritance,DefaultModelInheritanceAssembler,0,0,14,4,291,78,0,1,-1.0,1,2
maven-maven-2.2.1,org.apache.maven.project.inheritance,ModelInheritanceAssembler,1,0,4,0,11,4,1,0,-1.0,2,0
maven-maven-2.2.1,org.apache.maven.project.inheritance,AbstractProjectInheritanceTestCase,0,0,3,0,16,3,0,0,-1.0,0,0
maven-maven-2.2.1,org.apache.maven.project.inheritance,DefaultModelInheritanceAssemblerTest,1,0,44,30,669,58,0,0,0.0,1,2
maven-maven-2.2.1,org.apache.maven.project.injection,DefaultModelDefaultsInjector,0,0,5,2,69,20,0,1,-1.0,0,1
maven-maven-2.2.1,org.apache.maven.project.injection,DefaultProfileInjector,0,0,12,1,326,76,0,1,-1.0,0,1
maven-maven-2.2.1,org.apache.maven.project.injection,ModelDefaultsInjector,1,0,2,0,8,2,1,0,-1.0,2,0
maven-maven-2.2.1,org.apache.maven.project.injection,ProfileInjector,1,0,1,0,4,1,2,0,-1.0,1,0
maven-maven-2.2.1,org.apache.maven.project.injection,DefaultModelDefaultsInjectorTest,0,0,13,13,255,13,0,0,-1.0,0,0
maven-maven-2.2.1,org.apache.maven.project.injection,DefaultProfileInjectorTest,0,0,9,7,229,11,0,0,-1.0,0,0
maven-maven-2.2.1,org.apache.maven.project.injection,TestProfileInjector,0,0,1,1,4,1,0,1,-1.0,0,0
maven-maven-2.2.1,org.apache.maven.project.interpolation,AbstractStringBasedModelInterpolator,5,0,17,8,206,34,2,1,0.29411764705882354,0,2
maven-maven-2.2.1,org.apache.maven.project.interpolation,BuildTimestampValueSource,3,0,2,2,22,4,0,0,0.0,0,0
maven-maven-2.2.1,org.apache.maven.project.interpolation,ModelInterpolationException,2,0,6,6,29,6,0,0,0.5,1,0
maven-maven-2.2.1,org.apache.maven.project.interpolation,ModelInterpolator,3,0,4,0,18,4,1,0,-1.0,3,1
maven-maven-2.2.1,org.apache.maven.project.interpolation,PathTranslatingPostProcessor,4,0,2,2,22,3,0,0,0.0,0,1
maven-maven-2.2.1,org.apache.maven.project.interpolation,RegexBasedModelInterpolator,0,0,4,3,18,4,0,2,-1.0,2,1
maven-maven-2.2.1,org.apache.maven.project.interpolation,StringSearchModelInterpolator,8,0,11,5,221,47,0,2,0.5454545454545454,3,5
maven-maven-2.2.1,org.apache.maven.project.interpolation,InterpolateObjectAction,6,0,6,2,189,41,0,0,0.0,1,1
maven-maven-2.2.1,org.apache.maven.project.interpolation,AbstractModelInterpolatorTest,1,0,19,16,209,19,2,0,0.15789473684210525,0,2
maven-maven-2.2.1,org.apache.maven.project.interpolation,ModelInterpolationEdgeCases,3,0,12,4,119,15,0,0,0.16666666666666666,0,2
maven-maven-2.2.1,org.apache.maven.project.interpolation,TestRunnable,1,0,2,1,9,2,0,0,0.0,0,1
maven-maven-2.2.1,org.apache.maven.project.interpolation,Test,2,0,2,0,13,4,0,0,1.0,2,0
maven-maven-2.2.1,org.apache.maven.project.interpolation,RegexBasedModelInterpolatorTest,0,0,2,0,16,2,0,1,-1.0,0,2
maven-maven-2.2.1,org.apache.maven.project.interpolation,StringSearchModelInterpolatorTest,3,0,15,13,181,15,0,1,0.2,0,6
maven-maven-2.2.1,org.apache.maven.project.interpolation,ObjectWithStringArrayField,1,0,1,1,6,1,0,0,0.0,1,0
maven-maven-2.2.1,org.apache.maven.project.interpolation,ObjectWithListField,1,0,1,1,6,1,0,0,0.0,1,0
maven-maven-2.2.1,org.apache.maven.project.interpolation,ObjectWithMapField,1,0,1,1,6,1,0,0,0.0,1,0
maven-maven-2.2.1,org.apache.maven.project.overlay,BuildOverlay,3,0,44,44,149,45,0,0,0.0,0,0
maven-maven-2.2.1,org.apache.maven.project.path,DefaultPathTranslator,1,0,6,4,155,35,0,1,0.5,0,0
maven-maven-2.2.1,org.apache.maven.project.path,PathTranslator,1,0,4,0,11,4,1,0,-1.0,12,0
maven-maven-2.2.1,org.apache.maven.project.path,DefaultPathTranslatorTest,0,0,2,2,12,2,0,0,-1.0,0,0
maven-maven-2.2.1,org.apache.maven.project.validation,DefaultModelValidator,1,0,9,1,198,46,0,1,0.0,0,2
maven-maven-2.2.1,org.apache.maven.project.validation,ModelValidationResult,2,0,7,7,40,9,0,0,0.0,8,0
maven-maven-2.2.1,org.apache.maven.project.validation,ModelValidator,1,0,1,0,8,1,1,0,-1.0,2,0
maven-maven-2.2.1,org.apache.maven.project.validation,DefaultModelValidatorTest,2,0,17,16,107,17,0,0,0.0,0,2
maven-maven-2.2.1,org.apache.maven.project.canonical,CanonicalProjectBuilderTest,0,0,1,1,33,3,0,0,-1.0,0,1
maven-maven-2.2.1,org.apache.maven.project.imports,AbstractProjectImportsTestCase,0,0,3,0,16,3,0,0,-1.0,0,0
maven-maven-2.2.1,org.apache.maven.project.imports.t01,ProjectImportsTest,0,0,1,1,62,1,0,0,-1.0,0,2
maven-maven-2.2.1,org.apache.maven.project.inheritance.t00,ProjectInheritanceTest,0,0,1,1,17,1,0,0,-1.0,0,1
maven-maven-2.2.1,org.apache.maven.project.inheritance.t01,ProjectInheritanceTest,0,0,1,1,19,1,0,0,-1.0,0,1
maven-maven-2.2.1,org.apache.maven.project.inheritance.t02,ProjectInheritanceTest,0,0,1,1,61,5,0,0,-1.0,0,1
maven-maven-2.2.1,org.apache.maven.project.inheritance.t03,ProjectInheritanceTest,0,0,1,1,16,1,0,0,-1.0,0,1
maven-maven-2.2.1,org.apache.maven.project.inheritance.t04,ProjectInheritanceTest,0,0,1,1,26,2,0,0,-1.0,0,2
maven-maven-2.2.1,org.apache.maven.project.inheritance.t05,ProjectInheritanceTest,0,0,1,1,25,2,0,0,-1.0,0,2
maven-maven-2.2.1,org.apache.maven.project.inheritance.t06,ProjectInheritanceTest,0,0,1,1,27,2,0,0,-1.0,0,2
maven-maven-2.2.1,org.apache.maven.project.inheritance.t07,ProjectInheritanceTest,0,0,1,1,28,2,0,0,-1.0,0,2
maven-maven-2.2.1,org.apache.maven.project.inheritance.t08,ProjectInheritanceTest,0,0,1,1,27,2,0,0,-1.0,0,2
maven-maven-2.2.1,org.apache.maven.project.inheritance.t09,ProjectInheritanceTest,0,0,2,2,48,2,0,0,-1.0,0,1
maven-maven-2.2.1,org.apache.maven.project.inheritance.t10,ProjectInheritanceTest,0,0,1,1,27,1,0,0,-1.0,0,2
maven-maven-2.2.1,org.apache.maven.project.inheritance.t11,ProjectInheritanceTest,0,0,1,1,16,1,0,0,-1.0,0,1
maven-maven-2.2.1,org.apache.maven.project.inheritance.t12,ProjectInheritanceTest,0,0,1,1,18,1,0,0,-1.0,0,1
maven-maven-2.2.1,org.apache.maven.project.inheritance.t13,ProjectInheritanceTest,0,0,2,1,33,2,0,0,-1.0,0,4
maven-maven-2.2.1,org.apache.maven.reporting,MavenReport,3,0,9,0,67,9,0,0,-1.0,2,0
maven-maven-2.2.1,org.apache.maven.reporting,MavenReportException,1,1,2,2,28,2,0,0,1.0,0,0
maven-maven-2.2.1,org.apache.maven.reporting,MavenReportRenderer,0,0,2,0,18,2,0,0,-1.0,0,0
maven-maven-2.2.1,org.apache.maven.script.ant,AntMojoComponentFactory,0,0,1,1,5,1,0,0,-1.0,0,0
maven-maven-2.2.1,org.apache.maven.script.ant,AntMojoWrapper,9,0,21,19,181,34,0,0,0.0,1,6
maven-maven-2.2.1,org.apache.maven.script.ant,AntPropertyHelper,5,0,5,4,113,20,0,0,0.0,0,3
maven-maven-2.2.1,org.apache.maven.script.ant,AntMojoWrapperTest,1,0,11,9,148,19,0,0,0.6363636363636364,0,7
maven-maven-2.2.1,org.apache.maven.script.ant,TestBuildListener,1,0,7,7,18,7,0,0,1.0,1,0
maven-maven-2.2.1,org.apache.maven.script.beanshell,BeanshellMojoAdapter,2,0,3,3,26,3,0,0,0.0,0,1
maven-maven-2.2.1,org.apache.maven.toolchain,DefaultToolchain,5,1,7,4,46,10,0,2,0.0,0,1
maven-maven-2.2.1,org.apache.maven.toolchain,DefaultToolchainManager,1,0,9,6,121,20,0,1,0.2222222222222222,1,6
maven-maven-2.2.1,org.apache.maven.toolchain,MisconfiguredToolchainException,0,0,2,2,11,2,0,0,-1.0,0,0
maven-maven-2.2.1,org.apache.maven.toolchain,RequirementMatcher,0,0,1,0,6,1,2,0,-1.0,2,0
maven-maven-2.2.1,org.apache.maven.toolchain,RequirementMatcherFactory,2,0,7,4,43,8,0,0,0.7142857142857143,2,2
maven-maven-2.2.1,org.apache.maven.toolchain,ExactMatcher,1,0,2,1,9,2,0,1,0.0,0,0
maven-maven-2.2.1,org.apache.maven.toolchain,VersionMatcher,1,0,2,1,21,3,0,1,0.0,0,2
maven-maven-2.2.1,org.apache.maven.toolchain,Toolchain,0,0,2,0,13,2,2,0,-1.0,0,0
maven-maven-2.2.1,org.apache.maven.toolchain,ToolchainFactory,1,0,2,0,14,2,0,0,-1.0,1,0
maven-maven-2.2.1,org.apache.maven.toolchain,ToolchainManager,1,0,1,0,10,1,1,0,-1.0,0,1
maven-maven-2.2.1,org.apache.maven.toolchain,ToolchainManagerPrivate,1,0,2,0,15,2,1,0,-1.0,0,2
maven-maven-2.2.1,org.apache.maven.toolchain,ToolchainPrivate,0,0,2,0,13,2,1,1,-1.0,2,0
maven-maven-2.2.1,org.apache.maven.toolchain,RequirementMatcherFactoryTest,0,0,3,3,33,3,0,0,-1.0,0,2
maven-maven-2.2.1,org.apache.maven.toolchain.java,DefaultJavaToolChain,2,1,6,5,36,9,0,1,0.3333333333333333,2,1
maven-maven-2.2.1,org.apache.maven.toolchain.java,DefaultJavaToolchainFactory,1,0,5,4,51,11,0,0,0.6,0,2
maven-maven-2.2.1,org.apache.maven.toolchain.java,JavaToolChain,0,0,0,0,6,0,1,0,-1.0,0,0
