Project Name,Package Name,Type Name,Code Smell
ant-ANT_12,org.apache.tools.ant,BuildEvent,Cyclic-Dependent Modularization
ant-ANT_12,org.apache.tools.ant,BuildListener,Cyclic-Dependent Modularization
ant-ANT_12,org.apache.tools.ant,BuildLogger,Broken Hierarchy
ant-ANT_12,org.apache.tools.ant,DesirableFilter,Unutilized Abstraction
ant-ANT_12,org.apache.tools.ant,DirectoryScanner,Insufficient Modularization
ant-ANT_12,org.apache.tools.ant,IntrospectionHelper,Cyclic-Dependent Modularization
ant-ANT_12,org.apache.tools.ant,IntrospectionHelper,Insufficient Modularization
ant-ANT_12,org.apache.tools.ant,AttributeSetter,Cyclic-Dependent Modularization
ant-ANT_12,org.apache.tools.ant,Location,Deficient Encapsulation
ant-ANT_12,org.apache.tools.ant,Main,Deficient Encapsulation
ant-ANT_12,org.apache.tools.ant,Map,Unutilized Abstraction
ant-ANT_12,org.apache.tools.ant,Project,Deficient Encapsulation
ant-ANT_12,org.apache.tools.ant,Project,Cyclic-Dependent Modularization
ant-ANT_12,org.apache.tools.ant,Project,Insufficient Modularization
ant-ANT_12,org.apache.tools.ant,ProjectHelper,Cyclic-Dependent Modularization
ant-ANT_12,org.apache.tools.ant,ProjectHelper,Insufficient Modularization
ant-ANT_12,org.apache.tools.ant,AbstractHandler,Unutilized Abstraction
ant-ANT_12,org.apache.tools.ant,RootHandler,Unutilized Abstraction
ant-ANT_12,org.apache.tools.ant,ProjectHandler,Unutilized Abstraction
ant-ANT_12,org.apache.tools.ant,TargetHandler,Unutilized Abstraction
ant-ANT_12,org.apache.tools.ant,TaskHandler,Unutilized Abstraction
ant-ANT_12,org.apache.tools.ant,NestedElementHandler,Unutilized Abstraction
ant-ANT_12,org.apache.tools.ant,DataTypeHandler,Unutilized Abstraction
ant-ANT_12,org.apache.tools.ant,RuntimeConfigurable,Cyclic-Dependent Modularization
ant-ANT_12,org.apache.tools.ant,Target,Cyclic-Dependent Modularization
ant-ANT_12,org.apache.tools.ant,Task,Cyclic-Dependent Modularization
ant-ANT_12,org.apache.tools.ant,TaskAdapter,Cyclic-Dependent Modularization
ant-ANT_12,org.apache.tools.ant,UnknownElement,Cyclic-Dependent Modularization
ant-ANT_12,org.apache.tools.ant,IntrospectionHelperTest,Unutilized Abstraction
ant-ANT_12,org.apache.tools.ant,IntrospectionHelperTest,Deficient Encapsulation
ant-ANT_12,org.apache.tools.ant,IntrospectionHelperTest,Insufficient Modularization
ant-ANT_12,org.apache.tools.ant,ProjectTest,Unutilized Abstraction
ant-ANT_12,org.apache.tools.ant.taskdefs,AntStructure,Unutilized Abstraction
ant-ANT_12,org.apache.tools.ant.taskdefs,Available,Unutilized Abstraction
ant-ANT_12,org.apache.tools.ant.taskdefs,CallTarget,Unutilized Abstraction
ant-ANT_12,org.apache.tools.ant.taskdefs,Chmod,Unutilized Abstraction
ant-ANT_12,org.apache.tools.ant.taskdefs,Chmod,Broken Hierarchy
ant-ANT_12,org.apache.tools.ant.taskdefs,CompileTask,Unutilized Abstraction
ant-ANT_12,org.apache.tools.ant.taskdefs,Copy,Unutilized Abstraction
ant-ANT_12,org.apache.tools.ant.taskdefs,Copydir,Unutilized Abstraction
ant-ANT_12,org.apache.tools.ant.taskdefs,Copydir,Broken Hierarchy
ant-ANT_12,org.apache.tools.ant.taskdefs,Copyfile,Unutilized Abstraction
ant-ANT_12,org.apache.tools.ant.taskdefs,Cvs,Unutilized Abstraction
ant-ANT_12,org.apache.tools.ant.taskdefs,Delete,Unutilized Abstraction
ant-ANT_12,org.apache.tools.ant.taskdefs,Deltree,Unutilized Abstraction
ant-ANT_12,org.apache.tools.ant.taskdefs,Echo,Unutilized Abstraction
ant-ANT_12,org.apache.tools.ant.taskdefs,StreamPumper,Unutilized Abstraction
ant-ANT_12,org.apache.tools.ant.taskdefs,Execute,Deficient Encapsulation
ant-ANT_12,org.apache.tools.ant.taskdefs,Execute,Insufficient Modularization
ant-ANT_12,org.apache.tools.ant.taskdefs,Java11CommandLauncher,Unutilized Abstraction
ant-ANT_12,org.apache.tools.ant.taskdefs,Java13CommandLauncher,Unutilized Abstraction
ant-ANT_12,org.apache.tools.ant.taskdefs,CommandLauncherProxy,Unutilized Abstraction
ant-ANT_12,org.apache.tools.ant.taskdefs,WinNTCommandLauncher,Unutilized Abstraction
ant-ANT_12,org.apache.tools.ant.taskdefs,MacCommandLauncher,Unutilized Abstraction
ant-ANT_12,org.apache.tools.ant.taskdefs,ScriptCommandLauncher,Unutilized Abstraction
ant-ANT_12,org.apache.tools.ant.taskdefs,ExecuteOn,Unutilized Abstraction
ant-ANT_12,org.apache.tools.ant.taskdefs,ExecuteOn,Broken Hierarchy
ant-ANT_12,org.apache.tools.ant.taskdefs,Exit,Unutilized Abstraction
ant-ANT_12,org.apache.tools.ant.taskdefs,Expand,Unutilized Abstraction
ant-ANT_12,org.apache.tools.ant.taskdefs,Expand,Broken Hierarchy
ant-ANT_12,org.apache.tools.ant.taskdefs,Filter,Unutilized Abstraction
ant-ANT_12,org.apache.tools.ant.taskdefs,FixCRLF,Unutilized Abstraction
ant-ANT_12,org.apache.tools.ant.taskdefs,FixCRLF,Broken Hierarchy
ant-ANT_12,org.apache.tools.ant.taskdefs,GUnzip,Unutilized Abstraction
ant-ANT_12,org.apache.tools.ant.taskdefs,GZip,Unutilized Abstraction
ant-ANT_12,org.apache.tools.ant.taskdefs,GenerateKey,Unutilized Abstraction
ant-ANT_12,org.apache.tools.ant.taskdefs,GenerateKey,Insufficient Modularization
ant-ANT_12,org.apache.tools.ant.taskdefs,Get,Unutilized Abstraction
ant-ANT_12,org.apache.tools.ant.taskdefs,Jar,Unutilized Abstraction
ant-ANT_12,org.apache.tools.ant.taskdefs,Jar,Broken Hierarchy
ant-ANT_12,org.apache.tools.ant.taskdefs,Javac,Unutilized Abstraction
ant-ANT_12,org.apache.tools.ant.taskdefs,Javac,Broken Hierarchy
ant-ANT_12,org.apache.tools.ant.taskdefs,Javac,Insufficient Modularization
ant-ANT_12,org.apache.tools.ant.taskdefs,JavacOutputStream,Unutilized Abstraction
ant-ANT_12,org.apache.tools.ant.taskdefs,Javadoc,Unutilized Abstraction
ant-ANT_12,org.apache.tools.ant.taskdefs,Javadoc,Insufficient Modularization
ant-ANT_12,org.apache.tools.ant.taskdefs,JavadocOutputStream,Unutilized Abstraction
ant-ANT_12,org.apache.tools.ant.taskdefs,Jikes,Unutilized Abstraction
ant-ANT_12,org.apache.tools.ant.taskdefs,LogOutputStream,Unutilized Abstraction
ant-ANT_12,org.apache.tools.ant.taskdefs,LogStreamHandler,Unutilized Abstraction
ant-ANT_12,org.apache.tools.ant.taskdefs,LogStreamHandler,Broken Hierarchy
ant-ANT_12,org.apache.tools.ant.taskdefs,MatchingTask,Unutilized Abstraction
ant-ANT_12,org.apache.tools.ant.taskdefs,MatchingTask,Wide Hierarchy
ant-ANT_12,org.apache.tools.ant.taskdefs,Mkdir,Unutilized Abstraction
ant-ANT_12,org.apache.tools.ant.taskdefs,Move,Unutilized Abstraction
ant-ANT_12,org.apache.tools.ant.taskdefs,Move,Broken Hierarchy
ant-ANT_12,org.apache.tools.ant.taskdefs,Patch,Unutilized Abstraction
ant-ANT_12,org.apache.tools.ant.taskdefs,PumpStreamHandler,Unutilized Abstraction
ant-ANT_12,org.apache.tools.ant.taskdefs,Rename,Unutilized Abstraction
ant-ANT_12,org.apache.tools.ant.taskdefs,Replace,Unutilized Abstraction
ant-ANT_12,org.apache.tools.ant.taskdefs,Replace,Broken Hierarchy
ant-ANT_12,org.apache.tools.ant.taskdefs,Rmic,Unutilized Abstraction
ant-ANT_12,org.apache.tools.ant.taskdefs,Rmic,Broken Hierarchy
ant-ANT_12,org.apache.tools.ant.taskdefs,SQLExec,Unutilized Abstraction
ant-ANT_12,org.apache.tools.ant.taskdefs,SQLExec,Insufficient Modularization
ant-ANT_12,org.apache.tools.ant.taskdefs,SendEmail,Unutilized Abstraction
ant-ANT_12,org.apache.tools.ant.taskdefs,SignJar,Unutilized Abstraction
ant-ANT_12,org.apache.tools.ant.taskdefs,StreamPumper,Unutilized Abstraction
ant-ANT_12,org.apache.tools.ant.taskdefs,Tar,Unutilized Abstraction
ant-ANT_12,org.apache.tools.ant.taskdefs,Tar,Broken Hierarchy
ant-ANT_12,org.apache.tools.ant.taskdefs,TaskOutputStream,Unutilized Abstraction
ant-ANT_12,org.apache.tools.ant.taskdefs,Tstamp,Unutilized Abstraction
ant-ANT_12,org.apache.tools.ant.taskdefs,Untar,Unutilized Abstraction
ant-ANT_12,org.apache.tools.ant.taskdefs,UpToDate,Unutilized Abstraction
ant-ANT_12,org.apache.tools.ant.taskdefs,UpToDate,Broken Hierarchy
ant-ANT_12,org.apache.tools.ant.taskdefs,War,Unutilized Abstraction
ant-ANT_12,org.apache.tools.ant.taskdefs,War,Broken Hierarchy
ant-ANT_12,org.apache.tools.ant.taskdefs,XSLTProcess,Unutilized Abstraction
ant-ANT_12,org.apache.tools.ant.taskdefs,XSLTProcess,Broken Hierarchy
ant-ANT_12,org.apache.tools.ant.taskdefs,Zip,Unutilized Abstraction
ant-ANT_12,org.apache.tools.ant.taskdefs,Zip,Broken Hierarchy
ant-ANT_12,org.apache.tools.ant.taskdefs,AntStructureTest,Unutilized Abstraction
ant-ANT_12,org.apache.tools.ant.taskdefs,AntStructureTest,Broken Hierarchy
ant-ANT_12,org.apache.tools.ant.taskdefs,AntTest,Unutilized Abstraction
ant-ANT_12,org.apache.tools.ant.taskdefs,AntTest,Broken Hierarchy
ant-ANT_12,org.apache.tools.ant.taskdefs,AvailableTest,Unutilized Abstraction
ant-ANT_12,org.apache.tools.ant.taskdefs,AvailableTest,Broken Hierarchy
ant-ANT_12,org.apache.tools.ant.taskdefs,CopydirTest,Unutilized Abstraction
ant-ANT_12,org.apache.tools.ant.taskdefs,CopydirTest,Broken Hierarchy
ant-ANT_12,org.apache.tools.ant.taskdefs,CopyfileTest,Unutilized Abstraction
ant-ANT_12,org.apache.tools.ant.taskdefs,CopyfileTest,Broken Hierarchy
ant-ANT_12,org.apache.tools.ant.taskdefs,DeleteTest,Unutilized Abstraction
ant-ANT_12,org.apache.tools.ant.taskdefs,DeleteTest,Broken Hierarchy
ant-ANT_12,org.apache.tools.ant.taskdefs,DeltreeTest,Unutilized Abstraction
ant-ANT_12,org.apache.tools.ant.taskdefs,DeltreeTest,Broken Hierarchy
ant-ANT_12,org.apache.tools.ant.taskdefs,EchoTest,Unutilized Abstraction
ant-ANT_12,org.apache.tools.ant.taskdefs,EchoTest,Broken Hierarchy
ant-ANT_12,org.apache.tools.ant.taskdefs,FailTest,Unutilized Abstraction
ant-ANT_12,org.apache.tools.ant.taskdefs,FailTest,Broken Hierarchy
ant-ANT_12,org.apache.tools.ant.taskdefs,FilterTest,Unutilized Abstraction
ant-ANT_12,org.apache.tools.ant.taskdefs,FilterTest,Broken Hierarchy
ant-ANT_12,org.apache.tools.ant.taskdefs,GUnzipTest,Unutilized Abstraction
ant-ANT_12,org.apache.tools.ant.taskdefs,GUnzipTest,Broken Hierarchy
ant-ANT_12,org.apache.tools.ant.taskdefs,GetTest,Unutilized Abstraction
ant-ANT_12,org.apache.tools.ant.taskdefs,GetTest,Broken Hierarchy
ant-ANT_12,org.apache.tools.ant.taskdefs,GzipTest,Unutilized Abstraction
ant-ANT_12,org.apache.tools.ant.taskdefs,GzipTest,Broken Hierarchy
ant-ANT_12,org.apache.tools.ant.taskdefs,MkdirTest,Unutilized Abstraction
ant-ANT_12,org.apache.tools.ant.taskdefs,MkdirTest,Broken Hierarchy
ant-ANT_12,org.apache.tools.ant.taskdefs,RenameTest,Unutilized Abstraction
ant-ANT_12,org.apache.tools.ant.taskdefs,RenameTest,Broken Hierarchy
ant-ANT_12,org.apache.tools.ant.taskdefs,ReplaceTest,Unutilized Abstraction
ant-ANT_12,org.apache.tools.ant.taskdefs,ReplaceTest,Broken Hierarchy
ant-ANT_12,org.apache.tools.ant.taskdefs,TarTest,Unutilized Abstraction
ant-ANT_12,org.apache.tools.ant.taskdefs,TarTest,Broken Hierarchy
ant-ANT_12,org.apache.tools.ant.taskdefs,TaskdefTest,Unutilized Abstraction
ant-ANT_12,org.apache.tools.ant.taskdefs,TaskdefTest,Broken Hierarchy
ant-ANT_12,org.apache.tools.ant.taskdefs,TaskdefsTest,Unutilized Abstraction
ant-ANT_12,org.apache.tools.ant.taskdefs,TaskdefsTest,Wide Hierarchy
ant-ANT_12,org.apache.tools.ant.taskdefs,AntOutputStream,Unutilized Abstraction
ant-ANT_12,org.apache.tools.ant.taskdefs,AntTestListener,Unutilized Abstraction
ant-ANT_12,org.apache.tools.ant.taskdefs,UnzipTest,Unutilized Abstraction
ant-ANT_12,org.apache.tools.ant.taskdefs,UnzipTest,Broken Hierarchy
ant-ANT_12,org.apache.tools.ant.taskdefs,ZipTest,Unutilized Abstraction
ant-ANT_12,org.apache.tools.ant.taskdefs,ZipTest,Broken Hierarchy
ant-ANT_12,org.apache.tools.ant.taskdefs.optional,Cab,Unutilized Abstraction
ant-ANT_12,org.apache.tools.ant.taskdefs.optional,FTP,Unutilized Abstraction
ant-ANT_12,org.apache.tools.ant.taskdefs.optional,FTPDirectoryScanner,Unutilized Abstraction
ant-ANT_12,org.apache.tools.ant.taskdefs.optional,Native2Ascii,Unutilized Abstraction
ant-ANT_12,org.apache.tools.ant.taskdefs.optional,NetRexxC,Unutilized Abstraction
ant-ANT_12,org.apache.tools.ant.taskdefs.optional,NetRexxC,Insufficient Modularization
ant-ANT_12,org.apache.tools.ant.taskdefs.optional,RenameExtensions,Unutilized Abstraction
ant-ANT_12,org.apache.tools.ant.taskdefs.optional,Script,Unutilized Abstraction
ant-ANT_12,org.apache.tools.ant.taskdefs.optional,XalanLiaison,Unutilized Abstraction
ant-ANT_12,org.apache.tools.ant.taskdefs.optional,XslpLiaison,Unutilized Abstraction
ant-ANT_12,org.apache.tools.ant.taskdefs.optional.ejb,DDCreator,Unutilized Abstraction
ant-ANT_12,org.apache.tools.ant.taskdefs.optional.ejb,EjbJar,Unutilized Abstraction
ant-ANT_12,org.apache.tools.ant.taskdefs.optional.ejb,Ejbc,Unutilized Abstraction
ant-ANT_12,org.apache.tools.ant.taskdefs.optional.ejb,WLRun,Unutilized Abstraction
ant-ANT_12,org.apache.tools.ant.taskdefs.optional.ejb,WLStop,Unutilized Abstraction
ant-ANT_12,org.apache.tools.ant.taskdefs.optional.javacc,JJTree,Unutilized Abstraction
ant-ANT_12,org.apache.tools.ant.taskdefs.optional.javacc,JavaCC,Unutilized Abstraction
ant-ANT_12,org.apache.tools.ant.taskdefs.optional.javacc,JavaCC,Insufficient Modularization
ant-ANT_12,org.apache.tools.ant.taskdefs.optional.jlink,ConstantPool,Unutilized Abstraction
ant-ANT_12,org.apache.tools.ant.taskdefs.optional.jlink,JlinkTask,Unutilized Abstraction
ant-ANT_12,org.apache.tools.ant.taskdefs.optional.jsp,WLJspc,Unutilized Abstraction
ant-ANT_12,org.apache.tools.ant.taskdefs.optional.junit,BaseTest,Unutilized Abstraction
ant-ANT_12,org.apache.tools.ant.taskdefs.optional.junit,BatchTest,Unutilized Abstraction
ant-ANT_12,org.apache.tools.ant.taskdefs.optional.junit,BatchTest,Broken Hierarchy
ant-ANT_12,org.apache.tools.ant.taskdefs.optional.junit,FileList,Unutilized Abstraction
ant-ANT_12,org.apache.tools.ant.taskdefs.optional.junit,FormatterElement,Cyclic-Dependent Modularization
ant-ANT_12,org.apache.tools.ant.taskdefs.optional.junit,JUnitResultFormatter,Cyclic-Dependent Modularization
ant-ANT_12,org.apache.tools.ant.taskdefs.optional.junit,JUnitTask,Unutilized Abstraction
ant-ANT_12,org.apache.tools.ant.taskdefs.optional.junit,JUnitTest,Unutilized Abstraction
ant-ANT_12,org.apache.tools.ant.taskdefs.optional.junit,JUnitTest,Broken Hierarchy
ant-ANT_12,org.apache.tools.ant.taskdefs.optional.junit,JUnitTest,Cyclic-Dependent Modularization
ant-ANT_12,org.apache.tools.ant.taskdefs.optional.junit,JUnitTestRunner,Deficient Encapsulation
ant-ANT_12,org.apache.tools.ant.taskdefs.optional.junit,PlainJUnitResultFormatter,Unutilized Abstraction
ant-ANT_12,org.apache.tools.ant.taskdefs.optional.metamata,MParse,Unutilized Abstraction
ant-ANT_12,org.apache.tools.ant.taskdefs.optional.perforce,P4sync,Unutilized Abstraction
ant-ANT_12,org.apache.tools.ant.taskdefs.optional.scm,AntStarTeamCheckOut,Deficient Encapsulation
ant-ANT_12,org.apache.tools.ant.taskdefs.optional.scm,AntStarTeamCheckOut,Insufficient Modularization
ant-ANT_12,org.apache.tools.ant.taskdefs.optional.vss,MSVSS,Unutilized Abstraction
ant-ANT_12,org.apache.tools.ant.taskdefs.optional.vss,MSVSS,Deficient Encapsulation
ant-ANT_12,org.apache.tools.ant.taskdefs.optional.vss,MSVSSGET,Unutilized Abstraction
ant-ANT_12,org.apache.tools.ant.taskdefs.optional.vss,MSVSSGET,Broken Hierarchy
ant-ANT_12,org.apache.tools.ant.types,Commandline,Cyclic-Dependent Modularization
ant-ANT_12,org.apache.tools.ant.types,Commandline,Insufficient Modularization
ant-ANT_12,org.apache.tools.ant.types,Argument,Cyclic-Dependent Modularization
ant-ANT_12,org.apache.tools.ant.types,CommandlineJava,Insufficient Modularization
ant-ANT_12,org.apache.tools.ant.types,DataType,Unutilized Abstraction
ant-ANT_12,org.apache.tools.ant.types,FileSet,Unutilized Abstraction
ant-ANT_12,org.apache.tools.ant.types,Path,Unutilized Abstraction
ant-ANT_12,org.apache.tools.ant.types,Path,Deficient Encapsulation
ant-ANT_12,org.apache.tools.ant.types,Path,Unexploited Encapsulation
ant-ANT_12,org.apache.tools.ant.types,Path,Missing Hierarchy
ant-ANT_12,org.apache.tools.ant.types,Path,Cyclic-Dependent Modularization
ant-ANT_12,org.apache.tools.ant.types,PathElement,Cyclic-Dependent Modularization
ant-ANT_12,org.apache.tools.ant.types,PatternSet,Unutilized Abstraction
ant-ANT_12,org.apache.tools.ant.types,CommandlineJavaTest,Unutilized Abstraction
ant-ANT_12,org.apache.tools.ant.types,CommandlineTest,Unutilized Abstraction
ant-ANT_12,org.apache.tools.ant.types,EnumeratedAttributeTest,Unutilized Abstraction
ant-ANT_12,org.apache.tools.ant.types,TestNormal,Unutilized Abstraction
ant-ANT_12,org.apache.tools.ant.types,TestNull,Unutilized Abstraction
ant-ANT_12,org.apache.tools.ant.types,FileSetTest,Unutilized Abstraction
ant-ANT_12,org.apache.tools.ant.types,PathTest,Unutilized Abstraction
ant-ANT_12,org.apache.tools.ant.types,PathTest,Deficient Encapsulation
ant-ANT_12,org.apache.tools.ant.types,PatternSetTest,Unutilized Abstraction
ant-ANT_12,org.apache.tools.mail,MailPrintStream,Unutilized Abstraction
ant-ANT_12,org.apache.tools.tar,TarBuffer,Deficient Encapsulation
ant-ANT_12,org.apache.tools.tar,TarConstants,Unutilized Abstraction
ant-ANT_12,org.apache.tools.tar,TarConstants,Deficient Encapsulation
ant-ANT_12,org.apache.tools.tar,TarConstants,Broken Modularization
ant-ANT_12,org.apache.tools.tar,TarEntry,Unutilized Abstraction
ant-ANT_12,org.apache.tools.tar,TarEntry,Broken Hierarchy
ant-ANT_12,org.apache.tools.tar,TarEntry,Insufficient Modularization
ant-ANT_12,org.apache.tools.tar,TarInputStream,Unutilized Abstraction
ant-ANT_12,org.apache.tools.tar,TarOutputStream,Unutilized Abstraction
