Project Name,Package Name,Type Name,Method Name,Code Smell
ant-ANT_12,org.apache.tools.ant,AntClassLoader,loadClass,Complex Method
ant-ANT_12,org.apache.tools.ant,AntClassLoader,getClassFromStream,Magic Number
ant-ANT_12,org.apache.tools.ant,AntClassLoader,getClassFromStream,Magic Number
ant-ANT_12,org.apache.tools.ant,AntClassLoader,findClass,Empty catch clause
ant-ANT_12,org.apache.tools.ant,DefaultLogger,formatTime,Long Statement
ant-ANT_12,org.apache.tools.ant,DefaultLogger,formatTime,Magic Number
ant-ANT_12,org.apache.tools.ant,DefaultLogger,formatTime,Magic Number
ant-ANT_12,org.apache.tools.ant,DefaultLogger,formatTime,Magic Number
ant-ANT_12,org.apache.tools.ant,DefaultLogger,formatTime,Magic Number
ant-ANT_12,org.apache.tools.ant,DefaultLogger,formatTime,Magic Number
ant-ANT_12,org.apache.tools.ant,DirectoryScanner,matchPatternStart,Complex Method
ant-ANT_12,org.apache.tools.ant,DirectoryScanner,matchPath,Complex Method
ant-ANT_12,org.apache.tools.ant,DirectoryScanner,matchPath,Long Method
ant-ANT_12,org.apache.tools.ant,DirectoryScanner,match,Complex Method
ant-ANT_12,org.apache.tools.ant,DirectoryScanner,scandir,Complex Method
ant-ANT_12,org.apache.tools.ant,IntrospectionHelper,IntrospectionHelper,Complex Conditional
ant-ANT_12,org.apache.tools.ant,IntrospectionHelper,IntrospectionHelper,Complex Conditional
ant-ANT_12,org.apache.tools.ant,IntrospectionHelper,IntrospectionHelper,Complex Conditional
ant-ANT_12,org.apache.tools.ant,IntrospectionHelper,IntrospectionHelper,Complex Conditional
ant-ANT_12,org.apache.tools.ant,IntrospectionHelper,IntrospectionHelper,Complex Conditional
ant-ANT_12,org.apache.tools.ant,IntrospectionHelper,IntrospectionHelper,Complex Method
ant-ANT_12,org.apache.tools.ant,IntrospectionHelper,IntrospectionHelper,Empty catch clause
ant-ANT_12,org.apache.tools.ant,IntrospectionHelper,IntrospectionHelper,Long Statement
ant-ANT_12,org.apache.tools.ant,IntrospectionHelper,IntrospectionHelper,Long Statement
ant-ANT_12,org.apache.tools.ant,IntrospectionHelper,IntrospectionHelper,Long Statement
ant-ANT_12,org.apache.tools.ant,IntrospectionHelper,createAttributeSetter,Complex Method
ant-ANT_12,org.apache.tools.ant,IntrospectionHelper,createAttributeSetter,Empty catch clause
ant-ANT_12,org.apache.tools.ant,IntrospectionHelper,createAttributeSetter,Long Method
ant-ANT_12,org.apache.tools.ant,IntrospectionHelper,createAttributeSetter,Long Statement
ant-ANT_12,org.apache.tools.ant,IntrospectionHelper,createAttributeSetter,Long Statement
ant-ANT_12,org.apache.tools.ant,IntrospectionHelper,createAttributeSetter,Long Statement
ant-ANT_12,org.apache.tools.ant,Main,Main,Complex Conditional
ant-ANT_12,org.apache.tools.ant,Main,Main,Complex Method
ant-ANT_12,org.apache.tools.ant,Main,Main,Long Method
ant-ANT_12,org.apache.tools.ant,Main,Main,Magic Number
ant-ANT_12,org.apache.tools.ant,Main,runBuild,Long Statement
ant-ANT_12,org.apache.tools.ant,Main,runBuild,Long Statement
ant-ANT_12,org.apache.tools.ant,Main,runBuild,Long Statement
ant-ANT_12,org.apache.tools.ant,Main,printTargets,Magic Number
ant-ANT_12,org.apache.tools.ant,PathTokenizer,nextToken,Complex Conditional
ant-ANT_12,org.apache.tools.ant,Project,resolveFile,Complex Conditional
ant-ANT_12,org.apache.tools.ant,Project,resolveFile,Complex Conditional
ant-ANT_12,org.apache.tools.ant,Project,resolveFile,Complex Conditional
ant-ANT_12,org.apache.tools.ant,Project,resolveFile,Complex Method
ant-ANT_12,org.apache.tools.ant,Project,resolveFile,Long Statement
ant-ANT_12,org.apache.tools.ant,Project,resolveFile,Magic Number
ant-ANT_12,org.apache.tools.ant,Project,translatePath,Magic Number
ant-ANT_12,org.apache.tools.ant,Project,copyFile,Magic Number
ant-ANT_12,org.apache.tools.ant,Project,copyFile,Magic Number
ant-ANT_12,org.apache.tools.ant,Project,tsort,Long Parameter List
ant-ANT_12,org.apache.tools.ant,ProjectHelper,resolveEntity,Magic Number
ant-ANT_12,org.apache.tools.ant,ProjectHelper,init,Complex Method
ant-ANT_12,org.apache.tools.ant,ProjectHelper,init,Complex Method
ant-ANT_12,org.apache.tools.ant,ProjectHelper,init,Empty catch clause
ant-ANT_12,org.apache.tools.ant,ProjectHelper,replaceProperties,Magic Number
ant-ANT_12,org.apache.tools.ant,ProjectHelper,replaceProperties,Magic Number
ant-ANT_12,org.apache.tools.ant,RootHandler,resolveEntity,Magic Number
ant-ANT_12,org.apache.tools.ant,ProjectHandler,init,Complex Method
ant-ANT_12,org.apache.tools.ant,TargetHandler,init,Complex Method
ant-ANT_12,org.apache.tools.ant,TaskHandler,init,Empty catch clause
ant-ANT_12,org.apache.tools.ant,UnknownElement,maybeConfigure,Long Statement
ant-ANT_12,org.apache.tools.ant,XmlLogger,messageLogged,Missing default
ant-ANT_12,org.apache.tools.ant,XmlLogger,write,Complex Method
ant-ANT_12,org.apache.tools.ant,IntrospectionHelperTest,testAddText,Empty catch clause
ant-ANT_12,org.apache.tools.ant,IntrospectionHelperTest,testElementCreators,Empty catch clause
ant-ANT_12,org.apache.tools.ant,IntrospectionHelperTest,testElementCreators,Empty catch clause
ant-ANT_12,org.apache.tools.ant,IntrospectionHelperTest,testElementCreators,Empty catch clause
ant-ANT_12,org.apache.tools.ant,IntrospectionHelperTest,testElementCreators,Empty catch clause
ant-ANT_12,org.apache.tools.ant,IntrospectionHelperTest,testElementCreators,Empty catch clause
ant-ANT_12,org.apache.tools.ant,IntrospectionHelperTest,testElementCreators,Empty catch clause
ant-ANT_12,org.apache.tools.ant,IntrospectionHelperTest,testElementCreators,Empty catch clause
ant-ANT_12,org.apache.tools.ant,IntrospectionHelperTest,testElementCreators,Empty catch clause
ant-ANT_12,org.apache.tools.ant,IntrospectionHelperTest,testElementCreators,Empty catch clause
ant-ANT_12,org.apache.tools.ant,IntrospectionHelperTest,testElementCreators,Empty catch clause
ant-ANT_12,org.apache.tools.ant,IntrospectionHelperTest,testElementCreators,Empty catch clause
ant-ANT_12,org.apache.tools.ant,IntrospectionHelperTest,testAttributeSetters,Empty catch clause
ant-ANT_12,org.apache.tools.ant,IntrospectionHelperTest,testAttributeSetters,Empty catch clause
ant-ANT_12,org.apache.tools.ant,IntrospectionHelperTest,testAttributeSetters,Empty catch clause
ant-ANT_12,org.apache.tools.ant,IntrospectionHelperTest,testAttributeSetters,Empty catch clause
ant-ANT_12,org.apache.tools.ant,IntrospectionHelperTest,testAttributeSetters,Empty catch clause
ant-ANT_12,org.apache.tools.ant,IntrospectionHelperTest,testAttributeSetters,Empty catch clause
ant-ANT_12,org.apache.tools.ant,IntrospectionHelperTest,testAttributeSetters,Long Method
ant-ANT_12,org.apache.tools.ant,IntrospectionHelperTest,setEight,Magic Number
ant-ANT_12,org.apache.tools.ant,IntrospectionHelperTest,setNine,Magic Number
ant-ANT_12,org.apache.tools.ant.taskdefs,Ant,execute,Complex Conditional
ant-ANT_12,org.apache.tools.ant.taskdefs,Ant,execute,Complex Method
ant-ANT_12,org.apache.tools.ant.taskdefs,Ant,execute,Long Statement
ant-ANT_12,org.apache.tools.ant.taskdefs,Available,execute,Complex Conditional
ant-ANT_12,org.apache.tools.ant.taskdefs,Chmod,isValidOs,Long Statement
ant-ANT_12,org.apache.tools.ant.taskdefs,Copy,validateAttributes,Complex Conditional
ant-ANT_12,org.apache.tools.ant.taskdefs,Copy,scan,Complex Method
ant-ANT_12,org.apache.tools.ant.taskdefs,Copy,doFileOperations,Complex Method
ant-ANT_12,org.apache.tools.ant.taskdefs,Copydir,execute,Long Statement
ant-ANT_12,org.apache.tools.ant.taskdefs,Cvs,execute,Complex Method
ant-ANT_12,org.apache.tools.ant.taskdefs,Cvs,execute,Empty catch clause
ant-ANT_12,org.apache.tools.ant.taskdefs,Cvs,execute,Empty catch clause
ant-ANT_12,org.apache.tools.ant.taskdefs,Delete,execute,Complex Conditional
ant-ANT_12,org.apache.tools.ant.taskdefs,Delete,execute,Complex Conditional
ant-ANT_12,org.apache.tools.ant.taskdefs,Delete,execute,Complex Method
ant-ANT_12,org.apache.tools.ant.taskdefs,Echo,execute,Empty catch clause
ant-ANT_12,org.apache.tools.ant.taskdefs,Exec,run,Complex Method
ant-ANT_12,org.apache.tools.ant.taskdefs,Exec,run,Empty catch clause
ant-ANT_12,org.apache.tools.ant.taskdefs,Exec,run,Empty catch clause
ant-ANT_12,org.apache.tools.ant.taskdefs,Exec,run,Empty catch clause
ant-ANT_12,org.apache.tools.ant.taskdefs,StreamPumper,run,Empty catch clause
ant-ANT_12,org.apache.tools.ant.taskdefs,StreamPumper,run,Empty catch clause
ant-ANT_12,org.apache.tools.ant.taskdefs,ExecTask,setCommand,Long Statement
ant-ANT_12,org.apache.tools.ant.taskdefs,ExecTask,logFlush,Empty catch clause
ant-ANT_12,org.apache.tools.ant.taskdefs,Execute,createCommandLauncher,Empty catch clause
ant-ANT_12,org.apache.tools.ant.taskdefs,Execute,waitFor,Empty catch clause
ant-ANT_12,org.apache.tools.ant.taskdefs,Execute,exec,Magic Number
ant-ANT_12,org.apache.tools.ant.taskdefs,Execute,exec,Magic Number
ant-ANT_12,org.apache.tools.ant.taskdefs,Execute,exec,Magic Number
ant-ANT_12,org.apache.tools.ant.taskdefs,Execute,exec,Magic Number
ant-ANT_12,org.apache.tools.ant.taskdefs,Execute,exec,Magic Number
ant-ANT_12,org.apache.tools.ant.taskdefs,Execute,exec,Magic Number
ant-ANT_12,org.apache.tools.ant.taskdefs,Execute,exec,Magic Number
ant-ANT_12,org.apache.tools.ant.taskdefs,WinNTCommandLauncher,exec,Magic Number
ant-ANT_12,org.apache.tools.ant.taskdefs,WinNTCommandLauncher,exec,Magic Number
ant-ANT_12,org.apache.tools.ant.taskdefs,WinNTCommandLauncher,exec,Magic Number
ant-ANT_12,org.apache.tools.ant.taskdefs,WinNTCommandLauncher,exec,Magic Number
ant-ANT_12,org.apache.tools.ant.taskdefs,WinNTCommandLauncher,exec,Magic Number
ant-ANT_12,org.apache.tools.ant.taskdefs,ScriptCommandLauncher,exec,Magic Number
ant-ANT_12,org.apache.tools.ant.taskdefs,ScriptCommandLauncher,exec,Magic Number
ant-ANT_12,org.apache.tools.ant.taskdefs,ExecuteOn,runExec,Complex Method
ant-ANT_12,org.apache.tools.ant.taskdefs,ExecuteWatchdog,run,Empty catch clause
ant-ANT_12,org.apache.tools.ant.taskdefs,Expand,expandFile,Empty catch clause
ant-ANT_12,org.apache.tools.ant.taskdefs,Expand,expandFile,Magic Number
ant-ANT_12,org.apache.tools.ant.taskdefs,FixCRLF,setTablength,Magic Number
ant-ANT_12,org.apache.tools.ant.taskdefs,FixCRLF,execute,Complex Conditional
ant-ANT_12,org.apache.tools.ant.taskdefs,FixCRLF,execute,Complex Method
ant-ANT_12,org.apache.tools.ant.taskdefs,FixCRLF,execute,Long Method
ant-ANT_12,org.apache.tools.ant.taskdefs,FixCRLF,execute,Long Statement
ant-ANT_12,org.apache.tools.ant.taskdefs,FixCRLF,execute,Magic Number
ant-ANT_12,org.apache.tools.ant.taskdefs,FixCRLF,execute,Magic Number
ant-ANT_12,org.apache.tools.ant.taskdefs,FixCRLF,execute,Magic Number
ant-ANT_12,org.apache.tools.ant.taskdefs,FixCRLF,execute,Magic Number
ant-ANT_12,org.apache.tools.ant.taskdefs,FixCRLF,execute,Magic Number
ant-ANT_12,org.apache.tools.ant.taskdefs,FixCRLF,execute,Magic Number
ant-ANT_12,org.apache.tools.ant.taskdefs,FixCRLF,execute,Magic Number
ant-ANT_12,org.apache.tools.ant.taskdefs,FixCRLF,execute,Magic Number
ant-ANT_12,org.apache.tools.ant.taskdefs,FixCRLF,execute,Missing default
ant-ANT_12,org.apache.tools.ant.taskdefs,GUnzip,execute,Complex Method
ant-ANT_12,org.apache.tools.ant.taskdefs,GUnzip,execute,Empty catch clause
ant-ANT_12,org.apache.tools.ant.taskdefs,GUnzip,execute,Empty catch clause
ant-ANT_12,org.apache.tools.ant.taskdefs,GUnzip,execute,Magic Number
ant-ANT_12,org.apache.tools.ant.taskdefs,GUnzip,execute,Magic Number
ant-ANT_12,org.apache.tools.ant.taskdefs,GUnzip,execute,Magic Number
ant-ANT_12,org.apache.tools.ant.taskdefs,GUnzip,execute,Magic Number
ant-ANT_12,org.apache.tools.ant.taskdefs,GUnzip,execute,Magic Number
ant-ANT_12,org.apache.tools.ant.taskdefs,GZip,execute,Empty catch clause
ant-ANT_12,org.apache.tools.ant.taskdefs,GZip,zipFile,Magic Number
ant-ANT_12,org.apache.tools.ant.taskdefs,GZip,zipFile,Magic Number
ant-ANT_12,org.apache.tools.ant.taskdefs,GenerateKey,execute,Complex Method
ant-ANT_12,org.apache.tools.ant.taskdefs,Get,execute,Complex Method
ant-ANT_12,org.apache.tools.ant.taskdefs,Get,execute,Magic Number
ant-ANT_12,org.apache.tools.ant.taskdefs,Get,execute,Magic Number
ant-ANT_12,org.apache.tools.ant.taskdefs,Get,execute,Magic Number
ant-ANT_12,org.apache.tools.ant.taskdefs,Jar,zipFile,Long Statement
ant-ANT_12,org.apache.tools.ant.taskdefs,Javac,execute,Complex Method
ant-ANT_12,org.apache.tools.ant.taskdefs,Javac,execute,Long Statement
ant-ANT_12,org.apache.tools.ant.taskdefs,Javac,scanDir,Long Statement
ant-ANT_12,org.apache.tools.ant.taskdefs,Javac,scanDir,Long Statement
ant-ANT_12,org.apache.tools.ant.taskdefs,Javac,getCompileClasspath,Long Statement
ant-ANT_12,org.apache.tools.ant.taskdefs,Javac,getCompileClasspath,Long Statement
ant-ANT_12,org.apache.tools.ant.taskdefs,Javac,getCompileClasspath,Long Statement
ant-ANT_12,org.apache.tools.ant.taskdefs,Javac,setupJavacCommand,Complex Method
ant-ANT_12,org.apache.tools.ant.taskdefs,Javac,doJikesCompile,Complex Method
ant-ANT_12,org.apache.tools.ant.taskdefs,Javac,executeJikesCompile,Empty catch clause
ant-ANT_12,org.apache.tools.ant.taskdefs,Javac,executeJikesCompile,Magic Number
ant-ANT_12,org.apache.tools.ant.taskdefs,Javadoc,setLinkoffline,Long Statement
ant-ANT_12,org.apache.tools.ant.taskdefs,Javadoc,execute,Complex Method
ant-ANT_12,org.apache.tools.ant.taskdefs,Javadoc,execute,Empty catch clause
ant-ANT_12,org.apache.tools.ant.taskdefs,Javadoc,execute,Long Method
ant-ANT_12,org.apache.tools.ant.taskdefs,Javadoc,execute,Long Statement
ant-ANT_12,org.apache.tools.ant.taskdefs,Javadoc,execute,Long Statement
ant-ANT_12,org.apache.tools.ant.taskdefs,Javadoc,matches,Magic Number
ant-ANT_12,org.apache.tools.ant.taskdefs,Jikes,compile,Empty catch clause
ant-ANT_12,org.apache.tools.ant.taskdefs,Jikes,compile,Magic Number
ant-ANT_12,org.apache.tools.ant.taskdefs,KeySubst,replace,Magic Number
ant-ANT_12,org.apache.tools.ant.taskdefs,KeySubst,replace,Magic Number
ant-ANT_12,org.apache.tools.ant.taskdefs,KeySubst,replace,Magic Number
ant-ANT_12,org.apache.tools.ant.taskdefs,MatchingTask,XsetItems,Complex Conditional
ant-ANT_12,org.apache.tools.ant.taskdefs,Move,doFileOperations,Complex Method
ant-ANT_12,org.apache.tools.ant.taskdefs,Property,resolveAllProperties,Complex Method
ant-ANT_12,org.apache.tools.ant.taskdefs,Property,extractProperties,Magic Number
ant-ANT_12,org.apache.tools.ant.taskdefs,Property,extractProperties,Magic Number
ant-ANT_12,org.apache.tools.ant.taskdefs,PumpStreamHandler,stop,Empty catch clause
ant-ANT_12,org.apache.tools.ant.taskdefs,PumpStreamHandler,stop,Empty catch clause
ant-ANT_12,org.apache.tools.ant.taskdefs,Rmic,execute,Complex Method
ant-ANT_12,org.apache.tools.ant.taskdefs,Rmic,execute,Magic Number
ant-ANT_12,org.apache.tools.ant.taskdefs,Rmic,scanDir,Complex Conditional
ant-ANT_12,org.apache.tools.ant.taskdefs,Rmic,shouldCompile,Long Statement
ant-ANT_12,org.apache.tools.ant.taskdefs,Rmic,shouldCompile,Long Statement
ant-ANT_12,org.apache.tools.ant.taskdefs,SQLExec,execute,Complex Conditional
ant-ANT_12,org.apache.tools.ant.taskdefs,SQLExec,execute,Complex Conditional
ant-ANT_12,org.apache.tools.ant.taskdefs,SQLExec,execute,Complex Method
ant-ANT_12,org.apache.tools.ant.taskdefs,SQLExec,execute,Empty catch clause
ant-ANT_12,org.apache.tools.ant.taskdefs,SQLExec,execute,Empty catch clause
ant-ANT_12,org.apache.tools.ant.taskdefs,SQLExec,execute,Empty catch clause
ant-ANT_12,org.apache.tools.ant.taskdefs,SQLExec,execute,Long Method
ant-ANT_12,org.apache.tools.ant.taskdefs,SQLExec,isValidRdbms,Complex Conditional
ant-ANT_12,org.apache.tools.ant.taskdefs,SQLExec,printResults,Complex Method
ant-ANT_12,org.apache.tools.ant.taskdefs,SendEmail,execute,Complex Method
ant-ANT_12,org.apache.tools.ant.taskdefs,SendEmail,execute,Magic Number
ant-ANT_12,org.apache.tools.ant.taskdefs,SignJar,execute,Complex Method
ant-ANT_12,org.apache.tools.ant.taskdefs,StreamPumper,run,Empty catch clause
ant-ANT_12,org.apache.tools.ant.taskdefs,StreamPumper,run,Empty catch clause
ant-ANT_12,org.apache.tools.ant.taskdefs,Tar,execute,Empty catch clause
ant-ANT_12,org.apache.tools.ant.taskdefs,Tar,tarFile,Magic Number
ant-ANT_12,org.apache.tools.ant.taskdefs,Tar,tarFile,Magic Number
ant-ANT_12,org.apache.tools.ant.taskdefs,Untar,execute,Complex Method
ant-ANT_12,org.apache.tools.ant.taskdefs,Untar,execute,Empty catch clause
ant-ANT_12,org.apache.tools.ant.taskdefs,Untar,execute,Magic Number
ant-ANT_12,org.apache.tools.ant.taskdefs,War,isUpToDate,Long Statement
ant-ANT_12,org.apache.tools.ant.taskdefs,War,zipFile,Long Statement
ant-ANT_12,org.apache.tools.ant.taskdefs,XSLTProcess,execute,Complex Method
ant-ANT_12,org.apache.tools.ant.taskdefs,Zip,setWhenempty,Complex Conditional
ant-ANT_12,org.apache.tools.ant.taskdefs,Zip,setWhenempty,Long Statement
ant-ANT_12,org.apache.tools.ant.taskdefs,Zip,execute,Complex Conditional
ant-ANT_12,org.apache.tools.ant.taskdefs,Zip,execute,Complex Method
ant-ANT_12,org.apache.tools.ant.taskdefs,Zip,execute,Long Statement
ant-ANT_12,org.apache.tools.ant.taskdefs,Zip,isUpToDate,Complex Method
ant-ANT_12,org.apache.tools.ant.taskdefs,Zip,isUpToDate,Magic Number
ant-ANT_12,org.apache.tools.ant.taskdefs,Zip,isUpToDate,Magic Number
ant-ANT_12,org.apache.tools.ant.taskdefs,Zip,isUpToDate,Magic Number
ant-ANT_12,org.apache.tools.ant.taskdefs,Zip,isUpToDate,Magic Number
ant-ANT_12,org.apache.tools.ant.taskdefs,Zip,isUpToDate,Magic Number
ant-ANT_12,org.apache.tools.ant.taskdefs,Zip,isUpToDate,Magic Number
ant-ANT_12,org.apache.tools.ant.taskdefs,Zip,isUpToDate,Magic Number
ant-ANT_12,org.apache.tools.ant.taskdefs,Zip,zipFile,Magic Number
ant-ANT_12,org.apache.tools.ant.taskdefs,Zip,zipFile,Magic Number
ant-ANT_12,org.apache.tools.ant.taskdefs,Zip,zipFile,Magic Number
ant-ANT_12,org.apache.tools.ant.taskdefs,Zip,zipFile,Magic Number
ant-ANT_12,org.apache.tools.ant.taskdefs,Zip,zipFile,Magic Number
ant-ANT_12,org.apache.tools.ant.taskdefs,Zip,zipFile,Magic Number
ant-ANT_12,org.apache.tools.ant.taskdefs,FilterTest,test8,Long Statement
ant-ANT_12,org.apache.tools.ant.taskdefs.optional,FTP,scandir,Complex Method
ant-ANT_12,org.apache.tools.ant.taskdefs.optional,FTP,transferFiles,Complex Conditional
ant-ANT_12,org.apache.tools.ant.taskdefs.optional,FTP,transferFiles,Complex Method
ant-ANT_12,org.apache.tools.ant.taskdefs.optional,FTP,transferFiles,Missing default
ant-ANT_12,org.apache.tools.ant.taskdefs.optional,FTP,createParents,Magic Number
ant-ANT_12,org.apache.tools.ant.taskdefs.optional,FTP,sendFile,Empty catch clause
ant-ANT_12,org.apache.tools.ant.taskdefs.optional,FTP,getFile,Empty catch clause
ant-ANT_12,org.apache.tools.ant.taskdefs.optional,FTPDirectoryScanner,scandir,Complex Method
ant-ANT_12,org.apache.tools.ant.taskdefs.optional,Native2Ascii,convert,Complex Method
ant-ANT_12,org.apache.tools.ant.taskdefs.optional,NetRexxC,setTrace,Complex Conditional
ant-ANT_12,org.apache.tools.ant.taskdefs.optional,NetRexxC,setTrace,Long Statement
ant-ANT_12,org.apache.tools.ant.taskdefs.optional,NetRexxC,copyFilesToDestination,Long Statement
ant-ANT_12,org.apache.tools.ant.taskdefs.optional,NetRexxC,doNetRexxCompile,Complex Method
ant-ANT_12,org.apache.tools.ant.taskdefs.optional,RenameExtensions,execute,Complex Conditional
ant-ANT_12,org.apache.tools.ant.taskdefs.optional.ejb,DDCreatorHelper,process,Long Statement
ant-ANT_12,org.apache.tools.ant.taskdefs.optional.ejb,DescriptorHandler,resolveEntity,Empty catch clause
ant-ANT_12,org.apache.tools.ant.taskdefs.optional.ejb,DescriptorHandler,startDocument,Magic Number
ant-ANT_12,org.apache.tools.ant.taskdefs.optional.ejb,DescriptorHandler,processElement,Complex Conditional
ant-ANT_12,org.apache.tools.ant.taskdefs.optional.ejb,DescriptorHandler,processElement,Long Statement
ant-ANT_12,org.apache.tools.ant.taskdefs.optional.ejb,EJBDeploymentTool,configure,Long Parameter List
ant-ANT_12,org.apache.tools.ant.taskdefs.optional.ejb,EjbJar,setGenerateweblogic,Long Statement
ant-ANT_12,org.apache.tools.ant.taskdefs.optional.ejb,EjbcHelper,isRegenRequired,Complex Conditional
ant-ANT_12,org.apache.tools.ant.taskdefs.optional.ejb,EjbcHelper,isRegenRequired,Complex Conditional
ant-ANT_12,org.apache.tools.ant.taskdefs.optional.ejb,EjbcHelper,isRegenRequired,Complex Method
ant-ANT_12,org.apache.tools.ant.taskdefs.optional.ejb,EjbcHelper,isRegenRequired,Long Statement
ant-ANT_12,org.apache.tools.ant.taskdefs.optional.ejb,GenericDeploymentTool,configure,Long Parameter List
ant-ANT_12,org.apache.tools.ant.taskdefs.optional.ejb,GenericDeploymentTool,addFileToJar,Magic Number
ant-ANT_12,org.apache.tools.ant.taskdefs.optional.ejb,GenericDeploymentTool,addFileToJar,Magic Number
ant-ANT_12,org.apache.tools.ant.taskdefs.optional.ejb,GenericDeploymentTool,processDescriptor,Complex Method
ant-ANT_12,org.apache.tools.ant.taskdefs.optional.ejb,GenericDeploymentTool,processDescriptor,Long Statement
ant-ANT_12,org.apache.tools.ant.taskdefs.optional.ejb,GenericDeploymentTool,processDescriptor,Long Statement
ant-ANT_12,org.apache.tools.ant.taskdefs.optional.ejb,WLRun,execute,Complex Method
ant-ANT_12,org.apache.tools.ant.taskdefs.optional.ejb,WLRun,execute,Long Statement
ant-ANT_12,org.apache.tools.ant.taskdefs.optional.javacc,JJTree,execute,Complex Method
ant-ANT_12,org.apache.tools.ant.taskdefs.optional.jlink,ConstantPool,ConstantPool,Complex Method
ant-ANT_12,org.apache.tools.ant.taskdefs.optional.jlink,ClassNameReader,getClassName,Magic Number
ant-ANT_12,org.apache.tools.ant.taskdefs.optional.jlink,jlink,link,Empty catch clause
ant-ANT_12,org.apache.tools.ant.taskdefs.optional.jlink,jlink,main,Magic Number
ant-ANT_12,org.apache.tools.ant.taskdefs.optional.jlink,jlink,getEntryName,Empty catch clause
ant-ANT_12,org.apache.tools.ant.taskdefs.optional.jlink,jlink,processEntry,Empty catch clause
ant-ANT_12,org.apache.tools.ant.taskdefs.optional.jsp,WLJspc,execute,Complex Method
ant-ANT_12,org.apache.tools.ant.taskdefs.optional.jsp,WLJspc,execute,Magic Number
ant-ANT_12,org.apache.tools.ant.taskdefs.optional.jsp,WLJspc,execute,Magic Number
ant-ANT_12,org.apache.tools.ant.taskdefs.optional.jsp,WLJspc,execute,Magic Number
ant-ANT_12,org.apache.tools.ant.taskdefs.optional.junit,BatchTest,FileList,Magic Number
ant-ANT_12,org.apache.tools.ant.taskdefs.optional.junit,BatchTest,FileList,Magic Number
ant-ANT_12,org.apache.tools.ant.taskdefs.optional.junit,FileList,FileList,Magic Number
ant-ANT_12,org.apache.tools.ant.taskdefs.optional.junit,FileList,FileList,Magic Number
ant-ANT_12,org.apache.tools.ant.taskdefs.optional.junit,JUnitTask,execute,Complex Conditional
ant-ANT_12,org.apache.tools.ant.taskdefs.optional.junit,JUnitTask,execute,Complex Method
ant-ANT_12,org.apache.tools.ant.taskdefs.optional.junit,JUnitTask,execute,Long Method
ant-ANT_12,org.apache.tools.ant.taskdefs.optional.junit,JUnitTestRunner,JUnitTestRunner,Empty catch clause
ant-ANT_12,org.apache.tools.ant.taskdefs.optional.junit,JUnitTestRunner,JUnitTestRunner,Empty catch clause
ant-ANT_12,org.apache.tools.ant.taskdefs.optional.junit,JUnitTestRunner,JUnitTestRunner,Empty catch clause
ant-ANT_12,org.apache.tools.ant.taskdefs.optional.junit,JUnitTestRunner,main,Magic Number
ant-ANT_12,org.apache.tools.ant.taskdefs.optional.junit,JUnitTestRunner,main,Magic Number
ant-ANT_12,org.apache.tools.ant.taskdefs.optional.junit,JUnitTestRunner,main,Magic Number
ant-ANT_12,org.apache.tools.ant.taskdefs.optional.junit,PlainJUnitResultFormatter,endTestSuite,Empty catch clause
ant-ANT_12,org.apache.tools.ant.taskdefs.optional.junit,PlainJUnitResultFormatter,endTestSuite,Magic Number
ant-ANT_12,org.apache.tools.ant.taskdefs.optional.junit,PlainJUnitResultFormatter,endTest,Magic Number
ant-ANT_12,org.apache.tools.ant.taskdefs.optional.junit,SummaryJUnitResultFormatter,endTestSuite,Empty catch clause
ant-ANT_12,org.apache.tools.ant.taskdefs.optional.junit,SummaryJUnitResultFormatter,endTestSuite,Magic Number
ant-ANT_12,org.apache.tools.ant.taskdefs.optional.junit,XMLJUnitResultFormatter,endTestSuite,Empty catch clause
ant-ANT_12,org.apache.tools.ant.taskdefs.optional.junit,XMLJUnitResultFormatter,endTestSuite,Magic Number
ant-ANT_12,org.apache.tools.ant.taskdefs.optional.junit,XMLJUnitResultFormatter,endTest,Magic Number
ant-ANT_12,org.apache.tools.ant.taskdefs.optional.junit,XMLJUnitResultFormatter,xmlEscape,Missing default
ant-ANT_12,org.apache.tools.ant.taskdefs.optional.junit,XMLJUnitResultFormatter,write,Complex Method
ant-ANT_12,org.apache.tools.ant.taskdefs.optional.metamata,MParse,execute,Complex Method
ant-ANT_12,org.apache.tools.ant.taskdefs.optional.metamata,MParse,execute,Long Statement
ant-ANT_12,org.apache.tools.ant.taskdefs.optional.perforce,P4sync,execute,Complex Method
ant-ANT_12,org.apache.tools.ant.taskdefs.optional.perforce,P4sync,outputLog,Magic Number
ant-ANT_12,org.apache.tools.ant.taskdefs.optional.scm,AntStarTeamCheckOut,execute,Complex Conditional
ant-ANT_12,org.apache.tools.ant.taskdefs.optional.scm,AntStarTeamCheckOut,execute,Complex Conditional
ant-ANT_12,org.apache.tools.ant.taskdefs.optional.scm,AntStarTeamCheckOut,execute,Complex Method
ant-ANT_12,org.apache.tools.ant.taskdefs.optional.scm,AntStarTeamCheckOut,runType,Magic Number
ant-ANT_12,org.apache.tools.ant.taskdefs.optional.scm,AntStarTeamCheckOut,runFolder,Long Parameter List
ant-ANT_12,org.apache.tools.ant.taskdefs.optional.scm,AntStarTeamCheckOut,runItem,Complex Method
ant-ANT_12,org.apache.tools.ant.taskdefs.optional.scm,AntStarTeamCheckOut,runItem,Long Parameter List
ant-ANT_12,org.apache.tools.ant.taskdefs.optional.scm,AntStarTeamCheckOut,runItem,Magic Number
ant-ANT_12,org.apache.tools.ant.taskdefs.optional.scm,AntStarTeamCheckOut,formatForDisplay,Magic Number
ant-ANT_12,org.apache.tools.ant.taskdefs.optional.scm,AntStarTeamCheckOut,formatForDisplay,Magic Number
ant-ANT_12,org.apache.tools.ant.taskdefs.optional.scm,AntStarTeamCheckOut,match,Complex Method
ant-ANT_12,org.apache.tools.ant.taskdefs.optional.vss,MSVSS,setVsspath,Magic Number
ant-ANT_12,org.apache.tools.ant.types,Commandline,getArguments,Magic Number
ant-ANT_12,org.apache.tools.ant.types,Commandline,translateCommandline,Complex Method
ant-ANT_12,org.apache.tools.ant.types,Commandline,translateCommandline,Magic Number
ant-ANT_12,org.apache.tools.ant.types,Commandline,translateCommandline,Missing default
ant-ANT_12,org.apache.tools.ant.types,CommandlineJava,getCommandline,Magic Number
ant-ANT_12,org.apache.tools.ant.types,CommandlineJava,size,Magic Number
ant-ANT_12,org.apache.tools.ant.types,Path,list,Complex Method
ant-ANT_12,org.apache.tools.ant.types,Path,list,Magic Number
ant-ANT_12,org.apache.tools.ant.types,CommandlineJavaTest,testGetCommandline,Magic Number
ant-ANT_12,org.apache.tools.ant.types,CommandlineJavaTest,testGetCommandline,Magic Number
ant-ANT_12,org.apache.tools.ant.types,CommandlineJavaTest,testGetCommandline,Magic Number
ant-ANT_12,org.apache.tools.ant.types,CommandlineJavaTest,testGetCommandline,Magic Number
ant-ANT_12,org.apache.tools.ant.types,CommandlineJavaTest,testGetCommandline,Magic Number
ant-ANT_12,org.apache.tools.ant.types,CommandlineJavaTest,testGetCommandline,Magic Number
ant-ANT_12,org.apache.tools.ant.types,CommandlineJavaTest,testGetCommandline,Magic Number
ant-ANT_12,org.apache.tools.ant.types,CommandlineJavaTest,testGetCommandline,Magic Number
ant-ANT_12,org.apache.tools.ant.types,CommandlineJavaTest,testGetCommandline,Magic Number
ant-ANT_12,org.apache.tools.ant.types,CommandlineTest,testTokenizer,Magic Number
ant-ANT_12,org.apache.tools.ant.types,CommandlineTest,testTokenizer,Magic Number
ant-ANT_12,org.apache.tools.ant.types,CommandlineTest,testTokenizer,Magic Number
ant-ANT_12,org.apache.tools.ant.types,CommandlineTest,testTokenizer,Magic Number
ant-ANT_12,org.apache.tools.ant.types,CommandlineTest,testTokenizer,Magic Number
ant-ANT_12,org.apache.tools.ant.types,CommandlineTest,testTokenizer,Magic Number
ant-ANT_12,org.apache.tools.ant.types,CommandlineTest,testTokenizer,Magic Number
ant-ANT_12,org.apache.tools.ant.types,CommandlineTest,testTokenizer,Magic Number
ant-ANT_12,org.apache.tools.ant.types,CommandlineTest,testTokenizer,Magic Number
ant-ANT_12,org.apache.tools.ant.types,EnumeratedAttributeTest,testExceptions,Empty catch clause
ant-ANT_12,org.apache.tools.ant.types,EnumeratedAttributeTest,testExceptions,Empty catch clause
ant-ANT_12,org.apache.tools.ant.types,PathTest,testConstructor,Magic Number
ant-ANT_12,org.apache.tools.ant.types,PathTest,testConstructor,Magic Number
ant-ANT_12,org.apache.tools.ant.types,PathTest,testConstructor,Magic Number
ant-ANT_12,org.apache.tools.ant.types,PathTest,testConstructor,Magic Number
ant-ANT_12,org.apache.tools.ant.types,PathTest,testConstructor,Magic Number
ant-ANT_12,org.apache.tools.ant.types,PathTest,testConstructor,Magic Number
ant-ANT_12,org.apache.tools.ant.types,PathTest,testConstructor,Magic Number
ant-ANT_12,org.apache.tools.ant.types,PathTest,testAppending,Magic Number
ant-ANT_12,org.apache.tools.ant.types,PathTest,testAppending,Magic Number
ant-ANT_12,org.apache.tools.ant.types,PathTest,testAppending,Magic Number
ant-ANT_12,org.apache.tools.ant.types,PathTest,testAppending,Magic Number
ant-ANT_12,org.apache.tools.ant.types,PathTest,testAppending,Magic Number
ant-ANT_12,org.apache.tools.mail,MailMessage,sanitizeAddress,Complex Method
ant-ANT_12,org.apache.tools.mail,MailMessage,connect,Magic Number
ant-ANT_12,org.apache.tools.tar,TarBuffer,writeRecord,Long Statement
ant-ANT_12,org.apache.tools.tar,TarBuffer,writeRecord,Long Statement
ant-ANT_12,org.apache.tools.tar,TarEntry,TarEntry,Magic Number
ant-ANT_12,org.apache.tools.tar,TarEntry,TarEntry,Magic Number
ant-ANT_12,org.apache.tools.tar,TarEntry,TarEntry,Magic Number
ant-ANT_12,org.apache.tools.tar,TarEntry,TarEntry,Magic Number
ant-ANT_12,org.apache.tools.tar,TarEntry,TarEntry,Magic Number
ant-ANT_12,org.apache.tools.tar,TarEntry,TarEntry,Complex Conditional
ant-ANT_12,org.apache.tools.tar,TarEntry,TarEntry,Complex Method
ant-ANT_12,org.apache.tools.tar,TarEntry,TarEntry,Magic Number
ant-ANT_12,org.apache.tools.tar,TarEntry,TarEntry,Magic Number
ant-ANT_12,org.apache.tools.tar,TarEntry,TarEntry,Magic Number
ant-ANT_12,org.apache.tools.tar,TarEntry,TarEntry,Magic Number
ant-ANT_12,org.apache.tools.tar,TarEntry,TarEntry,Magic Number
ant-ANT_12,org.apache.tools.tar,TarEntry,setModTime,Magic Number
ant-ANT_12,org.apache.tools.tar,TarEntry,setModTime,Magic Number
ant-ANT_12,org.apache.tools.tar,TarEntry,getModTime,Magic Number
ant-ANT_12,org.apache.tools.tar,TarInputStream,skip,Magic Number
ant-ANT_12,org.apache.tools.tar,TarInputStream,skip,Magic Number
ant-ANT_12,org.apache.tools.tar,TarInputStream,getNextEntry,Complex Conditional
ant-ANT_12,org.apache.tools.tar,TarInputStream,getNextEntry,Complex Method
ant-ANT_12,org.apache.tools.tar,TarInputStream,getNextEntry,Long Statement
ant-ANT_12,org.apache.tools.tar,TarInputStream,getNextEntry,Long Statement
ant-ANT_12,org.apache.tools.tar,TarInputStream,getNextEntry,Long Statement
ant-ANT_12,org.apache.tools.tar,TarInputStream,getNextEntry,Long Statement
ant-ANT_12,org.apache.tools.tar,TarInputStream,getNextEntry,Magic Number
ant-ANT_12,org.apache.tools.tar,TarInputStream,getNextEntry,Magic Number
ant-ANT_12,org.apache.tools.tar,TarInputStream,getNextEntry,Magic Number
ant-ANT_12,org.apache.tools.tar,TarInputStream,getNextEntry,Magic Number
ant-ANT_12,org.apache.tools.tar,TarInputStream,getNextEntry,Magic Number
ant-ANT_12,org.apache.tools.tar,TarInputStream,getNextEntry,Magic Number
ant-ANT_12,org.apache.tools.tar,TarInputStream,getNextEntry,Magic Number
ant-ANT_12,org.apache.tools.tar,TarInputStream,getNextEntry,Magic Number
ant-ANT_12,org.apache.tools.tar,TarInputStream,getNextEntry,Magic Number
ant-ANT_12,org.apache.tools.tar,TarInputStream,getNextEntry,Magic Number
ant-ANT_12,org.apache.tools.tar,TarInputStream,getNextEntry,Magic Number
ant-ANT_12,org.apache.tools.tar,TarInputStream,getNextEntry,Magic Number
ant-ANT_12,org.apache.tools.tar,TarInputStream,getNextEntry,Magic Number
ant-ANT_12,org.apache.tools.tar,TarInputStream,getNextEntry,Magic Number
ant-ANT_12,org.apache.tools.tar,TarInputStream,getNextEntry,Magic Number
ant-ANT_12,org.apache.tools.tar,TarInputStream,read,Complex Method
ant-ANT_12,org.apache.tools.tar,TarInputStream,copyEntryContents,Magic Number
ant-ANT_12,org.apache.tools.tar,TarInputStream,copyEntryContents,Magic Number
ant-ANT_12,org.apache.tools.tar,TarOutputStream,closeEntry,Long Statement
ant-ANT_12,org.apache.tools.tar,TarOutputStream,write,Long Statement
ant-ANT_12,org.apache.tools.tar,TarUtils,parseOctal,Magic Number
ant-ANT_12,org.apache.tools.tar,TarUtils,getOctalBytes,Magic Number
ant-ANT_12,org.apache.tools.tar,TarUtils,getOctalBytes,Magic Number
ant-ANT_12,org.apache.tools.tar,TarUtils,getCheckSumOctalBytes,Magic Number
ant-ANT_12,org.apache.tools.tar,TarUtils,computeCheckSum,Magic Number
