Project Name,Package Name,Type Name,NOF,NOPF,NOM,NOPM,LOC,WMC,NC,DIT,LCOM,FANIN,FANOUT
ant-ANT_12,org.apache.tools.ant,AntClassLoader,6,0,13,8,273,33,0,0,0.0,5,2
ant-ANT_12,org.apache.tools.ant,BuildEvent,6,0,11,11,86,11,0,0,0.2727272727272727,4,3
ant-ANT_12,org.apache.tools.ant,BuildException,2,0,11,11,96,11,0,0,0.2727272727272727,1,1
ant-ANT_12,org.apache.tools.ant,BuildListener,0,0,7,7,42,7,2,0,-1.0,2,1
ant-ANT_12,org.apache.tools.ant,BuildLogger,0,0,4,4,26,4,1,1,-1.0,1,0
ant-ANT_12,org.apache.tools.ant,DefaultLogger,7,0,12,11,103,21,0,2,0.3333333333333333,2,3
ant-ANT_12,org.apache.tools.ant,DesirableFilter,0,0,1,1,28,6,0,0,-1.0,0,0
ant-ANT_12,org.apache.tools.ant,DirectoryScanner,11,0,22,14,607,123,0,1,0.09090909090909091,19,1
ant-ANT_12,org.apache.tools.ant,FileScanner,0,0,13,13,69,13,1,0,-1.0,3,0
ant-ANT_12,org.apache.tools.ant,IntrospectionHelper,7,0,30,27,364,59,0,0,0.6666666666666666,6,5
ant-ANT_12,org.apache.tools.ant,NestedCreator,0,0,1,1,3,1,0,0,-1.0,1,0
ant-ANT_12,org.apache.tools.ant,AttributeSetter,0,0,1,1,3,1,0,0,-1.0,1,1
ant-ANT_12,org.apache.tools.ant,Location,4,1,4,3,44,6,0,0,0.5,4,1
ant-ANT_12,org.apache.tools.ant,Main,12,1,14,1,454,55,0,0,0.0,1,6
ant-ANT_12,org.apache.tools.ant,Map,0,0,1,1,3,1,0,0,-1.0,0,0
ant-ANT_12,org.apache.tools.ant,PathTokenizer,3,0,3,3,48,7,0,0,0.0,2,0
ant-ANT_12,org.apache.tools.ant,Project,25,11,66,52,666,121,0,0,0.15151515151515152,71,7
ant-ANT_12,org.apache.tools.ant,ProjectHelper,16,0,38,30,490,91,0,0,0.13157894736842105,6,8
ant-ANT_12,org.apache.tools.ant,AbstractHandler,1,0,4,4,22,5,5,0,0.75,0,0
ant-ANT_12,org.apache.tools.ant,RootHandler,0,0,3,3,35,6,0,0,-1.0,0,1
ant-ANT_12,org.apache.tools.ant,ProjectHandler,0,0,7,3,82,21,0,1,-1.0,0,0
ant-ANT_12,org.apache.tools.ant,TargetHandler,1,0,3,3,61,14,0,1,0.6666666666666666,0,1
ant-ANT_12,org.apache.tools.ant,TaskHandler,3,0,4,4,53,7,0,1,0.0,0,4
ant-ANT_12,org.apache.tools.ant,NestedElementHandler,4,0,4,4,60,8,0,1,0.0,0,3
ant-ANT_12,org.apache.tools.ant,DataTypeHandler,1,0,4,4,33,5,0,1,0.5,0,1
ant-ANT_12,org.apache.tools.ant,RuntimeConfigurable,4,0,9,7,69,11,0,0,0.0,6,3
ant-ANT_12,org.apache.tools.ant,Target,7,0,17,14,72,20,0,0,0.29411764705882354,7,3
ant-ANT_12,org.apache.tools.ant,Task,7,0,18,15,129,20,2,0,0.4444444444444444,11,4
ant-ANT_12,org.apache.tools.ant,TaskAdapter,1,0,3,3,36,4,0,1,0.0,1,1
ant-ANT_12,org.apache.tools.ant,UnknownElement,3,0,6,5,62,11,0,1,0.0,2,4
ant-ANT_12,org.apache.tools.ant,XmlLogger,21,0,10,8,189,31,0,1,0.3,1,4
ant-ANT_12,org.apache.tools.ant,IntrospectionHelperTest,1,1,37,37,358,38,0,0,1.0,0,2
ant-ANT_12,org.apache.tools.ant,ProjectTest,1,0,3,3,22,3,0,0,0.6666666666666666,0,1
ant-ANT_12,org.apache.tools.ant.taskdefs,Ant,6,0,9,7,136,27,0,0,0.0,1,1
ant-ANT_12,org.apache.tools.ant.taskdefs,AntStructure,3,0,6,2,78,12,0,0,0.6666666666666666,0,1
ant-ANT_12,org.apache.tools.ant.taskdefs,Available,7,0,12,9,94,24,0,0,0.0,0,2
ant-ANT_12,org.apache.tools.ant.taskdefs,CallTarget,2,0,4,4,30,5,0,0,0.0,0,1
ant-ANT_12,org.apache.tools.ant.taskdefs,Chmod,2,0,14,12,84,16,0,2,0.42857142857142855,0,0
ant-ANT_12,org.apache.tools.ant.taskdefs,CompileTask,1,0,3,3,40,5,0,2,0.6666666666666666,0,2
ant-ANT_12,org.apache.tools.ant.taskdefs,Copy,11,0,13,10,199,39,1,0,0.0,0,2
ant-ANT_12,org.apache.tools.ant.taskdefs,Copydir,6,0,7,6,64,14,0,1,0.2857142857142857,0,0
ant-ANT_12,org.apache.tools.ant.taskdefs,Copyfile,4,0,5,5,47,10,0,0,0.0,0,0
ant-ANT_12,org.apache.tools.ant.taskdefs,Cvs,9,0,11,11,156,25,0,0,0.0,0,3
ant-ANT_12,org.apache.tools.ant.taskdefs,Delete,5,0,15,13,180,32,0,1,0.0,0,2
ant-ANT_12,org.apache.tools.ant.taskdefs,Deltree,1,0,3,2,50,11,0,0,0.0,0,0
ant-ANT_12,org.apache.tools.ant.taskdefs,Echo,3,0,5,5,62,7,0,0,0.0,0,0
ant-ANT_12,org.apache.tools.ant.taskdefs,Exec,12,0,12,9,146,27,0,0,0.0,2,1
ant-ANT_12,org.apache.tools.ant.taskdefs,StreamPumper,5,0,3,3,39,6,0,0,0.0,0,1
ant-ANT_12,org.apache.tools.ant.taskdefs,ExecTask,8,0,17,10,182,28,1,0,0.0,2,2
ant-ANT_12,org.apache.tools.ant.taskdefs,Execute,13,1,28,20,346,47,0,0,0.10714285714285714,12,7
ant-ANT_12,org.apache.tools.ant.taskdefs,CommandLauncher,0,0,2,2,27,3,3,0,-1.0,5,1
ant-ANT_12,org.apache.tools.ant.taskdefs,Java11CommandLauncher,0,0,1,1,15,2,0,1,-1.0,0,2
ant-ANT_12,org.apache.tools.ant.taskdefs,Java13CommandLauncher,1,0,2,2,33,4,0,1,0.0,0,1
ant-ANT_12,org.apache.tools.ant.taskdefs,CommandLauncherProxy,1,0,2,1,15,2,3,1,0.0,0,2
ant-ANT_12,org.apache.tools.ant.taskdefs,WinNTCommandLauncher,0,0,2,1,24,3,0,2,-1.0,0,2
ant-ANT_12,org.apache.tools.ant.taskdefs,MacCommandLauncher,0,0,2,1,23,3,0,2,-1.0,0,2
ant-ANT_12,org.apache.tools.ant.taskdefs,ScriptCommandLauncher,1,0,2,1,31,5,0,2,0.0,0,2
ant-ANT_12,org.apache.tools.ant.taskdefs,ExecuteJava,3,0,4,4,54,8,0,0,0.0,1,5
ant-ANT_12,org.apache.tools.ant.taskdefs,ExecuteOn,3,0,6,4,103,18,1,1,0.3333333333333333,0,4
ant-ANT_12,org.apache.tools.ant.taskdefs,FileDirBoth,0,0,1,1,8,1,0,0,-1.0,1,0
ant-ANT_12,org.apache.tools.ant.taskdefs,ExecuteStreamHandler,0,0,5,5,29,5,2,0,-1.0,2,0
ant-ANT_12,org.apache.tools.ant.taskdefs,ExecuteWatchdog,4,0,5,5,73,11,0,0,0.0,1,0
ant-ANT_12,org.apache.tools.ant.taskdefs,Exit,1,0,2,2,18,3,0,0,0.0,0,0
ant-ANT_12,org.apache.tools.ant.taskdefs,Expand,2,0,4,3,102,14,0,1,0.0,0,1
ant-ANT_12,org.apache.tools.ant.taskdefs,Filter,3,0,5,4,41,8,0,0,0.0,0,0
ant-ANT_12,org.apache.tools.ant.taskdefs,FixCRLF,6,0,9,9,221,50,0,1,0.2222222222222222,0,3
ant-ANT_12,org.apache.tools.ant.taskdefs,AddAsisRemove,0,0,1,1,8,1,0,0,-1.0,1,0
ant-ANT_12,org.apache.tools.ant.taskdefs,GUnzip,2,0,3,3,74,13,0,0,0.0,0,0
ant-ANT_12,org.apache.tools.ant.taskdefs,GZip,2,0,5,3,65,10,0,0,0.0,0,0
ant-ANT_12,org.apache.tools.ant.taskdefs,GenerateKey,17,0,21,21,220,43,0,0,0.23809523809523808,0,3
ant-ANT_12,org.apache.tools.ant.taskdefs,DnameParam,2,0,4,4,16,4,0,0,0.5,2,0
ant-ANT_12,org.apache.tools.ant.taskdefs,DistinguishedName,3,0,4,4,43,8,0,0,0.0,1,1
ant-ANT_12,org.apache.tools.ant.taskdefs,Get,5,0,7,6,151,28,0,0,0.0,0,1
ant-ANT_12,org.apache.tools.ant.taskdefs,Jar,1,0,6,3,63,12,1,2,0.5,0,0
ant-ANT_12,org.apache.tools.ant.taskdefs,Java,4,0,20,17,188,30,0,0,0.0,2,3
ant-ANT_12,org.apache.tools.ant.taskdefs,Javac,16,0,30,19,602,105,1,1,0.0,0,3
ant-ANT_12,org.apache.tools.ant.taskdefs,JavacOutputStream,3,0,4,1,48,7,0,0,0.0,0,0
ant-ANT_12,org.apache.tools.ant.taskdefs,Javadoc,28,0,90,80,663,173,0,0,0.14444444444444443,0,10
ant-ANT_12,org.apache.tools.ant.taskdefs,DocletParam,2,0,4,4,16,4,0,0,0.5,2,0
ant-ANT_12,org.apache.tools.ant.taskdefs,DocletInfo,3,0,8,8,42,10,0,0,0.375,1,3
ant-ANT_12,org.apache.tools.ant.taskdefs,LinkArgument,3,0,7,7,25,7,0,0,0.5714285714285714,1,0
ant-ANT_12,org.apache.tools.ant.taskdefs,GroupArgument,2,0,5,5,18,5,0,0,0.6,1,0
ant-ANT_12,org.apache.tools.ant.taskdefs,JavadocOutputStream,1,0,3,0,28,8,0,1,0.6666666666666666,1,1
ant-ANT_12,org.apache.tools.ant.taskdefs,Jikes,3,0,2,0,76,6,0,0,0.0,0,2
ant-ANT_12,org.apache.tools.ant.taskdefs,JikesOutputParser,7,0,12,5,91,20,0,1,0.3333333333333333,1,0
ant-ANT_12,org.apache.tools.ant.taskdefs,KeySubst,4,0,7,7,119,14,0,0,0.0,1,1
ant-ANT_12,org.apache.tools.ant.taskdefs,LogOutputStream,4,0,7,4,62,10,1,0,0.0,0,2
ant-ANT_12,org.apache.tools.ant.taskdefs,LogStreamHandler,0,0,1,1,15,1,0,2,-1.0,0,1
ant-ANT_12,org.apache.tools.ant.taskdefs,MatchingTask,2,0,11,10,106,16,11,0,0.0,0,1
ant-ANT_12,org.apache.tools.ant.taskdefs,Mkdir,1,0,2,2,26,6,0,0,0.0,0,0
ant-ANT_12,org.apache.tools.ant.taskdefs,Move,0,0,4,1,99,23,0,1,-1.0,0,1
ant-ANT_12,org.apache.tools.ant.taskdefs,Patch,3,0,8,8,85,16,0,0,0.0,0,2
ant-ANT_12,org.apache.tools.ant.taskdefs,Property,6,0,20,14,191,43,0,0,0.0,1,1
ant-ANT_12,org.apache.tools.ant.taskdefs,PumpStreamHandler,4,0,11,8,57,11,1,1,0.2727272727272727,0,0
ant-ANT_12,org.apache.tools.ant.taskdefs,Rename,3,0,4,4,52,9,0,0,0.0,0,0
ant-ANT_12,org.apache.tools.ant.taskdefs,Replace,5,0,11,9,155,27,0,1,0.18181818181818182,0,1
ant-ANT_12,org.apache.tools.ant.taskdefs,NestedString,1,0,2,2,9,2,0,0,0.0,1,0
ant-ANT_12,org.apache.tools.ant.taskdefs,Rmic,8,0,15,10,252,55,0,1,0.0,0,4
ant-ANT_12,org.apache.tools.ant.taskdefs,SQLExec,22,0,26,21,451,69,0,0,0.07692307692307693,0,4
ant-ANT_12,org.apache.tools.ant.taskdefs,OnError,0,0,1,1,8,1,0,0,-1.0,1,0
ant-ANT_12,org.apache.tools.ant.taskdefs,Transaction,2,0,3,2,23,5,0,0,0.0,1,1
ant-ANT_12,org.apache.tools.ant.taskdefs,SendEmail,6,0,8,8,126,19,0,0,0.25,0,1
ant-ANT_12,org.apache.tools.ant.taskdefs,SignJar,11,0,12,12,126,25,0,0,0.0,0,1
ant-ANT_12,org.apache.tools.ant.taskdefs,StreamPumper,4,0,2,2,38,3,0,0,0.0,0,0
ant-ANT_12,org.apache.tools.ant.taskdefs,Tar,2,0,4,3,77,10,0,1,0.0,0,0
ant-ANT_12,org.apache.tools.ant.taskdefs,TaskOutputStream,3,0,3,1,40,5,0,0,0.0,0,0
ant-ANT_12,org.apache.tools.ant.taskdefs,Taskdef,3,0,7,7,68,12,0,0,0.0,1,1
ant-ANT_12,org.apache.tools.ant.taskdefs,Touch,5,0,5,4,101,13,0,0,0.0,3,0
ant-ANT_12,org.apache.tools.ant.taskdefs,Tstamp,0,0,1,1,21,1,0,0,-1.0,0,0
ant-ANT_12,org.apache.tools.ant.taskdefs,Untar,2,0,3,3,89,11,0,0,0.0,0,1
ant-ANT_12,org.apache.tools.ant.taskdefs,UpToDate,3,0,5,4,63,12,0,1,0.6,0,1
ant-ANT_12,org.apache.tools.ant.taskdefs,War,4,0,11,6,89,16,0,3,0.36363636363636365,0,1
ant-ANT_12,org.apache.tools.ant.taskdefs,XSLTLiaison,0,0,2,2,8,2,0,0,-1.0,1,0
ant-ANT_12,org.apache.tools.ant.taskdefs,XSLTProcess,5,0,9,7,140,21,0,1,0.2222222222222222,0,1
ant-ANT_12,org.apache.tools.ant.taskdefs,Zip,8,0,14,6,255,45,1,1,0.0,1,3
ant-ANT_12,org.apache.tools.ant.taskdefs,AntStructureTest,0,0,3,3,14,3,0,1,-1.0,0,0
ant-ANT_12,org.apache.tools.ant.taskdefs,AntTest,0,0,8,8,29,8,0,1,-1.0,0,0
ant-ANT_12,org.apache.tools.ant.taskdefs,AvailableTest,0,0,16,16,65,16,0,1,-1.0,0,0
ant-ANT_12,org.apache.tools.ant.taskdefs,CopydirTest,0,0,8,8,33,9,0,1,-1.0,0,0
ant-ANT_12,org.apache.tools.ant.taskdefs,CopyfileTest,0,0,7,7,33,8,0,1,-1.0,0,0
ant-ANT_12,org.apache.tools.ant.taskdefs,DeleteTest,0,0,5,5,20,5,0,1,-1.0,0,0
ant-ANT_12,org.apache.tools.ant.taskdefs,DeltreeTest,0,0,4,4,17,4,0,1,-1.0,0,0
ant-ANT_12,org.apache.tools.ant.taskdefs,EchoTest,0,0,5,5,20,5,0,1,-1.0,0,0
ant-ANT_12,org.apache.tools.ant.taskdefs,FailTest,0,0,4,4,17,4,0,1,-1.0,0,0
ant-ANT_12,org.apache.tools.ant.taskdefs,FilterTest,1,0,11,10,65,12,0,1,0.5454545454545454,0,0
ant-ANT_12,org.apache.tools.ant.taskdefs,GUnzipTest,0,0,5,5,29,7,0,1,-1.0,0,0
ant-ANT_12,org.apache.tools.ant.taskdefs,GetTest,0,0,8,8,36,9,0,1,-1.0,0,0
ant-ANT_12,org.apache.tools.ant.taskdefs,GzipTest,0,0,7,7,30,8,0,1,-1.0,0,0
ant-ANT_12,org.apache.tools.ant.taskdefs,MkdirTest,0,0,5,5,29,6,0,1,-1.0,0,0
ant-ANT_12,org.apache.tools.ant.taskdefs,RenameTest,0,0,6,6,23,6,0,1,-1.0,0,0
ant-ANT_12,org.apache.tools.ant.taskdefs,ReplaceTest,0,0,7,7,26,7,0,1,-1.0,0,0
ant-ANT_12,org.apache.tools.ant.taskdefs,TarTest,0,0,5,5,20,5,0,1,-1.0,0,0
ant-ANT_12,org.apache.tools.ant.taskdefs,TaskdefTest,0,0,7,7,26,7,0,1,-1.0,0,0
ant-ANT_12,org.apache.tools.ant.taskdefs,TaskdefsTest,4,0,16,9,131,21,20,0,0.5,0,0
ant-ANT_12,org.apache.tools.ant.taskdefs,AntOutputStream,0,0,1,1,5,1,0,0,-1.0,0,0
ant-ANT_12,org.apache.tools.ant.taskdefs,AntTestListener,0,0,7,7,47,8,0,0,-1.0,0,0
ant-ANT_12,org.apache.tools.ant.taskdefs,UnzipTest,0,0,5,5,20,5,0,1,-1.0,0,0
ant-ANT_12,org.apache.tools.ant.taskdefs,ZipTest,0,0,4,4,17,4,0,1,-1.0,0,0
ant-ANT_12,org.apache.tools.ant.taskdefs.optional,Cab,10,0,15,7,188,33,0,0,0.0,0,2
ant-ANT_12,org.apache.tools.ant.taskdefs.optional,FTP,21,0,27,16,482,88,0,0,0.0,0,2
ant-ANT_12,org.apache.tools.ant.taskdefs.optional,FTPDirectoryScanner,1,0,3,2,85,17,0,0,0.0,0,0
ant-ANT_12,org.apache.tools.ant.taskdefs.optional,Native2Ascii,5,0,7,6,108,19,0,0,0.0,0,3
ant-ANT_12,org.apache.tools.ant.taskdefs.optional,NetRexxC,33,0,37,31,394,55,0,0,0.05405405405405406,0,2
ant-ANT_12,org.apache.tools.ant.taskdefs.optional,RenameExtensions,4,0,7,6,79,14,0,0,0.2857142857142857,0,2
ant-ANT_12,org.apache.tools.ant.taskdefs.optional,Script,3,0,5,4,85,12,0,0,0.0,0,0
ant-ANT_12,org.apache.tools.ant.taskdefs.optional,XalanLiaison,3,0,4,3,24,5,0,0,0.0,0,0
ant-ANT_12,org.apache.tools.ant.taskdefs.optional,XslpLiaison,2,0,3,3,18,3,0,0,0.0,0,0
ant-ANT_12,org.apache.tools.ant.taskdefs.optional.ejb,DDCreator,3,0,4,4,67,8,0,0,0.0,0,1
ant-ANT_12,org.apache.tools.ant.taskdefs.optional.ejb,DDCreatorHelper,3,0,3,1,65,7,0,0,0.0,1,1
ant-ANT_12,org.apache.tools.ant.taskdefs.optional.ejb,DescriptorHandler,10,0,10,9,109,15,0,0,0.2,3,0
ant-ANT_12,org.apache.tools.ant.taskdefs.optional.ejb,EJBDeploymentTool,0,0,4,4,20,4,1,0,-1.0,1,1
ant-ANT_12,org.apache.tools.ant.taskdefs.optional.ejb,EjbJar,8,0,11,11,156,17,0,0,0.18181818181818182,0,6
ant-ANT_12,org.apache.tools.ant.taskdefs.optional.ejb,Ejbc,5,0,6,6,95,11,0,0,0.0,0,1
ant-ANT_12,org.apache.tools.ant.taskdefs.optional.ejb,EjbcHelper,6,0,5,1,145,16,0,0,0.0,1,1
ant-ANT_12,org.apache.tools.ant.taskdefs.optional.ejb,GenericDeploymentTool,10,0,18,6,259,31,1,1,0.0,1,4
ant-ANT_12,org.apache.tools.ant.taskdefs.optional.ejb,InnerClassFilenameFilter,1,0,2,1,16,4,0,0,0.0,1,0
ant-ANT_12,org.apache.tools.ant.taskdefs.optional.ejb,WLRun,10,0,10,10,137,17,0,0,0.0,0,1
ant-ANT_12,org.apache.tools.ant.taskdefs.optional.ejb,WLStop,5,0,6,6,81,8,0,0,0.0,0,0
ant-ANT_12,org.apache.tools.ant.taskdefs.optional.ejb,WeblogicDeploymentTool,11,0,13,8,157,21,1,2,0.38461538461538464,1,5
ant-ANT_12,org.apache.tools.ant.taskdefs.optional.ejb,WeblogicTOPLinkDeploymentTool,3,0,5,3,48,8,0,3,0.4,1,1
ant-ANT_12,org.apache.tools.ant.taskdefs.optional.javacc,JJTree,16,0,16,16,111,23,0,0,0.0,0,5
ant-ANT_12,org.apache.tools.ant.taskdefs.optional.javacc,JavaCC,25,0,26,25,159,35,0,0,0.0,0,5
ant-ANT_12,org.apache.tools.ant.taskdefs.optional.jlink,ConstantPool,14,0,1,0,50,14,0,0,0.0,0,0
ant-ANT_12,org.apache.tools.ant.taskdefs.optional.jlink,ClassNameReader,0,0,1,1,20,2,0,0,-1.0,1,0
ant-ANT_12,org.apache.tools.ant.taskdefs.optional.jlink,JlinkTask,5,0,10,7,108,20,0,0,0.0,0,2
ant-ANT_12,org.apache.tools.ant.taskdefs.optional.jlink,jlink,5,0,16,8,260,47,0,0,0.0,2,2
ant-ANT_12,org.apache.tools.ant.taskdefs.optional.jsp,WLJspc,6,0,8,6,163,24,0,0,0.0,0,4
ant-ANT_12,org.apache.tools.ant.taskdefs.optional.junit,BaseTest,6,0,9,9,39,9,2,0,0.6666666666666666,0,1
ant-ANT_12,org.apache.tools.ant.taskdefs.optional.junit,BatchTest,4,0,7,6,65,14,0,1,0.42857142857142855,1,4
ant-ANT_12,org.apache.tools.ant.taskdefs.optional.junit,FileList,2,0,4,3,47,11,0,0,0.0,0,3
ant-ANT_12,org.apache.tools.ant.taskdefs.optional.junit,FormatterElement,5,0,11,8,89,15,0,0,0.18181818181818182,4,2
ant-ANT_12,org.apache.tools.ant.taskdefs.optional.junit,TypeAttribute,0,0,1,1,8,1,0,0,-1.0,1,0
ant-ANT_12,org.apache.tools.ant.taskdefs.optional.junit,JUnitResultFormatter,0,0,3,3,18,3,3,0,-1.0,2,1
ant-ANT_12,org.apache.tools.ant.taskdefs.optional.junit,JUnitTask,9,0,20,17,222,46,0,0,0.1,0,9
ant-ANT_12,org.apache.tools.ant.taskdefs.optional.junit,JUnitTest,6,0,15,15,69,18,0,1,0.4666666666666667,8,2
ant-ANT_12,org.apache.tools.ant.taskdefs.optional.junit,JUnitTestRunner,12,3,14,10,213,32,0,0,0.21428571428571427,2,5
ant-ANT_12,org.apache.tools.ant.taskdefs.optional.junit,PlainJUnitResultFormatter,6,0,9,8,118,13,0,1,0.2222222222222222,0,1
ant-ANT_12,org.apache.tools.ant.taskdefs.optional.junit,SummaryJUnitResultFormatter,2,0,8,8,78,9,0,1,0.875,1,1
ant-ANT_12,org.apache.tools.ant.taskdefs.optional.junit,XMLJUnitResultFormatter,6,0,12,8,204,32,0,1,0.16666666666666666,1,2
ant-ANT_12,org.apache.tools.ant.taskdefs.optional.metamata,MParse,6,0,7,7,94,17,0,0,0.0,0,4
ant-ANT_12,org.apache.tools.ant.taskdefs.optional.perforce,P4sync,9,0,13,12,118,28,0,0,0.0,0,0
ant-ANT_12,org.apache.tools.ant.taskdefs.optional.scm,AntStarTeamCheckOut,22,6,41,31,791,118,0,0,0.04878048780487805,1,1
ant-ANT_12,org.apache.tools.ant.taskdefs.optional.vss,MSVSS,19,15,7,6,129,10,1,0,0.5714285714285714,0,2
ant-ANT_12,org.apache.tools.ant.taskdefs.optional.vss,MSVSSGET,6,0,11,11,145,24,0,1,0.0,0,2
ant-ANT_12,org.apache.tools.ant.types,Commandline,3,0,21,21,228,46,0,0,0.09523809523809523,17,3
ant-ANT_12,org.apache.tools.ant.types,Argument,1,0,5,5,40,5,0,0,0.0,1,2
ant-ANT_12,org.apache.tools.ant.types,CommandlineJava,6,0,26,26,153,35,0,0,0.19230769230769232,7,6
ant-ANT_12,org.apache.tools.ant.types,SysProperties,1,0,5,5,50,9,0,1,0.8,2,2
ant-ANT_12,org.apache.tools.ant.types,DataType,3,0,8,4,81,11,3,0,0.5,0,2
ant-ANT_12,org.apache.tools.ant.types,EnumeratedAttribute,1,0,5,5,44,9,2,0,0.4,2,0
ant-ANT_12,org.apache.tools.ant.types,Environment,3,0,11,11,55,14,1,0,0.2727272727272727,2,2
ant-ANT_12,org.apache.tools.ant.types,Variable,2,0,8,8,32,9,0,0,0.25,1,1
ant-ANT_12,org.apache.tools.ant.types,FileSet,4,0,15,14,169,36,0,1,0.13333333333333333,5,5
ant-ANT_12,org.apache.tools.ant.types,Path,4,1,23,19,278,58,0,1,0.0,21,7
ant-ANT_12,org.apache.tools.ant.types,PathElement,1,0,3,3,15,3,0,0,0.0,1,1
ant-ANT_12,org.apache.tools.ant.types,PatternSet,5,0,22,16,244,51,0,1,0.18181818181818182,4,4
ant-ANT_12,org.apache.tools.ant.types,NameEntry,3,0,6,5,32,8,0,0,0.0,1,1
ant-ANT_12,org.apache.tools.ant.types,Reference,1,0,5,5,30,7,0,0,0.4,8,1
ant-ANT_12,org.apache.tools.ant.types,CommandlineJavaTest,1,0,3,3,37,3,0,0,0.6666666666666666,0,2
ant-ANT_12,org.apache.tools.ant.types,CommandlineTest,0,0,3,3,63,4,0,0,-1.0,0,1
ant-ANT_12,org.apache.tools.ant.types,EnumeratedAttributeTest,1,0,5,5,55,7,0,0,0.6,0,1
ant-ANT_12,org.apache.tools.ant.types,TestNormal,0,0,1,1,5,1,0,1,-1.0,0,0
ant-ANT_12,org.apache.tools.ant.types,TestNull,0,0,1,1,5,1,0,1,-1.0,0,0
ant-ANT_12,org.apache.tools.ant.types,FileSetTest,1,0,4,4,154,4,0,0,0.5,0,2
ant-ANT_12,org.apache.tools.ant.types,PathTest,2,1,9,9,232,16,0,0,0.2222222222222222,0,2
ant-ANT_12,org.apache.tools.ant.types,PatternSetTest,1,0,4,4,129,4,0,0,0.75,0,2
ant-ANT_12,org.apache.tools.mail,MailMessage,8,0,27,10,217,45,0,0,0.07407407407407407,2,1
ant-ANT_12,org.apache.tools.mail,MailPrintStream,1,0,5,3,34,9,0,0,0.4,0,0
ant-ANT_12,org.apache.tools.tar,TarBuffer,11,2,21,17,260,56,0,0,0.0,3,1
ant-ANT_12,org.apache.tools.tar,TarConstants,22,22,0,0,95,0,1,0,-1.0,0,0
ant-ANT_12,org.apache.tools.tar,TarEntry,15,0,28,27,399,44,0,1,0.0,3,2
ant-ANT_12,org.apache.tools.tar,TarInputStream,8,0,16,16,228,39,0,0,0.375,0,2
ant-ANT_12,org.apache.tools.tar,TarOutputStream,8,0,14,13,160,24,0,0,0.21428571428571427,0,2
ant-ANT_12,org.apache.tools.tar,TarUtils,0,0,7,7,137,20,0,0,-1.0,2,1
