Project Name,Package Name,Type Name,Code Smell
ant-ANT_13_B2,(default package),Bootstrap2,Unutilized Abstraction
ant-ANT_13_B2,(default package),ant,Unutilized Abstraction
ant-ANT_13_B2,org.apache.ant.buildtarget,BuildTargetTask,Unutilized Abstraction
ant-ANT_13_B2,org.apache.ant.echo,EchoTask,Unutilized Abstraction
ant-ANT_13_B2,org.apache.ant,AbstractTask,Unutilized Abstraction
ant-ANT_13_B2,org.apache.ant,AntException,Cyclic-Dependent Modularization
ant-ANT_13_B2,org.apache.ant,AntFrontEnd,Deficient Encapsulation
ant-ANT_13_B2,org.apache.ant,AntFrontEnd,Cyclic-Dependent Modularization
ant-ANT_13_B2,org.apache.ant,Project,Cyclic-Dependent Modularization
ant-ANT_13_B2,org.apache.ant,Project,Insufficient Modularization
ant-ANT_13_B2,org.apache.ant,BuilderHandlerBase,Unutilized Abstraction
ant-ANT_13_B2,org.apache.ant,TaskManager,Cyclic-Dependent Modularization
ant-ANT_13_B2,org.apache.ant,AntException,Unutilized Abstraction
ant-ANT_13_B2,org.apache.ant,AntContextResources,Unutilized Abstraction
ant-ANT_13_B2,org.apache.ant,AntContextResources,Broken Modularization
ant-ANT_13_B2,org.apache.ant,AntException,Unutilized Abstraction
ant-ANT_13_B2,org.apache.ant,Constants,Unnecessary Abstraction
ant-ANT_13_B2,org.apache.ant,DefaultAntEngine,Unutilized Abstraction
ant-ANT_13_B2,org.apache.ant,Main,Deficient Encapsulation
ant-ANT_13_B2,org.apache.ant.cli,Main,Unutilized Abstraction
ant-ANT_13_B2,org.apache.tools.ant,AntException,Unutilized Abstraction
ant-ANT_13_B2,org.apache.tools.ant,AntSecurityManager,Unutilized Abstraction
ant-ANT_13_B2,org.apache.tools.ant,BuildEvent,Deficient Encapsulation
ant-ANT_13_B2,org.apache.tools.ant,BuildEvent,Cyclic-Dependent Modularization
ant-ANT_13_B2,org.apache.tools.ant,BuildListener,Cyclic-Dependent Modularization
ant-ANT_13_B2,org.apache.tools.ant,ExitException,Unutilized Abstraction
ant-ANT_13_B2,org.apache.tools.ant,Import,Cyclic-Dependent Modularization
ant-ANT_13_B2,org.apache.tools.ant,Importer,Cyclic-Dependent Modularization
ant-ANT_13_B2,org.apache.tools.ant,Load,Unutilized Abstraction
ant-ANT_13_B2,org.apache.tools.ant,Project,Cyclic-Dependent Modularization
ant-ANT_13_B2,org.apache.tools.ant,Target,Cyclic-Dependent Modularization
ant-ANT_13_B2,org.apache.tools.ant,Task,Cyclic-Dependent Modularization
ant-ANT_13_B2,org.apache.tools.ant,TaskData,Cyclic-Dependent Modularization
ant-ANT_13_B2,org.apache.tools.ant,TaskProxy,Cyclic-Dependent Modularization
ant-ANT_13_B2,org.apache.tools.ant,Workspace,Deficient Encapsulation
ant-ANT_13_B2,org.apache.tools.ant,Workspace,Cyclic-Dependent Modularization
ant-ANT_13_B2,org.apache.tools.ant,Workspace,Insufficient Modularization
ant-ANT_13_B2,org.apache.tools.ant,BuildEvent,Unutilized Abstraction
ant-ANT_13_B2,org.apache.tools.ant,BuildException,Unutilized Abstraction
ant-ANT_13_B2,org.apache.tools.ant,BuildListener,Unutilized Abstraction
ant-ANT_13_B2,org.apache.tools.ant,BuildLogger,Broken Hierarchy
ant-ANT_13_B2,org.apache.tools.ant,Constants,Unnecessary Abstraction
ant-ANT_13_B2,org.apache.tools.ant,Constants,Unutilized Abstraction
ant-ANT_13_B2,org.apache.tools.ant,DesirableFilter,Unutilized Abstraction
ant-ANT_13_B2,org.apache.tools.ant,DirectoryScanner,Insufficient Modularization
ant-ANT_13_B2,org.apache.tools.ant,IntrospectionHelper,Insufficient Modularization
ant-ANT_13_B2,org.apache.tools.ant,Location,Deficient Encapsulation
ant-ANT_13_B2,org.apache.tools.ant,Main,Deficient Encapsulation
ant-ANT_13_B2,org.apache.tools.ant,NoBannerLogger,Unutilized Abstraction
ant-ANT_13_B2,org.apache.tools.ant,Project,Unutilized Abstraction
ant-ANT_13_B2,org.apache.tools.ant,Project,Deficient Encapsulation
ant-ANT_13_B2,org.apache.tools.ant,Project,Insufficient Modularization
ant-ANT_13_B2,org.apache.tools.ant,ProjectHelper,Cyclic-Dependent Modularization
ant-ANT_13_B2,org.apache.tools.ant,ProjectHelper,Insufficient Modularization
ant-ANT_13_B2,org.apache.tools.ant,AbstractHandler,Unutilized Abstraction
ant-ANT_13_B2,org.apache.tools.ant,RootHandler,Unutilized Abstraction
ant-ANT_13_B2,org.apache.tools.ant,ProjectHandler,Unutilized Abstraction
ant-ANT_13_B2,org.apache.tools.ant,TargetHandler,Unutilized Abstraction
ant-ANT_13_B2,org.apache.tools.ant,TaskHandler,Unutilized Abstraction
ant-ANT_13_B2,org.apache.tools.ant,NestedElementHandler,Unutilized Abstraction
ant-ANT_13_B2,org.apache.tools.ant,DataTypeHandler,Unutilized Abstraction
ant-ANT_13_B2,org.apache.tools.ant,RuntimeConfigurable,Cyclic-Dependent Modularization
ant-ANT_13_B2,org.apache.tools.ant,Target,Unutilized Abstraction
ant-ANT_13_B2,org.apache.tools.ant,Task,Unutilized Abstraction
ant-ANT_13_B2,org.apache.tools.ant,XmlLogger,Unutilized Abstraction
ant-ANT_13_B2,org.apache.tools.ant,IntrospectionHelperTest,Unutilized Abstraction
ant-ANT_13_B2,org.apache.tools.ant,IntrospectionHelperTest,Deficient Encapsulation
ant-ANT_13_B2,org.apache.tools.ant,IntrospectionHelperTest,Insufficient Modularization
ant-ANT_13_B2,org.apache.tools.ant,ProjectTest,Unutilized Abstraction
ant-ANT_13_B2,org.apache.tools.ant.cmdline,DefaultLogger,Unutilized Abstraction
ant-ANT_13_B2,org.apache.tools.ant.tasks,Copy,Unutilized Abstraction
ant-ANT_13_B2,org.apache.tools.ant.tasks,Echo,Unutilized Abstraction
ant-ANT_13_B2,org.apache.tools.ant.tasks,Jar,Unutilized Abstraction
ant-ANT_13_B2,org.apache.tools.ant.tasks,Javac,Unutilized Abstraction
ant-ANT_13_B2,org.apache.tools.ant.tasks,JavacLoader,Unutilized Abstraction
ant-ANT_13_B2,org.apache.tools.ant.tasks,SetVariable,Unutilized Abstraction
ant-ANT_13_B2,org.apache.tools.ant.xml,ProjectHandler,Insufficient Modularization
ant-ANT_13_B2,org.apache.tools.ant.xml,RootHandler,Unutilized Abstraction
ant-ANT_13_B2,org.apache.tools.ant.xml,ProjectElemHandler,Unutilized Abstraction
ant-ANT_13_B2,org.apache.tools.ant.xml,TargetElemHandler,Unutilized Abstraction
ant-ANT_13_B2,org.apache.tools.ant.xml,ImportElemHandler,Unutilized Abstraction
ant-ANT_13_B2,org.apache.tools.ant.xml,TaskElemHandler,Unutilized Abstraction
ant-ANT_13_B2,org.apache.tools.ant.xml,XmlExporter,Unutilized Abstraction
ant-ANT_13_B2,org.apache.ant.engine,AntEngineListener,Cyclic-Dependent Modularization
ant-ANT_13_B2,org.apache.ant.engine,AntEvent,Cyclic-Dependent Modularization
ant-ANT_13_B2,org.apache.ant.engine,DefaultEngineListener,Unutilized Abstraction
ant-ANT_13_B2,org.apache.ant.engine,TaskEngine,Cyclic-Dependent Modularization
ant-ANT_13_B2,org.apache.ant.tasks,BaseTask,Unutilized Abstraction
ant-ANT_13_B2,org.apache.ant.tasks,Task,Deficient Encapsulation
ant-ANT_13_B2,org.apache.ant.tasks,Task,Cyclic-Dependent Modularization
ant-ANT_13_B2,org.apache.ant.tasks.build,Project,Unutilized Abstraction
ant-ANT_13_B2,org.apache.ant.tasks.build,Target,Unutilized Abstraction
ant-ANT_13_B2,org.apache.ant.configuration,Configurable,Unutilized Abstraction
ant-ANT_13_B2,org.apache.ant.configuration,DefaultConfiguration,Unutilized Abstraction
ant-ANT_13_B2,org.apache.ant.configuration,DefaultConfigurer,Unutilized Abstraction
ant-ANT_13_B2,org.apache.ant.configuration,SAXConfigurationHandler,Unutilized Abstraction
ant-ANT_13_B2,org.apache.ant.convert,AbstractConverter,Unutilized Abstraction
ant-ANT_13_B2,org.apache.ant.convert,ConverterException,Unutilized Abstraction
ant-ANT_13_B2,org.apache.ant.convert,DefaultConverterEngine,Unutilized Abstraction
ant-ANT_13_B2,org.apache.ant.convert,DefaultConverterRegistry,Unutilized Abstraction
ant-ANT_13_B2,org.apache.ant.convert.core,StringToByteConverter,Unutilized Abstraction
ant-ANT_13_B2,org.apache.ant.convert.core,StringToClassConverter,Unutilized Abstraction
ant-ANT_13_B2,org.apache.ant.convert.core,StringToDoubleConverter,Unutilized Abstraction
ant-ANT_13_B2,org.apache.ant.convert.core,StringToFileConverter,Unutilized Abstraction
ant-ANT_13_B2,org.apache.ant.convert.core,StringToFloatConverter,Unutilized Abstraction
ant-ANT_13_B2,org.apache.ant.convert.core,StringToIntegerConverter,Unutilized Abstraction
ant-ANT_13_B2,org.apache.ant.convert.core,StringToLongConverter,Unutilized Abstraction
ant-ANT_13_B2,org.apache.ant.convert.core,StringToShortConverter,Unutilized Abstraction
ant-ANT_13_B2,org.apache.ant.convert.core,StringToURLConverter,Unutilized Abstraction
ant-ANT_13_B2,org.apache.ant.datatypes,DataType,Unnecessary Abstraction
ant-ANT_13_B2,org.apache.ant.datatypes,DefaultDataTypeEngine,Unutilized Abstraction
ant-ANT_13_B2,org.apache.ant.datatypes,Pattern,Unutilized Abstraction
ant-ANT_13_B2,org.apache.ant.datatypes,Pattern,Broken Hierarchy
ant-ANT_13_B2,org.apache.ant.project,DefaultProjectBuilder,Unutilized Abstraction
ant-ANT_13_B2,org.apache.ant.project,DefaultProjectEngine,Unutilized Abstraction
ant-ANT_13_B2,org.apache.ant.project,DefaultProjectListener,Unutilized Abstraction
ant-ANT_13_B2,org.apache.ant.project,LogTargetToListenerAdapter,Unutilized Abstraction
ant-ANT_13_B2,org.apache.ant.project,ProjectBuilder,Unutilized Abstraction
ant-ANT_13_B2,org.apache.ant.tasklet,AbstractTasklet,Unutilized Abstraction
ant-ANT_13_B2,org.apache.ant.tasklet,AbstractTasklet,Broken Hierarchy
ant-ANT_13_B2,org.apache.ant.tasklet,JavaVersion,Deficient Encapsulation
ant-ANT_13_B2,org.apache.ant.tasklet,Tasklet,Unnecessary Abstraction
ant-ANT_13_B2,org.apache.ant.tasklet.engine,DefaultTaskletEngine,Unutilized Abstraction
ant-ANT_13_B2,org.apache.ant.tasklet.engine,DefaultTskDeployer,Unutilized Abstraction
ant-ANT_13_B2,org.apache.ant.tasks.core,AbstractResourceRegisterer,Unutilized Abstraction
ant-ANT_13_B2,org.apache.ant.tasks.core,AntCall,Unutilized Abstraction
ant-ANT_13_B2,org.apache.ant.tasks.core,ConfigurationTest,Unutilized Abstraction
ant-ANT_13_B2,org.apache.ant.tasks.core,ContentTest,Unutilized Abstraction
ant-ANT_13_B2,org.apache.ant.tasks.core,Echo,Unutilized Abstraction
ant-ANT_13_B2,org.apache.ant.tasks.core,PrimitiveTypesTest,Unutilized Abstraction
ant-ANT_13_B2,org.apache.ant.tasks.core,RegisterConverter,Unutilized Abstraction
ant-ANT_13_B2,org.apache.ant.tasks.core,RegisterDataType,Unutilized Abstraction
ant-ANT_13_B2,org.apache.ant.tasks.core,RegisterTasklet,Unutilized Abstraction
ant-ANT_13_B2,org.apache.ant.tasks.core,RegisterTasklib,Unutilized Abstraction
ant-ANT_13_B2,org.apache.ant.tasks.core,SubElementTest,Unutilized Abstraction
ant-ANT_13_B2,org.apache.tools.ant.gui,ActionHandler,Unutilized Abstraction
ant-ANT_13_B2,org.apache.tools.ant.gui,Main,Unutilized Abstraction
ant-ANT_13_B2,org.apache.tools.ant.gui.acs,ACSBeanDescriptor,Unutilized Abstraction
ant-ANT_13_B2,org.apache.tools.ant.gui.acs,ACSDefaultElement,Unutilized Abstraction
ant-ANT_13_B2,org.apache.tools.ant.gui.acs,ACSDefaultElement,Broken Hierarchy
ant-ANT_13_B2,org.apache.tools.ant.gui.acs,ACSElement,Deficient Encapsulation
ant-ANT_13_B2,org.apache.tools.ant.gui.acs,ACSNamedElement,Unutilized Abstraction
ant-ANT_13_B2,org.apache.tools.ant.gui.acs,ACSNamedElement,Deficient Encapsulation
ant-ANT_13_B2,org.apache.tools.ant.gui.acs,ACSNamedElement,Broken Hierarchy
ant-ANT_13_B2,org.apache.tools.ant.gui.acs,ACSProjectElement,Unutilized Abstraction
ant-ANT_13_B2,org.apache.tools.ant.gui.acs,ACSProjectElement,Deficient Encapsulation
ant-ANT_13_B2,org.apache.tools.ant.gui.acs,ACSProjectElement,Broken Hierarchy
ant-ANT_13_B2,org.apache.tools.ant.gui.acs,ACSProjectElementBeanInfo,Unutilized Abstraction
ant-ANT_13_B2,org.apache.tools.ant.gui.acs,Customizer,Unutilized Abstraction
ant-ANT_13_B2,org.apache.tools.ant.gui.acs,ACSPropertyElement,Unutilized Abstraction
ant-ANT_13_B2,org.apache.tools.ant.gui.acs,ACSPropertyElement,Deficient Encapsulation
ant-ANT_13_B2,org.apache.tools.ant.gui.acs,ACSPropertyElement,Broken Hierarchy
ant-ANT_13_B2,org.apache.tools.ant.gui.acs,ACSPropertyElementBeanInfo,Unutilized Abstraction
ant-ANT_13_B2,org.apache.tools.ant.gui.acs,Customizer,Unutilized Abstraction
ant-ANT_13_B2,org.apache.tools.ant.gui.acs,ACSTargetElement,Unutilized Abstraction
ant-ANT_13_B2,org.apache.tools.ant.gui.acs,ACSTargetElement,Deficient Encapsulation
ant-ANT_13_B2,org.apache.tools.ant.gui.acs,ACSTargetElement,Broken Hierarchy
ant-ANT_13_B2,org.apache.tools.ant.gui.acs,ACSTargetElementBeanInfo,Unutilized Abstraction
ant-ANT_13_B2,org.apache.tools.ant.gui.acs,Customizer,Unutilized Abstraction
ant-ANT_13_B2,org.apache.tools.ant.gui.acs,ACSTaskElement,Unutilized Abstraction
ant-ANT_13_B2,org.apache.tools.ant.gui.acs,ACSTaskElement,Deficient Encapsulation
ant-ANT_13_B2,org.apache.tools.ant.gui.acs,ACSTaskElement,Broken Hierarchy
ant-ANT_13_B2,org.apache.tools.ant.gui.acs,ACSTaskElementBeanInfo,Unutilized Abstraction
ant-ANT_13_B2,org.apache.tools.ant.gui.acs,Customizer,Unutilized Abstraction
ant-ANT_13_B2,org.apache.tools.ant.gui.acs,ACSTreeNodeElement,Unnecessary Abstraction
ant-ANT_13_B2,org.apache.tools.ant.gui.acs,ACSTreeNodeElement,Unutilized Abstraction
ant-ANT_13_B2,org.apache.tools.ant.gui.acs,BaseBeanInfo,Deficient Encapsulation
ant-ANT_13_B2,org.apache.tools.ant.gui.acs,ElementTreeModel,Unutilized Abstraction
ant-ANT_13_B2,org.apache.tools.ant.gui.acs,ElementTreeSelectionModel,Unutilized Abstraction
ant-ANT_13_B2,org.apache.tools.ant.gui.command,AboutCmd,Unutilized Abstraction
ant-ANT_13_B2,org.apache.tools.ant.gui.command,AbstractCommand,Unutilized Abstraction
ant-ANT_13_B2,org.apache.tools.ant.gui.command,AbstractCommand,Rebellious Hierarchy
ant-ANT_13_B2,org.apache.tools.ant.gui.command,AbstractCommand,Wide Hierarchy
ant-ANT_13_B2,org.apache.tools.ant.gui.command,BuildCmd,Unutilized Abstraction
ant-ANT_13_B2,org.apache.tools.ant.gui.command,ChangeLookAndFeelCmd,Unutilized Abstraction
ant-ANT_13_B2,org.apache.tools.ant.gui.command,CloseCmd,Unutilized Abstraction
ant-ANT_13_B2,org.apache.tools.ant.gui.command,DisplayErrorCmd,Unutilized Abstraction
ant-ANT_13_B2,org.apache.tools.ant.gui.command,MsgPanel,Unutilized Abstraction
ant-ANT_13_B2,org.apache.tools.ant.gui.command,EmacsNotifyCmd,Unutilized Abstraction
ant-ANT_13_B2,org.apache.tools.ant.gui.command,ExitCmd,Unutilized Abstraction
ant-ANT_13_B2,org.apache.tools.ant.gui.command,LoadFileCmd,Unutilized Abstraction
ant-ANT_13_B2,org.apache.tools.ant.gui.command,NewProjectCmd,Unutilized Abstraction
ant-ANT_13_B2,org.apache.tools.ant.gui.command,NewPropertyCmd,Unutilized Abstraction
ant-ANT_13_B2,org.apache.tools.ant.gui.command,NewTargetCmd,Unutilized Abstraction
ant-ANT_13_B2,org.apache.tools.ant.gui.command,NewTaskCmd,Unutilized Abstraction
ant-ANT_13_B2,org.apache.tools.ant.gui.command,NoOpCmd,Unutilized Abstraction
ant-ANT_13_B2,org.apache.tools.ant.gui.command,OpenCmd,Unutilized Abstraction
ant-ANT_13_B2,org.apache.tools.ant.gui.command,SaveAsCmd,Unutilized Abstraction
ant-ANT_13_B2,org.apache.tools.ant.gui.command,SaveCmd,Unutilized Abstraction
ant-ANT_13_B2,org.apache.tools.ant.gui.command,SaveCmd,Broken Hierarchy
ant-ANT_13_B2,org.apache.tools.ant.gui.core,ActionManager,Cyclic-Dependent Modularization
ant-ANT_13_B2,org.apache.tools.ant.gui.core,Enabler,Unutilized Abstraction
ant-ANT_13_B2,org.apache.tools.ant.gui.core,AntAction,Deficient Encapsulation
ant-ANT_13_B2,org.apache.tools.ant.gui.core,AntModule,Unutilized Abstraction
ant-ANT_13_B2,org.apache.tools.ant.gui.core,AppContext,Cyclic-Dependent Modularization
ant-ANT_13_B2,org.apache.tools.ant.gui.core,BuildEventForwarder,Cyclic-Dependent Modularization
ant-ANT_13_B2,org.apache.tools.ant.gui.core,EventDebugMonitor,Unutilized Abstraction
ant-ANT_13_B2,org.apache.tools.ant.gui.core,Filter,Unutilized Abstraction
ant-ANT_13_B2,org.apache.tools.ant.gui.core,EventResponder,Unutilized Abstraction
ant-ANT_13_B2,org.apache.tools.ant.gui.core,ActionResponder,Unutilized Abstraction
ant-ANT_13_B2,org.apache.tools.ant.gui.core,AntResponder,Unutilized Abstraction
ant-ANT_13_B2,org.apache.tools.ant.gui.core,BuildRunner,Unutilized Abstraction
ant-ANT_13_B2,org.apache.tools.ant.gui.core,ProjectListener,Unutilized Abstraction
ant-ANT_13_B2,org.apache.tools.ant.gui.core,Filter,Unutilized Abstraction
ant-ANT_13_B2,org.apache.tools.ant.gui.core,Filter,Unutilized Abstraction
ant-ANT_13_B2,org.apache.tools.ant.gui.core,XMLFileFilter,Unutilized Abstraction
ant-ANT_13_B2,org.apache.tools.ant.gui.customizer,AbstractPropertyEditor,Deficient Encapsulation
ant-ANT_13_B2,org.apache.tools.ant.gui.customizer,FocusHandler,Unutilized Abstraction
ant-ANT_13_B2,org.apache.tools.ant.gui.customizer,DoublePropertyEditor,Unutilized Abstraction
ant-ANT_13_B2,org.apache.tools.ant.gui.customizer,DynamicCustomizer,Deficient Encapsulation
ant-ANT_13_B2,org.apache.tools.ant.gui.customizer,DynamicCustomizer,Insufficient Modularization
ant-ANT_13_B2,org.apache.tools.ant.gui.customizer,PropertyComparator,Unutilized Abstraction
ant-ANT_13_B2,org.apache.tools.ant.gui.customizer,TestClass,Unutilized Abstraction
ant-ANT_13_B2,org.apache.tools.ant.gui.customizer,TestClass,Insufficient Modularization
ant-ANT_13_B2,org.apache.tools.ant.gui.customizer,ActionHandler,Unutilized Abstraction
ant-ANT_13_B2,org.apache.tools.ant.gui.customizer,IntegerPropertyEditor,Unutilized Abstraction
ant-ANT_13_B2,org.apache.tools.ant.gui.customizer,ObjectPropertyEditor,Unutilized Abstraction
ant-ANT_13_B2,org.apache.tools.ant.gui.customizer,ActionHandler,Unutilized Abstraction
ant-ANT_13_B2,org.apache.tools.ant.gui.customizer,PropertiesPropertyEditor,Unutilized Abstraction
ant-ANT_13_B2,org.apache.tools.ant.gui.customizer,StringArrayPropertyEditor,Unutilized Abstraction
ant-ANT_13_B2,org.apache.tools.ant.gui.customizer,StringPropertyEditor,Unutilized Abstraction
ant-ANT_13_B2,org.apache.tools.ant.gui.event,AntBuildEvent,Unutilized Abstraction
ant-ANT_13_B2,org.apache.tools.ant.gui.event,AntBuildEvent,Broken Hierarchy
ant-ANT_13_B2,org.apache.tools.ant.gui.event,AntEvent,Unutilized Abstraction
ant-ANT_13_B2,org.apache.tools.ant.gui.event,BuildEventType,Deficient Encapsulation
ant-ANT_13_B2,org.apache.tools.ant.gui.event,BuildFinishedEvent,Unutilized Abstraction
ant-ANT_13_B2,org.apache.tools.ant.gui.event,BuildFinishedEvent,Broken Hierarchy
ant-ANT_13_B2,org.apache.tools.ant.gui.event,BuildStartedEvent,Unutilized Abstraction
ant-ANT_13_B2,org.apache.tools.ant.gui.event,BuildStartedEvent,Broken Hierarchy
ant-ANT_13_B2,org.apache.tools.ant.gui.event,ElementSelectionEvent,Unutilized Abstraction
ant-ANT_13_B2,org.apache.tools.ant.gui.event,ElementSelectionEvent,Broken Hierarchy
ant-ANT_13_B2,org.apache.tools.ant.gui.event,ErrorEvent,Unutilized Abstraction
ant-ANT_13_B2,org.apache.tools.ant.gui.event,EventBus,Deficient Encapsulation
ant-ANT_13_B2,org.apache.tools.ant.gui.event,NewElementEvent,Unutilized Abstraction
ant-ANT_13_B2,org.apache.tools.ant.gui.event,NewProjectEvent,Unutilized Abstraction
ant-ANT_13_B2,org.apache.tools.ant.gui.event,NewProjectEvent,Broken Hierarchy
ant-ANT_13_B2,org.apache.tools.ant.gui.event,NewPropertyEvent,Unutilized Abstraction
ant-ANT_13_B2,org.apache.tools.ant.gui.event,NewPropertyEvent,Broken Hierarchy
ant-ANT_13_B2,org.apache.tools.ant.gui.event,NewTargetEvent,Unutilized Abstraction
ant-ANT_13_B2,org.apache.tools.ant.gui.event,NewTargetEvent,Broken Hierarchy
ant-ANT_13_B2,org.apache.tools.ant.gui.event,NewTaskEvent,Unutilized Abstraction
ant-ANT_13_B2,org.apache.tools.ant.gui.event,NewTaskEvent,Broken Hierarchy
ant-ANT_13_B2,org.apache.tools.ant.gui.event,NullSelectionEvent,Unutilized Abstraction
ant-ANT_13_B2,org.apache.tools.ant.gui.event,NullSelectionEvent,Broken Hierarchy
ant-ANT_13_B2,org.apache.tools.ant.gui.event,OpenRequestEvent,Unutilized Abstraction
ant-ANT_13_B2,org.apache.tools.ant.gui.event,ProjectClosedEvent,Unutilized Abstraction
ant-ANT_13_B2,org.apache.tools.ant.gui.event,ProjectClosedEvent,Broken Hierarchy
ant-ANT_13_B2,org.apache.tools.ant.gui.event,ProjectSelectedEvent,Unutilized Abstraction
ant-ANT_13_B2,org.apache.tools.ant.gui.event,ProjectSelectedEvent,Broken Hierarchy
ant-ANT_13_B2,org.apache.tools.ant.gui.event,PropertySelectionEvent,Unutilized Abstraction
ant-ANT_13_B2,org.apache.tools.ant.gui.event,PropertySelectionEvent,Broken Hierarchy
ant-ANT_13_B2,org.apache.tools.ant.gui.event,TargetSelectionEvent,Unutilized Abstraction
ant-ANT_13_B2,org.apache.tools.ant.gui.event,TargetSelectionEvent,Broken Hierarchy
ant-ANT_13_B2,org.apache.tools.ant.gui.event,TaskSelectionEvent,Unutilized Abstraction
ant-ANT_13_B2,org.apache.tools.ant.gui.event,TaskSelectionEvent,Broken Hierarchy
ant-ANT_13_B2,org.apache.tools.ant.gui.ide,EmacsNotifier,Unutilized Abstraction
ant-ANT_13_B2,org.apache.tools.ant.gui.ide,FileErrorNotifier,Unutilized Abstraction
ant-ANT_13_B2,org.apache.tools.ant.gui.modules,TargetMonitor,Unutilized Abstraction
ant-ANT_13_B2,org.apache.tools.ant.gui.modules,Handler,Unutilized Abstraction
ant-ANT_13_B2,org.apache.tools.ant.gui.modules.console,BuildConsole,Unutilized Abstraction
ant-ANT_13_B2,org.apache.tools.ant.gui.modules.console,BuildConsole,Deficient Encapsulation
ant-ANT_13_B2,org.apache.tools.ant.gui.modules.console,Handler,Unutilized Abstraction
ant-ANT_13_B2,org.apache.tools.ant.gui.modules.console,ActionHandler,Unutilized Abstraction
ant-ANT_13_B2,org.apache.tools.ant.gui.modules.console,ConsoleStyleContext,Deficient Encapsulation
ant-ANT_13_B2,org.apache.tools.ant.gui.modules.console,LogLevelEnum,Deficient Encapsulation
ant-ANT_13_B2,org.apache.tools.ant.gui.modules.edit,Handler,Unutilized Abstraction
ant-ANT_13_B2,org.apache.tools.ant.gui.modules.edit,SelectionForwarder,Unutilized Abstraction
ant-ANT_13_B2,org.apache.tools.ant.gui.modules.edit,PopupHandler,Unutilized Abstraction
ant-ANT_13_B2,org.apache.tools.ant.gui.modules.edit,ElementTreeCellRenderer,Unutilized Abstraction
ant-ANT_13_B2,org.apache.tools.ant.gui.modules.edit,PropertyEditor,Unutilized Abstraction
ant-ANT_13_B2,org.apache.tools.ant.gui.modules.edit,Handler,Unutilized Abstraction
ant-ANT_13_B2,org.apache.tools.ant.gui.modules.edit,Filter,Unutilized Abstraction
ant-ANT_13_B2,org.apache.tools.ant.gui.util,ActionHandler,Unutilized Abstraction
ant-ANT_13_B2,org.apache.tools.ant.gui.wizard,AbstractWizardStep,Unutilized Abstraction
ant-ANT_13_B2,org.apache.tools.ant.gui.wizard,ButtonNavigator,Unutilized Abstraction
ant-ANT_13_B2,org.apache.tools.ant.gui.wizard,ButtonNavigator,Deficient Encapsulation
ant-ANT_13_B2,org.apache.tools.ant.gui.wizard,DefaultStateMachine,Unutilized Abstraction
ant-ANT_13_B2,org.apache.tools.ant.gui.wizard,InstructionStep,Unutilized Abstraction
ant-ANT_13_B2,org.apache.tools.ant.gui.wizard,InstructionStep,Broken Hierarchy
ant-ANT_13_B2,org.apache.tools.ant.gui.wizard,StateMachine,Unutilized Abstraction
ant-ANT_13_B2,org.apache.tools.ant.gui.wizard,NavHandler,Unutilized Abstraction
ant-ANT_13_B2,org.apache.tools.ant.gui.wizard.build,BuildData,Cyclic-Dependent Modularization
ant-ANT_13_B2,org.apache.tools.ant.gui.wizard.build,BuildStateMachine,Unutilized Abstraction
ant-ANT_13_B2,org.apache.tools.ant.gui.wizard.build,Builder,Cyclic-Dependent Modularization
ant-ANT_13_B2,org.apache.tools.ant.gui.wizard.build,CompileStep,Unutilized Abstraction
ant-ANT_13_B2,org.apache.tools.ant.gui.wizard.build,CompileStep,Broken Hierarchy
ant-ANT_13_B2,org.apache.tools.ant.gui.wizard.build,JARStep,Unutilized Abstraction
ant-ANT_13_B2,org.apache.tools.ant.gui.wizard.build,JARStep,Broken Hierarchy
ant-ANT_13_B2,org.apache.tools.ant.gui.wizard.build,JavaDocStep,Unutilized Abstraction
ant-ANT_13_B2,org.apache.tools.ant.gui.wizard.build,JavaDocStep,Broken Hierarchy
ant-ANT_13_B2,org.apache.tools.ant.gui.wizard.build,OptionalStep,Unnecessary Abstraction
ant-ANT_13_B2,org.apache.tools.ant.gui.wizard.build,ProjectSetupStep,Deficient Encapsulation
ant-ANT_13_B2,org.apache.tools.ant.gui.wizard.build,ProjectSetupStep,Cyclic-Dependent Modularization
ant-ANT_13_B2,org.apache.tools.ant.gui.wizard.build,ProjectTypeStep,Unutilized Abstraction
ant-ANT_13_B2,org.apache.tools.ant.taskdefs,AntStructure,Unutilized Abstraction
ant-ANT_13_B2,org.apache.tools.ant.taskdefs,Available,Unutilized Abstraction
ant-ANT_13_B2,org.apache.tools.ant.taskdefs,CallTarget,Unutilized Abstraction
ant-ANT_13_B2,org.apache.tools.ant.taskdefs,Chmod,Unutilized Abstraction
ant-ANT_13_B2,org.apache.tools.ant.taskdefs,Chmod,Broken Hierarchy
ant-ANT_13_B2,org.apache.tools.ant.taskdefs,CompileTask,Unutilized Abstraction
ant-ANT_13_B2,org.apache.tools.ant.taskdefs,Copy,Unutilized Abstraction
ant-ANT_13_B2,org.apache.tools.ant.taskdefs,Copydir,Unutilized Abstraction
ant-ANT_13_B2,org.apache.tools.ant.taskdefs,Copydir,Broken Hierarchy
ant-ANT_13_B2,org.apache.tools.ant.taskdefs,Copyfile,Unutilized Abstraction
ant-ANT_13_B2,org.apache.tools.ant.taskdefs,Cvs,Unutilized Abstraction
ant-ANT_13_B2,org.apache.tools.ant.taskdefs,Delete,Unutilized Abstraction
ant-ANT_13_B2,org.apache.tools.ant.taskdefs,Deltree,Unutilized Abstraction
ant-ANT_13_B2,org.apache.tools.ant.taskdefs,Echo,Unutilized Abstraction
ant-ANT_13_B2,org.apache.tools.ant.taskdefs,StreamPumper,Unutilized Abstraction
ant-ANT_13_B2,org.apache.tools.ant.taskdefs,Execute,Deficient Encapsulation
ant-ANT_13_B2,org.apache.tools.ant.taskdefs,Execute,Insufficient Modularization
ant-ANT_13_B2,org.apache.tools.ant.taskdefs,Java11CommandLauncher,Unutilized Abstraction
ant-ANT_13_B2,org.apache.tools.ant.taskdefs,Java13CommandLauncher,Unutilized Abstraction
ant-ANT_13_B2,org.apache.tools.ant.taskdefs,CommandLauncherProxy,Unutilized Abstraction
ant-ANT_13_B2,org.apache.tools.ant.taskdefs,WinNTCommandLauncher,Unutilized Abstraction
ant-ANT_13_B2,org.apache.tools.ant.taskdefs,MacCommandLauncher,Unutilized Abstraction
ant-ANT_13_B2,org.apache.tools.ant.taskdefs,ScriptCommandLauncher,Unutilized Abstraction
ant-ANT_13_B2,org.apache.tools.ant.taskdefs,ExecuteOn,Unutilized Abstraction
ant-ANT_13_B2,org.apache.tools.ant.taskdefs,ExecuteOn,Broken Hierarchy
ant-ANT_13_B2,org.apache.tools.ant.taskdefs,Exit,Unutilized Abstraction
ant-ANT_13_B2,org.apache.tools.ant.taskdefs,Expand,Unutilized Abstraction
ant-ANT_13_B2,org.apache.tools.ant.taskdefs,Expand,Broken Hierarchy
ant-ANT_13_B2,org.apache.tools.ant.taskdefs,Filter,Unutilized Abstraction
ant-ANT_13_B2,org.apache.tools.ant.taskdefs,FixCRLF,Unutilized Abstraction
ant-ANT_13_B2,org.apache.tools.ant.taskdefs,FixCRLF,Broken Hierarchy
ant-ANT_13_B2,org.apache.tools.ant.taskdefs,GUnzip,Unutilized Abstraction
ant-ANT_13_B2,org.apache.tools.ant.taskdefs,GZip,Unutilized Abstraction
ant-ANT_13_B2,org.apache.tools.ant.taskdefs,GenerateKey,Unutilized Abstraction
ant-ANT_13_B2,org.apache.tools.ant.taskdefs,GenerateKey,Insufficient Modularization
ant-ANT_13_B2,org.apache.tools.ant.taskdefs,Get,Unutilized Abstraction
ant-ANT_13_B2,org.apache.tools.ant.taskdefs,Jar,Unutilized Abstraction
ant-ANT_13_B2,org.apache.tools.ant.taskdefs,Jar,Broken Hierarchy
ant-ANT_13_B2,org.apache.tools.ant.taskdefs,Javac,Unutilized Abstraction
ant-ANT_13_B2,org.apache.tools.ant.taskdefs,Javac,Broken Hierarchy
ant-ANT_13_B2,org.apache.tools.ant.taskdefs,Javac,Insufficient Modularization
ant-ANT_13_B2,org.apache.tools.ant.taskdefs,JavacOutputStream,Unutilized Abstraction
ant-ANT_13_B2,org.apache.tools.ant.taskdefs,Javadoc,Unutilized Abstraction
ant-ANT_13_B2,org.apache.tools.ant.taskdefs,Javadoc,Insufficient Modularization
ant-ANT_13_B2,org.apache.tools.ant.taskdefs,JavadocOutputStream,Unutilized Abstraction
ant-ANT_13_B2,org.apache.tools.ant.taskdefs,Jikes,Unutilized Abstraction
ant-ANT_13_B2,org.apache.tools.ant.taskdefs,LogOutputStream,Unutilized Abstraction
ant-ANT_13_B2,org.apache.tools.ant.taskdefs,LogStreamHandler,Unutilized Abstraction
ant-ANT_13_B2,org.apache.tools.ant.taskdefs,LogStreamHandler,Broken Hierarchy
ant-ANT_13_B2,org.apache.tools.ant.taskdefs,MatchingTask,Unutilized Abstraction
ant-ANT_13_B2,org.apache.tools.ant.taskdefs,MatchingTask,Wide Hierarchy
ant-ANT_13_B2,org.apache.tools.ant.taskdefs,Mkdir,Unutilized Abstraction
ant-ANT_13_B2,org.apache.tools.ant.taskdefs,Move,Unutilized Abstraction
ant-ANT_13_B2,org.apache.tools.ant.taskdefs,Move,Broken Hierarchy
ant-ANT_13_B2,org.apache.tools.ant.taskdefs,Patch,Unutilized Abstraction
ant-ANT_13_B2,org.apache.tools.ant.taskdefs,PumpStreamHandler,Unutilized Abstraction
ant-ANT_13_B2,org.apache.tools.ant.taskdefs,Rename,Unutilized Abstraction
ant-ANT_13_B2,org.apache.tools.ant.taskdefs,Replace,Unutilized Abstraction
ant-ANT_13_B2,org.apache.tools.ant.taskdefs,Replace,Broken Hierarchy
ant-ANT_13_B2,org.apache.tools.ant.taskdefs,Replace,Insufficient Modularization
ant-ANT_13_B2,org.apache.tools.ant.taskdefs,Rmic,Unutilized Abstraction
ant-ANT_13_B2,org.apache.tools.ant.taskdefs,Rmic,Broken Hierarchy
ant-ANT_13_B2,org.apache.tools.ant.taskdefs,RmicFileNameMapper,Unutilized Abstraction
ant-ANT_13_B2,org.apache.tools.ant.taskdefs,SQLExec,Unutilized Abstraction
ant-ANT_13_B2,org.apache.tools.ant.taskdefs,SQLExec,Insufficient Modularization
ant-ANT_13_B2,org.apache.tools.ant.taskdefs,SendEmail,Unutilized Abstraction
ant-ANT_13_B2,org.apache.tools.ant.taskdefs,SignJar,Unutilized Abstraction
ant-ANT_13_B2,org.apache.tools.ant.taskdefs,StreamPumper,Unutilized Abstraction
ant-ANT_13_B2,org.apache.tools.ant.taskdefs,Tar,Unutilized Abstraction
ant-ANT_13_B2,org.apache.tools.ant.taskdefs,Tar,Deficient Encapsulation
ant-ANT_13_B2,org.apache.tools.ant.taskdefs,Tar,Broken Hierarchy
ant-ANT_13_B2,org.apache.tools.ant.taskdefs,TaskOutputStream,Unutilized Abstraction
ant-ANT_13_B2,org.apache.tools.ant.taskdefs,Transform,Unutilized Abstraction
ant-ANT_13_B2,org.apache.tools.ant.taskdefs,Transform,Broken Hierarchy
ant-ANT_13_B2,org.apache.tools.ant.taskdefs,Tstamp,Unutilized Abstraction
ant-ANT_13_B2,org.apache.tools.ant.taskdefs,Untar,Unutilized Abstraction
ant-ANT_13_B2,org.apache.tools.ant.taskdefs,UpToDate,Unutilized Abstraction
ant-ANT_13_B2,org.apache.tools.ant.taskdefs,UpToDate,Broken Hierarchy
ant-ANT_13_B2,org.apache.tools.ant.taskdefs,War,Unutilized Abstraction
ant-ANT_13_B2,org.apache.tools.ant.taskdefs,War,Broken Hierarchy
ant-ANT_13_B2,org.apache.tools.ant.taskdefs,XSLTProcess,Unutilized Abstraction
ant-ANT_13_B2,org.apache.tools.ant.taskdefs,XSLTProcess,Broken Hierarchy
ant-ANT_13_B2,org.apache.tools.ant.taskdefs,Zip,Unutilized Abstraction
ant-ANT_13_B2,org.apache.tools.ant.taskdefs,Zip,Broken Hierarchy
ant-ANT_13_B2,org.apache.tools.ant.taskdefs,AntStructureTest,Unutilized Abstraction
ant-ANT_13_B2,org.apache.tools.ant.taskdefs,AntStructureTest,Broken Hierarchy
ant-ANT_13_B2,org.apache.tools.ant.taskdefs,AntTest,Unutilized Abstraction
ant-ANT_13_B2,org.apache.tools.ant.taskdefs,AntTest,Broken Hierarchy
ant-ANT_13_B2,org.apache.tools.ant.taskdefs,AvailableTest,Unutilized Abstraction
ant-ANT_13_B2,org.apache.tools.ant.taskdefs,AvailableTest,Broken Hierarchy
ant-ANT_13_B2,org.apache.tools.ant.taskdefs,CopydirTest,Unutilized Abstraction
ant-ANT_13_B2,org.apache.tools.ant.taskdefs,CopydirTest,Broken Hierarchy
ant-ANT_13_B2,org.apache.tools.ant.taskdefs,CopyfileTest,Unutilized Abstraction
ant-ANT_13_B2,org.apache.tools.ant.taskdefs,CopyfileTest,Broken Hierarchy
ant-ANT_13_B2,org.apache.tools.ant.taskdefs,DeleteTest,Unutilized Abstraction
ant-ANT_13_B2,org.apache.tools.ant.taskdefs,DeleteTest,Broken Hierarchy
ant-ANT_13_B2,org.apache.tools.ant.taskdefs,DeltreeTest,Unutilized Abstraction
ant-ANT_13_B2,org.apache.tools.ant.taskdefs,DeltreeTest,Broken Hierarchy
ant-ANT_13_B2,org.apache.tools.ant.taskdefs,EchoTest,Unutilized Abstraction
ant-ANT_13_B2,org.apache.tools.ant.taskdefs,EchoTest,Broken Hierarchy
ant-ANT_13_B2,org.apache.tools.ant.taskdefs,ExecuteWatchdogTest,Unutilized Abstraction
ant-ANT_13_B2,org.apache.tools.ant.taskdefs,TimeProcess,Unutilized Abstraction
ant-ANT_13_B2,org.apache.tools.ant.taskdefs,FailTest,Unutilized Abstraction
ant-ANT_13_B2,org.apache.tools.ant.taskdefs,FailTest,Broken Hierarchy
ant-ANT_13_B2,org.apache.tools.ant.taskdefs,FilterTest,Unutilized Abstraction
ant-ANT_13_B2,org.apache.tools.ant.taskdefs,FilterTest,Broken Hierarchy
ant-ANT_13_B2,org.apache.tools.ant.taskdefs,GUnzipTest,Unutilized Abstraction
ant-ANT_13_B2,org.apache.tools.ant.taskdefs,GUnzipTest,Broken Hierarchy
ant-ANT_13_B2,org.apache.tools.ant.taskdefs,GetTest,Unutilized Abstraction
ant-ANT_13_B2,org.apache.tools.ant.taskdefs,GetTest,Broken Hierarchy
ant-ANT_13_B2,org.apache.tools.ant.taskdefs,GzipTest,Unutilized Abstraction
ant-ANT_13_B2,org.apache.tools.ant.taskdefs,GzipTest,Broken Hierarchy
ant-ANT_13_B2,org.apache.tools.ant.taskdefs,JarTest,Unutilized Abstraction
ant-ANT_13_B2,org.apache.tools.ant.taskdefs,JarTest,Broken Hierarchy
ant-ANT_13_B2,org.apache.tools.ant.taskdefs,MkdirTest,Unutilized Abstraction
ant-ANT_13_B2,org.apache.tools.ant.taskdefs,MkdirTest,Broken Hierarchy
ant-ANT_13_B2,org.apache.tools.ant.taskdefs,RenameTest,Unutilized Abstraction
ant-ANT_13_B2,org.apache.tools.ant.taskdefs,RenameTest,Broken Hierarchy
ant-ANT_13_B2,org.apache.tools.ant.taskdefs,ReplaceTest,Unutilized Abstraction
ant-ANT_13_B2,org.apache.tools.ant.taskdefs,ReplaceTest,Broken Hierarchy
ant-ANT_13_B2,org.apache.tools.ant.taskdefs,TarTest,Unutilized Abstraction
ant-ANT_13_B2,org.apache.tools.ant.taskdefs,TarTest,Broken Hierarchy
ant-ANT_13_B2,org.apache.tools.ant.taskdefs,TaskdefTest,Unutilized Abstraction
ant-ANT_13_B2,org.apache.tools.ant.taskdefs,TaskdefTest,Broken Hierarchy
ant-ANT_13_B2,org.apache.tools.ant.taskdefs,TaskdefsTest,Unutilized Abstraction
ant-ANT_13_B2,org.apache.tools.ant.taskdefs,TaskdefsTest,Wide Hierarchy
ant-ANT_13_B2,org.apache.tools.ant.taskdefs,AntOutputStream,Unutilized Abstraction
ant-ANT_13_B2,org.apache.tools.ant.taskdefs,AntTestListener,Unutilized Abstraction
ant-ANT_13_B2,org.apache.tools.ant.taskdefs,UnzipTest,Unutilized Abstraction
ant-ANT_13_B2,org.apache.tools.ant.taskdefs,UnzipTest,Broken Hierarchy
ant-ANT_13_B2,org.apache.tools.ant.taskdefs,ZipTest,Unutilized Abstraction
ant-ANT_13_B2,org.apache.tools.ant.taskdefs,ZipTest,Broken Hierarchy
ant-ANT_13_B2,org.apache.tools.ant.taskdefs.compilers,CompilerAdapter,Unutilized Abstraction
ant-ANT_13_B2,org.apache.tools.ant.taskdefs.compilers,DefaultCompilerAdapter,Unutilized Abstraction
ant-ANT_13_B2,org.apache.tools.ant.taskdefs.compilers,Javac12,Unutilized Abstraction
ant-ANT_13_B2,org.apache.tools.ant.taskdefs.compilers,Javac12,Broken Hierarchy
ant-ANT_13_B2,org.apache.tools.ant.taskdefs.compilers,Javac13,Unutilized Abstraction
ant-ANT_13_B2,org.apache.tools.ant.taskdefs.compilers,Javac13,Broken Hierarchy
ant-ANT_13_B2,org.apache.tools.ant.taskdefs.compilers,Jikes,Imperative Abstraction
ant-ANT_13_B2,org.apache.tools.ant.taskdefs.compilers,Jikes,Unutilized Abstraction
ant-ANT_13_B2,org.apache.tools.ant.taskdefs.compilers,Jikes,Broken Hierarchy
ant-ANT_13_B2,org.apache.tools.ant.taskdefs.compilers,Jvc,Unutilized Abstraction
ant-ANT_13_B2,org.apache.tools.ant.taskdefs.compilers,Jvc,Broken Hierarchy
ant-ANT_13_B2,org.apache.tools.ant.taskdefs.optional,ANTLR,Unutilized Abstraction
ant-ANT_13_B2,org.apache.tools.ant.taskdefs.optional,Cab,Unutilized Abstraction
ant-ANT_13_B2,org.apache.tools.ant.taskdefs.optional,Javah,Unutilized Abstraction
ant-ANT_13_B2,org.apache.tools.ant.taskdefs.optional,Native2Ascii,Unutilized Abstraction
ant-ANT_13_B2,org.apache.tools.ant.taskdefs.optional,ExtMapper,Unutilized Abstraction
ant-ANT_13_B2,org.apache.tools.ant.taskdefs.optional,NetRexxC,Unutilized Abstraction
ant-ANT_13_B2,org.apache.tools.ant.taskdefs.optional,NetRexxC,Insufficient Modularization
ant-ANT_13_B2,org.apache.tools.ant.taskdefs.optional,PropertyFile,Unutilized Abstraction
ant-ANT_13_B2,org.apache.tools.ant.taskdefs.optional,PropertyFile,Deficient Encapsulation
ant-ANT_13_B2,org.apache.tools.ant.taskdefs.optional,Entry,Deficient Encapsulation
ant-ANT_13_B2,org.apache.tools.ant.taskdefs.optional,Operation,Deficient Encapsulation
ant-ANT_13_B2,org.apache.tools.ant.taskdefs.optional,Type,Deficient Encapsulation
ant-ANT_13_B2,org.apache.tools.ant.taskdefs.optional,RenameExtensions,Unutilized Abstraction
ant-ANT_13_B2,org.apache.tools.ant.taskdefs.optional,Script,Unutilized Abstraction
ant-ANT_13_B2,org.apache.tools.ant.taskdefs.optional,StyleBook,Unutilized Abstraction
ant-ANT_13_B2,org.apache.tools.ant.taskdefs.optional,Test,Unutilized Abstraction
ant-ANT_13_B2,org.apache.tools.ant.taskdefs.optional,TraXLiaison,Unutilized Abstraction
ant-ANT_13_B2,org.apache.tools.ant.taskdefs.optional,XalanLiaison,Unutilized Abstraction
ant-ANT_13_B2,org.apache.tools.ant.taskdefs.optional,XslpLiaison,Unutilized Abstraction
ant-ANT_13_B2,org.apache.tools.ant.taskdefs.optional,ANTLRTest,Unutilized Abstraction
ant-ANT_13_B2,org.apache.tools.ant.taskdefs.optional,CalcFileFilter,Unutilized Abstraction
ant-ANT_13_B2,org.apache.tools.ant.taskdefs.optional.clearcase,CCCheckin,Unutilized Abstraction
ant-ANT_13_B2,org.apache.tools.ant.taskdefs.optional.clearcase,CCCheckin,Deficient Encapsulation
ant-ANT_13_B2,org.apache.tools.ant.taskdefs.optional.clearcase,CCCheckin,Broken Hierarchy
ant-ANT_13_B2,org.apache.tools.ant.taskdefs.optional.clearcase,CCCheckout,Unutilized Abstraction
ant-ANT_13_B2,org.apache.tools.ant.taskdefs.optional.clearcase,CCCheckout,Deficient Encapsulation
ant-ANT_13_B2,org.apache.tools.ant.taskdefs.optional.clearcase,CCCheckout,Broken Hierarchy
ant-ANT_13_B2,org.apache.tools.ant.taskdefs.optional.clearcase,CCUnCheckout,Unutilized Abstraction
ant-ANT_13_B2,org.apache.tools.ant.taskdefs.optional.clearcase,CCUnCheckout,Deficient Encapsulation
ant-ANT_13_B2,org.apache.tools.ant.taskdefs.optional.clearcase,CCUnCheckout,Broken Hierarchy
ant-ANT_13_B2,org.apache.tools.ant.taskdefs.optional.clearcase,CCUpdate,Unutilized Abstraction
ant-ANT_13_B2,org.apache.tools.ant.taskdefs.optional.clearcase,CCUpdate,Deficient Encapsulation
ant-ANT_13_B2,org.apache.tools.ant.taskdefs.optional.clearcase,CCUpdate,Broken Hierarchy
ant-ANT_13_B2,org.apache.tools.ant.taskdefs.optional.clearcase,ClearCase,Unutilized Abstraction
ant-ANT_13_B2,org.apache.tools.ant.taskdefs.optional.clearcase,ClearCase,Deficient Encapsulation
ant-ANT_13_B2,org.apache.tools.ant.taskdefs.optional.depend,ClassFileIterator,Unutilized Abstraction
ant-ANT_13_B2,org.apache.tools.ant.taskdefs.optional.depend,Depend,Unutilized Abstraction
ant-ANT_13_B2,org.apache.tools.ant.taskdefs.optional.depend,ClassFileInfo,Unnecessary Abstraction
ant-ANT_13_B2,org.apache.tools.ant.taskdefs.optional.depend,ClassFileInfo,Deficient Encapsulation
ant-ANT_13_B2,org.apache.tools.ant.taskdefs.optional.depend,DirectoryIterator,Unutilized Abstraction
ant-ANT_13_B2,org.apache.tools.ant.taskdefs.optional.depend,JarFileIterator,Unutilized Abstraction
ant-ANT_13_B2,org.apache.tools.ant.taskdefs.optional.depend.constantpool,ClassCPInfo,Cyclic-Dependent Modularization
ant-ANT_13_B2,org.apache.tools.ant.taskdefs.optional.depend.constantpool,ConstantCPInfo,Broken Hierarchy
ant-ANT_13_B2,org.apache.tools.ant.taskdefs.optional.depend.constantpool,ConstantPool,Cyclic-Dependent Modularization
ant-ANT_13_B2,org.apache.tools.ant.taskdefs.optional.depend.constantpool,ConstantPoolEntry,Deficient Encapsulation
ant-ANT_13_B2,org.apache.tools.ant.taskdefs.optional.depend.constantpool,ConstantPoolEntry,Cyclic-Dependent Modularization
ant-ANT_13_B2,org.apache.tools.ant.taskdefs.optional.depend.constantpool,DoubleCPInfo,Unutilized Abstraction
ant-ANT_13_B2,org.apache.tools.ant.taskdefs.optional.depend.constantpool,DoubleCPInfo,Broken Hierarchy
ant-ANT_13_B2,org.apache.tools.ant.taskdefs.optional.depend.constantpool,FieldRefCPInfo,Cyclic-Dependent Modularization
ant-ANT_13_B2,org.apache.tools.ant.taskdefs.optional.depend.constantpool,FloatCPInfo,Unutilized Abstraction
ant-ANT_13_B2,org.apache.tools.ant.taskdefs.optional.depend.constantpool,FloatCPInfo,Broken Hierarchy
ant-ANT_13_B2,org.apache.tools.ant.taskdefs.optional.depend.constantpool,IntegerCPInfo,Unutilized Abstraction
ant-ANT_13_B2,org.apache.tools.ant.taskdefs.optional.depend.constantpool,IntegerCPInfo,Broken Hierarchy
ant-ANT_13_B2,org.apache.tools.ant.taskdefs.optional.depend.constantpool,InterfaceMethodRefCPInfo,Cyclic-Dependent Modularization
ant-ANT_13_B2,org.apache.tools.ant.taskdefs.optional.depend.constantpool,LongCPInfo,Unutilized Abstraction
ant-ANT_13_B2,org.apache.tools.ant.taskdefs.optional.depend.constantpool,LongCPInfo,Broken Hierarchy
ant-ANT_13_B2,org.apache.tools.ant.taskdefs.optional.depend.constantpool,MethodRefCPInfo,Cyclic-Dependent Modularization
ant-ANT_13_B2,org.apache.tools.ant.taskdefs.optional.depend.constantpool,NameAndTypeCPInfo,Cyclic-Dependent Modularization
ant-ANT_13_B2,org.apache.tools.ant.taskdefs.optional.depend.constantpool,StringCPInfo,Unutilized Abstraction
ant-ANT_13_B2,org.apache.tools.ant.taskdefs.optional.depend.constantpool,StringCPInfo,Broken Hierarchy
ant-ANT_13_B2,org.apache.tools.ant.taskdefs.optional.dotnet,CSharp,Unutilized Abstraction
ant-ANT_13_B2,org.apache.tools.ant.taskdefs.optional.dotnet,CSharp,Insufficient Modularization
ant-ANT_13_B2,org.apache.tools.ant.taskdefs.optional.dotnet,Ilasm,Unutilized Abstraction
ant-ANT_13_B2,org.apache.tools.ant.taskdefs.optional.ejb,DDCreator,Unutilized Abstraction
ant-ANT_13_B2,org.apache.tools.ant.taskdefs.optional.ejb,EJBDeploymentTool,Cyclic-Dependent Modularization
ant-ANT_13_B2,org.apache.tools.ant.taskdefs.optional.ejb,EjbJar,Deficient Encapsulation
ant-ANT_13_B2,org.apache.tools.ant.taskdefs.optional.ejb,EjbJar,Cyclic-Dependent Modularization
ant-ANT_13_B2,org.apache.tools.ant.taskdefs.optional.ejb,Config,Deficient Encapsulation
ant-ANT_13_B2,org.apache.tools.ant.taskdefs.optional.ejb,Config,Broken Modularization
ant-ANT_13_B2,org.apache.tools.ant.taskdefs.optional.ejb,Ejbc,Unutilized Abstraction
ant-ANT_13_B2,org.apache.tools.ant.taskdefs.optional.ejb,Ejbc,Deficient Encapsulation
ant-ANT_13_B2,org.apache.tools.ant.taskdefs.optional.ejb,GenericDeploymentTool,Cyclic-Dependent Modularization
ant-ANT_13_B2,org.apache.tools.ant.taskdefs.optional.ejb,WLRun,Unutilized Abstraction
ant-ANT_13_B2,org.apache.tools.ant.taskdefs.optional.ejb,WLStop,Unutilized Abstraction
ant-ANT_13_B2,org.apache.tools.ant.taskdefs.optional.ejb,WeblogicDeploymentTool,Deficient Encapsulation
ant-ANT_13_B2,org.apache.tools.ant.taskdefs.optional.ejb,WeblogicDeploymentTool,Cyclic-Dependent Modularization
ant-ANT_13_B2,org.apache.tools.ant.taskdefs.optional.ide,VAJAntTool,Cyclic-Dependent Modularization
ant-ANT_13_B2,org.apache.tools.ant.taskdefs.optional.ide,VAJAntToolGUI,Cyclic-Dependent Modularization
ant-ANT_13_B2,org.apache.tools.ant.taskdefs.optional.ide,VAJAntToolGUI,Insufficient Modularization
ant-ANT_13_B2,org.apache.tools.ant.taskdefs.optional.ide,VAJBuildLogger,Cyclic-Dependent Modularization
ant-ANT_13_B2,org.apache.tools.ant.taskdefs.optional.ide,VAJExport,Unutilized Abstraction
ant-ANT_13_B2,org.apache.tools.ant.taskdefs.optional.ide,VAJImport,Unutilized Abstraction
ant-ANT_13_B2,org.apache.tools.ant.taskdefs.optional.javacc,JJTree,Unutilized Abstraction
ant-ANT_13_B2,org.apache.tools.ant.taskdefs.optional.javacc,JavaCC,Unutilized Abstraction
ant-ANT_13_B2,org.apache.tools.ant.taskdefs.optional.javacc,JavaCC,Insufficient Modularization
ant-ANT_13_B2,org.apache.tools.ant.taskdefs.optional.jlink,ConstantPool,Unutilized Abstraction
ant-ANT_13_B2,org.apache.tools.ant.taskdefs.optional.jlink,JlinkTask,Unutilized Abstraction
ant-ANT_13_B2,org.apache.tools.ant.taskdefs.optional.jsp,WLJspc,Unutilized Abstraction
ant-ANT_13_B2,org.apache.tools.ant.taskdefs.optional.junit,AggregateTransformer,Deficient Encapsulation
ant-ANT_13_B2,org.apache.tools.ant.taskdefs.optional.junit,AggregateTransformer,Insufficient Modularization
ant-ANT_13_B2,org.apache.tools.ant.taskdefs.optional.junit,PackageFilter,Unutilized Abstraction
ant-ANT_13_B2,org.apache.tools.ant.taskdefs.optional.junit,BaseTest,Unutilized Abstraction
ant-ANT_13_B2,org.apache.tools.ant.taskdefs.optional.junit,BatchTest,Unutilized Abstraction
ant-ANT_13_B2,org.apache.tools.ant.taskdefs.optional.junit,BatchTest,Broken Hierarchy
ant-ANT_13_B2,org.apache.tools.ant.taskdefs.optional.junit,ArrayEnumeration,Unutilized Abstraction
ant-ANT_13_B2,org.apache.tools.ant.taskdefs.optional.junit,CompoundEnumeration,Unutilized Abstraction
ant-ANT_13_B2,org.apache.tools.ant.taskdefs.optional.junit,FormatterElement,Cyclic-Dependent Modularization
ant-ANT_13_B2,org.apache.tools.ant.taskdefs.optional.junit,JUnitResultFormatter,Cyclic-Dependent Modularization
ant-ANT_13_B2,org.apache.tools.ant.taskdefs.optional.junit,JUnitTask,Unutilized Abstraction
ant-ANT_13_B2,org.apache.tools.ant.taskdefs.optional.junit,JUnitTest,Unutilized Abstraction
ant-ANT_13_B2,org.apache.tools.ant.taskdefs.optional.junit,JUnitTest,Broken Hierarchy
ant-ANT_13_B2,org.apache.tools.ant.taskdefs.optional.junit,JUnitTest,Cyclic-Dependent Modularization
ant-ANT_13_B2,org.apache.tools.ant.taskdefs.optional.junit,JUnitTestRunner,Deficient Encapsulation
ant-ANT_13_B2,org.apache.tools.ant.taskdefs.optional.junit,PlainJUnitResultFormatter,Unutilized Abstraction
ant-ANT_13_B2,org.apache.tools.ant.taskdefs.optional.junit,XMLConstants,Deficient Encapsulation
ant-ANT_13_B2,org.apache.tools.ant.taskdefs.optional.junit,XMLConstants,Broken Modularization
ant-ANT_13_B2,org.apache.tools.ant.taskdefs.optional.junit,XMLJUnitResultFormatter,Broken Hierarchy
ant-ANT_13_B2,org.apache.tools.ant.taskdefs.optional.junit,XMLResultAggregator,Deficient Encapsulation
ant-ANT_13_B2,org.apache.tools.ant.taskdefs.optional.junit,XMLResultAggregator,Broken Hierarchy
ant-ANT_13_B2,org.apache.tools.ant.taskdefs.optional.net,FTP,Unutilized Abstraction
ant-ANT_13_B2,org.apache.tools.ant.taskdefs.optional.net,FTPDirectoryScanner,Unutilized Abstraction
ant-ANT_13_B2,org.apache.tools.ant.taskdefs.optional.net,TelnetTask,Unutilized Abstraction
ant-ANT_13_B2,org.apache.tools.ant.taskdefs.optional.net,TelnetTask,Insufficient Modularization
ant-ANT_13_B2,org.apache.tools.ant.taskdefs.optional.net,TelnetWrite,Unutilized Abstraction
ant-ANT_13_B2,org.apache.tools.ant.taskdefs.optional.net,TelnetRead,Unutilized Abstraction
ant-ANT_13_B2,org.apache.tools.ant.taskdefs.optional.perforce,P4Change,Unutilized Abstraction
ant-ANT_13_B2,org.apache.tools.ant.taskdefs.optional.perforce,P4Change,Broken Hierarchy
ant-ANT_13_B2,org.apache.tools.ant.taskdefs.optional.perforce,P4Edit,Unutilized Abstraction
ant-ANT_13_B2,org.apache.tools.ant.taskdefs.optional.perforce,P4Edit,Deficient Encapsulation
ant-ANT_13_B2,org.apache.tools.ant.taskdefs.optional.perforce,P4Edit,Broken Hierarchy
ant-ANT_13_B2,org.apache.tools.ant.taskdefs.optional.perforce,P4HandlerAdapter,Unutilized Abstraction
ant-ANT_13_B2,org.apache.tools.ant.taskdefs.optional.perforce,P4HandlerAdapter,Rebellious Hierarchy
ant-ANT_13_B2,org.apache.tools.ant.taskdefs.optional.perforce,P4Have,Unutilized Abstraction
ant-ANT_13_B2,org.apache.tools.ant.taskdefs.optional.perforce,P4Have,Broken Hierarchy
ant-ANT_13_B2,org.apache.tools.ant.taskdefs.optional.perforce,P4Label,Unutilized Abstraction
ant-ANT_13_B2,org.apache.tools.ant.taskdefs.optional.perforce,P4Label,Broken Hierarchy
ant-ANT_13_B2,org.apache.tools.ant.taskdefs.optional.perforce,P4OutputHandler,Unutilized Abstraction
ant-ANT_13_B2,org.apache.tools.ant.taskdefs.optional.perforce,P4Submit,Unutilized Abstraction
ant-ANT_13_B2,org.apache.tools.ant.taskdefs.optional.perforce,P4Submit,Deficient Encapsulation
ant-ANT_13_B2,org.apache.tools.ant.taskdefs.optional.perforce,P4Submit,Broken Hierarchy
ant-ANT_13_B2,org.apache.tools.ant.taskdefs.optional.perforce,P4Sync,Unutilized Abstraction
ant-ANT_13_B2,org.apache.tools.ant.taskdefs.optional.perforce,P4Sync,Broken Hierarchy
ant-ANT_13_B2,org.apache.tools.ant.taskdefs.optional.perforce,SimpleP4OutputHandler,Unutilized Abstraction
ant-ANT_13_B2,org.apache.tools.ant.taskdefs.optional.scm,AntStarTeamCheckOut,Deficient Encapsulation
ant-ANT_13_B2,org.apache.tools.ant.taskdefs.optional.scm,AntStarTeamCheckOut,Insufficient Modularization
ant-ANT_13_B2,org.apache.tools.ant.taskdefs.optional.sound,SoundTask,Unutilized Abstraction
ant-ANT_13_B2,org.apache.tools.ant.taskdefs.optional.vss,MSVSS,Unutilized Abstraction
ant-ANT_13_B2,org.apache.tools.ant.taskdefs.optional.vss,MSVSS,Deficient Encapsulation
ant-ANT_13_B2,org.apache.tools.ant.taskdefs.optional.vss,MSVSSGET,Unutilized Abstraction
ant-ANT_13_B2,org.apache.tools.ant.taskdefs.optional.vss,MSVSSGET,Broken Hierarchy
ant-ANT_13_B2,org.apache.tools.ant.taskdefs.optional.vss,MSVSSLABEL,Unutilized Abstraction
ant-ANT_13_B2,org.apache.tools.ant.taskdefs.optional.vss,MSVSSLABEL,Deficient Encapsulation
ant-ANT_13_B2,org.apache.tools.ant.taskdefs.optional.vss,MSVSSLABEL,Broken Hierarchy
ant-ANT_13_B2,org.apache.tools.ant.types,Commandline,Cyclic-Dependent Modularization
ant-ANT_13_B2,org.apache.tools.ant.types,Commandline,Insufficient Modularization
ant-ANT_13_B2,org.apache.tools.ant.types,Argument,Cyclic-Dependent Modularization
ant-ANT_13_B2,org.apache.tools.ant.types,Marker,Unutilized Abstraction
ant-ANT_13_B2,org.apache.tools.ant.types,CommandlineJava,Insufficient Modularization
ant-ANT_13_B2,org.apache.tools.ant.types,DataType,Unutilized Abstraction
ant-ANT_13_B2,org.apache.tools.ant.types,FileSet,Unutilized Abstraction
ant-ANT_13_B2,org.apache.tools.ant.types,Mapper,Unutilized Abstraction
ant-ANT_13_B2,org.apache.tools.ant.types,Path,Unutilized Abstraction
ant-ANT_13_B2,org.apache.tools.ant.types,Path,Deficient Encapsulation
ant-ANT_13_B2,org.apache.tools.ant.types,Path,Unexploited Encapsulation
ant-ANT_13_B2,org.apache.tools.ant.types,Path,Missing Hierarchy
ant-ANT_13_B2,org.apache.tools.ant.types,Path,Cyclic-Dependent Modularization
ant-ANT_13_B2,org.apache.tools.ant.types,Path,Insufficient Modularization
ant-ANT_13_B2,org.apache.tools.ant.types,PathElement,Cyclic-Dependent Modularization
ant-ANT_13_B2,org.apache.tools.ant.types,PatternSet,Unutilized Abstraction
ant-ANT_13_B2,org.apache.tools.ant.types,CommandlineJavaTest,Unutilized Abstraction
ant-ANT_13_B2,org.apache.tools.ant.types,CommandlineTest,Unutilized Abstraction
ant-ANT_13_B2,org.apache.tools.ant.types,EnumeratedAttributeTest,Unutilized Abstraction
ant-ANT_13_B2,org.apache.tools.ant.types,TestNormal,Unutilized Abstraction
ant-ANT_13_B2,org.apache.tools.ant.types,TestNull,Unutilized Abstraction
ant-ANT_13_B2,org.apache.tools.ant.types,FileSetTest,Unutilized Abstraction
ant-ANT_13_B2,org.apache.tools.ant.types,MapperTest,Unutilized Abstraction
ant-ANT_13_B2,org.apache.tools.ant.types,PathTest,Unutilized Abstraction
ant-ANT_13_B2,org.apache.tools.ant.types,PathTest,Deficient Encapsulation
ant-ANT_13_B2,org.apache.tools.ant.types,PatternSetTest,Unutilized Abstraction
ant-ANT_13_B2,org.apache.tools.ant.util,FlatFileNameMapper,Unutilized Abstraction
ant-ANT_13_B2,org.apache.tools.ant.util,IdentityMapper,Unutilized Abstraction
ant-ANT_13_B2,org.apache.tools.ant.util,MergingMapper,Unutilized Abstraction
ant-ANT_13_B2,org.apache.tools.ant.util,RegexpPatternMapper,Unutilized Abstraction
ant-ANT_13_B2,org.apache.tools.ant.util,SourceFileScanner,Unutilized Abstraction
ant-ANT_13_B2,org.apache.tools.ant.util,DOMElementWriterTest,Unutilized Abstraction
ant-ANT_13_B2,org.apache.tools.ant.util,GlobPatternMapperTest,Unutilized Abstraction
ant-ANT_13_B2,org.apache.tools.ant.util.regexp,JakartaOroMatcher,Unutilized Abstraction
ant-ANT_13_B2,org.apache.tools.ant.util.regexp,JakartaRegexpMatcher,Unutilized Abstraction
ant-ANT_13_B2,org.apache.tools.ant.util.regexp,RegexpMatcherFactory,Unutilized Abstraction
ant-ANT_13_B2,org.apache.tools.ant.util.regexp,JakartaOroMatcherTest,Unutilized Abstraction
ant-ANT_13_B2,org.apache.tools.ant.util.regexp,JakartaRegexpMatcherTest,Unutilized Abstraction
ant-ANT_13_B2,org.apache.tools.ant.util.regexp,RegexpMatcherTest,Unutilized Abstraction
ant-ANT_13_B2,org.apache.tools.mail,MailPrintStream,Unutilized Abstraction
ant-ANT_13_B2,org.apache.tools.tar,TarBuffer,Deficient Encapsulation
ant-ANT_13_B2,org.apache.tools.tar,TarConstants,Deficient Encapsulation
ant-ANT_13_B2,org.apache.tools.tar,TarConstants,Broken Modularization
ant-ANT_13_B2,org.apache.tools.tar,TarEntry,Broken Hierarchy
ant-ANT_13_B2,org.apache.tools.tar,TarEntry,Insufficient Modularization
ant-ANT_13_B2,org.apache.tools.tar,TarInputStream,Unutilized Abstraction
ant-ANT_13_B2,org.apache.tools.tar,TarOutputStream,Unutilized Abstraction
ant-ANT_13_B2,org.apache.tools.tar,TarOutputStream,Deficient Encapsulation
