Project Name,Package Name,Type Name,Method Name,Code Smell
ant-ANT_13_B2,(default package),Bootstrap,main,Magic Number
ant-ANT_13_B2,(default package),Bootstrap,runCommand,Magic Number
ant-ANT_13_B2,(default package),Bootstrap2,main,Magic Number
ant-ANT_13_B2,(default package),Bootstrap2,main,Magic Number
ant-ANT_13_B2,(default package),Bootstrap2,main,Magic Number
ant-ANT_13_B2,(default package),Bootstrap2,main,Magic Number
ant-ANT_13_B2,(default package),Bootstrap2,main,Magic Number
ant-ANT_13_B2,(default package),Bootstrap2,main,Magic Number
ant-ANT_13_B2,(default package),Bootstrap2,main,Magic Number
ant-ANT_13_B2,(default package),Bootstrap2,main,Magic Number
ant-ANT_13_B2,(default package),Bootstrap2,main,Magic Number
ant-ANT_13_B2,(default package),Bootstrap2,main,Magic Number
ant-ANT_13_B2,(default package),Bootstrap2,main,Magic Number
ant-ANT_13_B2,(default package),Bootstrap2,buildModule,Long Statement
ant-ANT_13_B2,(default package),Bootstrap2,jarDir,Magic Number
ant-ANT_13_B2,(default package),Bootstrap2,jarDir,Magic Number
ant-ANT_13_B2,(default package),Bootstrap2,doCompile,Magic Number
ant-ANT_13_B2,(default package),Bootstrap2,doCompile,Magic Number
ant-ANT_13_B2,(default package),Bootstrap2,doCompile,Magic Number
ant-ANT_13_B2,(default package),Bootstrap2,doCompile,Magic Number
ant-ANT_13_B2,(default package),Bootstrap2,copyfile,Magic Number
ant-ANT_13_B2,(default package),Bootstrap2,copyfile,Magic Number
ant-ANT_13_B2,org.apache.ant,ProjectBuilder,startElement,Complex Method
ant-ANT_13_B2,org.apache.ant,ProjectBuilder,startElement,Missing default
ant-ANT_13_B2,org.apache.ant,ProjectBuilder,endElement,Complex Method
ant-ANT_13_B2,org.apache.ant,ProjectBuilder,endElement,Missing default
ant-ANT_13_B2,org.apache.ant,BuilderHandlerBase,startElement,Complex Method
ant-ANT_13_B2,org.apache.ant,BuilderHandlerBase,startElement,Missing default
ant-ANT_13_B2,org.apache.ant,BuilderHandlerBase,endElement,Complex Method
ant-ANT_13_B2,org.apache.ant,BuilderHandlerBase,endElement,Missing default
ant-ANT_13_B2,org.apache.ant,DefaultAntEngine,getJavaVersion,Empty catch clause
ant-ANT_13_B2,org.apache.ant,Main,createCLOptions,Long Statement
ant-ANT_13_B2,org.apache.ant,Main,createCLOptions,Long Statement
ant-ANT_13_B2,org.apache.ant,Main,createCLOptions,Long Statement
ant-ANT_13_B2,org.apache.ant,Main,createCLOptions,Long Statement
ant-ANT_13_B2,org.apache.ant,Main,createCLOptions,Long Statement
ant-ANT_13_B2,org.apache.ant,Main,createCLOptions,Long Statement
ant-ANT_13_B2,org.apache.ant,Main,createCLOptions,Long Statement
ant-ANT_13_B2,org.apache.ant,Main,createCLOptions,Long Statement
ant-ANT_13_B2,org.apache.ant,Main,createCLOptions,Long Statement
ant-ANT_13_B2,org.apache.ant,Main,createCLOptions,Long Statement
ant-ANT_13_B2,org.apache.ant,Main,createCLOptions,Magic Number
ant-ANT_13_B2,org.apache.ant,Main,createCLOptions,Magic Number
ant-ANT_13_B2,org.apache.ant,Main,createCLOptions,Magic Number
ant-ANT_13_B2,org.apache.ant,Main,createCLOptions,Magic Number
ant-ANT_13_B2,org.apache.ant,Main,createCLOptions,Magic Number
ant-ANT_13_B2,org.apache.ant,Main,createCLOptions,Magic Number
ant-ANT_13_B2,org.apache.ant,Main,createCLOptions,Magic Number
ant-ANT_13_B2,org.apache.ant,Main,createCLOptions,Magic Number
ant-ANT_13_B2,org.apache.ant,Main,createCLOptions,Magic Number
ant-ANT_13_B2,org.apache.ant,Main,createCLOptions,Magic Number
ant-ANT_13_B2,org.apache.ant,Main,execute,Complex Method
ant-ANT_13_B2,org.apache.ant,Main,doBuild,Magic Number
ant-ANT_13_B2,org.apache.ant,Main,createListener,Long Statement
ant-ANT_13_B2,org.apache.ant,Main,createListener,Magic Number
ant-ANT_13_B2,org.apache.ant,Main,createClassLoader,Complex Conditional
ant-ANT_13_B2,org.apache.ant,Main,createClassLoader,Empty catch clause
ant-ANT_13_B2,org.apache.ant,Main,createClassLoader,Long Statement
ant-ANT_13_B2,org.apache.ant.cli,CLIFrontEnd,run,Complex Method
ant-ANT_13_B2,org.apache.ant.cli,CLIFrontEnd,getTargetArg,Complex Conditional
ant-ANT_13_B2,org.apache.ant.cli,CLIFrontEnd,getTargetArg,Long Statement
ant-ANT_13_B2,org.apache.ant.cli,CLIFrontEnd,getTargetArg,Magic Number
ant-ANT_13_B2,org.apache.ant.cli,CLIFrontEnd,getTargetArg,Magic Number
ant-ANT_13_B2,org.apache.ant.cli,CLIFrontEnd,getTargetArg,Magic Number
ant-ANT_13_B2,org.apache.ant.cli,CLIFrontEnd,getTargetArg,Magic Number
ant-ANT_13_B2,org.apache.ant.cli,CLIFrontEnd,printHelp,Long Statement
ant-ANT_13_B2,org.apache.ant.cli,Main,main,Magic Number
ant-ANT_13_B2,org.apache.tools.ant,AntClassLoader,loadClass,Complex Method
ant-ANT_13_B2,org.apache.tools.ant,AntClassLoader,getClassFromStream,Magic Number
ant-ANT_13_B2,org.apache.tools.ant,AntClassLoader,getClassFromStream,Magic Number
ant-ANT_13_B2,org.apache.tools.ant,AntClassLoader,findClass,Empty catch clause
ant-ANT_13_B2,org.apache.tools.ant,DefaultLogger,formatTime,Long Statement
ant-ANT_13_B2,org.apache.tools.ant,DefaultLogger,formatTime,Magic Number
ant-ANT_13_B2,org.apache.tools.ant,DefaultLogger,formatTime,Magic Number
ant-ANT_13_B2,org.apache.tools.ant,DefaultLogger,formatTime,Magic Number
ant-ANT_13_B2,org.apache.tools.ant,DefaultLogger,formatTime,Magic Number
ant-ANT_13_B2,org.apache.tools.ant,DefaultLogger,formatTime,Magic Number
ant-ANT_13_B2,org.apache.tools.ant,DirectoryScanner,matchPatternStart,Complex Method
ant-ANT_13_B2,org.apache.tools.ant,DirectoryScanner,matchPath,Complex Method
ant-ANT_13_B2,org.apache.tools.ant,DirectoryScanner,matchPath,Long Method
ant-ANT_13_B2,org.apache.tools.ant,DirectoryScanner,match,Complex Method
ant-ANT_13_B2,org.apache.tools.ant,DirectoryScanner,scandir,Complex Method
ant-ANT_13_B2,org.apache.tools.ant,IntrospectionHelper,IntrospectionHelper,Complex Conditional
ant-ANT_13_B2,org.apache.tools.ant,IntrospectionHelper,IntrospectionHelper,Complex Conditional
ant-ANT_13_B2,org.apache.tools.ant,IntrospectionHelper,IntrospectionHelper,Complex Conditional
ant-ANT_13_B2,org.apache.tools.ant,IntrospectionHelper,IntrospectionHelper,Complex Conditional
ant-ANT_13_B2,org.apache.tools.ant,IntrospectionHelper,IntrospectionHelper,Complex Conditional
ant-ANT_13_B2,org.apache.tools.ant,IntrospectionHelper,IntrospectionHelper,Complex Method
ant-ANT_13_B2,org.apache.tools.ant,IntrospectionHelper,IntrospectionHelper,Empty catch clause
ant-ANT_13_B2,org.apache.tools.ant,IntrospectionHelper,IntrospectionHelper,Long Statement
ant-ANT_13_B2,org.apache.tools.ant,IntrospectionHelper,IntrospectionHelper,Long Statement
ant-ANT_13_B2,org.apache.tools.ant,IntrospectionHelper,IntrospectionHelper,Long Statement
ant-ANT_13_B2,org.apache.tools.ant,IntrospectionHelper,createAttributeSetter,Complex Method
ant-ANT_13_B2,org.apache.tools.ant,IntrospectionHelper,createAttributeSetter,Empty catch clause
ant-ANT_13_B2,org.apache.tools.ant,IntrospectionHelper,createAttributeSetter,Long Method
ant-ANT_13_B2,org.apache.tools.ant,IntrospectionHelper,createAttributeSetter,Long Statement
ant-ANT_13_B2,org.apache.tools.ant,IntrospectionHelper,createAttributeSetter,Long Statement
ant-ANT_13_B2,org.apache.tools.ant,IntrospectionHelper,createAttributeSetter,Long Statement
ant-ANT_13_B2,org.apache.tools.ant,Main,Main,Complex Conditional
ant-ANT_13_B2,org.apache.tools.ant,Main,Main,Complex Method
ant-ANT_13_B2,org.apache.tools.ant,Main,Main,Long Method
ant-ANT_13_B2,org.apache.tools.ant,Main,Main,Magic Number
ant-ANT_13_B2,org.apache.tools.ant,Main,runBuild,Long Statement
ant-ANT_13_B2,org.apache.tools.ant,Main,runBuild,Long Statement
ant-ANT_13_B2,org.apache.tools.ant,Main,runBuild,Long Statement
ant-ANT_13_B2,org.apache.tools.ant,Main,printTargets,Magic Number
ant-ANT_13_B2,org.apache.tools.ant,NoBannerLogger,messageLogged,Complex Conditional
ant-ANT_13_B2,org.apache.tools.ant,PathTokenizer,nextToken,Complex Conditional
ant-ANT_13_B2,org.apache.tools.ant,Project,resolveFile,Complex Conditional
ant-ANT_13_B2,org.apache.tools.ant,Project,resolveFile,Complex Conditional
ant-ANT_13_B2,org.apache.tools.ant,Project,resolveFile,Complex Conditional
ant-ANT_13_B2,org.apache.tools.ant,Project,resolveFile,Complex Method
ant-ANT_13_B2,org.apache.tools.ant,Project,resolveFile,Long Statement
ant-ANT_13_B2,org.apache.tools.ant,Project,resolveFile,Magic Number
ant-ANT_13_B2,org.apache.tools.ant,Project,translatePath,Magic Number
ant-ANT_13_B2,org.apache.tools.ant,Project,copyFile,Long Parameter List
ant-ANT_13_B2,org.apache.tools.ant,Project,copyFile,Complex Method
ant-ANT_13_B2,org.apache.tools.ant,Project,copyFile,Long Parameter List
ant-ANT_13_B2,org.apache.tools.ant,Project,copyFile,Magic Number
ant-ANT_13_B2,org.apache.tools.ant,Project,copyFile,Magic Number
ant-ANT_13_B2,org.apache.tools.ant,Project,tsort,Long Parameter List
ant-ANT_13_B2,org.apache.tools.ant,ProjectHelper,parse,Empty catch clause
ant-ANT_13_B2,org.apache.tools.ant,ProjectHelper,resolveEntity,Magic Number
ant-ANT_13_B2,org.apache.tools.ant,ProjectHelper,init,Complex Method
ant-ANT_13_B2,org.apache.tools.ant,ProjectHelper,init,Complex Method
ant-ANT_13_B2,org.apache.tools.ant,ProjectHelper,init,Empty catch clause
ant-ANT_13_B2,org.apache.tools.ant,ProjectHelper,replaceProperties,Complex Method
ant-ANT_13_B2,org.apache.tools.ant,ProjectHelper,replaceProperties,Magic Number
ant-ANT_13_B2,org.apache.tools.ant,ProjectHelper,replaceProperties,Magic Number
ant-ANT_13_B2,org.apache.tools.ant,RootHandler,resolveEntity,Magic Number
ant-ANT_13_B2,org.apache.tools.ant,ProjectHandler,init,Complex Method
ant-ANT_13_B2,org.apache.tools.ant,TargetHandler,init,Complex Method
ant-ANT_13_B2,org.apache.tools.ant,TaskHandler,init,Empty catch clause
ant-ANT_13_B2,org.apache.tools.ant,UnknownElement,maybeConfigure,Long Statement
ant-ANT_13_B2,org.apache.tools.ant,UnknownElement,maybeConfigure,Long Statement
ant-ANT_13_B2,org.apache.tools.ant,XmlLogger,messageLogged,Missing default
ant-ANT_13_B2,org.apache.tools.ant,IntrospectionHelperTest,testAddText,Empty catch clause
ant-ANT_13_B2,org.apache.tools.ant,IntrospectionHelperTest,testElementCreators,Empty catch clause
ant-ANT_13_B2,org.apache.tools.ant,IntrospectionHelperTest,testElementCreators,Empty catch clause
ant-ANT_13_B2,org.apache.tools.ant,IntrospectionHelperTest,testElementCreators,Empty catch clause
ant-ANT_13_B2,org.apache.tools.ant,IntrospectionHelperTest,testElementCreators,Empty catch clause
ant-ANT_13_B2,org.apache.tools.ant,IntrospectionHelperTest,testElementCreators,Empty catch clause
ant-ANT_13_B2,org.apache.tools.ant,IntrospectionHelperTest,testElementCreators,Empty catch clause
ant-ANT_13_B2,org.apache.tools.ant,IntrospectionHelperTest,testElementCreators,Empty catch clause
ant-ANT_13_B2,org.apache.tools.ant,IntrospectionHelperTest,testElementCreators,Empty catch clause
ant-ANT_13_B2,org.apache.tools.ant,IntrospectionHelperTest,testElementCreators,Empty catch clause
ant-ANT_13_B2,org.apache.tools.ant,IntrospectionHelperTest,testElementCreators,Empty catch clause
ant-ANT_13_B2,org.apache.tools.ant,IntrospectionHelperTest,testElementCreators,Empty catch clause
ant-ANT_13_B2,org.apache.tools.ant,IntrospectionHelperTest,testAttributeSetters,Empty catch clause
ant-ANT_13_B2,org.apache.tools.ant,IntrospectionHelperTest,testAttributeSetters,Empty catch clause
ant-ANT_13_B2,org.apache.tools.ant,IntrospectionHelperTest,testAttributeSetters,Empty catch clause
ant-ANT_13_B2,org.apache.tools.ant,IntrospectionHelperTest,testAttributeSetters,Empty catch clause
ant-ANT_13_B2,org.apache.tools.ant,IntrospectionHelperTest,testAttributeSetters,Empty catch clause
ant-ANT_13_B2,org.apache.tools.ant,IntrospectionHelperTest,testAttributeSetters,Empty catch clause
ant-ANT_13_B2,org.apache.tools.ant,IntrospectionHelperTest,testAttributeSetters,Long Method
ant-ANT_13_B2,org.apache.tools.ant,IntrospectionHelperTest,setEight,Magic Number
ant-ANT_13_B2,org.apache.tools.ant,IntrospectionHelperTest,setNine,Magic Number
ant-ANT_13_B2,org.apache.tools.ant.cmdline,Main,main,Magic Number
ant-ANT_13_B2,org.apache.tools.ant.tasks,Copy,execute,Magic Number
ant-ANT_13_B2,org.apache.tools.ant.tasks,JavacLoader,execute,Long Statement
ant-ANT_13_B2,org.apache.tools.ant.xml,ProjectHandler,ProjectElemHandler,Long Statement
ant-ANT_13_B2,org.apache.tools.ant.xml,ProjectElemHandler,ProjectElemHandler,Long Statement
ant-ANT_13_B2,org.apache.tools.ant.xml,XmlImporter,findProjectFile,Empty catch clause
ant-ANT_13_B2,org.apache.ant.engine,DefaultEngineListener,engineFinish,Magic Number
ant-ANT_13_B2,org.apache.ant.tasks,BaseTask,getTask,Magic Number
ant-ANT_13_B2,org.apache.ant.tasks,BaseTask,getTask,Magic Number
ant-ANT_13_B2,org.apache.ant.configuration,DefaultConfigurer,configure,Complex Method
ant-ANT_13_B2,org.apache.ant.configuration,DefaultConfigurer,setValue,Long Statement
ant-ANT_13_B2,org.apache.ant.configuration,DefaultConfigurer,setValue,Long Statement
ant-ANT_13_B2,org.apache.ant.configuration,DefaultConfigurer,setValue,Long Parameter List
ant-ANT_13_B2,org.apache.ant.configuration,DefaultConfigurer,getComplexTypeFor,Complex Method
ant-ANT_13_B2,org.apache.ant.configuration,DefaultConfigurer,configureElement,Long Statement
ant-ANT_13_B2,org.apache.ant.convert,DefaultConverterEngine,convert,Long Statement
ant-ANT_13_B2,org.apache.ant.project,DefaultProjectBuilder,buildTarget,Complex Method
ant-ANT_13_B2,org.apache.ant.project,DefaultProjectBuilder,buildTarget,Long Statement
ant-ANT_13_B2,org.apache.ant.project,DefaultProjectListener,log,Magic Number
ant-ANT_13_B2,org.apache.ant.tasklet,AbstractTasklet,init,Long Statement
ant-ANT_13_B2,org.apache.ant.tasklet.engine,DefaultTaskletEngine,doConfigure,Long Statement
ant-ANT_13_B2,org.apache.ant.tasklet.engine,DefaultTaskletEngine,doCompose,Long Statement
ant-ANT_13_B2,org.apache.ant.tasklet.engine,DefaultTaskletEngine,doContextualize,Long Statement
ant-ANT_13_B2,org.apache.ant.tasklet.engine,DefaultTaskletEngine,doDispose,Long Statement
ant-ANT_13_B2,org.apache.ant.tasklet.engine,DefaultTaskletEngine,doInitialize,Long Statement
ant-ANT_13_B2,org.apache.ant.tasklet.engine,DefaultTskDeployer,compose,Long Statement
ant-ANT_13_B2,org.apache.tools.ant.gui,About,About,Magic Number
ant-ANT_13_B2,org.apache.tools.ant.gui,Antidote,Antidote,Magic Number
ant-ANT_13_B2,org.apache.tools.ant.gui,Antidote,Antidote,Magic Number
ant-ANT_13_B2,org.apache.tools.ant.gui,Antidote,Antidote,Magic Number
ant-ANT_13_B2,org.apache.tools.ant.gui,Antidote,Antidote,Magic Number
ant-ANT_13_B2,org.apache.tools.ant.gui,Main,main,Magic Number
ant-ANT_13_B2,org.apache.tools.ant.gui.acs,ACSFactory,createTask,Magic Number
ant-ANT_13_B2,org.apache.tools.ant.gui.acs,ACSProjectElementBeanInfo,getPropertyDescriptors,Long Statement
ant-ANT_13_B2,org.apache.tools.ant.gui.acs,ACSProjectElementBeanInfo,getPropertyDescriptors,Magic Number
ant-ANT_13_B2,org.apache.tools.ant.gui.acs,ACSProjectElementBeanInfo,getPropertyDescriptors,Magic Number
ant-ANT_13_B2,org.apache.tools.ant.gui.acs,ACSPropertyElementBeanInfo,getPropertyDescriptors,Long Statement
ant-ANT_13_B2,org.apache.tools.ant.gui.acs,ACSPropertyElementBeanInfo,getPropertyDescriptors,Magic Number
ant-ANT_13_B2,org.apache.tools.ant.gui.acs,ACSTargetElementBeanInfo,getPropertyDescriptors,Long Statement
ant-ANT_13_B2,org.apache.tools.ant.gui.acs,ACSTargetElementBeanInfo,getPropertyDescriptors,Magic Number
ant-ANT_13_B2,org.apache.tools.ant.gui.acs,ACSTargetElementBeanInfo,getPropertyDescriptors,Magic Number
ant-ANT_13_B2,org.apache.tools.ant.gui.acs,ACSTargetElementBeanInfo,getPropertyDescriptors,Magic Number
ant-ANT_13_B2,org.apache.tools.ant.gui.acs,ACSTargetElementBeanInfo,getPropertyDescriptors,Magic Number
ant-ANT_13_B2,org.apache.tools.ant.gui.acs,ACSTaskElementBeanInfo,getPropertyDescriptors,Long Statement
ant-ANT_13_B2,org.apache.tools.ant.gui.acs,ACSTaskElementBeanInfo,getPropertyDescriptors,Magic Number
ant-ANT_13_B2,org.apache.tools.ant.gui.command,DisplayErrorCmd,MsgPanel,Magic Number
ant-ANT_13_B2,org.apache.tools.ant.gui.command,MsgPanel,MsgPanel,Magic Number
ant-ANT_13_B2,org.apache.tools.ant.gui.command,SaveAsCmd,run,Complex Method
ant-ANT_13_B2,org.apache.tools.ant.gui.core,ActionManager,createMenuBar,Complex Method
ant-ANT_13_B2,org.apache.tools.ant.gui.core,AntAction,getString,Empty catch clause
ant-ANT_13_B2,org.apache.tools.ant.gui.core,ProjectManager,saveAs,Empty catch clause
ant-ANT_13_B2,org.apache.tools.ant.gui.core,ProjectSelectionMenu,accept,Long Statement
ant-ANT_13_B2,org.apache.tools.ant.gui.core,Filter,accept,Long Statement
ant-ANT_13_B2,org.apache.tools.ant.gui.core,ResourceManager,getStringArray,Empty catch clause
ant-ANT_13_B2,org.apache.tools.ant.gui.customizer,AbstractPropertyEditor,focusLost,Complex Conditional
ant-ANT_13_B2,org.apache.tools.ant.gui.customizer,FocusHandler,focusLost,Complex Conditional
ant-ANT_13_B2,org.apache.tools.ant.gui.customizer,DynamicCustomizer,getPreferredScrollableViewportSize,Magic Number
ant-ANT_13_B2,org.apache.tools.ant.gui.customizer,DynamicCustomizer,getPreferredScrollableViewportSize,Magic Number
ant-ANT_13_B2,org.apache.tools.ant.gui.customizer,DynamicCustomizer,getPreferredScrollableViewportSize,Magic Number
ant-ANT_13_B2,org.apache.tools.ant.gui.customizer,DynamicCustomizer,getPreferredScrollableViewportSize,Magic Number
ant-ANT_13_B2,org.apache.tools.ant.gui.customizer,DynamicCustomizer,getScrollableBlockIncrement,Magic Number
ant-ANT_13_B2,org.apache.tools.ant.gui.customizer,DynamicCustomizer,getScrollableBlockIncrement,Magic Number
ant-ANT_13_B2,org.apache.tools.ant.gui.customizer,ObjectPropertyEditor,ObjectPropertyEditor,Magic Number
ant-ANT_13_B2,org.apache.tools.ant.gui.customizer,ObjectPropertyEditor,getAsString,Empty catch clause
ant-ANT_13_B2,org.apache.tools.ant.gui.customizer,ObjectPropertyEditor,getAsString,Empty catch clause
ant-ANT_13_B2,org.apache.tools.ant.gui.customizer,ObjectPropertyEditor,getAsString,Empty catch clause
ant-ANT_13_B2,org.apache.tools.ant.gui.customizer,ObjectPropertyEditor,getAsString,Magic Number
ant-ANT_13_B2,org.apache.tools.ant.gui.customizer,ObjectPropertyEditor,getAsString,Magic Number
ant-ANT_13_B2,org.apache.tools.ant.gui.customizer,ObjectPropertyEditor,makeClone,Long Statement
ant-ANT_13_B2,org.apache.tools.ant.gui.customizer,ObjectPropertyEditor,actionPerformed,Long Statement
ant-ANT_13_B2,org.apache.tools.ant.gui.customizer,ActionHandler,actionPerformed,Long Statement
ant-ANT_13_B2,org.apache.tools.ant.gui.customizer,PropertiesPropertyEditor,getColumnCount,Magic Number
ant-ANT_13_B2,org.apache.tools.ant.gui.customizer,PropertiesTableModel,getColumnCount,Magic Number
ant-ANT_13_B2,org.apache.tools.ant.gui.ide,FileErrorNotifier,messageLogged,Complex Conditional
ant-ANT_13_B2,org.apache.tools.ant.gui.ide,FileErrorNotifier,messageLogged,Empty catch clause
ant-ANT_13_B2,org.apache.tools.ant.gui.modules.console,BuildConsole,contextualize,Magic Number
ant-ANT_13_B2,org.apache.tools.ant.gui.modules.console,BuildConsole,clearDisplay,Empty catch clause
ant-ANT_13_B2,org.apache.tools.ant.gui.modules.console,BuildConsole,eventPosted,Complex Method
ant-ANT_13_B2,org.apache.tools.ant.gui.modules.console,BuildConsole,ConsoleStyleContext,Magic Number
ant-ANT_13_B2,org.apache.tools.ant.gui.modules.console,BuildConsole,ConsoleStyleContext,Magic Number
ant-ANT_13_B2,org.apache.tools.ant.gui.modules.console,BuildConsole,ConsoleStyleContext,Magic Number
ant-ANT_13_B2,org.apache.tools.ant.gui.modules.console,Handler,eventPosted,Complex Method
ant-ANT_13_B2,org.apache.tools.ant.gui.modules.console,ConsoleStyleContext,ConsoleStyleContext,Magic Number
ant-ANT_13_B2,org.apache.tools.ant.gui.modules.console,ConsoleStyleContext,ConsoleStyleContext,Magic Number
ant-ANT_13_B2,org.apache.tools.ant.gui.modules.console,ConsoleStyleContext,ConsoleStyleContext,Magic Number
ant-ANT_13_B2,org.apache.tools.ant.gui.modules.edit,ElementNavigator,contextualize,Magic Number
ant-ANT_13_B2,org.apache.tools.ant.gui.modules.edit,ElementNavigator,contextualize,Magic Number
ant-ANT_13_B2,org.apache.tools.ant.gui.modules.edit,ElementNavigator,contextualize,Magic Number
ant-ANT_13_B2,org.apache.tools.ant.gui.modules.edit,ElementNavigator,contextualize,Magic Number
ant-ANT_13_B2,org.apache.tools.ant.gui.modules.edit,ElementNavigator,accept,Long Statement
ant-ANT_13_B2,org.apache.tools.ant.gui.modules.edit,Filter,accept,Long Statement
ant-ANT_13_B2,org.apache.tools.ant.gui.modules.edit,ElementTreeCellRenderer,getTreeCellRendererComponent,Long Parameter List
ant-ANT_13_B2,org.apache.tools.ant.gui.util,ChangeLookAndFeel,ChangeLookAndFeel,Magic Number
ant-ANT_13_B2,org.apache.tools.ant.gui.util,ChangeLookAndFeel,actionPerformed,Long Statement
ant-ANT_13_B2,org.apache.tools.ant.gui.util,ActionHandler,actionPerformed,Long Statement
ant-ANT_13_B2,org.apache.tools.ant.gui.util,LabelFieldGBC,LabelFieldGBC,Magic Number
ant-ANT_13_B2,org.apache.tools.ant.gui.util,LabelFieldGBC,LabelFieldGBC,Magic Number
ant-ANT_13_B2,org.apache.tools.ant.gui.util,StackFrame,StackFrame,Empty catch clause
ant-ANT_13_B2,org.apache.tools.ant.gui.util,StackFrame,StackFrame,Magic Number
ant-ANT_13_B2,org.apache.tools.ant.gui.util,StackFrame,StackFrame,Magic Number
ant-ANT_13_B2,org.apache.tools.ant.gui.util,StackFrame,StackFrame,Magic Number
ant-ANT_13_B2,org.apache.tools.ant.gui.util,StackFrame,StackFrame,Magic Number
ant-ANT_13_B2,org.apache.tools.ant.gui.util,StackFrame,toString,Long Statement
ant-ANT_13_B2,org.apache.tools.ant.gui.util,WindowUtils,centerWindow,Magic Number
ant-ANT_13_B2,org.apache.tools.ant.gui.util,WindowUtils,centerWindow,Magic Number
ant-ANT_13_B2,org.apache.tools.ant.gui.util,WindowUtils,centerWindow,Magic Number
ant-ANT_13_B2,org.apache.tools.ant.gui.util,WindowUtils,centerWindow,Magic Number
ant-ANT_13_B2,org.apache.tools.ant.gui.util,XMLHelper,init,Long Statement
ant-ANT_13_B2,org.apache.tools.ant.gui.wizard,ButtonNavigator,actionPerformed,Complex Method
ant-ANT_13_B2,org.apache.tools.ant.gui.wizard,ButtonNavigator,actionPerformed,Magic Number
ant-ANT_13_B2,org.apache.tools.ant.gui.wizard,ButtonNavigator,actionPerformed,Magic Number
ant-ANT_13_B2,org.apache.tools.ant.gui.wizard,ButtonNavigator,actionPerformed,Magic Number
ant-ANT_13_B2,org.apache.tools.ant.gui.wizard,ButtonNavigator,actionPerformed,Magic Number
ant-ANT_13_B2,org.apache.tools.ant.gui.wizard,ActionHandler,actionPerformed,Complex Method
ant-ANT_13_B2,org.apache.tools.ant.gui.wizard,ActionHandler,actionPerformed,Magic Number
ant-ANT_13_B2,org.apache.tools.ant.gui.wizard,ActionHandler,actionPerformed,Magic Number
ant-ANT_13_B2,org.apache.tools.ant.gui.wizard,ActionHandler,actionPerformed,Magic Number
ant-ANT_13_B2,org.apache.tools.ant.gui.wizard,ActionHandler,actionPerformed,Magic Number
ant-ANT_13_B2,org.apache.tools.ant.gui.wizard,InstructionStep,init,Magic Number
ant-ANT_13_B2,org.apache.tools.ant.gui.wizard,InstructionStep,init,Magic Number
ant-ANT_13_B2,org.apache.tools.ant.gui.wizard,InstructionStep,init,Magic Number
ant-ANT_13_B2,org.apache.tools.ant.gui.wizard,InstructionStep,init,Magic Number
ant-ANT_13_B2,org.apache.tools.ant.gui.wizard,InstructionStep,init,Magic Number
ant-ANT_13_B2,org.apache.tools.ant.gui.wizard,Wizard,Wizard,Long Statement
ant-ANT_13_B2,org.apache.tools.ant.gui.wizard,Wizard,Wizard,Magic Number
ant-ANT_13_B2,org.apache.tools.ant.gui.wizard,Wizard,Wizard,Magic Number
ant-ANT_13_B2,org.apache.tools.ant.gui.wizard,Wizard,Wizard,Magic Number
ant-ANT_13_B2,org.apache.tools.ant.gui.wizard,Wizard,Wizard,Magic Number
ant-ANT_13_B2,org.apache.tools.ant.gui.wizard,Wizard,Wizard,Magic Number
ant-ANT_13_B2,org.apache.tools.ant.gui.wizard,Wizard,Wizard,Magic Number
ant-ANT_13_B2,org.apache.tools.ant.gui.wizard,Wizard,Wizard,Magic Number
ant-ANT_13_B2,org.apache.tools.ant.gui.wizard,Wizard,Wizard,Magic Number
ant-ANT_13_B2,org.apache.tools.ant.gui.wizard,Wizard,Wizard,Magic Number
ant-ANT_13_B2,org.apache.tools.ant.gui.wizard,Wizard,showStep,Long Statement
ant-ANT_13_B2,org.apache.tools.ant.gui.wizard,Wizard,showStep,Magic Number
ant-ANT_13_B2,org.apache.tools.ant.gui.wizard,Wizard,showStep,Magic Number
ant-ANT_13_B2,org.apache.tools.ant.gui.wizard,Wizard,showStep,Magic Number
ant-ANT_13_B2,org.apache.tools.ant.gui.wizard,Wizard,showStep,Magic Number
ant-ANT_13_B2,org.apache.tools.ant.gui.wizard.build,ProjectSetupStep,init,Long Statement
ant-ANT_13_B2,org.apache.tools.ant.gui.wizard.build,ProjectSetupStep,init,Magic Number
ant-ANT_13_B2,org.apache.tools.ant.gui.wizard.build,ProjectSetupStep,init,Magic Number
ant-ANT_13_B2,org.apache.tools.ant.gui.wizard.build,ProjectSetupStep,init,Magic Number
ant-ANT_13_B2,org.apache.tools.ant.gui.wizard.build,ProjectSetupStep,init,Magic Number
ant-ANT_13_B2,org.apache.tools.ant.gui.wizard.build,ProjectSetupStep,init,Magic Number
ant-ANT_13_B2,org.apache.tools.ant.taskdefs,Ant,execute,Complex Conditional
ant-ANT_13_B2,org.apache.tools.ant.taskdefs,Ant,execute,Complex Method
ant-ANT_13_B2,org.apache.tools.ant.taskdefs,Ant,execute,Long Statement
ant-ANT_13_B2,org.apache.tools.ant.taskdefs,Available,execute,Complex Conditional
ant-ANT_13_B2,org.apache.tools.ant.taskdefs,Chmod,isValidOs,Long Statement
ant-ANT_13_B2,org.apache.tools.ant.taskdefs,Copy,validateAttributes,Complex Conditional
ant-ANT_13_B2,org.apache.tools.ant.taskdefs,Copy,buildMap,Long Parameter List
ant-ANT_13_B2,org.apache.tools.ant.taskdefs,Copy,doFileOperations,Complex Method
ant-ANT_13_B2,org.apache.tools.ant.taskdefs,Copydir,execute,Long Statement
ant-ANT_13_B2,org.apache.tools.ant.taskdefs,Cvs,execute,Complex Method
ant-ANT_13_B2,org.apache.tools.ant.taskdefs,Cvs,execute,Empty catch clause
ant-ANT_13_B2,org.apache.tools.ant.taskdefs,Cvs,execute,Empty catch clause
ant-ANT_13_B2,org.apache.tools.ant.taskdefs,Delete,execute,Complex Conditional
ant-ANT_13_B2,org.apache.tools.ant.taskdefs,Delete,execute,Complex Conditional
ant-ANT_13_B2,org.apache.tools.ant.taskdefs,Delete,execute,Complex Method
ant-ANT_13_B2,org.apache.tools.ant.taskdefs,Delete,removeFiles,Complex Method
ant-ANT_13_B2,org.apache.tools.ant.taskdefs,Echo,execute,Empty catch clause
ant-ANT_13_B2,org.apache.tools.ant.taskdefs,Exec,run,Complex Method
ant-ANT_13_B2,org.apache.tools.ant.taskdefs,Exec,run,Empty catch clause
ant-ANT_13_B2,org.apache.tools.ant.taskdefs,Exec,run,Empty catch clause
ant-ANT_13_B2,org.apache.tools.ant.taskdefs,Exec,run,Empty catch clause
ant-ANT_13_B2,org.apache.tools.ant.taskdefs,StreamPumper,run,Empty catch clause
ant-ANT_13_B2,org.apache.tools.ant.taskdefs,StreamPumper,run,Empty catch clause
ant-ANT_13_B2,org.apache.tools.ant.taskdefs,ExecTask,setCommand,Long Statement
ant-ANT_13_B2,org.apache.tools.ant.taskdefs,ExecTask,logFlush,Empty catch clause
ant-ANT_13_B2,org.apache.tools.ant.taskdefs,Execute,createCommandLauncher,Empty catch clause
ant-ANT_13_B2,org.apache.tools.ant.taskdefs,Execute,waitFor,Empty catch clause
ant-ANT_13_B2,org.apache.tools.ant.taskdefs,Execute,exec,Magic Number
ant-ANT_13_B2,org.apache.tools.ant.taskdefs,Execute,exec,Magic Number
ant-ANT_13_B2,org.apache.tools.ant.taskdefs,Execute,exec,Magic Number
ant-ANT_13_B2,org.apache.tools.ant.taskdefs,Execute,exec,Magic Number
ant-ANT_13_B2,org.apache.tools.ant.taskdefs,Execute,exec,Magic Number
ant-ANT_13_B2,org.apache.tools.ant.taskdefs,Execute,exec,Magic Number
ant-ANT_13_B2,org.apache.tools.ant.taskdefs,Execute,exec,Magic Number
ant-ANT_13_B2,org.apache.tools.ant.taskdefs,WinNTCommandLauncher,exec,Magic Number
ant-ANT_13_B2,org.apache.tools.ant.taskdefs,WinNTCommandLauncher,exec,Magic Number
ant-ANT_13_B2,org.apache.tools.ant.taskdefs,WinNTCommandLauncher,exec,Magic Number
ant-ANT_13_B2,org.apache.tools.ant.taskdefs,WinNTCommandLauncher,exec,Magic Number
ant-ANT_13_B2,org.apache.tools.ant.taskdefs,WinNTCommandLauncher,exec,Magic Number
ant-ANT_13_B2,org.apache.tools.ant.taskdefs,ScriptCommandLauncher,exec,Magic Number
ant-ANT_13_B2,org.apache.tools.ant.taskdefs,ScriptCommandLauncher,exec,Magic Number
ant-ANT_13_B2,org.apache.tools.ant.taskdefs,ExecuteOn,runExec,Complex Method
ant-ANT_13_B2,org.apache.tools.ant.taskdefs,ExecuteWatchdog,run,Empty catch clause
ant-ANT_13_B2,org.apache.tools.ant.taskdefs,Expand,expandFile,Empty catch clause
ant-ANT_13_B2,org.apache.tools.ant.taskdefs,Expand,expandFile,Magic Number
ant-ANT_13_B2,org.apache.tools.ant.taskdefs,FixCRLF,setTablength,Magic Number
ant-ANT_13_B2,org.apache.tools.ant.taskdefs,FixCRLF,execute,Complex Conditional
ant-ANT_13_B2,org.apache.tools.ant.taskdefs,FixCRLF,execute,Complex Method
ant-ANT_13_B2,org.apache.tools.ant.taskdefs,FixCRLF,execute,Long Method
ant-ANT_13_B2,org.apache.tools.ant.taskdefs,FixCRLF,execute,Long Statement
ant-ANT_13_B2,org.apache.tools.ant.taskdefs,FixCRLF,execute,Magic Number
ant-ANT_13_B2,org.apache.tools.ant.taskdefs,FixCRLF,execute,Magic Number
ant-ANT_13_B2,org.apache.tools.ant.taskdefs,FixCRLF,execute,Magic Number
ant-ANT_13_B2,org.apache.tools.ant.taskdefs,FixCRLF,execute,Magic Number
ant-ANT_13_B2,org.apache.tools.ant.taskdefs,FixCRLF,execute,Magic Number
ant-ANT_13_B2,org.apache.tools.ant.taskdefs,FixCRLF,execute,Magic Number
ant-ANT_13_B2,org.apache.tools.ant.taskdefs,FixCRLF,execute,Magic Number
ant-ANT_13_B2,org.apache.tools.ant.taskdefs,FixCRLF,execute,Magic Number
ant-ANT_13_B2,org.apache.tools.ant.taskdefs,FixCRLF,execute,Missing default
ant-ANT_13_B2,org.apache.tools.ant.taskdefs,GUnzip,execute,Complex Method
ant-ANT_13_B2,org.apache.tools.ant.taskdefs,GUnzip,execute,Empty catch clause
ant-ANT_13_B2,org.apache.tools.ant.taskdefs,GUnzip,execute,Empty catch clause
ant-ANT_13_B2,org.apache.tools.ant.taskdefs,GUnzip,execute,Magic Number
ant-ANT_13_B2,org.apache.tools.ant.taskdefs,GUnzip,execute,Magic Number
ant-ANT_13_B2,org.apache.tools.ant.taskdefs,GUnzip,execute,Magic Number
ant-ANT_13_B2,org.apache.tools.ant.taskdefs,GUnzip,execute,Magic Number
ant-ANT_13_B2,org.apache.tools.ant.taskdefs,GUnzip,execute,Magic Number
ant-ANT_13_B2,org.apache.tools.ant.taskdefs,GZip,execute,Empty catch clause
ant-ANT_13_B2,org.apache.tools.ant.taskdefs,GZip,zipFile,Magic Number
ant-ANT_13_B2,org.apache.tools.ant.taskdefs,GZip,zipFile,Magic Number
ant-ANT_13_B2,org.apache.tools.ant.taskdefs,GenerateKey,execute,Complex Method
ant-ANT_13_B2,org.apache.tools.ant.taskdefs,Get,execute,Complex Method
ant-ANT_13_B2,org.apache.tools.ant.taskdefs,Get,execute,Magic Number
ant-ANT_13_B2,org.apache.tools.ant.taskdefs,Get,execute,Magic Number
ant-ANT_13_B2,org.apache.tools.ant.taskdefs,Get,execute,Magic Number
ant-ANT_13_B2,org.apache.tools.ant.taskdefs,Jar,zipFile,Complex Conditional
ant-ANT_13_B2,org.apache.tools.ant.taskdefs,Jar,zipFile,Long Statement
ant-ANT_13_B2,org.apache.tools.ant.taskdefs,Java,run,Empty catch clause
ant-ANT_13_B2,org.apache.tools.ant.taskdefs,Javac,execute,Complex Method
ant-ANT_13_B2,org.apache.tools.ant.taskdefs,Javac,execute,Long Statement
ant-ANT_13_B2,org.apache.tools.ant.taskdefs,Javadoc,setLinkoffline,Long Statement
ant-ANT_13_B2,org.apache.tools.ant.taskdefs,Javadoc,execute,Complex Method
ant-ANT_13_B2,org.apache.tools.ant.taskdefs,Javadoc,execute,Empty catch clause
ant-ANT_13_B2,org.apache.tools.ant.taskdefs,Javadoc,execute,Long Method
ant-ANT_13_B2,org.apache.tools.ant.taskdefs,Javadoc,execute,Long Statement
ant-ANT_13_B2,org.apache.tools.ant.taskdefs,Javadoc,execute,Long Statement
ant-ANT_13_B2,org.apache.tools.ant.taskdefs,Javadoc,evaluatePackages,Complex Method
ant-ANT_13_B2,org.apache.tools.ant.taskdefs,Jikes,compile,Empty catch clause
ant-ANT_13_B2,org.apache.tools.ant.taskdefs,Jikes,compile,Magic Number
ant-ANT_13_B2,org.apache.tools.ant.taskdefs,KeySubst,replace,Magic Number
ant-ANT_13_B2,org.apache.tools.ant.taskdefs,KeySubst,replace,Magic Number
ant-ANT_13_B2,org.apache.tools.ant.taskdefs,KeySubst,replace,Magic Number
ant-ANT_13_B2,org.apache.tools.ant.taskdefs,MatchingTask,XsetItems,Complex Conditional
ant-ANT_13_B2,org.apache.tools.ant.taskdefs,Mkdir,execute,Long Statement
ant-ANT_13_B2,org.apache.tools.ant.taskdefs,Move,doFileOperations,Complex Method
ant-ANT_13_B2,org.apache.tools.ant.taskdefs,Property,resolveAllProperties,Complex Method
ant-ANT_13_B2,org.apache.tools.ant.taskdefs,Property,extractProperties,Magic Number
ant-ANT_13_B2,org.apache.tools.ant.taskdefs,Property,extractProperties,Magic Number
ant-ANT_13_B2,org.apache.tools.ant.taskdefs,PumpStreamHandler,stop,Empty catch clause
ant-ANT_13_B2,org.apache.tools.ant.taskdefs,PumpStreamHandler,stop,Empty catch clause
ant-ANT_13_B2,org.apache.tools.ant.taskdefs,Replace,validate,Long Statement
ant-ANT_13_B2,org.apache.tools.ant.taskdefs,Replace,processFile,Complex Method
ant-ANT_13_B2,org.apache.tools.ant.taskdefs,Replacefilter,validate,Long Statement
ant-ANT_13_B2,org.apache.tools.ant.taskdefs,Rmic,execute,Complex Method
ant-ANT_13_B2,org.apache.tools.ant.taskdefs,Rmic,mapFileName,Complex Conditional
ant-ANT_13_B2,org.apache.tools.ant.taskdefs,RmicFileNameMapper,mapFileName,Complex Conditional
ant-ANT_13_B2,org.apache.tools.ant.taskdefs,SQLExec,execute,Complex Conditional
ant-ANT_13_B2,org.apache.tools.ant.taskdefs,SQLExec,execute,Complex Conditional
ant-ANT_13_B2,org.apache.tools.ant.taskdefs,SQLExec,execute,Complex Method
ant-ANT_13_B2,org.apache.tools.ant.taskdefs,SQLExec,execute,Empty catch clause
ant-ANT_13_B2,org.apache.tools.ant.taskdefs,SQLExec,execute,Empty catch clause
ant-ANT_13_B2,org.apache.tools.ant.taskdefs,SQLExec,execute,Empty catch clause
ant-ANT_13_B2,org.apache.tools.ant.taskdefs,SQLExec,execute,Long Method
ant-ANT_13_B2,org.apache.tools.ant.taskdefs,SQLExec,isValidRdbms,Complex Conditional
ant-ANT_13_B2,org.apache.tools.ant.taskdefs,SQLExec,printResults,Complex Method
ant-ANT_13_B2,org.apache.tools.ant.taskdefs,SendEmail,execute,Complex Method
ant-ANT_13_B2,org.apache.tools.ant.taskdefs,SendEmail,execute,Magic Number
ant-ANT_13_B2,org.apache.tools.ant.taskdefs,SignJar,execute,Complex Method
ant-ANT_13_B2,org.apache.tools.ant.taskdefs,StreamPumper,run,Empty catch clause
ant-ANT_13_B2,org.apache.tools.ant.taskdefs,StreamPumper,run,Empty catch clause
ant-ANT_13_B2,org.apache.tools.ant.taskdefs,Tar,execute,Complex Method
ant-ANT_13_B2,org.apache.tools.ant.taskdefs,Tar,execute,Empty catch clause
ant-ANT_13_B2,org.apache.tools.ant.taskdefs,Tar,tarFile,Complex Method
ant-ANT_13_B2,org.apache.tools.ant.taskdefs,Tar,tarFile,Magic Number
ant-ANT_13_B2,org.apache.tools.ant.taskdefs,Tar,tarFile,Magic Number
ant-ANT_13_B2,org.apache.tools.ant.taskdefs,Tar,setMode,Magic Number
ant-ANT_13_B2,org.apache.tools.ant.taskdefs,Tar,setMode,Magic Number
ant-ANT_13_B2,org.apache.tools.ant.taskdefs,TarFileSet,setMode,Magic Number
ant-ANT_13_B2,org.apache.tools.ant.taskdefs,TarFileSet,setMode,Magic Number
ant-ANT_13_B2,org.apache.tools.ant.taskdefs,Transform,getCommandline,Complex Conditional
ant-ANT_13_B2,org.apache.tools.ant.taskdefs,Transform,getCommandline,Complex Method
ant-ANT_13_B2,org.apache.tools.ant.taskdefs,Tstamp,setUnit,Complex Method
ant-ANT_13_B2,org.apache.tools.ant.taskdefs,CustomFormat,setUnit,Complex Method
ant-ANT_13_B2,org.apache.tools.ant.taskdefs,Untar,execute,Complex Method
ant-ANT_13_B2,org.apache.tools.ant.taskdefs,Untar,execute,Empty catch clause
ant-ANT_13_B2,org.apache.tools.ant.taskdefs,Untar,execute,Magic Number
ant-ANT_13_B2,org.apache.tools.ant.taskdefs,War,setWebxml,Long Statement
ant-ANT_13_B2,org.apache.tools.ant.taskdefs,War,zipFile,Complex Conditional
ant-ANT_13_B2,org.apache.tools.ant.taskdefs,War,zipFile,Long Statement
ant-ANT_13_B2,org.apache.tools.ant.taskdefs,XSLTProcess,execute,Complex Method
ant-ANT_13_B2,org.apache.tools.ant.taskdefs,Zip,setWhenempty,Complex Conditional
ant-ANT_13_B2,org.apache.tools.ant.taskdefs,Zip,setWhenempty,Long Statement
ant-ANT_13_B2,org.apache.tools.ant.taskdefs,Zip,execute,Complex Conditional
ant-ANT_13_B2,org.apache.tools.ant.taskdefs,Zip,execute,Complex Method
ant-ANT_13_B2,org.apache.tools.ant.taskdefs,Zip,addFiles,Complex Method
ant-ANT_13_B2,org.apache.tools.ant.taskdefs,Zip,addFiles,Long Statement
ant-ANT_13_B2,org.apache.tools.ant.taskdefs,Zip,addFiles,Long Statement
ant-ANT_13_B2,org.apache.tools.ant.taskdefs,Zip,addFiles,Long Statement
ant-ANT_13_B2,org.apache.tools.ant.taskdefs,Zip,isUpToDate,Complex Method
ant-ANT_13_B2,org.apache.tools.ant.taskdefs,Zip,isUpToDate,Magic Number
ant-ANT_13_B2,org.apache.tools.ant.taskdefs,Zip,isUpToDate,Magic Number
ant-ANT_13_B2,org.apache.tools.ant.taskdefs,Zip,isUpToDate,Magic Number
ant-ANT_13_B2,org.apache.tools.ant.taskdefs,Zip,isUpToDate,Magic Number
ant-ANT_13_B2,org.apache.tools.ant.taskdefs,Zip,isUpToDate,Magic Number
ant-ANT_13_B2,org.apache.tools.ant.taskdefs,Zip,isUpToDate,Magic Number
ant-ANT_13_B2,org.apache.tools.ant.taskdefs,Zip,isUpToDate,Magic Number
ant-ANT_13_B2,org.apache.tools.ant.taskdefs,Zip,zipFile,Magic Number
ant-ANT_13_B2,org.apache.tools.ant.taskdefs,Zip,zipFile,Magic Number
ant-ANT_13_B2,org.apache.tools.ant.taskdefs,Zip,zipFile,Magic Number
ant-ANT_13_B2,org.apache.tools.ant.taskdefs,Zip,zipFile,Magic Number
ant-ANT_13_B2,org.apache.tools.ant.taskdefs,Zip,zipFile,Magic Number
ant-ANT_13_B2,org.apache.tools.ant.taskdefs,Zip,zipFile,Magic Number
ant-ANT_13_B2,org.apache.tools.ant.taskdefs,Zip,addFiles,Complex Conditional
ant-ANT_13_B2,org.apache.tools.ant.taskdefs,ExecuteWatchdogTest,testNoTimeOut,Magic Number
ant-ANT_13_B2,org.apache.tools.ant.taskdefs,ExecuteWatchdogTest,testTimeOut,Magic Number
ant-ANT_13_B2,org.apache.tools.ant.taskdefs,ExecuteWatchdogTest,testTimeOut,Magic Number
ant-ANT_13_B2,org.apache.tools.ant.taskdefs,ExecuteWatchdogTest,testManualStop,Magic Number
ant-ANT_13_B2,org.apache.tools.ant.taskdefs,ExecuteWatchdogTest,testManualStop,Magic Number
ant-ANT_13_B2,org.apache.tools.ant.taskdefs,FilterTest,test8,Long Statement
ant-ANT_13_B2,org.apache.tools.ant.taskdefs,TaskdefsTest,messageLogged,Complex Conditional
ant-ANT_13_B2,org.apache.tools.ant.taskdefs,TaskdefsTest,messageLogged,Long Statement
ant-ANT_13_B2,org.apache.tools.ant.taskdefs,AntTestListener,messageLogged,Complex Conditional
ant-ANT_13_B2,org.apache.tools.ant.taskdefs,AntTestListener,messageLogged,Long Statement
ant-ANT_13_B2,org.apache.tools.ant.taskdefs.compilers,CompilerAdapterFactory,getCompiler,Complex Conditional
ant-ANT_13_B2,org.apache.tools.ant.taskdefs.compilers,CompilerAdapterFactory,getCompiler,Long Statement
ant-ANT_13_B2,org.apache.tools.ant.taskdefs.compilers,DefaultCompilerAdapter,getCompileClasspath,Complex Method
ant-ANT_13_B2,org.apache.tools.ant.taskdefs.compilers,DefaultCompilerAdapter,getCompileClasspath,Long Statement
ant-ANT_13_B2,org.apache.tools.ant.taskdefs.compilers,DefaultCompilerAdapter,getCompileClasspath,Long Statement
ant-ANT_13_B2,org.apache.tools.ant.taskdefs.compilers,DefaultCompilerAdapter,getCompileClasspath,Long Statement
ant-ANT_13_B2,org.apache.tools.ant.taskdefs.compilers,DefaultCompilerAdapter,setupJavacCommand,Complex Method
ant-ANT_13_B2,org.apache.tools.ant.taskdefs.compilers,DefaultCompilerAdapter,executeExternalCompile,Empty catch clause
ant-ANT_13_B2,org.apache.tools.ant.taskdefs.compilers,DefaultCompilerAdapter,executeExternalCompile,Magic Number
ant-ANT_13_B2,org.apache.tools.ant.taskdefs.compilers,Javac12,execute,Long Statement
ant-ANT_13_B2,org.apache.tools.ant.taskdefs.compilers,Jikes,execute,Complex Method
ant-ANT_13_B2,org.apache.tools.ant.taskdefs.optional,ANTLR,validateAttributes,Complex Conditional
ant-ANT_13_B2,org.apache.tools.ant.taskdefs.optional,ANTLR,getGeneratedFile,Magic Number
ant-ANT_13_B2,org.apache.tools.ant.taskdefs.optional,Javah,execute,Complex Method
ant-ANT_13_B2,org.apache.tools.ant.taskdefs.optional,Javah,setupJavahCommand,Complex Method
ant-ANT_13_B2,org.apache.tools.ant.taskdefs.optional,Native2Ascii,execute,Complex Conditional
ant-ANT_13_B2,org.apache.tools.ant.taskdefs.optional,Native2Ascii,execute,Complex Method
ant-ANT_13_B2,org.apache.tools.ant.taskdefs.optional,NetRexxC,setTrace,Complex Conditional
ant-ANT_13_B2,org.apache.tools.ant.taskdefs.optional,NetRexxC,setTrace,Long Statement
ant-ANT_13_B2,org.apache.tools.ant.taskdefs.optional,NetRexxC,copyFilesToDestination,Long Statement
ant-ANT_13_B2,org.apache.tools.ant.taskdefs.optional,NetRexxC,doNetRexxCompile,Complex Method
ant-ANT_13_B2,org.apache.tools.ant.taskdefs.optional,PropertyFile,writeFile,Empty catch clause
ant-ANT_13_B2,org.apache.tools.ant.taskdefs.optional,PropertyFile,executeDate,Complex Conditional
ant-ANT_13_B2,org.apache.tools.ant.taskdefs.optional,PropertyFile,executeDate,Complex Method
ant-ANT_13_B2,org.apache.tools.ant.taskdefs.optional,PropertyFile,executeDate,Empty catch clause
ant-ANT_13_B2,org.apache.tools.ant.taskdefs.optional,PropertyFile,executeDate,Empty catch clause
ant-ANT_13_B2,org.apache.tools.ant.taskdefs.optional,PropertyFile,executeDate,Long Statement
ant-ANT_13_B2,org.apache.tools.ant.taskdefs.optional,PropertyFile,executeInteger,Empty catch clause
ant-ANT_13_B2,org.apache.tools.ant.taskdefs.optional,PropertyFile,executeInteger,Empty catch clause
ant-ANT_13_B2,org.apache.tools.ant.taskdefs.optional,PropertyFile,executeInteger,Empty catch clause
ant-ANT_13_B2,org.apache.tools.ant.taskdefs.optional,PropertyFile,executeInteger,Empty catch clause
ant-ANT_13_B2,org.apache.tools.ant.taskdefs.optional,PropertyFile,executeInteger,Empty catch clause
ant-ANT_13_B2,org.apache.tools.ant.taskdefs.optional,PropertyFile,executeInteger,Empty catch clause
ant-ANT_13_B2,org.apache.tools.ant.taskdefs.optional,Entry,executeDate,Complex Conditional
ant-ANT_13_B2,org.apache.tools.ant.taskdefs.optional,Entry,executeDate,Complex Method
ant-ANT_13_B2,org.apache.tools.ant.taskdefs.optional,Entry,executeDate,Empty catch clause
ant-ANT_13_B2,org.apache.tools.ant.taskdefs.optional,Entry,executeDate,Empty catch clause
ant-ANT_13_B2,org.apache.tools.ant.taskdefs.optional,Entry,executeDate,Long Statement
ant-ANT_13_B2,org.apache.tools.ant.taskdefs.optional,Entry,executeInteger,Empty catch clause
ant-ANT_13_B2,org.apache.tools.ant.taskdefs.optional,Entry,executeInteger,Empty catch clause
ant-ANT_13_B2,org.apache.tools.ant.taskdefs.optional,Entry,executeInteger,Empty catch clause
ant-ANT_13_B2,org.apache.tools.ant.taskdefs.optional,Entry,executeInteger,Empty catch clause
ant-ANT_13_B2,org.apache.tools.ant.taskdefs.optional,Entry,executeInteger,Empty catch clause
ant-ANT_13_B2,org.apache.tools.ant.taskdefs.optional,Entry,executeInteger,Empty catch clause
ant-ANT_13_B2,org.apache.tools.ant.taskdefs.optional,RenameExtensions,execute,Complex Conditional
ant-ANT_13_B2,org.apache.tools.ant.taskdefs.optional,ANTLRTest,test3,Magic Number
ant-ANT_13_B2,org.apache.tools.ant.taskdefs.optional.clearcase,CCCheckout,checkOptions,Complex Method
ant-ANT_13_B2,org.apache.tools.ant.taskdefs.optional.depend,Depend,determineDependencies,Complex Method
ant-ANT_13_B2,org.apache.tools.ant.taskdefs.optional.depend,Depend,deleteAffectedFiles,Complex Method
ant-ANT_13_B2,org.apache.tools.ant.taskdefs.optional.depend,Depend,deleteAffectedFiles,Long Statement
ant-ANT_13_B2,org.apache.tools.ant.taskdefs.optional.depend,Depend,deleteAffectedFiles,Long Statement
ant-ANT_13_B2,org.apache.tools.ant.taskdefs.optional.depend,Depend,execute,Complex Conditional
ant-ANT_13_B2,org.apache.tools.ant.taskdefs.optional.depend,Depend,addClassFiles,Magic Number
ant-ANT_13_B2,org.apache.tools.ant.taskdefs.optional.depend,JarFileIterator,getEntryBytes,Magic Number
ant-ANT_13_B2,org.apache.tools.ant.taskdefs.optional.depend,JarFileIterator,getEntryBytes,Magic Number
ant-ANT_13_B2,org.apache.tools.ant.taskdefs.optional.depend.constantpool,ConstantPool,getMethodRefEntry,Complex Conditional
ant-ANT_13_B2,org.apache.tools.ant.taskdefs.optional.depend.constantpool,ConstantPool,getMethodRefEntry,Long Statement
ant-ANT_13_B2,org.apache.tools.ant.taskdefs.optional.depend.constantpool,ConstantPool,getInterfaceMethodRefEntry,Complex Conditional
ant-ANT_13_B2,org.apache.tools.ant.taskdefs.optional.depend.constantpool,ConstantPool,getInterfaceMethodRefEntry,Long Statement
ant-ANT_13_B2,org.apache.tools.ant.taskdefs.optional.depend.constantpool,ConstantPool,getFieldRefEntry,Complex Conditional
ant-ANT_13_B2,org.apache.tools.ant.taskdefs.optional.depend.constantpool,ConstantPool,getFieldRefEntry,Long Statement
ant-ANT_13_B2,org.apache.tools.ant.taskdefs.optional.depend.constantpool,ConstantPoolEntry,readEntry,Complex Method
ant-ANT_13_B2,org.apache.tools.ant.taskdefs.optional.depend.constantpool,ConstantPoolEntry,readEntry,Missing default
ant-ANT_13_B2,org.apache.tools.ant.taskdefs.optional.depend.constantpool,DoubleCPInfo,DoubleCPInfo,Magic Number
ant-ANT_13_B2,org.apache.tools.ant.taskdefs.optional.depend.constantpool,InterfaceMethodRefCPInfo,toString,Long Statement
ant-ANT_13_B2,org.apache.tools.ant.taskdefs.optional.depend.constantpool,LongCPInfo,LongCPInfo,Magic Number
ant-ANT_13_B2,org.apache.tools.ant.taskdefs.optional.dotnet,CSharp,setTargetType,Complex Conditional
ant-ANT_13_B2,org.apache.tools.ant.taskdefs.optional.dotnet,CSharp,setTargetType,Long Statement
ant-ANT_13_B2,org.apache.tools.ant.taskdefs.optional.dotnet,CSharp,Clear,Magic Number
ant-ANT_13_B2,org.apache.tools.ant.taskdefs.optional.ejb,DescriptorHandler,resolveEntity,Empty catch clause
ant-ANT_13_B2,org.apache.tools.ant.taskdefs.optional.ejb,DescriptorHandler,startDocument,Magic Number
ant-ANT_13_B2,org.apache.tools.ant.taskdefs.optional.ejb,DescriptorHandler,processElement,Complex Conditional
ant-ANT_13_B2,org.apache.tools.ant.taskdefs.optional.ejb,DescriptorHandler,processElement,Long Statement
ant-ANT_13_B2,org.apache.tools.ant.taskdefs.optional.ejb,EjbcHelper,isRegenRequired,Complex Conditional
ant-ANT_13_B2,org.apache.tools.ant.taskdefs.optional.ejb,EjbcHelper,isRegenRequired,Complex Conditional
ant-ANT_13_B2,org.apache.tools.ant.taskdefs.optional.ejb,EjbcHelper,isRegenRequired,Complex Method
ant-ANT_13_B2,org.apache.tools.ant.taskdefs.optional.ejb,EjbcHelper,isRegenRequired,Long Statement
ant-ANT_13_B2,org.apache.tools.ant.taskdefs.optional.ejb,GenericDeploymentTool,addFileToJar,Empty catch clause
ant-ANT_13_B2,org.apache.tools.ant.taskdefs.optional.ejb,GenericDeploymentTool,addFileToJar,Long Statement
ant-ANT_13_B2,org.apache.tools.ant.taskdefs.optional.ejb,GenericDeploymentTool,addFileToJar,Magic Number
ant-ANT_13_B2,org.apache.tools.ant.taskdefs.optional.ejb,GenericDeploymentTool,addFileToJar,Magic Number
ant-ANT_13_B2,org.apache.tools.ant.taskdefs.optional.ejb,GenericDeploymentTool,processDescriptor,Complex Method
ant-ANT_13_B2,org.apache.tools.ant.taskdefs.optional.ejb,GenericDeploymentTool,processDescriptor,Empty catch clause
ant-ANT_13_B2,org.apache.tools.ant.taskdefs.optional.ejb,GenericDeploymentTool,processDescriptor,Long Statement
ant-ANT_13_B2,org.apache.tools.ant.taskdefs.optional.ejb,GenericDeploymentTool,processDescriptor,Long Statement
ant-ANT_13_B2,org.apache.tools.ant.taskdefs.optional.ejb,GenericDeploymentTool,writeJar,Empty catch clause
ant-ANT_13_B2,org.apache.tools.ant.taskdefs.optional.ejb,GenericDeploymentTool,addInterface,Long Statement
ant-ANT_13_B2,org.apache.tools.ant.taskdefs.optional.ejb,GenericDeploymentTool,addSuperClass,Long Statement
ant-ANT_13_B2,org.apache.tools.ant.taskdefs.optional.ejb,WLRun,executeWLS6,Complex Method
ant-ANT_13_B2,org.apache.tools.ant.taskdefs.optional.ejb,WLRun,executeWLS,Complex Method
ant-ANT_13_B2,org.apache.tools.ant.taskdefs.optional.ejb,WLRun,executeWLS,Long Statement
ant-ANT_13_B2,org.apache.tools.ant.taskdefs.optional.ejb,WeblogicDeploymentTool,getDescriptorHandler,Long Identifier
ant-ANT_13_B2,org.apache.tools.ant.taskdefs.optional.ejb,WeblogicDeploymentTool,addVendorFiles,Long Statement
ant-ANT_13_B2,org.apache.tools.ant.taskdefs.optional.ejb,WeblogicDeploymentTool,addVendorFiles,Long Statement
ant-ANT_13_B2,org.apache.tools.ant.taskdefs.optional.ejb,WeblogicDeploymentTool,isRebuildRequired,Complex Conditional
ant-ANT_13_B2,org.apache.tools.ant.taskdefs.optional.ejb,WeblogicDeploymentTool,isRebuildRequired,Complex Method
ant-ANT_13_B2,org.apache.tools.ant.taskdefs.optional.ejb,WeblogicDeploymentTool,isRebuildRequired,Empty catch clause
ant-ANT_13_B2,org.apache.tools.ant.taskdefs.optional.ejb,WeblogicDeploymentTool,isRebuildRequired,Empty catch clause
ant-ANT_13_B2,org.apache.tools.ant.taskdefs.optional.ejb,WeblogicDeploymentTool,isRebuildRequired,Empty catch clause
ant-ANT_13_B2,org.apache.tools.ant.taskdefs.optional.ejb,WeblogicDeploymentTool,isRebuildRequired,Long Method
ant-ANT_13_B2,org.apache.tools.ant.taskdefs.optional.ejb,WeblogicDeploymentTool,isRebuildRequired,Magic Number
ant-ANT_13_B2,org.apache.tools.ant.taskdefs.optional.ejb,WeblogicDeploymentTool,isRebuildRequired,Magic Number
ant-ANT_13_B2,org.apache.tools.ant.taskdefs.optional.ide,VAJAntTool,main,Magic Number
ant-ANT_13_B2,org.apache.tools.ant.taskdefs.optional.ide,VAJAntToolGUI,actionPerformed,Complex Method
ant-ANT_13_B2,org.apache.tools.ant.taskdefs.optional.ide,VAJAntToolGUI,actionPerformed,Long Statement
ant-ANT_13_B2,org.apache.tools.ant.taskdefs.optional.ide,VAJAntToolGUI,itemStateChanged,Long Statement
ant-ANT_13_B2,org.apache.tools.ant.taskdefs.optional.ide,VAJAntToolGUI,propertyChange,Long Statement
ant-ANT_13_B2,org.apache.tools.ant.taskdefs.optional.ide,VAJAntToolGUI,propertyChange,Long Statement
ant-ANT_13_B2,org.apache.tools.ant.taskdefs.optional.ide,VAJAntToolGUI,centerDialog,Long Statement
ant-ANT_13_B2,org.apache.tools.ant.taskdefs.optional.ide,VAJAntToolGUI,centerDialog,Magic Number
ant-ANT_13_B2,org.apache.tools.ant.taskdefs.optional.ide,VAJAntToolGUI,centerDialog,Magic Number
ant-ANT_13_B2,org.apache.tools.ant.taskdefs.optional.ide,VAJAntToolGUI,centerDialog,Magic Number
ant-ANT_13_B2,org.apache.tools.ant.taskdefs.optional.ide,VAJAntToolGUI,centerDialog,Magic Number
ant-ANT_13_B2,org.apache.tools.ant.taskdefs.optional.ide,VAJAntToolGUI,formatTime,Long Statement
ant-ANT_13_B2,org.apache.tools.ant.taskdefs.optional.ide,VAJAntToolGUI,formatTime,Magic Number
ant-ANT_13_B2,org.apache.tools.ant.taskdefs.optional.ide,VAJAntToolGUI,formatTime,Magic Number
ant-ANT_13_B2,org.apache.tools.ant.taskdefs.optional.ide,VAJAntToolGUI,formatTime,Magic Number
ant-ANT_13_B2,org.apache.tools.ant.taskdefs.optional.ide,VAJAntToolGUI,formatTime,Magic Number
ant-ANT_13_B2,org.apache.tools.ant.taskdefs.optional.ide,VAJAntToolGUI,formatTime,Magic Number
ant-ANT_13_B2,org.apache.tools.ant.taskdefs.optional.ide,VAJAntToolGUI,getAboutDialog,Magic Number
ant-ANT_13_B2,org.apache.tools.ant.taskdefs.optional.ide,VAJAntToolGUI,getAboutDialog,Magic Number
ant-ANT_13_B2,org.apache.tools.ant.taskdefs.optional.ide,VAJAntToolGUI,getAboutDialog,Magic Number
ant-ANT_13_B2,org.apache.tools.ant.taskdefs.optional.ide,VAJAntToolGUI,getAboutDialog,Magic Number
ant-ANT_13_B2,org.apache.tools.ant.taskdefs.optional.ide,VAJAntToolGUI,getAboutInfoPanel,Magic Number
ant-ANT_13_B2,org.apache.tools.ant.taskdefs.optional.ide,VAJAntToolGUI,getAboutInfoPanel,Magic Number
ant-ANT_13_B2,org.apache.tools.ant.taskdefs.optional.ide,VAJAntToolGUI,getAboutInfoPanel,Magic Number
ant-ANT_13_B2,org.apache.tools.ant.taskdefs.optional.ide,VAJAntToolGUI,getAboutInfoPanel,Magic Number
ant-ANT_13_B2,org.apache.tools.ant.taskdefs.optional.ide,VAJAntToolGUI,getAboutInfoPanel,Magic Number
ant-ANT_13_B2,org.apache.tools.ant.taskdefs.optional.ide,VAJAntToolGUI,getAboutInfoPanel,Magic Number
ant-ANT_13_B2,org.apache.tools.ant.taskdefs.optional.ide,VAJAntToolGUI,getAboutTitleLabel,Magic Number
ant-ANT_13_B2,org.apache.tools.ant.taskdefs.optional.ide,VAJAntToolGUI,getMessageFrame,Long Statement
ant-ANT_13_B2,org.apache.tools.ant.taskdefs.optional.ide,VAJAntToolGUI,getMessageFrame,Magic Number
ant-ANT_13_B2,org.apache.tools.ant.taskdefs.optional.ide,VAJAntToolGUI,getMessageFrame,Magic Number
ant-ANT_13_B2,org.apache.tools.ant.taskdefs.optional.ide,VAJAntToolGUI,getMessageFrame,Magic Number
ant-ANT_13_B2,org.apache.tools.ant.taskdefs.optional.ide,VAJAntToolGUI,getMessageFrame,Magic Number
ant-ANT_13_B2,org.apache.tools.ant.taskdefs.optional.ide,VAJAntToolGUI,getMessageFrame,Magic Number
ant-ANT_13_B2,org.apache.tools.ant.taskdefs.optional.ide,VAJAntToolGUI,getMessageOutputLevelChoice,Magic Number
ant-ANT_13_B2,org.apache.tools.ant.taskdefs.optional.ide,VAJAntToolGUI,getMessageTextArea,Magic Number
ant-ANT_13_B2,org.apache.tools.ant.taskdefs.optional.ide,VAJAntToolGUI,getOptionenPanel,Long Identifier
ant-ANT_13_B2,org.apache.tools.ant.taskdefs.optional.ide,VAJAntToolGUI,getOptionenPanel,Magic Number
ant-ANT_13_B2,org.apache.tools.ant.taskdefs.optional.ide,VAJAntToolGUI,getOptionenPanel,Magic Number
ant-ANT_13_B2,org.apache.tools.ant.taskdefs.optional.ide,VAJAntToolGUI,getOptionenPanel,Magic Number
ant-ANT_13_B2,org.apache.tools.ant.taskdefs.optional.ide,VAJAntToolGUI,getOptionenPanel,Magic Number
ant-ANT_13_B2,org.apache.tools.ant.taskdefs.optional.ide,VAJAntToolGUI,getOptionenPanel,Magic Number
ant-ANT_13_B2,org.apache.tools.ant.taskdefs.optional.ide,VAJAntToolGUI,getOptionenPanel,Magic Number
ant-ANT_13_B2,org.apache.tools.ant.taskdefs.optional.ide,VAJAntToolGUI,getOptionenPanel,Magic Number
ant-ANT_13_B2,org.apache.tools.ant.taskdefs.optional.ide,VAJAntToolGUI,getOptionenPanel,Magic Number
ant-ANT_13_B2,org.apache.tools.ant.taskdefs.optional.ide,VAJAntToolGUI,getOptionenPanel,Magic Number
ant-ANT_13_B2,org.apache.tools.ant.taskdefs.optional.ide,VAJAntToolGUI,getOptionenPanel,Magic Number
ant-ANT_13_B2,org.apache.tools.ant.taskdefs.optional.ide,VAJAntToolGUI,getOptionenPanel,Magic Number
ant-ANT_13_B2,org.apache.tools.ant.taskdefs.optional.ide,VAJAntToolGUI,getOptionenPanel,Magic Number
ant-ANT_13_B2,org.apache.tools.ant.taskdefs.optional.ide,VAJAntToolGUI,getOptionenPanel,Magic Number
ant-ANT_13_B2,org.apache.tools.ant.taskdefs.optional.ide,VAJAntToolGUI,getOptionenPanel,Magic Number
ant-ANT_13_B2,org.apache.tools.ant.taskdefs.optional.ide,VAJAntToolGUI,getOptionenPanel,Magic Number
ant-ANT_13_B2,org.apache.tools.ant.taskdefs.optional.ide,VAJAntToolGUI,getOptionenPanel,Magic Number
ant-ANT_13_B2,org.apache.tools.ant.taskdefs.optional.ide,VAJAntToolGUI,getOptionenPanel,Magic Number
ant-ANT_13_B2,org.apache.tools.ant.taskdefs.optional.ide,VAJAntToolGUI,getOptionenPanel,Magic Number
ant-ANT_13_B2,org.apache.tools.ant.taskdefs.optional.ide,VAJAntToolGUI,getOptionenPanel,Magic Number
ant-ANT_13_B2,org.apache.tools.ant.taskdefs.optional.ide,VAJAntToolGUI,getOptionenPanel,Magic Number
ant-ANT_13_B2,org.apache.tools.ant.taskdefs.optional.ide,VAJAntToolGUI,getOptionenPanel,Magic Number
ant-ANT_13_B2,org.apache.tools.ant.taskdefs.optional.ide,VAJAntToolGUI,getOptionenPanel,Magic Number
ant-ANT_13_B2,org.apache.tools.ant.taskdefs.optional.ide,VAJAntToolGUI,getOptionenPanel,Magic Number
ant-ANT_13_B2,org.apache.tools.ant.taskdefs.optional.ide,VAJAntToolGUI,getOptionenPanel,Magic Number
ant-ANT_13_B2,org.apache.tools.ant.taskdefs.optional.ide,VAJAntToolGUI,getOptionenPanel,Magic Number
ant-ANT_13_B2,org.apache.tools.ant.taskdefs.optional.ide,VAJAntToolGUI,getOptionenPanel,Magic Number
ant-ANT_13_B2,org.apache.tools.ant.taskdefs.optional.ide,VAJAntToolGUI,getOptionenPanel,Magic Number
ant-ANT_13_B2,org.apache.tools.ant.taskdefs.optional.ide,VAJAntToolGUI,getOptionenPanel,Magic Number
ant-ANT_13_B2,org.apache.tools.ant.taskdefs.optional.ide,VAJAntToolGUI,getOptionenPanel,Magic Number
ant-ANT_13_B2,org.apache.tools.ant.taskdefs.optional.ide,VAJAntToolGUI,getOptionenPanel,Magic Number
ant-ANT_13_B2,org.apache.tools.ant.taskdefs.optional.ide,VAJAntToolGUI,getOptionenPanel,Magic Number
ant-ANT_13_B2,org.apache.tools.ant.taskdefs.optional.ide,VAJAntToolGUI,getOptionenPanel,Magic Number
ant-ANT_13_B2,org.apache.tools.ant.taskdefs.optional.ide,VAJAntToolGUI,getOptionenPanel,Magic Number
ant-ANT_13_B2,org.apache.tools.ant.taskdefs.optional.ide,VAJAntToolGUI,getOptionenPanel,Magic Number
ant-ANT_13_B2,org.apache.tools.ant.taskdefs.optional.ide,VAJAntToolGUI,getOptionenPanel,Magic Number
ant-ANT_13_B2,org.apache.tools.ant.taskdefs.optional.ide,VAJAntToolGUI,getOptionenPanel,Magic Number
ant-ANT_13_B2,org.apache.tools.ant.taskdefs.optional.ide,VAJAntToolGUI,getOptionenPanel,Magic Number
ant-ANT_13_B2,org.apache.tools.ant.taskdefs.optional.ide,VAJAntToolGUI,getOptionenPanel,Magic Number
ant-ANT_13_B2,org.apache.tools.ant.taskdefs.optional.ide,VAJAntToolGUI,getOptionenPanel,Magic Number
ant-ANT_13_B2,org.apache.tools.ant.taskdefs.optional.ide,VAJAntToolGUI,getOptionenPanel,Magic Number
ant-ANT_13_B2,org.apache.tools.ant.taskdefs.optional.ide,VAJAntToolGUI,getOptionenPanel,Magic Number
ant-ANT_13_B2,org.apache.tools.ant.taskdefs.optional.ide,VAJAntToolGUI,getOptionenPanel,Magic Number
ant-ANT_13_B2,org.apache.tools.ant.taskdefs.optional.ide,VAJAntToolGUI,getOptionenPanel,Magic Number
ant-ANT_13_B2,org.apache.tools.ant.taskdefs.optional.ide,VAJAntToolGUI,initialize,Long Statement
ant-ANT_13_B2,org.apache.tools.ant.taskdefs.optional.ide,VAJAntToolGUI,initialize,Magic Number
ant-ANT_13_B2,org.apache.tools.ant.taskdefs.optional.ide,VAJAntToolGUI,initialize,Magic Number
ant-ANT_13_B2,org.apache.tools.ant.taskdefs.optional.ide,VAJAntToolGUI,initialize,Magic Number
ant-ANT_13_B2,org.apache.tools.ant.taskdefs.optional.ide,VAJAntToolGUI,initialize,Magic Number
ant-ANT_13_B2,org.apache.tools.ant.taskdefs.optional.ide,VAJAntToolGUI,initialize,Magic Number
ant-ANT_13_B2,org.apache.tools.ant.taskdefs.optional.ide,PrivateEventHandler,actionPerformed,Complex Method
ant-ANT_13_B2,org.apache.tools.ant.taskdefs.optional.ide,PrivateEventHandler,actionPerformed,Long Statement
ant-ANT_13_B2,org.apache.tools.ant.taskdefs.optional.ide,PrivateEventHandler,itemStateChanged,Long Statement
ant-ANT_13_B2,org.apache.tools.ant.taskdefs.optional.ide,PrivateEventHandler,propertyChange,Long Statement
ant-ANT_13_B2,org.apache.tools.ant.taskdefs.optional.ide,PrivateEventHandler,propertyChange,Long Statement
ant-ANT_13_B2,org.apache.tools.ant.taskdefs.optional.ide,VAJBuildInfo,parse,Empty catch clause
ant-ANT_13_B2,org.apache.tools.ant.taskdefs.optional.ide,VAJImport,importFileset,Complex Method
ant-ANT_13_B2,org.apache.tools.ant.taskdefs.optional.ide,VAJImport,scan,Long Parameter List
ant-ANT_13_B2,org.apache.tools.ant.taskdefs.optional.javacc,JJTree,execute,Complex Method
ant-ANT_13_B2,org.apache.tools.ant.taskdefs.optional.jlink,ConstantPool,ConstantPool,Complex Method
ant-ANT_13_B2,org.apache.tools.ant.taskdefs.optional.jlink,ClassNameReader,getClassName,Magic Number
ant-ANT_13_B2,org.apache.tools.ant.taskdefs.optional.jlink,jlink,link,Empty catch clause
ant-ANT_13_B2,org.apache.tools.ant.taskdefs.optional.jlink,jlink,main,Magic Number
ant-ANT_13_B2,org.apache.tools.ant.taskdefs.optional.jlink,jlink,getEntryName,Empty catch clause
ant-ANT_13_B2,org.apache.tools.ant.taskdefs.optional.jlink,jlink,processEntry,Empty catch clause
ant-ANT_13_B2,org.apache.tools.ant.taskdefs.optional.jsp,WLJspc,execute,Complex Method
ant-ANT_13_B2,org.apache.tools.ant.taskdefs.optional.jsp,WLJspc,execute,Magic Number
ant-ANT_13_B2,org.apache.tools.ant.taskdefs.optional.jsp,WLJspc,execute,Magic Number
ant-ANT_13_B2,org.apache.tools.ant.taskdefs.optional.jsp,WLJspc,execute,Magic Number
ant-ANT_13_B2,org.apache.tools.ant.taskdefs.optional.junit,AggregateTransformer,copy,Magic Number
ant-ANT_13_B2,org.apache.tools.ant.taskdefs.optional.junit,DOMUtil,getChildByTagName,Complex Conditional
ant-ANT_13_B2,org.apache.tools.ant.taskdefs.optional.junit,DOMUtil,importNode,Complex Method
ant-ANT_13_B2,org.apache.tools.ant.taskdefs.optional.junit,DOMUtil,importNode,Empty catch clause
ant-ANT_13_B2,org.apache.tools.ant.taskdefs.optional.junit,DOMUtil,importNode,Missing default
ant-ANT_13_B2,org.apache.tools.ant.taskdefs.optional.junit,JUnitTask,execute,Complex Conditional
ant-ANT_13_B2,org.apache.tools.ant.taskdefs.optional.junit,JUnitTask,executeAsForked,Magic Number
ant-ANT_13_B2,org.apache.tools.ant.taskdefs.optional.junit,JUnitTask,executeInVM,Complex Method
ant-ANT_13_B2,org.apache.tools.ant.taskdefs.optional.junit,JUnitTestRunner,JUnitTestRunner,Empty catch clause
ant-ANT_13_B2,org.apache.tools.ant.taskdefs.optional.junit,JUnitTestRunner,JUnitTestRunner,Empty catch clause
ant-ANT_13_B2,org.apache.tools.ant.taskdefs.optional.junit,JUnitTestRunner,JUnitTestRunner,Empty catch clause
ant-ANT_13_B2,org.apache.tools.ant.taskdefs.optional.junit,JUnitTestRunner,main,Magic Number
ant-ANT_13_B2,org.apache.tools.ant.taskdefs.optional.junit,JUnitTestRunner,main,Magic Number
ant-ANT_13_B2,org.apache.tools.ant.taskdefs.optional.junit,JUnitTestRunner,main,Magic Number
ant-ANT_13_B2,org.apache.tools.ant.taskdefs.optional.junit,PlainJUnitResultFormatter,endTestSuite,Empty catch clause
ant-ANT_13_B2,org.apache.tools.ant.taskdefs.optional.junit,PlainJUnitResultFormatter,endTestSuite,Magic Number
ant-ANT_13_B2,org.apache.tools.ant.taskdefs.optional.junit,PlainJUnitResultFormatter,endTest,Magic Number
ant-ANT_13_B2,org.apache.tools.ant.taskdefs.optional.junit,SummaryJUnitResultFormatter,endTestSuite,Empty catch clause
ant-ANT_13_B2,org.apache.tools.ant.taskdefs.optional.junit,SummaryJUnitResultFormatter,endTestSuite,Magic Number
ant-ANT_13_B2,org.apache.tools.ant.taskdefs.optional.junit,XMLJUnitResultFormatter,endTestSuite,Empty catch clause
ant-ANT_13_B2,org.apache.tools.ant.taskdefs.optional.junit,XMLJUnitResultFormatter,endTestSuite,Magic Number
ant-ANT_13_B2,org.apache.tools.ant.taskdefs.optional.junit,XMLJUnitResultFormatter,endTest,Magic Number
ant-ANT_13_B2,org.apache.tools.ant.taskdefs.optional.metamata,MParse,checkOptions,Complex Conditional
ant-ANT_13_B2,org.apache.tools.ant.taskdefs.optional.metamata,MParse,generateOptionsFile,Empty catch clause
ant-ANT_13_B2,org.apache.tools.ant.taskdefs.optional.net,FTP,scandir,Complex Method
ant-ANT_13_B2,org.apache.tools.ant.taskdefs.optional.net,FTP,transferFiles,Complex Conditional
ant-ANT_13_B2,org.apache.tools.ant.taskdefs.optional.net,FTP,transferFiles,Complex Method
ant-ANT_13_B2,org.apache.tools.ant.taskdefs.optional.net,FTP,transferFiles,Missing default
ant-ANT_13_B2,org.apache.tools.ant.taskdefs.optional.net,FTP,createParents,Complex Conditional
ant-ANT_13_B2,org.apache.tools.ant.taskdefs.optional.net,FTP,createParents,Magic Number
ant-ANT_13_B2,org.apache.tools.ant.taskdefs.optional.net,FTP,createParents,Magic Number
ant-ANT_13_B2,org.apache.tools.ant.taskdefs.optional.net,FTP,sendFile,Empty catch clause
ant-ANT_13_B2,org.apache.tools.ant.taskdefs.optional.net,FTP,getFile,Empty catch clause
ant-ANT_13_B2,org.apache.tools.ant.taskdefs.optional.net,FTP,execute,Complex Method
ant-ANT_13_B2,org.apache.tools.ant.taskdefs.optional.net,FTPDirectoryScanner,scandir,Complex Method
ant-ANT_13_B2,org.apache.tools.ant.taskdefs.optional.net,TelnetTask,waitForString,Magic Number
ant-ANT_13_B2,org.apache.tools.ant.taskdefs.optional.net,AntTelnetClient,waitForString,Magic Number
ant-ANT_13_B2,org.apache.tools.ant.taskdefs.optional.perforce,P4Base,execP4Command,Empty catch clause
ant-ANT_13_B2,org.apache.tools.ant.taskdefs.optional.perforce,P4HandlerAdapter,start,Complex Conditional
ant-ANT_13_B2,org.apache.tools.ant.taskdefs.optional.perforce,P4Sync,setForce,Long Statement
ant-ANT_13_B2,org.apache.tools.ant.taskdefs.optional.scm,AntStarTeamCheckOut,execute,Complex Conditional
ant-ANT_13_B2,org.apache.tools.ant.taskdefs.optional.scm,AntStarTeamCheckOut,execute,Complex Conditional
ant-ANT_13_B2,org.apache.tools.ant.taskdefs.optional.scm,AntStarTeamCheckOut,execute,Complex Method
ant-ANT_13_B2,org.apache.tools.ant.taskdefs.optional.scm,AntStarTeamCheckOut,runType,Magic Number
ant-ANT_13_B2,org.apache.tools.ant.taskdefs.optional.scm,AntStarTeamCheckOut,runFolder,Long Parameter List
ant-ANT_13_B2,org.apache.tools.ant.taskdefs.optional.scm,AntStarTeamCheckOut,runItem,Complex Method
ant-ANT_13_B2,org.apache.tools.ant.taskdefs.optional.scm,AntStarTeamCheckOut,runItem,Long Parameter List
ant-ANT_13_B2,org.apache.tools.ant.taskdefs.optional.scm,AntStarTeamCheckOut,runItem,Magic Number
ant-ANT_13_B2,org.apache.tools.ant.taskdefs.optional.scm,AntStarTeamCheckOut,formatForDisplay,Magic Number
ant-ANT_13_B2,org.apache.tools.ant.taskdefs.optional.scm,AntStarTeamCheckOut,formatForDisplay,Magic Number
ant-ANT_13_B2,org.apache.tools.ant.taskdefs.optional.scm,AntStarTeamCheckOut,match,Complex Method
ant-ANT_13_B2,org.apache.tools.ant.taskdefs.optional.sound,AntSoundPlayer,playClip,Empty catch clause
ant-ANT_13_B2,org.apache.tools.ant.taskdefs.optional.vss,MSVSS,setVsspath,Magic Number
ant-ANT_13_B2,org.apache.tools.ant.types,Commandline,getArguments,Magic Number
ant-ANT_13_B2,org.apache.tools.ant.types,Commandline,translateCommandline,Complex Method
ant-ANT_13_B2,org.apache.tools.ant.types,Commandline,translateCommandline,Magic Number
ant-ANT_13_B2,org.apache.tools.ant.types,Commandline,translateCommandline,Missing default
ant-ANT_13_B2,org.apache.tools.ant.types,CommandlineJava,getCommandline,Magic Number
ant-ANT_13_B2,org.apache.tools.ant.types,CommandlineJava,size,Magic Number
ant-ANT_13_B2,org.apache.tools.ant.types,Mapper,setRefid,Complex Conditional
ant-ANT_13_B2,org.apache.tools.ant.types,Path,list,Complex Method
ant-ANT_13_B2,org.apache.tools.ant.types,Path,list,Magic Number
ant-ANT_13_B2,org.apache.tools.ant.types,CommandlineJavaTest,testGetCommandline,Magic Number
ant-ANT_13_B2,org.apache.tools.ant.types,CommandlineJavaTest,testGetCommandline,Magic Number
ant-ANT_13_B2,org.apache.tools.ant.types,CommandlineJavaTest,testGetCommandline,Magic Number
ant-ANT_13_B2,org.apache.tools.ant.types,CommandlineJavaTest,testGetCommandline,Magic Number
ant-ANT_13_B2,org.apache.tools.ant.types,CommandlineJavaTest,testGetCommandline,Magic Number
ant-ANT_13_B2,org.apache.tools.ant.types,CommandlineJavaTest,testGetCommandline,Magic Number
ant-ANT_13_B2,org.apache.tools.ant.types,CommandlineJavaTest,testGetCommandline,Magic Number
ant-ANT_13_B2,org.apache.tools.ant.types,CommandlineJavaTest,testGetCommandline,Magic Number
ant-ANT_13_B2,org.apache.tools.ant.types,CommandlineJavaTest,testGetCommandline,Magic Number
ant-ANT_13_B2,org.apache.tools.ant.types,CommandlineTest,testTokenizer,Magic Number
ant-ANT_13_B2,org.apache.tools.ant.types,CommandlineTest,testTokenizer,Magic Number
ant-ANT_13_B2,org.apache.tools.ant.types,CommandlineTest,testTokenizer,Magic Number
ant-ANT_13_B2,org.apache.tools.ant.types,CommandlineTest,testTokenizer,Magic Number
ant-ANT_13_B2,org.apache.tools.ant.types,CommandlineTest,testTokenizer,Magic Number
ant-ANT_13_B2,org.apache.tools.ant.types,CommandlineTest,testTokenizer,Magic Number
ant-ANT_13_B2,org.apache.tools.ant.types,CommandlineTest,testTokenizer,Magic Number
ant-ANT_13_B2,org.apache.tools.ant.types,CommandlineTest,testTokenizer,Magic Number
ant-ANT_13_B2,org.apache.tools.ant.types,CommandlineTest,testTokenizer,Magic Number
ant-ANT_13_B2,org.apache.tools.ant.types,EnumeratedAttributeTest,testExceptions,Empty catch clause
ant-ANT_13_B2,org.apache.tools.ant.types,EnumeratedAttributeTest,testExceptions,Empty catch clause
ant-ANT_13_B2,org.apache.tools.ant.types,PathTest,testConstructor,Magic Number
ant-ANT_13_B2,org.apache.tools.ant.types,PathTest,testConstructor,Magic Number
ant-ANT_13_B2,org.apache.tools.ant.types,PathTest,testConstructor,Magic Number
ant-ANT_13_B2,org.apache.tools.ant.types,PathTest,testConstructor,Magic Number
ant-ANT_13_B2,org.apache.tools.ant.types,PathTest,testConstructor,Magic Number
ant-ANT_13_B2,org.apache.tools.ant.types,PathTest,testConstructor,Magic Number
ant-ANT_13_B2,org.apache.tools.ant.types,PathTest,testConstructor,Magic Number
ant-ANT_13_B2,org.apache.tools.ant.types,PathTest,testAppending,Magic Number
ant-ANT_13_B2,org.apache.tools.ant.types,PathTest,testAppending,Magic Number
ant-ANT_13_B2,org.apache.tools.ant.types,PathTest,testAppending,Magic Number
ant-ANT_13_B2,org.apache.tools.ant.types,PathTest,testAppending,Magic Number
ant-ANT_13_B2,org.apache.tools.ant.types,PathTest,testAppending,Magic Number
ant-ANT_13_B2,org.apache.tools.ant.util,DOMElementWriter,write,Complex Method
ant-ANT_13_B2,org.apache.tools.ant.util,DOMElementWriter,encode,Missing default
ant-ANT_13_B2,org.apache.tools.ant.util,DOMElementWriter,isReference,Magic Number
ant-ANT_13_B2,org.apache.tools.ant.util,DOMElementWriter,isReference,Magic Number
ant-ANT_13_B2,org.apache.tools.ant.util,DOMElementWriter,isReference,Magic Number
ant-ANT_13_B2,org.apache.tools.ant.util,DOMElementWriter,isReference,Magic Number
ant-ANT_13_B2,org.apache.tools.ant.util,GlobPatternMapper,mapFileName,Complex Conditional
ant-ANT_13_B2,org.apache.tools.ant.util,RegexpPatternMapper,mapFileName,Complex Conditional
ant-ANT_13_B2,org.apache.tools.ant.util,RegexpPatternMapper,replaceReferences,Magic Number
ant-ANT_13_B2,org.apache.tools.ant.util,SourceFileScanner,restrict,Complex Method
ant-ANT_13_B2,org.apache.tools.ant.util,SourceFileScanner,restrict,Long Statement
ant-ANT_13_B2,org.apache.tools.ant.util,SourceFileScanner,restrict,Magic Number
ant-ANT_13_B2,org.apache.tools.ant.util.regexp,RegexpMatcherFactory,newRegexpMatcher,Empty catch clause
ant-ANT_13_B2,org.apache.tools.ant.util.regexp,RegexpMatcherFactory,newRegexpMatcher,Empty catch clause
ant-ANT_13_B2,org.apache.tools.ant.util.regexp,RegexpMatcherTest,testGroups,Magic Number
ant-ANT_13_B2,org.apache.tools.ant.util.regexp,RegexpMatcherTest,testGroups,Magic Number
ant-ANT_13_B2,org.apache.tools.ant.util.regexp,RegexpMatcherTest,testGroups,Magic Number
ant-ANT_13_B2,org.apache.tools.mail,MailMessage,sanitizeAddress,Complex Method
ant-ANT_13_B2,org.apache.tools.mail,MailMessage,connect,Magic Number
ant-ANT_13_B2,org.apache.tools.mail,SmtpResponseReader,getResponse,Magic Number
ant-ANT_13_B2,org.apache.tools.mail,SmtpResponseReader,hasMoreLines,Magic Number
ant-ANT_13_B2,org.apache.tools.mail,SmtpResponseReader,append,Magic Number
ant-ANT_13_B2,org.apache.tools.tar,TarBuffer,writeRecord,Long Statement
ant-ANT_13_B2,org.apache.tools.tar,TarBuffer,writeRecord,Long Statement
ant-ANT_13_B2,org.apache.tools.tar,TarEntry,TarEntry,Magic Number
ant-ANT_13_B2,org.apache.tools.tar,TarEntry,TarEntry,Magic Number
ant-ANT_13_B2,org.apache.tools.tar,TarEntry,TarEntry,Magic Number
ant-ANT_13_B2,org.apache.tools.tar,TarEntry,TarEntry,Magic Number
ant-ANT_13_B2,org.apache.tools.tar,TarEntry,TarEntry,Magic Number
ant-ANT_13_B2,org.apache.tools.tar,TarEntry,TarEntry,Complex Conditional
ant-ANT_13_B2,org.apache.tools.tar,TarEntry,TarEntry,Complex Method
ant-ANT_13_B2,org.apache.tools.tar,TarEntry,TarEntry,Magic Number
ant-ANT_13_B2,org.apache.tools.tar,TarEntry,TarEntry,Magic Number
ant-ANT_13_B2,org.apache.tools.tar,TarEntry,TarEntry,Magic Number
ant-ANT_13_B2,org.apache.tools.tar,TarEntry,TarEntry,Magic Number
ant-ANT_13_B2,org.apache.tools.tar,TarEntry,TarEntry,Magic Number
ant-ANT_13_B2,org.apache.tools.tar,TarEntry,setModTime,Magic Number
ant-ANT_13_B2,org.apache.tools.tar,TarEntry,setModTime,Magic Number
ant-ANT_13_B2,org.apache.tools.tar,TarEntry,getModTime,Magic Number
ant-ANT_13_B2,org.apache.tools.tar,TarInputStream,skip,Magic Number
ant-ANT_13_B2,org.apache.tools.tar,TarInputStream,skip,Magic Number
ant-ANT_13_B2,org.apache.tools.tar,TarInputStream,getNextEntry,Complex Conditional
ant-ANT_13_B2,org.apache.tools.tar,TarInputStream,getNextEntry,Complex Method
ant-ANT_13_B2,org.apache.tools.tar,TarInputStream,getNextEntry,Long Statement
ant-ANT_13_B2,org.apache.tools.tar,TarInputStream,getNextEntry,Long Statement
ant-ANT_13_B2,org.apache.tools.tar,TarInputStream,getNextEntry,Long Statement
ant-ANT_13_B2,org.apache.tools.tar,TarInputStream,getNextEntry,Long Statement
ant-ANT_13_B2,org.apache.tools.tar,TarInputStream,getNextEntry,Magic Number
ant-ANT_13_B2,org.apache.tools.tar,TarInputStream,getNextEntry,Magic Number
ant-ANT_13_B2,org.apache.tools.tar,TarInputStream,getNextEntry,Magic Number
ant-ANT_13_B2,org.apache.tools.tar,TarInputStream,getNextEntry,Magic Number
ant-ANT_13_B2,org.apache.tools.tar,TarInputStream,getNextEntry,Magic Number
ant-ANT_13_B2,org.apache.tools.tar,TarInputStream,getNextEntry,Magic Number
ant-ANT_13_B2,org.apache.tools.tar,TarInputStream,getNextEntry,Magic Number
ant-ANT_13_B2,org.apache.tools.tar,TarInputStream,getNextEntry,Magic Number
ant-ANT_13_B2,org.apache.tools.tar,TarInputStream,getNextEntry,Magic Number
ant-ANT_13_B2,org.apache.tools.tar,TarInputStream,getNextEntry,Magic Number
ant-ANT_13_B2,org.apache.tools.tar,TarInputStream,getNextEntry,Magic Number
ant-ANT_13_B2,org.apache.tools.tar,TarInputStream,getNextEntry,Magic Number
ant-ANT_13_B2,org.apache.tools.tar,TarInputStream,getNextEntry,Magic Number
ant-ANT_13_B2,org.apache.tools.tar,TarInputStream,getNextEntry,Magic Number
ant-ANT_13_B2,org.apache.tools.tar,TarInputStream,getNextEntry,Magic Number
ant-ANT_13_B2,org.apache.tools.tar,TarInputStream,getNextEntry,Magic Number
ant-ANT_13_B2,org.apache.tools.tar,TarInputStream,read,Complex Method
ant-ANT_13_B2,org.apache.tools.tar,TarInputStream,copyEntryContents,Magic Number
ant-ANT_13_B2,org.apache.tools.tar,TarInputStream,copyEntryContents,Magic Number
ant-ANT_13_B2,org.apache.tools.tar,TarOutputStream,closeEntry,Long Statement
ant-ANT_13_B2,org.apache.tools.tar,TarOutputStream,write,Long Statement
ant-ANT_13_B2,org.apache.tools.tar,TarUtils,parseOctal,Magic Number
ant-ANT_13_B2,org.apache.tools.tar,TarUtils,getOctalBytes,Magic Number
ant-ANT_13_B2,org.apache.tools.tar,TarUtils,getOctalBytes,Magic Number
ant-ANT_13_B2,org.apache.tools.tar,TarUtils,getCheckSumOctalBytes,Magic Number
ant-ANT_13_B2,org.apache.tools.tar,TarUtils,computeCheckSum,Magic Number
