Project Name,Package Name,Type Name,NOF,NOPF,NOM,NOPM,LOC,WMC,NC,DIT,LCOM,FANIN,FANOUT
ant-ANT_13_B2,(default package),Bootstrap,0,0,3,1,78,11,0,0,-1.0,1,0
ant-ANT_13_B2,(default package),Bootstrap2,3,0,9,1,191,28,0,0,0.7777777777777778,0,1
ant-ANT_13_B2,(default package),ant,0,0,1,1,5,1,0,0,-1.0,0,1
ant-ANT_13_B2,org.apache.ant.buildtarget,BuildTargetTask,2,0,3,3,45,5,0,0,0.0,0,0
ant-ANT_13_B2,org.apache.ant.echo,EchoTask,1,0,2,2,23,2,0,0,0.0,0,0
ant-ANT_13_B2,org.apache.ant,AbstractTask,1,0,3,3,56,8,0,0,1.0,0,1
ant-ANT_13_B2,org.apache.ant,AntException,4,0,11,8,90,11,0,0,0.5454545454545454,6,3
ant-ANT_13_B2,org.apache.ant,AntFrontEnd,3,3,8,8,58,8,0,0,0.875,3,3
ant-ANT_13_B2,org.apache.ant,Project,9,0,20,20,164,20,0,0,0.25,9,4
ant-ANT_13_B2,org.apache.ant,ProjectBuilder,15,0,8,6,223,35,0,0,0.25,2,6
ant-ANT_13_B2,org.apache.ant,BuilderHandlerBase,12,0,5,3,166,31,0,0,0.0,0,4
ant-ANT_13_B2,org.apache.ant,Target,3,0,6,6,51,6,0,0,0.5,6,1
ant-ANT_13_B2,org.apache.ant,Task,2,0,7,7,47,7,0,0,0.2857142857142857,10,0
ant-ANT_13_B2,org.apache.ant,TaskManager,3,0,8,1,124,18,0,0,0.25,2,2
ant-ANT_13_B2,org.apache.ant,AntException,0,0,2,2,8,2,0,0,-1.0,0,0
ant-ANT_13_B2,org.apache.ant,AntContextResources,6,0,0,0,12,0,0,0,-1.0,0,0
ant-ANT_13_B2,org.apache.ant,AntEngine,0,0,3,0,21,3,1,0,-1.0,1,0
ant-ANT_13_B2,org.apache.ant,AntException,0,0,2,2,21,2,0,0,-1.0,0,0
ant-ANT_13_B2,org.apache.ant,Constants,2,0,0,0,8,0,0,0,-1.0,1,0
ant-ANT_13_B2,org.apache.ant,DefaultAntEngine,15,0,16,5,255,22,0,1,0.125,0,8
ant-ANT_13_B2,org.apache.ant,Main,19,1,9,1,261,40,0,0,0.0,1,9
ant-ANT_13_B2,org.apache.ant.cli,CLIFrontEnd,4,0,13,10,204,32,0,0,0.0,1,0
ant-ANT_13_B2,org.apache.ant.cli,Main,0,0,1,1,28,2,0,0,-1.0,0,1
ant-ANT_13_B2,org.apache.tools.ant,AntException,1,0,6,6,32,8,0,0,0.3333333333333333,0,0
ant-ANT_13_B2,org.apache.tools.ant,AntSecurityManager,0,0,2,2,17,2,0,0,-1.0,0,0
ant-ANT_13_B2,org.apache.tools.ant,BuildEvent,11,4,12,12,110,12,0,0,0.25,17,5
ant-ANT_13_B2,org.apache.tools.ant,BuildException,1,0,5,5,36,5,0,0,0.4,3,0
ant-ANT_13_B2,org.apache.tools.ant,BuildListener,0,0,9,9,51,9,2,0,-1.0,5,1
ant-ANT_13_B2,org.apache.tools.ant,ExitException,1,0,2,2,13,2,0,0,0.0,0,0
ant-ANT_13_B2,org.apache.tools.ant,Import,3,0,5,5,26,5,0,0,0.0,2,1
ant-ANT_13_B2,org.apache.tools.ant,Importer,0,0,1,1,7,1,0,0,-1.0,1,1
ant-ANT_13_B2,org.apache.tools.ant,Load,2,0,5,5,30,5,0,1,0.0,0,0
ant-ANT_13_B2,org.apache.tools.ant,Project,7,0,16,15,146,24,0,0,0.125,114,4
ant-ANT_13_B2,org.apache.tools.ant,Target,5,0,9,8,53,10,0,0,0.0,12,3
ant-ANT_13_B2,org.apache.tools.ant,Task,3,0,7,4,28,7,3,0,0.5714285714285714,17,3
ant-ANT_13_B2,org.apache.tools.ant,TaskData,4,0,14,7,188,26,0,0,0.0,2,2
ant-ANT_13_B2,org.apache.tools.ant,TaskProxy,4,0,7,7,37,7,0,0,0.2857142857142857,3,2
ant-ANT_13_B2,org.apache.tools.ant,Workspace,6,1,31,15,351,56,0,0,0.0,6,10
ant-ANT_13_B2,org.apache.tools.ant,AntClassLoader,8,0,14,8,319,37,0,0,0.0,6,2
ant-ANT_13_B2,org.apache.tools.ant,BuildEvent,6,0,11,11,86,11,0,0,0.2727272727272727,0,3
ant-ANT_13_B2,org.apache.tools.ant,BuildException,2,0,14,14,117,16,0,0,0.2857142857142857,0,1
ant-ANT_13_B2,org.apache.tools.ant,BuildListener,0,0,7,7,42,7,0,0,-1.0,0,1
ant-ANT_13_B2,org.apache.tools.ant,BuildLogger,0,0,4,4,26,4,1,1,-1.0,1,0
ant-ANT_13_B2,org.apache.tools.ant,Constants,0,0,0,0,6,0,0,0,-1.0,0,0
ant-ANT_13_B2,org.apache.tools.ant,DefaultLogger,7,0,12,11,94,19,1,2,0.3333333333333333,2,3
ant-ANT_13_B2,org.apache.tools.ant,DesirableFilter,0,0,1,1,28,6,0,0,-1.0,0,0
ant-ANT_13_B2,org.apache.tools.ant,DirectoryScanner,11,0,22,14,607,123,0,1,0.09090909090909091,30,1
ant-ANT_13_B2,org.apache.tools.ant,FileScanner,0,0,13,13,69,13,1,0,-1.0,3,0
ant-ANT_13_B2,org.apache.tools.ant,IntrospectionHelper,7,0,30,27,364,59,0,0,0.6666666666666666,6,5
ant-ANT_13_B2,org.apache.tools.ant,NestedCreator,0,0,1,1,3,1,0,0,-1.0,1,0
ant-ANT_13_B2,org.apache.tools.ant,AttributeSetter,0,0,1,1,3,1,0,0,-1.0,1,1
ant-ANT_13_B2,org.apache.tools.ant,Location,4,1,4,3,44,6,0,0,0.5,5,1
ant-ANT_13_B2,org.apache.tools.ant,Main,12,1,13,1,462,57,0,0,0.0,1,6
ant-ANT_13_B2,org.apache.tools.ant,NoBannerLogger,1,0,3,3,23,5,0,3,0.0,0,1
ant-ANT_13_B2,org.apache.tools.ant,PathTokenizer,3,0,3,3,48,7,0,0,0.0,2,0
ant-ANT_13_B2,org.apache.tools.ant,Project,27,11,69,55,725,129,0,0,0.37681159420289856,0,7
ant-ANT_13_B2,org.apache.tools.ant,ProjectHelper,16,0,40,30,519,97,0,0,0.15,9,8
ant-ANT_13_B2,org.apache.tools.ant,AbstractHandler,1,0,5,4,28,6,5,0,0.6,0,0
ant-ANT_13_B2,org.apache.tools.ant,RootHandler,0,0,3,3,35,6,0,0,-1.0,0,1
ant-ANT_13_B2,org.apache.tools.ant,ProjectHandler,0,0,7,3,87,22,0,1,-1.0,0,0
ant-ANT_13_B2,org.apache.tools.ant,TargetHandler,1,0,3,3,61,14,0,1,0.6666666666666666,0,1
ant-ANT_13_B2,org.apache.tools.ant,TaskHandler,3,0,5,4,57,9,0,1,0.0,0,4
ant-ANT_13_B2,org.apache.tools.ant,NestedElementHandler,4,0,4,4,60,8,0,1,0.0,0,3
ant-ANT_13_B2,org.apache.tools.ant,DataTypeHandler,1,0,4,4,33,5,0,1,0.5,0,1
ant-ANT_13_B2,org.apache.tools.ant,RuntimeConfigurable,4,0,9,7,69,11,0,0,0.0,6,3
ant-ANT_13_B2,org.apache.tools.ant,Target,7,0,18,15,81,21,0,0,0.3333333333333333,0,3
ant-ANT_13_B2,org.apache.tools.ant,Task,7,0,18,15,129,20,0,0,0.5,0,4
ant-ANT_13_B2,org.apache.tools.ant,TaskAdapter,1,0,3,3,36,4,0,1,0.0,1,1
ant-ANT_13_B2,org.apache.tools.ant,UnknownElement,3,0,6,5,63,11,0,1,0.0,2,5
ant-ANT_13_B2,org.apache.tools.ant,XmlLogger,21,0,9,8,146,22,0,1,0.3333333333333333,0,3
ant-ANT_13_B2,org.apache.tools.ant,IntrospectionHelperTest,1,1,37,37,358,38,0,0,1.0,0,2
ant-ANT_13_B2,org.apache.tools.ant,ProjectTest,1,0,3,3,22,3,0,0,0.6666666666666666,0,1
ant-ANT_13_B2,org.apache.tools.ant.cmdline,DefaultLogger,1,0,10,10,40,11,0,0,0.6,0,0
ant-ANT_13_B2,org.apache.tools.ant.cmdline,Main,0,0,4,1,95,12,0,0,-1.0,2,1
ant-ANT_13_B2,org.apache.tools.ant.tasks,Copy,2,0,5,5,33,6,0,0,0.0,0,0
ant-ANT_13_B2,org.apache.tools.ant.tasks,Echo,1,0,3,3,12,3,0,0,0.0,0,0
ant-ANT_13_B2,org.apache.tools.ant.tasks,Fileset,1,0,4,3,30,9,0,0,0.0,1,0
ant-ANT_13_B2,org.apache.tools.ant.tasks,Jar,3,0,7,7,65,11,0,0,0.0,0,0
ant-ANT_13_B2,org.apache.tools.ant.tasks,Javac,4,0,7,7,67,12,0,0,0.0,0,1
ant-ANT_13_B2,org.apache.tools.ant.tasks,JavacLoader,0,0,2,1,18,2,0,0,-1.0,0,0
ant-ANT_13_B2,org.apache.tools.ant.tasks,SetVariable,2,0,5,5,19,5,0,0,0.0,0,0
ant-ANT_13_B2,org.apache.tools.ant.xml,ProjectHandler,6,0,24,21,221,46,0,0,0.08333333333333333,7,1
ant-ANT_13_B2,org.apache.tools.ant.xml,RootHandler,0,0,2,2,16,3,0,0,-1.0,0,1
ant-ANT_13_B2,org.apache.tools.ant.xml,ProjectElemHandler,0,0,3,3,41,10,0,0,-1.0,0,1
ant-ANT_13_B2,org.apache.tools.ant.xml,TargetElemHandler,1,0,4,3,58,11,0,0,0.5,0,1
ant-ANT_13_B2,org.apache.tools.ant.xml,ImportElemHandler,0,0,3,3,32,7,0,0,-1.0,0,1
ant-ANT_13_B2,org.apache.tools.ant.xml,TaskElemHandler,1,0,3,3,30,6,0,0,0.6666666666666666,0,1
ant-ANT_13_B2,org.apache.tools.ant.xml,XmlExporter,0,0,4,3,34,7,0,0,-1.0,0,0
ant-ANT_13_B2,org.apache.tools.ant.xml,XmlImporter,2,0,5,2,114,11,0,0,0.0,1,2
ant-ANT_13_B2,org.apache.ant.engine,AntEngineListener,0,0,7,0,9,7,1,0,-1.0,2,2
ant-ANT_13_B2,org.apache.ant.engine,AntEvent,1,0,4,4,16,4,0,0,0.5,3,1
ant-ANT_13_B2,org.apache.ant.engine,DefaultEngineListener,7,0,15,13,75,18,0,1,0.13333333333333333,0,2
ant-ANT_13_B2,org.apache.ant.engine,HierarchicalHashtable,1,0,8,8,46,13,0,0,0.375,2,1
ant-ANT_13_B2,org.apache.ant.engine,TaskEngine,0,0,10,0,27,10,1,0,-1.0,7,2
ant-ANT_13_B2,org.apache.ant.engine,TaskEngineImpl,6,0,23,11,242,55,0,1,0.13043478260869565,1,5
ant-ANT_13_B2,org.apache.ant.tasks,BaseTask,4,0,19,18,93,29,0,1,0.42105263157894735,0,2
ant-ANT_13_B2,org.apache.ant.tasks,Task,4,4,13,0,62,13,1,0,-1.0,3,2
ant-ANT_13_B2,org.apache.ant.tasks.build,Project,2,0,8,8,36,10,0,0,0.625,0,2
ant-ANT_13_B2,org.apache.ant.tasks.build,Target,3,0,10,10,44,12,0,0,0.6,0,2
ant-ANT_13_B2,org.apache.ant.tasks.util,Property,2,0,6,6,25,7,0,0,0.3333333333333333,1,1
ant-ANT_13_B2,org.apache.ant.tasks.util,PropertyDump,0,0,2,2,13,3,0,0,-1.0,1,1
ant-ANT_13_B2,org.apache.ant.test,SimpleTest,1,0,3,2,64,3,0,0,0.6666666666666666,1,8
ant-ANT_13_B2,org.apache.ant.configuration,Configurable,0,0,1,0,15,1,0,0,-1.0,0,1
ant-ANT_13_B2,org.apache.ant.configuration,Configuration,0,0,2,0,16,2,1,0,-1.0,10,0
ant-ANT_13_B2,org.apache.ant.configuration,ConfigurationBuilder,0,0,1,0,9,1,0,0,-1.0,1,0
ant-ANT_13_B2,org.apache.ant.configuration,Configurer,0,0,1,0,14,1,1,0,-1.0,3,1
ant-ANT_13_B2,org.apache.ant.configuration,DefaultConfiguration,0,0,3,3,25,5,0,1,-1.0,0,0
ant-ANT_13_B2,org.apache.ant.configuration,DefaultConfigurer,4,0,16,2,245,55,0,1,0.125,0,2
ant-ANT_13_B2,org.apache.ant.configuration,SAXConfigurationHandler,0,0,1,0,9,1,0,0,-1.0,0,0
ant-ANT_13_B2,org.apache.ant.convert,AbstractConverter,2,0,3,2,42,5,0,1,0.0,0,0
ant-ANT_13_B2,org.apache.ant.convert,Converter,0,0,1,0,15,1,2,0,-1.0,3,0
ant-ANT_13_B2,org.apache.ant.convert,ConverterEngine,0,0,2,0,16,2,1,1,-1.0,3,0
ant-ANT_13_B2,org.apache.ant.convert,ConverterException,0,0,2,2,21,2,0,0,-1.0,0,0
ant-ANT_13_B2,org.apache.ant.convert,ConverterInfo,0,0,2,0,16,2,1,0,-1.0,1,0
ant-ANT_13_B2,org.apache.ant.convert,ConverterRegistry,0,0,1,0,13,1,1,0,-1.0,2,0
ant-ANT_13_B2,org.apache.ant.convert,DefaultConverterEngine,4,0,4,4,56,7,0,2,0.0,0,2
ant-ANT_13_B2,org.apache.ant.convert,DefaultConverterInfo,2,0,3,3,26,3,0,1,0.0,2,0
ant-ANT_13_B2,org.apache.ant.convert,DefaultConverterRegistry,1,0,3,2,39,5,0,1,0.6666666666666666,0,1
ant-ANT_13_B2,org.apache.ant.convert.core,StringToByteConverter,0,0,2,2,12,2,0,0,-1.0,0,0
ant-ANT_13_B2,org.apache.ant.convert.core,StringToClassConverter,0,0,2,2,12,2,0,0,-1.0,0,0
ant-ANT_13_B2,org.apache.ant.convert.core,StringToDoubleConverter,0,0,2,2,12,2,0,0,-1.0,0,0
ant-ANT_13_B2,org.apache.ant.convert.core,StringToFileConverter,0,0,2,2,13,2,0,0,-1.0,0,1
ant-ANT_13_B2,org.apache.ant.convert.core,StringToFloatConverter,0,0,2,2,12,2,0,0,-1.0,0,0
ant-ANT_13_B2,org.apache.ant.convert.core,StringToIntegerConverter,0,0,2,2,12,2,0,0,-1.0,0,0
ant-ANT_13_B2,org.apache.ant.convert.core,StringToLongConverter,0,0,2,2,12,2,0,0,-1.0,0,0
ant-ANT_13_B2,org.apache.ant.convert.core,StringToShortConverter,0,0,2,2,12,2,0,0,-1.0,0,0
ant-ANT_13_B2,org.apache.ant.convert.core,StringToURLConverter,0,0,2,2,12,2,0,0,-1.0,0,0
ant-ANT_13_B2,org.apache.ant.datatypes,DataType,0,0,0,0,7,0,1,0,-1.0,2,0
ant-ANT_13_B2,org.apache.ant.datatypes,DataTypeEngine,0,0,2,0,19,2,1,0,-1.0,4,0
ant-ANT_13_B2,org.apache.ant.datatypes,DefaultDataTypeEngine,2,0,3,3,34,3,0,1,0.0,0,1
ant-ANT_13_B2,org.apache.ant.datatypes,Pattern,2,0,6,5,56,7,0,1,0.3333333333333333,0,1
ant-ANT_13_B2,org.apache.ant.launcher,AntClassLoader,0,0,3,3,29,4,0,0,-1.0,2,0
ant-ANT_13_B2,org.apache.ant.launcher,AntLoader,0,0,2,1,51,5,0,0,-1.0,1,2
ant-ANT_13_B2,org.apache.ant.project,DefaultProject,4,0,8,8,74,9,0,1,0.5,1,2
ant-ANT_13_B2,org.apache.ant.project,DefaultProjectBuilder,1,0,7,2,147,20,0,1,0.0,0,7
ant-ANT_13_B2,org.apache.ant.project,DefaultProjectEngine,3,0,9,5,129,15,0,1,0.0,0,8
ant-ANT_13_B2,org.apache.ant.project,DefaultProjectListener,1,0,9,8,67,10,0,1,0.3333333333333333,0,0
ant-ANT_13_B2,org.apache.ant.project,DefaultTarget,3,0,7,7,57,7,0,1,0.5714285714285714,1,2
ant-ANT_13_B2,org.apache.ant.project,LogTargetToListenerAdapter,1,0,2,2,26,3,0,0,0.0,0,1
ant-ANT_13_B2,org.apache.ant.project,Project,3,0,5,0,35,5,1,0,-1.0,3,0
ant-ANT_13_B2,org.apache.ant.project,ProjectBuilder,0,0,1,0,14,1,1,0,-1.0,0,0
ant-ANT_13_B2,org.apache.ant.project,ProjectEngine,0,0,4,0,31,4,1,0,-1.0,3,3
ant-ANT_13_B2,org.apache.ant.project,ProjectListener,0,0,8,0,44,8,2,0,-1.0,5,0
ant-ANT_13_B2,org.apache.ant.project,ProjectListenerSupport,1,0,10,10,106,21,0,1,0.0,1,1
ant-ANT_13_B2,org.apache.ant.project,Target,0,0,3,0,21,3,1,0,-1.0,2,0
ant-ANT_13_B2,org.apache.ant.tasklet,AbstractTasklet,2,0,3,2,34,5,0,1,0.0,0,2
ant-ANT_13_B2,org.apache.ant.tasklet,DefaultTaskletContext,1,0,12,11,141,23,0,1,0.5,1,3
ant-ANT_13_B2,org.apache.ant.tasklet,JavaVersion,4,4,1,0,18,1,0,0,0.0,3,1
ant-ANT_13_B2,org.apache.ant.tasklet,Tasklet,0,0,0,0,6,0,1,0,-1.0,1,0
ant-ANT_13_B2,org.apache.ant.tasklet,TaskletContext,6,0,9,0,66,9,1,0,-1.0,12,1
ant-ANT_13_B2,org.apache.ant.tasklet,ScopeEnum,0,0,1,0,8,1,0,0,-1.0,2,0
ant-ANT_13_B2,org.apache.ant.tasklet.engine,DefaultTaskletEngine,7,0,12,6,113,15,0,1,0.0,0,7
ant-ANT_13_B2,org.apache.ant.tasklet.engine,DefaultTskDeployer,5,0,9,5,154,18,0,1,0.2222222222222222,0,5
ant-ANT_13_B2,org.apache.ant.tasklet.engine,TaskletEngine,0,0,5,0,32,5,1,0,-1.0,6,2
ant-ANT_13_B2,org.apache.ant.tasklet.engine,TskDeployer,0,0,3,0,9,3,1,0,-1.0,2,0
ant-ANT_13_B2,org.apache.ant.tasks.core,AbstractResourceRegisterer,4,0,7,5,52,10,2,0,0.2857142857142857,0,1
ant-ANT_13_B2,org.apache.ant.tasks.core,AntCall,6,0,5,5,44,7,0,0,0.0,0,4
ant-ANT_13_B2,org.apache.ant.tasks.core,ConfigurationTest,1,0,2,2,20,3,0,0,0.0,0,1
ant-ANT_13_B2,org.apache.ant.tasks.core,ContentTest,0,0,2,2,11,2,0,0,-1.0,0,0
ant-ANT_13_B2,org.apache.ant.tasks.core,Echo,1,0,2,2,13,2,0,0,0.0,0,0
ant-ANT_13_B2,org.apache.ant.tasks.core,PrimitiveTypesTest,0,0,14,14,46,14,0,0,-1.0,0,0
ant-ANT_13_B2,org.apache.ant.tasks.core,Property,6,0,6,6,97,18,0,0,0.0,1,6
ant-ANT_13_B2,org.apache.ant.tasks.core,RegisterConverter,5,0,7,6,75,13,0,0,0.0,0,2
ant-ANT_13_B2,org.apache.ant.tasks.core,RegisterDataType,0,0,1,0,20,2,0,1,-1.0,0,0
ant-ANT_13_B2,org.apache.ant.tasks.core,RegisterTasklet,0,0,1,0,20,2,0,1,-1.0,0,0
ant-ANT_13_B2,org.apache.ant.tasks.core,RegisterTasklib,2,0,3,3,33,4,0,0,0.0,0,1
ant-ANT_13_B2,org.apache.ant.tasks.core,SubElementTest,0,0,4,4,19,4,0,0,-1.0,0,1
ant-ANT_13_B2,org.apache.ant.tasks.core,Beep,0,0,1,1,5,1,0,0,-1.0,1,0
ant-ANT_13_B2,org.apache.ant.util,Condition,2,0,4,4,34,6,0,0,0.0,4,0
ant-ANT_13_B2,org.apache.tools.ant.gui,About,0,0,2,2,53,2,0,0,-1.0,2,3
ant-ANT_13_B2,org.apache.tools.ant.gui,ActionHandler,0,0,1,1,8,1,0,0,-1.0,0,2
ant-ANT_13_B2,org.apache.tools.ant.gui,Antidote,1,0,2,1,61,6,0,0,0.0,1,0
ant-ANT_13_B2,org.apache.tools.ant.gui,Args,4,0,7,5,84,13,0,0,0.0,1,1
ant-ANT_13_B2,org.apache.tools.ant.gui,Main,0,0,3,3,65,7,0,0,-1.0,0,7
ant-ANT_13_B2,org.apache.tools.ant.gui.acs,ACSBeanDescriptor,0,0,1,1,12,1,0,0,-1.0,0,1
ant-ANT_13_B2,org.apache.tools.ant.gui.acs,ACSDefaultElement,0,0,1,1,12,1,0,1,-1.0,0,0
ant-ANT_13_B2,org.apache.tools.ant.gui.acs,ACSElement,2,1,7,5,78,11,2,0,0.7142857142857143,7,0
ant-ANT_13_B2,org.apache.tools.ant.gui.acs,ACSFactory,2,0,10,8,142,12,0,0,0.4,1,6
ant-ANT_13_B2,org.apache.tools.ant.gui.acs,ACSNamedElement,2,2,6,6,59,6,2,2,0.5,0,0
ant-ANT_13_B2,org.apache.tools.ant.gui.acs,ACSProjectElement,4,3,9,9,95,9,0,3,0.5555555555555556,14,0
ant-ANT_13_B2,org.apache.tools.ant.gui.acs,ACSProjectElementBeanInfo,0,0,5,5,54,5,0,1,-1.0,0,1
ant-ANT_13_B2,org.apache.tools.ant.gui.acs,Customizer,0,0,1,1,8,1,0,0,-1.0,0,0
ant-ANT_13_B2,org.apache.tools.ant.gui.acs,ACSPropertyElement,3,3,8,8,85,9,0,2,0.375,4,0
ant-ANT_13_B2,org.apache.tools.ant.gui.acs,ACSPropertyElementBeanInfo,0,0,5,5,53,5,0,1,-1.0,0,1
ant-ANT_13_B2,org.apache.tools.ant.gui.acs,Customizer,0,0,1,1,8,1,0,0,-1.0,0,0
ant-ANT_13_B2,org.apache.tools.ant.gui.acs,ACSTargetElement,3,3,7,7,85,10,0,3,0.5714285714285714,5,0
ant-ANT_13_B2,org.apache.tools.ant.gui.acs,ACSTargetElementBeanInfo,0,0,5,5,56,5,0,1,-1.0,0,1
ant-ANT_13_B2,org.apache.tools.ant.gui.acs,Customizer,0,0,1,1,8,1,0,0,-1.0,0,0
ant-ANT_13_B2,org.apache.tools.ant.gui.acs,ACSTaskElement,2,2,5,5,55,6,0,2,0.8,4,0
ant-ANT_13_B2,org.apache.tools.ant.gui.acs,ACSTaskElementBeanInfo,0,0,5,5,53,5,0,1,-1.0,0,1
ant-ANT_13_B2,org.apache.tools.ant.gui.acs,Customizer,0,0,1,1,8,1,0,0,-1.0,0,0
ant-ANT_13_B2,org.apache.tools.ant.gui.acs,ACSTreeNodeElement,0,0,0,0,7,0,3,1,-1.0,0,0
ant-ANT_13_B2,org.apache.tools.ant.gui.acs,BaseBeanInfo,3,1,8,5,74,10,4,0,0.75,1,2
ant-ANT_13_B2,org.apache.tools.ant.gui.acs,ElementTreeModel,2,0,14,12,187,27,0,0,0.0,0,1
ant-ANT_13_B2,org.apache.tools.ant.gui.acs,ElementTreeSelectionModel,0,0,2,2,33,5,0,0,-1.0,0,1
ant-ANT_13_B2,org.apache.tools.ant.gui.command,AboutCmd,0,0,2,2,19,2,0,2,-1.0,0,1
ant-ANT_13_B2,org.apache.tools.ant.gui.command,AbstractCommand,1,0,3,1,28,3,15,1,0.6666666666666666,0,1
ant-ANT_13_B2,org.apache.tools.ant.gui.command,BuildCmd,2,0,4,4,54,7,0,2,0.5,0,3
ant-ANT_13_B2,org.apache.tools.ant.gui.command,ChangeLookAndFeelCmd,0,0,2,2,20,2,0,2,-1.0,0,1
ant-ANT_13_B2,org.apache.tools.ant.gui.command,CloseCmd,1,0,3,3,40,6,0,2,0.6666666666666666,0,2
ant-ANT_13_B2,org.apache.tools.ant.gui.command,Command,0,0,1,0,11,1,1,0,-1.0,2,0
ant-ANT_13_B2,org.apache.tools.ant.gui.command,DisplayErrorCmd,2,0,8,8,85,9,0,2,0.5,2,3
ant-ANT_13_B2,org.apache.tools.ant.gui.command,MsgPanel,0,0,2,2,23,3,0,0,-1.0,0,2
ant-ANT_13_B2,org.apache.tools.ant.gui.command,EmacsNotifyCmd,1,0,2,2,29,3,0,2,1.0,0,2
ant-ANT_13_B2,org.apache.tools.ant.gui.command,ExitCmd,0,0,2,2,20,2,0,2,-1.0,0,2
ant-ANT_13_B2,org.apache.tools.ant.gui.command,LoadFileCmd,1,0,3,3,44,4,0,2,0.6666666666666666,2,2
ant-ANT_13_B2,org.apache.tools.ant.gui.command,NewProjectCmd,1,0,2,2,26,2,0,2,1.0,0,2
ant-ANT_13_B2,org.apache.tools.ant.gui.command,NewPropertyCmd,1,0,2,2,28,3,0,2,1.0,0,1
ant-ANT_13_B2,org.apache.tools.ant.gui.command,NewTargetCmd,1,0,2,2,27,2,0,2,1.0,0,1
ant-ANT_13_B2,org.apache.tools.ant.gui.command,NewTaskCmd,1,0,2,2,29,3,0,2,1.0,0,1
ant-ANT_13_B2,org.apache.tools.ant.gui.command,NoOpCmd,0,0,2,2,19,2,0,2,-1.0,0,1
ant-ANT_13_B2,org.apache.tools.ant.gui.command,OpenCmd,0,0,2,2,27,3,0,2,-1.0,0,1
ant-ANT_13_B2,org.apache.tools.ant.gui.command,SaveAsCmd,2,0,4,4,82,11,1,2,0.5,0,3
ant-ANT_13_B2,org.apache.tools.ant.gui.command,SaveCmd,0,0,1,1,18,2,0,3,-1.0,1,2
ant-ANT_13_B2,org.apache.tools.ant.gui.core,ActionManager,7,0,9,8,213,26,0,0,0.3333333333333333,1,6
ant-ANT_13_B2,org.apache.tools.ant.gui.core,Enabler,1,0,2,2,22,2,0,0,1.0,0,1
ant-ANT_13_B2,org.apache.tools.ant.gui.core,Filter,0,0,1,1,13,1,0,0,-1.0,6,0
ant-ANT_13_B2,org.apache.tools.ant.gui.core,AntAction,14,8,15,13,200,22,0,0,0.26666666666666666,2,2
ant-ANT_13_B2,org.apache.tools.ant.gui.core,AntModule,1,0,5,3,47,6,0,0,0.6,0,1
ant-ANT_13_B2,org.apache.tools.ant.gui.core,AppContext,6,0,8,8,89,8,0,0,0.5,42,5
ant-ANT_13_B2,org.apache.tools.ant.gui.core,BuildEventForwarder,1,0,9,8,73,9,0,0,0.0,1,2
ant-ANT_13_B2,org.apache.tools.ant.gui.core,EventDebugMonitor,1,0,4,4,40,4,0,0,1.0,0,1
ant-ANT_13_B2,org.apache.tools.ant.gui.core,Filter,0,0,1,1,8,1,0,0,-1.0,0,0
ant-ANT_13_B2,org.apache.tools.ant.gui.core,EventResponder,3,0,7,7,91,8,0,0,0.7142857142857143,0,3
ant-ANT_13_B2,org.apache.tools.ant.gui.core,ActionResponder,1,0,2,2,31,3,0,0,1.0,0,1
ant-ANT_13_B2,org.apache.tools.ant.gui.core,ActionFilter,0,0,1,1,8,1,0,0,-1.0,2,0
ant-ANT_13_B2,org.apache.tools.ant.gui.core,AntResponder,1,0,2,2,24,2,0,0,1.0,0,1
ant-ANT_13_B2,org.apache.tools.ant.gui.core,AntFilter,0,0,1,1,8,1,0,0,-1.0,2,0
ant-ANT_13_B2,org.apache.tools.ant.gui.core,EventToActionMapper,2,0,5,3,69,11,0,0,0.4,1,1
ant-ANT_13_B2,org.apache.tools.ant.gui.core,ProjectManager,6,0,16,15,239,25,0,0,0.4375,1,5
ant-ANT_13_B2,org.apache.tools.ant.gui.core,BuildRunner,3,0,3,2,81,9,0,0,0.0,0,4
ant-ANT_13_B2,org.apache.tools.ant.gui.core,ProjectSelectionMenu,4,0,6,6,95,9,0,0,0.6666666666666666,1,5
ant-ANT_13_B2,org.apache.tools.ant.gui.core,ProjectListener,2,0,2,2,37,3,0,0,1.0,0,3
ant-ANT_13_B2,org.apache.tools.ant.gui.core,Filter,0,0,1,1,8,1,0,0,-1.0,0,0
ant-ANT_13_B2,org.apache.tools.ant.gui.core,ActionHandler,0,0,1,1,9,1,0,0,-1.0,2,1
ant-ANT_13_B2,org.apache.tools.ant.gui.core,ResourceManager,4,0,15,14,208,22,0,0,0.13333333333333333,10,0
ant-ANT_13_B2,org.apache.tools.ant.gui.core,SelectionManager,4,0,7,7,74,9,0,0,0.5714285714285714,1,1
ant-ANT_13_B2,org.apache.tools.ant.gui.core,Filter,0,0,1,1,8,1,0,0,-1.0,0,0
ant-ANT_13_B2,org.apache.tools.ant.gui.core,XMLFileFilter,1,0,3,3,35,4,0,0,0.6666666666666666,0,1
ant-ANT_13_B2,org.apache.tools.ant.gui.customizer,AbstractPropertyEditor,4,1,14,12,126,15,7,0,0.5714285714285714,2,1
ant-ANT_13_B2,org.apache.tools.ant.gui.customizer,FocusHandler,2,0,3,3,36,4,0,0,0.0,0,1
ant-ANT_13_B2,org.apache.tools.ant.gui.customizer,DoublePropertyEditor,1,0,7,6,79,8,0,1,0.0,0,0
ant-ANT_13_B2,org.apache.tools.ant.gui.customizer,DynamicCustomizer,19,1,36,34,400,55,0,0,0.5277777777777778,4,3
ant-ANT_13_B2,org.apache.tools.ant.gui.customizer,EditorChangeListener,0,0,1,1,25,3,0,0,-1.0,1,0
ant-ANT_13_B2,org.apache.tools.ant.gui.customizer,PropertyComparator,0,0,1,1,20,3,0,0,-1.0,0,0
ant-ANT_13_B2,org.apache.tools.ant.gui.customizer,TestClass,10,0,21,21,83,21,0,0,0.5238095238095238,0,0
ant-ANT_13_B2,org.apache.tools.ant.gui.customizer,FilePropertyEditor,3,0,9,8,107,12,0,1,0.0,1,0
ant-ANT_13_B2,org.apache.tools.ant.gui.customizer,ActionHandler,0,0,1,1,19,2,0,0,-1.0,0,0
ant-ANT_13_B2,org.apache.tools.ant.gui.customizer,IntegerPropertyEditor,1,0,7,6,79,8,0,1,0.0,0,0
ant-ANT_13_B2,org.apache.tools.ant.gui.customizer,ObjectPropertyEditor,6,0,10,7,192,21,0,1,0.4,0,1
ant-ANT_13_B2,org.apache.tools.ant.gui.customizer,ActionHandler,0,0,1,1,34,4,0,0,-1.0,0,1
ant-ANT_13_B2,org.apache.tools.ant.gui.customizer,PropertiesPropertyEditor,7,0,15,14,188,26,0,1,0.4666666666666667,0,1
ant-ANT_13_B2,org.apache.tools.ant.gui.customizer,PropertiesTableModel,3,0,8,8,107,17,0,0,0.625,1,0
ant-ANT_13_B2,org.apache.tools.ant.gui.customizer,StringArrayPropertyEditor,1,0,7,6,78,12,0,1,0.0,0,0
ant-ANT_13_B2,org.apache.tools.ant.gui.customizer,StringPropertyEditor,1,0,8,7,68,9,0,1,0.25,0,0
ant-ANT_13_B2,org.apache.tools.ant.gui.event,AntBuildEvent,2,0,4,4,56,7,0,1,0.0,0,4
ant-ANT_13_B2,org.apache.tools.ant.gui.event,AntEvent,1,0,3,1,32,3,7,0,0.6666666666666666,0,1
ant-ANT_13_B2,org.apache.tools.ant.gui.event,BuildEventType,19,14,7,6,99,8,0,0,0.2857142857142857,4,3
ant-ANT_13_B2,org.apache.tools.ant.gui.event,BuildFinishedEvent,1,0,2,2,27,2,0,1,0.0,0,2
ant-ANT_13_B2,org.apache.tools.ant.gui.event,BuildStartedEvent,1,0,2,2,27,2,0,1,0.0,0,2
ant-ANT_13_B2,org.apache.tools.ant.gui.event,BusFilter,0,0,1,0,13,1,0,0,-1.0,2,0
ant-ANT_13_B2,org.apache.tools.ant.gui.event,BusMember,0,0,2,0,18,2,0,0,-1.0,2,0
ant-ANT_13_B2,org.apache.tools.ant.gui.event,ElementSelectionEvent,1,0,4,2,78,13,5,1,0.5,1,2
ant-ANT_13_B2,org.apache.tools.ant.gui.event,ErrorEvent,2,0,5,5,65,7,0,1,0.6,0,3
ant-ANT_13_B2,org.apache.tools.ant.gui.event,EventBus,6,4,6,6,111,16,0,0,0.5,2,3
ant-ANT_13_B2,org.apache.tools.ant.gui.event,EventDispatcher,1,0,2,2,36,7,0,0,0.0,1,2
ant-ANT_13_B2,org.apache.tools.ant.gui.event,NewElementEvent,0,0,1,0,12,1,4,0,-1.0,0,0
ant-ANT_13_B2,org.apache.tools.ant.gui.event,NewProjectEvent,0,0,2,2,24,3,0,3,-1.0,0,2
ant-ANT_13_B2,org.apache.tools.ant.gui.event,NewPropertyEvent,0,0,2,2,25,3,0,3,-1.0,0,2
ant-ANT_13_B2,org.apache.tools.ant.gui.event,NewTargetEvent,0,0,2,2,25,3,0,3,-1.0,0,2
ant-ANT_13_B2,org.apache.tools.ant.gui.event,NewTaskEvent,0,0,2,2,25,3,0,3,-1.0,0,2
ant-ANT_13_B2,org.apache.tools.ant.gui.event,NullSelectionEvent,0,0,1,1,15,1,0,2,-1.0,0,1
ant-ANT_13_B2,org.apache.tools.ant.gui.event,OpenRequestEvent,1,0,2,2,29,2,0,1,0.0,0,2
ant-ANT_13_B2,org.apache.tools.ant.gui.event,ProjectClosedEvent,0,0,1,1,14,1,0,1,-1.0,0,1
ant-ANT_13_B2,org.apache.tools.ant.gui.event,ProjectSelectedEvent,1,0,2,2,26,2,1,2,0.0,0,2
ant-ANT_13_B2,org.apache.tools.ant.gui.event,PropertySelectionEvent,0,0,2,2,21,2,1,2,-1.0,0,3
ant-ANT_13_B2,org.apache.tools.ant.gui.event,TargetSelectionEvent,0,0,2,2,21,2,1,2,-1.0,0,3
ant-ANT_13_B2,org.apache.tools.ant.gui.event,TaskSelectionEvent,0,0,2,2,21,2,1,2,-1.0,0,3
ant-ANT_13_B2,org.apache.tools.ant.gui.ide,EmacsNotifier,1,0,1,0,26,1,0,1,0.0,1,2
ant-ANT_13_B2,org.apache.tools.ant.gui.ide,FileErrorNotifier,1,0,8,7,72,12,1,0,0.875,0,2
ant-ANT_13_B2,org.apache.tools.ant.gui.modules,TargetMonitor,3,0,6,5,97,12,0,0,0.6666666666666666,0,2
ant-ANT_13_B2,org.apache.tools.ant.gui.modules,Handler,1,0,2,2,43,8,0,0,1.0,0,2
ant-ANT_13_B2,org.apache.tools.ant.gui.modules,Filter,0,0,1,1,13,1,0,0,-1.0,2,0
ant-ANT_13_B2,org.apache.tools.ant.gui.modules.console,BuildConsole,8,2,13,7,224,25,0,0,0.6153846153846154,0,4
ant-ANT_13_B2,org.apache.tools.ant.gui.modules.console,Handler,1,0,2,2,60,12,0,0,1.0,0,2
ant-ANT_13_B2,org.apache.tools.ant.gui.modules.console,ActionHandler,0,0,1,1,8,2,0,0,-1.0,0,0
ant-ANT_13_B2,org.apache.tools.ant.gui.modules.console,Filter,0,0,1,1,13,1,0,0,-1.0,2,0
ant-ANT_13_B2,org.apache.tools.ant.gui.modules.console,ConsoleStyleContext,3,2,6,1,78,7,0,0,0.3333333333333333,1,1
ant-ANT_13_B2,org.apache.tools.ant.gui.modules.console,LogLevelEnum,13,10,7,6,83,8,0,0,0.2857142857142857,4,1
ant-ANT_13_B2,org.apache.tools.ant.gui.modules.edit,ElementNavigator,3,0,10,9,131,15,0,0,0.8,2,2
ant-ANT_13_B2,org.apache.tools.ant.gui.modules.edit,Handler,1,0,2,2,50,6,0,0,1.0,0,1
ant-ANT_13_B2,org.apache.tools.ant.gui.modules.edit,SelectionForwarder,0,0,1,1,8,1,0,0,-1.0,0,0
ant-ANT_13_B2,org.apache.tools.ant.gui.modules.edit,Filter,0,0,1,1,13,1,0,0,-1.0,4,0
ant-ANT_13_B2,org.apache.tools.ant.gui.modules.edit,PopupHandler,0,0,4,3,21,5,0,0,-1.0,0,1
ant-ANT_13_B2,org.apache.tools.ant.gui.modules.edit,ElementTreeCellRenderer,0,0,1,1,25,2,0,0,-1.0,0,0
ant-ANT_13_B2,org.apache.tools.ant.gui.modules.edit,PropertyEditor,5,0,7,6,115,10,0,0,0.7142857142857143,0,2
ant-ANT_13_B2,org.apache.tools.ant.gui.modules.edit,Handler,1,0,2,2,29,3,0,0,1.0,0,1
ant-ANT_13_B2,org.apache.tools.ant.gui.modules.edit,Filter,0,0,1,1,13,1,0,0,-1.0,0,0
ant-ANT_13_B2,org.apache.tools.ant.gui.modules.edit,PropertyChangeForwarder,0,0,1,1,8,1,0,0,-1.0,1,0
ant-ANT_13_B2,org.apache.tools.ant.gui.util,ChangeLookAndFeel,2,0,3,2,68,6,0,0,0.0,2,3
ant-ANT_13_B2,org.apache.tools.ant.gui.util,ActionHandler,0,0,1,1,15,1,0,0,-1.0,0,2
ant-ANT_13_B2,org.apache.tools.ant.gui.util,LabelFieldGBC,0,0,5,5,58,5,0,0,-1.0,2,0
ant-ANT_13_B2,org.apache.tools.ant.gui.util,StackFrame,3,0,7,7,78,12,0,0,0.2857142857142857,5,1
ant-ANT_13_B2,org.apache.tools.ant.gui.util,WindowUtils,0,0,4,3,38,4,0,0,-1.0,5,0
ant-ANT_13_B2,org.apache.tools.ant.gui.util,XMLHelper,0,0,1,1,16,1,0,0,-1.0,1,0
ant-ANT_13_B2,org.apache.tools.ant.gui.wizard,AbstractWizardStep,6,0,15,13,140,16,1,1,0.4,0,2
ant-ANT_13_B2,org.apache.tools.ant.gui.wizard,ButtonNavigator,11,4,7,7,120,16,0,1,0.0,0,3
ant-ANT_13_B2,org.apache.tools.ant.gui.wizard,ActionHandler,0,0,1,1,39,10,0,0,-1.0,1,1
ant-ANT_13_B2,org.apache.tools.ant.gui.wizard,DefaultStateMachine,0,0,3,2,43,5,0,1,-1.0,0,2
ant-ANT_13_B2,org.apache.tools.ant.gui.wizard,InstructionStep,0,0,3,2,32,3,0,2,-1.0,0,0
ant-ANT_13_B2,org.apache.tools.ant.gui.wizard,NavigatorListener,0,0,5,0,28,5,1,0,-1.0,3,0
ant-ANT_13_B2,org.apache.tools.ant.gui.wizard,StateMachine,0,0,2,0,21,2,1,0,-1.0,0,2
ant-ANT_13_B2,org.apache.tools.ant.gui.wizard,Wizard,10,0,9,8,172,16,0,0,0.0,1,4
ant-ANT_13_B2,org.apache.tools.ant.gui.wizard,NavHandler,0,0,5,5,39,9,0,1,-1.0,0,1
ant-ANT_13_B2,org.apache.tools.ant.gui.wizard,WizardData,0,0,2,0,17,2,0,0,-1.0,5,0
ant-ANT_13_B2,org.apache.tools.ant.gui.wizard,WizardListener,0,0,2,0,16,2,0,0,-1.0,2,0
ant-ANT_13_B2,org.apache.tools.ant.gui.wizard,WizardNavigator,0,0,5,0,32,5,1,0,-1.0,1,1
ant-ANT_13_B2,org.apache.tools.ant.gui.wizard,WizardStep,0,0,14,0,74,14,1,0,-1.0,3,2
ant-ANT_13_B2,org.apache.tools.ant.gui.wizard.build,BuildData,6,0,12,12,100,12,0,0,0.5833333333333334,8,3
ant-ANT_13_B2,org.apache.tools.ant.gui.wizard.build,BuildStateMachine,1,0,5,4,66,7,0,0,0.0,0,3
ant-ANT_13_B2,org.apache.tools.ant.gui.wizard.build,Builder,1,0,2,2,27,2,0,0,0.0,1,1
ant-ANT_13_B2,org.apache.tools.ant.gui.wizard.build,CompileStep,0,0,5,4,37,5,0,1,-1.0,0,1
ant-ANT_13_B2,org.apache.tools.ant.gui.wizard.build,FinishStep,0,0,4,4,32,4,0,0,-1.0,1,1
ant-ANT_13_B2,org.apache.tools.ant.gui.wizard.build,JARStep,0,0,5,4,37,5,0,1,-1.0,0,1
ant-ANT_13_B2,org.apache.tools.ant.gui.wizard.build,JavaDocStep,0,0,5,4,37,5,0,1,-1.0,0,1
ant-ANT_13_B2,org.apache.tools.ant.gui.wizard.build,OptionalStep,0,0,0,0,7,0,3,0,-1.0,1,0
ant-ANT_13_B2,org.apache.tools.ant.gui.wizard.build,ProjectSetupStep,7,4,5,4,103,10,0,0,0.6,2,3
ant-ANT_13_B2,org.apache.tools.ant.gui.wizard.build,ProjectTypeStep,2,0,3,2,38,3,0,0,0.0,0,1
ant-ANT_13_B2,org.apache.tools.ant.taskdefs,Ant,6,0,9,7,136,27,0,0,0.0,1,1
ant-ANT_13_B2,org.apache.tools.ant.taskdefs,AntStructure,3,0,6,2,78,12,0,0,0.6666666666666666,0,1
ant-ANT_13_B2,org.apache.tools.ant.taskdefs,Available,7,0,12,9,111,25,0,0,0.0,0,2
ant-ANT_13_B2,org.apache.tools.ant.taskdefs,CallTarget,2,0,4,4,30,5,0,0,0.0,0,1
ant-ANT_13_B2,org.apache.tools.ant.taskdefs,Chmod,2,0,14,12,84,16,0,2,0.42857142857142855,0,0
ant-ANT_13_B2,org.apache.tools.ant.taskdefs,CompileTask,1,0,3,3,40,5,0,2,0.6666666666666666,0,2
ant-ANT_13_B2,org.apache.tools.ant.taskdefs,Copy,13,0,16,12,233,45,1,0,0.0,0,2
ant-ANT_13_B2,org.apache.tools.ant.taskdefs,Copydir,6,0,7,6,64,14,0,1,0.2857142857142857,0,0
ant-ANT_13_B2,org.apache.tools.ant.taskdefs,Copyfile,4,0,5,5,47,10,0,0,0.0,0,0
ant-ANT_13_B2,org.apache.tools.ant.taskdefs,Cvs,9,0,11,11,156,25,0,0,0.0,0,3
ant-ANT_13_B2,org.apache.tools.ant.taskdefs,Delete,7,0,17,15,220,41,0,1,0.0,0,2
ant-ANT_13_B2,org.apache.tools.ant.taskdefs,Deltree,1,0,3,2,50,11,0,0,0.0,0,0
ant-ANT_13_B2,org.apache.tools.ant.taskdefs,Echo,4,0,7,7,89,13,0,0,0.2857142857142857,0,1
ant-ANT_13_B2,org.apache.tools.ant.taskdefs,EchoLevel,0,0,1,1,5,1,0,0,-1.0,1,0
ant-ANT_13_B2,org.apache.tools.ant.taskdefs,Exec,12,0,12,9,146,27,0,0,0.0,2,1
ant-ANT_13_B2,org.apache.tools.ant.taskdefs,StreamPumper,5,0,3,3,39,6,0,0,0.0,0,1
ant-ANT_13_B2,org.apache.tools.ant.taskdefs,ExecTask,9,0,18,11,196,31,1,0,0.0,3,2
ant-ANT_13_B2,org.apache.tools.ant.taskdefs,Execute,15,1,32,23,433,62,0,0,0.09375,14,7
ant-ANT_13_B2,org.apache.tools.ant.taskdefs,CommandLauncher,0,0,2,2,28,3,3,0,-1.0,5,2
ant-ANT_13_B2,org.apache.tools.ant.taskdefs,Java11CommandLauncher,0,0,1,1,16,2,0,1,-1.0,0,2
ant-ANT_13_B2,org.apache.tools.ant.taskdefs,Java13CommandLauncher,1,0,2,2,34,4,0,1,0.0,0,2
ant-ANT_13_B2,org.apache.tools.ant.taskdefs,CommandLauncherProxy,1,0,2,1,15,2,3,1,0.0,0,2
ant-ANT_13_B2,org.apache.tools.ant.taskdefs,WinNTCommandLauncher,0,0,2,1,26,3,0,2,-1.0,0,2
ant-ANT_13_B2,org.apache.tools.ant.taskdefs,MacCommandLauncher,0,0,2,1,23,3,0,2,-1.0,0,2
ant-ANT_13_B2,org.apache.tools.ant.taskdefs,ScriptCommandLauncher,1,0,2,1,31,5,0,2,0.0,0,2
ant-ANT_13_B2,org.apache.tools.ant.taskdefs,ExecuteJava,4,0,5,5,72,11,0,0,0.0,1,5
ant-ANT_13_B2,org.apache.tools.ant.taskdefs,ExecuteOn,4,0,11,5,154,26,2,1,0.18181818181818182,0,4
ant-ANT_13_B2,org.apache.tools.ant.taskdefs,FileDirBoth,0,0,1,1,8,1,0,0,-1.0,1,0
ant-ANT_13_B2,org.apache.tools.ant.taskdefs,ExecuteStreamHandler,0,0,5,5,29,5,2,0,-1.0,2,0
ant-ANT_13_B2,org.apache.tools.ant.taskdefs,ExecuteWatchdog,5,0,8,7,126,14,0,0,0.0,3,0
ant-ANT_13_B2,org.apache.tools.ant.taskdefs,Exit,1,0,2,2,18,3,0,0,0.0,0,0
ant-ANT_13_B2,org.apache.tools.ant.taskdefs,Expand,2,0,4,3,102,14,0,1,0.0,0,1
ant-ANT_13_B2,org.apache.tools.ant.taskdefs,Filter,3,0,5,4,41,8,0,0,0.0,0,0
ant-ANT_13_B2,org.apache.tools.ant.taskdefs,FixCRLF,6,0,9,9,221,50,0,1,0.2222222222222222,0,3
ant-ANT_13_B2,org.apache.tools.ant.taskdefs,AddAsisRemove,0,0,1,1,8,1,0,0,-1.0,1,0
ant-ANT_13_B2,org.apache.tools.ant.taskdefs,GUnzip,2,0,3,3,74,13,0,0,0.0,0,0
ant-ANT_13_B2,org.apache.tools.ant.taskdefs,GZip,2,0,5,3,65,10,0,0,0.0,0,0
ant-ANT_13_B2,org.apache.tools.ant.taskdefs,GenerateKey,17,0,21,21,220,43,0,0,0.23809523809523808,0,3
ant-ANT_13_B2,org.apache.tools.ant.taskdefs,DnameParam,2,0,4,4,16,4,0,0,0.5,2,0
ant-ANT_13_B2,org.apache.tools.ant.taskdefs,DistinguishedName,3,0,4,4,43,8,0,0,0.0,1,1
ant-ANT_13_B2,org.apache.tools.ant.taskdefs,Get,5,0,7,6,151,28,0,0,0.0,0,1
ant-ANT_13_B2,org.apache.tools.ant.taskdefs,Jar,2,0,6,3,56,11,1,2,0.5,0,1
ant-ANT_13_B2,org.apache.tools.ant.taskdefs,Java,5,0,21,18,226,34,0,0,0.0,2,3
ant-ANT_13_B2,org.apache.tools.ant.taskdefs,Javac,17,0,41,39,356,60,1,1,0.3170731707317073,1,2
ant-ANT_13_B2,org.apache.tools.ant.taskdefs,JavacOutputStream,3,0,4,1,48,7,0,0,0.0,0,0
ant-ANT_13_B2,org.apache.tools.ant.taskdefs,Javadoc,31,0,90,83,680,173,0,0,0.14444444444444443,0,8
ant-ANT_13_B2,org.apache.tools.ant.taskdefs,DocletParam,2,0,4,4,16,4,0,0,0.5,2,0
ant-ANT_13_B2,org.apache.tools.ant.taskdefs,DocletInfo,3,0,8,8,42,10,0,0,0.375,1,1
ant-ANT_13_B2,org.apache.tools.ant.taskdefs,LinkArgument,3,0,7,7,25,7,0,0,0.5714285714285714,1,0
ant-ANT_13_B2,org.apache.tools.ant.taskdefs,GroupArgument,2,0,5,5,18,5,0,0,0.6,1,0
ant-ANT_13_B2,org.apache.tools.ant.taskdefs,JavadocOutputStream,1,0,3,0,28,8,0,1,0.6666666666666666,1,1
ant-ANT_13_B2,org.apache.tools.ant.taskdefs,Jikes,3,0,2,0,76,6,0,0,0.0,0,2
ant-ANT_13_B2,org.apache.tools.ant.taskdefs,JikesOutputParser,7,0,12,5,91,20,0,1,0.3333333333333333,1,0
ant-ANT_13_B2,org.apache.tools.ant.taskdefs,KeySubst,4,0,7,7,119,14,0,0,0.0,1,1
ant-ANT_13_B2,org.apache.tools.ant.taskdefs,LogOutputStream,4,0,7,4,62,10,1,0,0.0,0,2
ant-ANT_13_B2,org.apache.tools.ant.taskdefs,LogStreamHandler,0,0,1,1,15,1,0,2,-1.0,0,1
ant-ANT_13_B2,org.apache.tools.ant.taskdefs,MatchingTask,2,0,11,10,106,16,11,0,0.0,0,1
ant-ANT_13_B2,org.apache.tools.ant.taskdefs,Mkdir,1,0,2,2,26,6,0,0,0.0,0,0
ant-ANT_13_B2,org.apache.tools.ant.taskdefs,Move,0,0,4,1,99,23,0,1,-1.0,0,1
ant-ANT_13_B2,org.apache.tools.ant.taskdefs,Patch,3,0,8,8,85,16,0,0,0.0,0,2
ant-ANT_13_B2,org.apache.tools.ant.taskdefs,Property,8,0,26,19,250,56,0,0,0.0,1,3
ant-ANT_13_B2,org.apache.tools.ant.taskdefs,PumpStreamHandler,4,0,11,8,57,11,1,1,0.2727272727272727,0,0
ant-ANT_13_B2,org.apache.tools.ant.taskdefs,Rename,3,0,4,4,52,9,0,0,0.0,0,0
ant-ANT_13_B2,org.apache.tools.ant.taskdefs,Replace,11,0,25,22,291,56,0,1,0.08,0,4
ant-ANT_13_B2,org.apache.tools.ant.taskdefs,NestedString,1,0,2,2,9,2,0,0,0.0,1,0
ant-ANT_13_B2,org.apache.tools.ant.taskdefs,Replacefilter,3,0,8,8,61,17,0,0,0.0,1,0
ant-ANT_13_B2,org.apache.tools.ant.taskdefs,Rmic,16,0,23,18,306,61,0,1,0.17391304347826086,0,5
ant-ANT_13_B2,org.apache.tools.ant.taskdefs,RmicFileNameMapper,2,0,5,3,76,15,0,0,0.6,0,1
ant-ANT_13_B2,org.apache.tools.ant.taskdefs,SQLExec,22,0,26,21,463,72,0,0,0.07692307692307693,0,4
ant-ANT_13_B2,org.apache.tools.ant.taskdefs,OnError,0,0,1,1,8,1,0,0,-1.0,1,0
ant-ANT_13_B2,org.apache.tools.ant.taskdefs,Transaction,2,0,3,2,25,5,0,0,0.0,1,1
ant-ANT_13_B2,org.apache.tools.ant.taskdefs,SendEmail,6,0,8,8,126,19,0,0,0.25,0,1
ant-ANT_13_B2,org.apache.tools.ant.taskdefs,SignJar,11,0,13,12,127,32,0,0,0.0,0,1
ant-ANT_13_B2,org.apache.tools.ant.taskdefs,StreamPumper,4,0,2,2,38,3,0,0,0.0,0,0
ant-ANT_13_B2,org.apache.tools.ant.taskdefs,Tar,16,5,16,14,209,40,0,1,0.3125,0,3
ant-ANT_13_B2,org.apache.tools.ant.taskdefs,TarFileSet,4,0,9,9,37,10,0,0,0.6666666666666666,1,2
ant-ANT_13_B2,org.apache.tools.ant.taskdefs,TaskOutputStream,3,0,3,1,40,5,0,0,0.0,0,0
ant-ANT_13_B2,org.apache.tools.ant.taskdefs,Taskdef,3,0,7,7,68,12,0,0,0.0,1,1
ant-ANT_13_B2,org.apache.tools.ant.taskdefs,Touch,5,0,5,4,101,13,0,0,0.0,3,0
ant-ANT_13_B2,org.apache.tools.ant.taskdefs,Transform,5,0,8,3,123,20,0,2,0.0,0,1
ant-ANT_13_B2,org.apache.tools.ant.taskdefs,Tstamp,5,0,8,8,96,20,0,0,0.375,0,1
ant-ANT_13_B2,org.apache.tools.ant.taskdefs,CustomFormat,4,0,6,6,62,17,0,0,0.3333333333333333,1,0
ant-ANT_13_B2,org.apache.tools.ant.taskdefs,Untar,2,0,3,3,89,11,0,0,0.0,0,1
ant-ANT_13_B2,org.apache.tools.ant.taskdefs,UpToDate,4,0,6,5,69,11,0,1,0.3333333333333333,0,0
ant-ANT_13_B2,org.apache.tools.ant.taskdefs,War,2,0,9,6,64,13,0,3,0.6666666666666666,0,1
ant-ANT_13_B2,org.apache.tools.ant.taskdefs,XSLTLiaison,0,0,3,3,9,3,0,0,-1.0,1,0
ant-ANT_13_B2,org.apache.tools.ant.taskdefs,XSLTProcess,10,0,17,14,224,38,0,1,0.17647058823529413,0,2
ant-ANT_13_B2,org.apache.tools.ant.taskdefs,Param,2,0,4,4,18,6,0,0,0.5,1,0
ant-ANT_13_B2,org.apache.tools.ant.taskdefs,Zip,8,0,20,7,358,68,1,1,0.0,1,4
ant-ANT_13_B2,org.apache.tools.ant.taskdefs,AntStructureTest,0,0,3,3,14,3,0,1,-1.0,0,0
ant-ANT_13_B2,org.apache.tools.ant.taskdefs,AntTest,0,0,8,8,29,8,0,1,-1.0,0,0
ant-ANT_13_B2,org.apache.tools.ant.taskdefs,AvailableTest,0,0,16,16,65,16,0,1,-1.0,0,0
ant-ANT_13_B2,org.apache.tools.ant.taskdefs,CopydirTest,0,0,8,8,33,9,0,1,-1.0,0,0
ant-ANT_13_B2,org.apache.tools.ant.taskdefs,CopyfileTest,0,0,7,7,33,8,0,1,-1.0,0,0
ant-ANT_13_B2,org.apache.tools.ant.taskdefs,DeleteTest,0,0,5,5,20,5,0,1,-1.0,0,0
ant-ANT_13_B2,org.apache.tools.ant.taskdefs,DeltreeTest,0,0,4,4,17,4,0,1,-1.0,0,0
ant-ANT_13_B2,org.apache.tools.ant.taskdefs,EchoTest,0,0,5,5,20,5,0,1,-1.0,0,0
ant-ANT_13_B2,org.apache.tools.ant.taskdefs,ExecuteWatchdogTest,3,0,12,7,105,17,0,0,0.4166666666666667,0,1
ant-ANT_13_B2,org.apache.tools.ant.taskdefs,TimeProcess,0,0,1,1,9,2,0,0,-1.0,0,0
ant-ANT_13_B2,org.apache.tools.ant.taskdefs,FailTest,0,0,4,4,17,4,0,1,-1.0,0,0
ant-ANT_13_B2,org.apache.tools.ant.taskdefs,FilterTest,1,0,11,10,65,12,0,1,0.5454545454545454,0,0
ant-ANT_13_B2,org.apache.tools.ant.taskdefs,GUnzipTest,0,0,5,5,29,7,0,1,-1.0,0,0
ant-ANT_13_B2,org.apache.tools.ant.taskdefs,GetTest,0,0,8,8,36,9,0,1,-1.0,0,0
ant-ANT_13_B2,org.apache.tools.ant.taskdefs,GzipTest,0,0,7,7,30,8,0,1,-1.0,0,0
ant-ANT_13_B2,org.apache.tools.ant.taskdefs,JarTest,2,0,7,7,33,7,0,1,0.8571428571428571,0,0
ant-ANT_13_B2,org.apache.tools.ant.taskdefs,MkdirTest,0,0,5,5,27,6,0,1,-1.0,0,0
ant-ANT_13_B2,org.apache.tools.ant.taskdefs,RenameTest,0,0,6,6,23,6,0,1,-1.0,0,0
ant-ANT_13_B2,org.apache.tools.ant.taskdefs,ReplaceTest,0,0,10,10,35,10,0,1,-1.0,0,0
ant-ANT_13_B2,org.apache.tools.ant.taskdefs,TarTest,0,0,5,5,20,5,0,1,-1.0,0,0
ant-ANT_13_B2,org.apache.tools.ant.taskdefs,TaskdefTest,0,0,7,7,26,7,0,1,-1.0,0,0
ant-ANT_13_B2,org.apache.tools.ant.taskdefs,TaskdefsTest,4,0,16,9,131,21,21,0,0.5,0,0
ant-ANT_13_B2,org.apache.tools.ant.taskdefs,AntOutputStream,0,0,1,1,5,1,0,0,-1.0,0,0
ant-ANT_13_B2,org.apache.tools.ant.taskdefs,AntTestListener,0,0,7,7,47,8,0,0,-1.0,0,0
ant-ANT_13_B2,org.apache.tools.ant.taskdefs,UnzipTest,0,0,5,5,20,5,0,1,-1.0,0,0
ant-ANT_13_B2,org.apache.tools.ant.taskdefs,ZipTest,0,0,4,4,17,4,0,1,-1.0,0,0
ant-ANT_13_B2,org.apache.tools.ant.taskdefs.compilers,CompilerAdapter,0,0,2,2,15,2,1,0,-1.0,0,1
ant-ANT_13_B2,org.apache.tools.ant.taskdefs.compilers,CompilerAdapterFactory,0,0,3,1,60,7,0,0,-1.0,1,3
ant-ANT_13_B2,org.apache.tools.ant.taskdefs.compilers,DefaultCompilerAdapter,19,0,7,2,250,37,4,1,0.0,0,2
ant-ANT_13_B2,org.apache.tools.ant.taskdefs.compilers,Javac12,0,0,1,1,33,2,0,2,-1.0,0,2
ant-ANT_13_B2,org.apache.tools.ant.taskdefs.compilers,Javac13,1,0,1,1,41,2,0,2,0.0,0,2
ant-ANT_13_B2,org.apache.tools.ant.taskdefs.compilers,Jikes,0,0,1,1,76,15,0,2,-1.0,0,1
ant-ANT_13_B2,org.apache.tools.ant.taskdefs.compilers,Jvc,0,0,1,1,47,7,0,2,-1.0,0,1
ant-ANT_13_B2,org.apache.tools.ant.taskdefs.optional,ANTLR,5,0,9,6,98,19,0,0,0.0,0,1
ant-ANT_13_B2,org.apache.tools.ant.taskdefs.optional,Cab,10,0,15,7,206,34,0,0,0.0,0,2
ant-ANT_13_B2,org.apache.tools.ant.taskdefs.optional,Javah,13,0,21,18,237,47,0,0,0.14285714285714285,0,2
ant-ANT_13_B2,org.apache.tools.ant.taskdefs.optional,ClassArgument,1,0,3,3,12,3,0,0,0.6666666666666666,1,0
ant-ANT_13_B2,org.apache.tools.ant.taskdefs.optional,Native2Ascii,6,0,11,10,147,26,0,0,0.2727272727272727,0,4
ant-ANT_13_B2,org.apache.tools.ant.taskdefs.optional,ExtMapper,0,0,3,3,15,4,0,0,-1.0,0,0
ant-ANT_13_B2,org.apache.tools.ant.taskdefs.optional,NetRexxC,33,0,37,31,394,55,0,0,0.05405405405405406,0,2
ant-ANT_13_B2,org.apache.tools.ant.taskdefs.optional,PropertyFile,23,8,25,14,376,68,0,0,0.2,0,3
ant-ANT_13_B2,org.apache.tools.ant.taskdefs.optional,Entry,18,8,15,10,282,54,0,0,0.13333333333333333,1,2
ant-ANT_13_B2,org.apache.tools.ant.taskdefs.optional,Operation,5,5,2,2,28,6,0,0,1.0,2,0
ant-ANT_13_B2,org.apache.tools.ant.taskdefs.optional,Type,3,3,2,2,20,4,0,0,1.0,2,0
ant-ANT_13_B2,org.apache.tools.ant.taskdefs.optional,RenameExtensions,5,0,6,6,74,7,0,0,0.0,0,2
ant-ANT_13_B2,org.apache.tools.ant.taskdefs.optional,Script,3,0,5,4,85,12,0,0,0.0,0,0
ant-ANT_13_B2,org.apache.tools.ant.taskdefs.optional,StyleBook,3,0,5,5,38,8,0,0,0.4,0,0
ant-ANT_13_B2,org.apache.tools.ant.taskdefs.optional,Test,2,0,9,9,42,10,0,0,0.7777777777777778,0,1
ant-ANT_13_B2,org.apache.tools.ant.taskdefs.optional,TestletEntry,1,0,2,2,9,2,0,0,0.0,1,0
ant-ANT_13_B2,org.apache.tools.ant.taskdefs.optional,TraXLiaison,4,0,5,4,39,6,0,0,0.0,0,0
ant-ANT_13_B2,org.apache.tools.ant.taskdefs.optional,XalanLiaison,3,0,5,4,27,6,0,0,0.0,0,0
ant-ANT_13_B2,org.apache.tools.ant.taskdefs.optional,XslpLiaison,2,0,4,4,21,4,0,0,0.0,0,0
ant-ANT_13_B2,org.apache.tools.ant.taskdefs.optional,ANTLRTest,1,0,9,9,36,9,0,0,0.8888888888888888,0,0
ant-ANT_13_B2,org.apache.tools.ant.taskdefs.optional,CalcFileFilter,0,0,1,1,5,1,0,0,-1.0,0,0
ant-ANT_13_B2,org.apache.tools.ant.taskdefs.optional.clearcase,CCCheckin,13,7,16,13,194,26,0,1,0.0,0,1
ant-ANT_13_B2,org.apache.tools.ant.taskdefs.optional.clearcase,CCCheckout,18,10,22,17,271,36,0,1,0.0,0,1
ant-ANT_13_B2,org.apache.tools.ant.taskdefs.optional.clearcase,CCUnCheckout,3,2,4,3,60,7,0,1,0.0,0,1
ant-ANT_13_B2,org.apache.tools.ant.taskdefs.optional.clearcase,CCUpdate,13,7,15,13,189,23,0,1,0.0,0,1
ant-ANT_13_B2,org.apache.tools.ant.taskdefs.optional.clearcase,ClearCase,7,4,5,3,74,6,4,0,0.6,0,2
ant-ANT_13_B2,org.apache.tools.ant.taskdefs.optional.depend,ClassFile,3,0,3,3,62,7,0,0,0.0,3,1
ant-ANT_13_B2,org.apache.tools.ant.taskdefs.optional.depend,ClassFileIterator,0,0,1,1,3,1,2,0,-1.0,0,0
ant-ANT_13_B2,org.apache.tools.ant.taskdefs.optional.depend,ClassFileUtils,0,0,2,2,65,8,0,0,-1.0,2,0
ant-ANT_13_B2,org.apache.tools.ant.taskdefs.optional.depend,Depend,10,0,13,5,272,50,0,0,0.0,0,5
ant-ANT_13_B2,org.apache.tools.ant.taskdefs.optional.depend,ClassFileInfo,3,3,0,0,5,0,0,0,-1.0,1,0
ant-ANT_13_B2,org.apache.tools.ant.taskdefs.optional.depend,DirectoryIterator,3,0,3,2,91,11,0,1,0.0,0,1
ant-ANT_13_B2,org.apache.tools.ant.taskdefs.optional.depend,JarFileIterator,1,0,3,2,47,7,0,1,0.6666666666666666,0,1
ant-ANT_13_B2,org.apache.tools.ant.taskdefs.optional.depend.constantpool,ClassCPInfo,2,0,5,5,50,5,0,1,0.4,4,1
ant-ANT_13_B2,org.apache.tools.ant.taskdefs.optional.depend.constantpool,ConstantCPInfo,1,0,3,2,32,3,5,1,0.6666666666666666,1,0
ant-ANT_13_B2,org.apache.tools.ant.taskdefs.optional.depend.constantpool,ConstantPool,2,0,14,14,219,39,0,0,0.0,7,8
ant-ANT_13_B2,org.apache.tools.ant.taskdefs.optional.depend.constantpool,ConstantPoolEntry,14,11,7,7,156,18,7,0,0.2857142857142857,2,2
ant-ANT_13_B2,org.apache.tools.ant.taskdefs.optional.depend.constantpool,DoubleCPInfo,0,0,3,3,24,3,0,2,-1.0,0,0
ant-ANT_13_B2,org.apache.tools.ant.taskdefs.optional.depend.constantpool,FieldRefCPInfo,5,0,7,7,63,8,0,1,0.2857142857142857,1,3
ant-ANT_13_B2,org.apache.tools.ant.taskdefs.optional.depend.constantpool,FloatCPInfo,0,0,3,3,27,3,0,2,-1.0,0,0
ant-ANT_13_B2,org.apache.tools.ant.taskdefs.optional.depend.constantpool,IntegerCPInfo,0,0,3,3,27,3,0,2,-1.0,0,0
ant-ANT_13_B2,org.apache.tools.ant.taskdefs.optional.depend.constantpool,InterfaceMethodRefCPInfo,5,0,7,7,63,8,0,1,0.2857142857142857,1,3
ant-ANT_13_B2,org.apache.tools.ant.taskdefs.optional.depend.constantpool,LongCPInfo,0,0,3,3,27,3,0,2,-1.0,0,0
ant-ANT_13_B2,org.apache.tools.ant.taskdefs.optional.depend.constantpool,MethodRefCPInfo,5,0,7,7,63,8,0,1,0.2857142857142857,1,3
ant-ANT_13_B2,org.apache.tools.ant.taskdefs.optional.depend.constantpool,NameAndTypeCPInfo,4,0,6,6,54,7,0,1,0.3333333333333333,4,1
ant-ANT_13_B2,org.apache.tools.ant.taskdefs.optional.depend.constantpool,StringCPInfo,1,0,4,4,37,4,0,2,0.5,0,1
ant-ANT_13_B2,org.apache.tools.ant.taskdefs.optional.depend.constantpool,Utf8CPInfo,1,0,4,4,31,4,0,1,0.5,1,0
ant-ANT_13_B2,org.apache.tools.ant.taskdefs.optional.dotnet,CSharp,23,0,50,32,522,66,0,0,0.04,0,2
ant-ANT_13_B2,org.apache.tools.ant.taskdefs.optional.dotnet,Ilasm,14,0,27,18,294,37,0,0,0.0,0,2
ant-ANT_13_B2,org.apache.tools.ant.taskdefs.optional.dotnet,NetCommand,7,0,9,6,131,13,0,0,0.0,2,2
ant-ANT_13_B2,org.apache.tools.ant.taskdefs.optional.ejb,DDCreator,3,0,4,4,69,8,0,0,0.0,0,1
ant-ANT_13_B2,org.apache.tools.ant.taskdefs.optional.ejb,DDCreatorHelper,3,0,3,1,65,7,0,0,0.0,1,1
ant-ANT_13_B2,org.apache.tools.ant.taskdefs.optional.ejb,DescriptorHandler,12,0,9,8,128,20,0,0,0.2222222222222222,3,0
ant-ANT_13_B2,org.apache.tools.ant.taskdefs.optional.ejb,EJBDeploymentTool,0,0,4,4,20,4,1,0,-1.0,1,2
ant-ANT_13_B2,org.apache.tools.ant.taskdefs.optional.ejb,EjbJar,14,8,19,18,225,26,0,0,0.15789473684210525,3,8
ant-ANT_13_B2,org.apache.tools.ant.taskdefs.optional.ejb,DTDLocation,2,0,4,4,16,4,0,0,0.5,1,0
ant-ANT_13_B2,org.apache.tools.ant.taskdefs.optional.ejb,Config,8,8,0,0,37,0,0,0,-1.0,1,0
ant-ANT_13_B2,org.apache.tools.ant.taskdefs.optional.ejb,Ejbc,6,1,8,8,105,13,0,0,0.0,0,1
ant-ANT_13_B2,org.apache.tools.ant.taskdefs.optional.ejb,EjbcHelper,7,0,6,1,162,19,0,0,0.0,1,1
ant-ANT_13_B2,org.apache.tools.ant.taskdefs.optional.ejb,GenericDeploymentTool,9,0,23,8,397,60,1,1,0.0,1,6
ant-ANT_13_B2,org.apache.tools.ant.taskdefs.optional.ejb,InnerClassFilenameFilter,1,0,2,1,16,4,0,0,0.0,1,0
ant-ANT_13_B2,org.apache.tools.ant.taskdefs.optional.ejb,WLRun,17,0,19,17,273,38,0,0,0.0,0,1
ant-ANT_13_B2,org.apache.tools.ant.taskdefs.optional.ejb,WLStop,6,0,8,8,106,12,0,0,0.0,0,1
ant-ANT_13_B2,org.apache.tools.ant.taskdefs.optional.ejb,WeblogicDeploymentTool,19,3,23,14,417,58,1,2,0.2608695652173913,1,4
ant-ANT_13_B2,org.apache.tools.ant.taskdefs.optional.ejb,WeblogicTOPLinkDeploymentTool,3,0,5,3,59,9,0,3,0.4,1,2
ant-ANT_13_B2,org.apache.tools.ant.taskdefs.optional.ide,VAJAntTool,1,0,3,3,62,5,0,0,0.0,2,5
ant-ANT_13_B2,org.apache.tools.ant.taskdefs.optional.ide,VAJAntToolGUI,44,0,74,24,1248,153,0,0,0.14864864864864866,3,7
ant-ANT_13_B2,org.apache.tools.ant.taskdefs.optional.ide,VAJBuildLogger,1,0,10,10,106,18,0,0,0.7,1,3
ant-ANT_13_B2,org.apache.tools.ant.taskdefs.optional.ide,PrivateEventHandler,0,0,11,11,100,32,0,0,-1.0,1,0
ant-ANT_13_B2,org.apache.tools.ant.taskdefs.optional.ide,VAJBuildInfo,8,0,23,17,249,32,0,0,0.13043478260869565,3,1
ant-ANT_13_B2,org.apache.tools.ant.taskdefs.optional.ide,VAJExport,7,0,13,12,119,16,0,0,0.0,0,4
ant-ANT_13_B2,org.apache.tools.ant.taskdefs.optional.ide,VAJImport,6,0,10,6,182,28,0,0,0.0,0,4
ant-ANT_13_B2,org.apache.tools.ant.taskdefs.optional.ide,VAJLoadProjects,5,0,13,13,146,27,0,0,0.23076923076923078,1,5
ant-ANT_13_B2,org.apache.tools.ant.taskdefs.optional.ide,VAJProjectDescription,3,0,8,8,38,10,0,0,0.375,1,0
ant-ANT_13_B2,org.apache.tools.ant.taskdefs.optional.ide,VAJUtil,1,0,2,2,36,6,0,0,1.0,5,1
ant-ANT_13_B2,org.apache.tools.ant.taskdefs.optional.ide,VAJWorkspaceScanner,2,0,6,5,119,21,0,0,0.3333333333333333,3,4
ant-ANT_13_B2,org.apache.tools.ant.taskdefs.optional.javacc,JJTree,16,0,16,16,111,23,0,0,0.0,0,5
ant-ANT_13_B2,org.apache.tools.ant.taskdefs.optional.javacc,JavaCC,25,0,26,25,159,35,0,0,0.0,0,5
ant-ANT_13_B2,org.apache.tools.ant.taskdefs.optional.jlink,ConstantPool,14,0,1,0,50,14,0,0,0.0,0,0
ant-ANT_13_B2,org.apache.tools.ant.taskdefs.optional.jlink,ClassNameReader,0,0,1,1,20,2,0,0,-1.0,1,0
ant-ANT_13_B2,org.apache.tools.ant.taskdefs.optional.jlink,JlinkTask,5,0,10,7,108,20,0,0,0.0,0,2
ant-ANT_13_B2,org.apache.tools.ant.taskdefs.optional.jlink,jlink,5,0,16,8,260,47,0,0,0.0,2,2
ant-ANT_13_B2,org.apache.tools.ant.taskdefs.optional.jsp,WLJspc,6,0,8,6,163,24,0,0,0.0,0,4
ant-ANT_13_B2,org.apache.tools.ant.taskdefs.optional.junit,AggregateTransformer,17,9,30,8,355,50,0,0,0.06666666666666667,2,5
ant-ANT_13_B2,org.apache.tools.ant.taskdefs.optional.junit,PackageFilter,1,0,2,1,16,2,0,1,0.0,0,2
ant-ANT_13_B2,org.apache.tools.ant.taskdefs.optional.junit,BaseTest,7,0,11,11,59,12,2,0,0.6363636363636364,0,1
ant-ANT_13_B2,org.apache.tools.ant.taskdefs.optional.junit,BatchTest,2,0,8,4,118,15,0,1,0.0,2,6
ant-ANT_13_B2,org.apache.tools.ant.taskdefs.optional.junit,DOMUtil,0,0,8,7,158,29,1,0,-1.0,4,3
ant-ANT_13_B2,org.apache.tools.ant.taskdefs.optional.junit,NodeFilter,0,0,1,1,10,1,0,0,-1.0,1,0
ant-ANT_13_B2,org.apache.tools.ant.taskdefs.optional.junit,NodeListImpl,0,0,2,2,16,2,0,0,-1.0,1,0
ant-ANT_13_B2,org.apache.tools.ant.taskdefs.optional.junit,Enumerations,0,0,3,2,24,3,0,0,-1.0,2,0
ant-ANT_13_B2,org.apache.tools.ant.taskdefs.optional.junit,ArrayEnumeration,2,0,3,3,42,4,0,0,0.0,0,0
ant-ANT_13_B2,org.apache.tools.ant.taskdefs.optional.junit,CompoundEnumeration,2,0,3,3,41,6,0,0,0.0,0,0
ant-ANT_13_B2,org.apache.tools.ant.taskdefs.optional.junit,FormatterElement,5,0,11,8,89,15,0,0,0.18181818181818182,4,2
ant-ANT_13_B2,org.apache.tools.ant.taskdefs.optional.junit,TypeAttribute,0,0,1,1,8,1,0,0,-1.0,1,0
ant-ANT_13_B2,org.apache.tools.ant.taskdefs.optional.junit,JUnitResultFormatter,0,0,3,3,18,3,3,0,-1.0,2,1
ant-ANT_13_B2,org.apache.tools.ant.taskdefs.optional.junit,JUnitTask,7,0,25,16,311,48,0,0,0.0,0,13
ant-ANT_13_B2,org.apache.tools.ant.taskdefs.optional.junit,JUnitTest,6,0,16,15,85,19,0,1,0.5,7,2
ant-ANT_13_B2,org.apache.tools.ant.taskdefs.optional.junit,JUnitTestRunner,12,3,15,11,225,33,0,0,0.2,2,5
ant-ANT_13_B2,org.apache.tools.ant.taskdefs.optional.junit,PlainJUnitResultFormatter,6,0,10,9,124,14,0,1,0.2,0,1
ant-ANT_13_B2,org.apache.tools.ant.taskdefs.optional.junit,SummaryJUnitResultFormatter,2,0,9,9,84,10,0,1,0.7777777777777778,1,1
ant-ANT_13_B2,org.apache.tools.ant.taskdefs.optional.junit,XMLConstants,13,13,0,0,60,0,2,0,-1.0,2,0
ant-ANT_13_B2,org.apache.tools.ant.taskdefs.optional.junit,XMLJUnitResultFormatter,6,0,11,9,137,17,0,1,0.18181818181818182,1,2
ant-ANT_13_B2,org.apache.tools.ant.taskdefs.optional.junit,XMLResultAggregator,6,2,11,5,184,19,0,1,0.0,1,6
ant-ANT_13_B2,org.apache.tools.ant.taskdefs.optional.metamata,MParse,10,0,21,12,268,41,0,0,0.0,1,5
ant-ANT_13_B2,org.apache.tools.ant.taskdefs.optional.net,FTP,22,0,28,17,496,91,0,0,0.0,0,2
ant-ANT_13_B2,org.apache.tools.ant.taskdefs.optional.net,FTPDirectoryScanner,1,0,3,2,85,17,0,0,0.0,0,0
ant-ANT_13_B2,org.apache.tools.ant.taskdefs.optional.net,TelnetTask,11,0,21,20,232,35,0,0,0.14285714285714285,0,3
ant-ANT_13_B2,org.apache.tools.ant.taskdefs.optional.net,TelnetSubTask,1,0,3,3,15,3,2,0,0.6666666666666666,1,1
ant-ANT_13_B2,org.apache.tools.ant.taskdefs.optional.net,TelnetWrite,1,0,2,2,12,2,0,1,0.0,0,1
ant-ANT_13_B2,org.apache.tools.ant.taskdefs.optional.net,TelnetRead,1,0,3,3,21,4,0,1,0.0,0,1
ant-ANT_13_B2,org.apache.tools.ant.taskdefs.optional.net,AntTelnetClient,0,0,3,3,61,9,0,0,-1.0,4,1
ant-ANT_13_B2,org.apache.tools.ant.taskdefs.optional.perforce,P4Base,8,0,8,6,107,12,6,0,0.375,1,2
ant-ANT_13_B2,org.apache.tools.ant.taskdefs.optional.perforce,P4Change,1,0,4,4,52,17,0,1,0.75,0,1
ant-ANT_13_B2,org.apache.tools.ant.taskdefs.optional.perforce,P4Edit,1,1,2,2,15,4,0,1,0.0,0,0
ant-ANT_13_B2,org.apache.tools.ant.taskdefs.optional.perforce,P4Handler,0,0,2,2,8,2,1,0,-1.0,3,0
ant-ANT_13_B2,org.apache.tools.ant.taskdefs.optional.perforce,P4HandlerAdapter,4,0,7,7,39,9,1,1,0.2857142857142857,0,0
ant-ANT_13_B2,org.apache.tools.ant.taskdefs.optional.perforce,P4Have,0,0,1,1,9,1,0,1,-1.0,0,0
ant-ANT_13_B2,org.apache.tools.ant.taskdefs.optional.perforce,P4Label,2,0,5,5,47,8,0,1,0.6,0,1
ant-ANT_13_B2,org.apache.tools.ant.taskdefs.optional.perforce,P4OutputHandler,0,0,1,1,7,1,0,0,-1.0,0,0
ant-ANT_13_B2,org.apache.tools.ant.taskdefs.optional.perforce,P4Submit,1,1,3,3,23,4,0,1,0.6666666666666666,0,0
ant-ANT_13_B2,org.apache.tools.ant.taskdefs.optional.perforce,P4Sync,2,0,3,3,26,7,0,1,0.0,0,0
ant-ANT_13_B2,org.apache.tools.ant.taskdefs.optional.perforce,SimpleP4OutputHandler,1,0,2,2,13,4,0,2,0.0,0,1
ant-ANT_13_B2,org.apache.tools.ant.taskdefs.optional.scm,AntStarTeamCheckOut,22,6,41,31,791,118,0,0,0.04878048780487805,1,1
ant-ANT_13_B2,org.apache.tools.ant.taskdefs.optional.sound,AntSoundPlayer,6,0,14,11,151,21,0,0,0.7142857142857143,1,0
ant-ANT_13_B2,org.apache.tools.ant.taskdefs.optional.sound,SoundTask,5,0,11,11,98,15,0,0,0.5454545454545454,0,2
ant-ANT_13_B2,org.apache.tools.ant.taskdefs.optional.sound,BuildAlert,3,0,6,6,61,8,0,0,0.5,1,0
ant-ANT_13_B2,org.apache.tools.ant.taskdefs.optional.vss,MSVSS,21,17,7,6,135,10,2,0,0.5714285714285714,0,2
ant-ANT_13_B2,org.apache.tools.ant.taskdefs.optional.vss,MSVSSGET,7,0,13,13,171,30,0,1,0.0,0,2
ant-ANT_13_B2,org.apache.tools.ant.taskdefs.optional.vss,MSVSSLABEL,3,1,6,6,83,13,0,1,0.0,0,1
ant-ANT_13_B2,org.apache.tools.ant.types,Commandline,5,0,24,23,257,51,0,0,0.08333333333333333,26,3
ant-ANT_13_B2,org.apache.tools.ant.types,Argument,1,0,5,5,40,5,0,0,0.0,2,2
ant-ANT_13_B2,org.apache.tools.ant.types,Marker,2,0,2,1,23,4,0,0,0.0,0,1
ant-ANT_13_B2,org.apache.tools.ant.types,CommandlineJava,6,0,26,26,155,36,0,0,0.19230769230769232,7,6
ant-ANT_13_B2,org.apache.tools.ant.types,SysProperties,1,0,5,5,50,9,0,1,0.8,2,2
ant-ANT_13_B2,org.apache.tools.ant.types,DataType,3,0,8,4,81,11,4,0,0.5,0,2
ant-ANT_13_B2,org.apache.tools.ant.types,EnumeratedAttribute,1,0,5,5,44,9,3,0,0.4,2,0
ant-ANT_13_B2,org.apache.tools.ant.types,Environment,3,0,11,11,55,14,1,0,0.2727272727272727,3,2
ant-ANT_13_B2,org.apache.tools.ant.types,Variable,2,0,8,8,32,9,0,0,0.25,1,1
ant-ANT_13_B2,org.apache.tools.ant.types,FileSet,4,0,16,14,175,37,1,1,0.125,6,6
ant-ANT_13_B2,org.apache.tools.ant.types,Mapper,7,0,14,13,170,31,0,1,0.21428571428571427,3,5
ant-ANT_13_B2,org.apache.tools.ant.types,MapperType,1,0,3,3,20,3,0,1,0.6666666666666666,1,0
ant-ANT_13_B2,org.apache.tools.ant.types,Path,4,1,25,21,333,66,0,1,0.0,21,7
ant-ANT_13_B2,org.apache.tools.ant.types,PathElement,1,0,3,3,23,4,0,0,0.0,1,2
ant-ANT_13_B2,org.apache.tools.ant.types,PatternSet,7,0,23,16,258,54,0,1,0.17391304347826086,5,5
ant-ANT_13_B2,org.apache.tools.ant.types,NameEntry,3,0,6,5,32,8,0,0,0.0,1,1
ant-ANT_13_B2,org.apache.tools.ant.types,Reference,1,0,5,5,30,7,0,0,0.4,7,1
ant-ANT_13_B2,org.apache.tools.ant.types,ZipFileSet,4,0,8,8,83,12,0,2,0.375,2,2
ant-ANT_13_B2,org.apache.tools.ant.types,ZipScanner,1,0,5,5,53,7,0,0,0.8,1,0
ant-ANT_13_B2,org.apache.tools.ant.types,CommandlineJavaTest,1,0,3,3,44,3,0,0,0.6666666666666666,0,2
ant-ANT_13_B2,org.apache.tools.ant.types,CommandlineTest,0,0,3,3,63,4,0,0,-1.0,0,1
ant-ANT_13_B2,org.apache.tools.ant.types,EnumeratedAttributeTest,1,0,5,5,55,7,0,0,0.6,0,1
ant-ANT_13_B2,org.apache.tools.ant.types,TestNormal,0,0,1,1,5,1,0,1,-1.0,0,0
ant-ANT_13_B2,org.apache.tools.ant.types,TestNull,0,0,1,1,5,1,0,1,-1.0,0,0
ant-ANT_13_B2,org.apache.tools.ant.types,FileSetTest,1,0,4,4,154,4,0,0,0.5,0,2
ant-ANT_13_B2,org.apache.tools.ant.types,MapperTest,1,0,4,4,98,4,0,0,0.5,0,2
ant-ANT_13_B2,org.apache.tools.ant.types,PathTest,2,1,9,9,232,16,0,0,0.2222222222222222,0,2
ant-ANT_13_B2,org.apache.tools.ant.types,PatternSetTest,1,0,4,4,129,4,0,0,0.75,0,2
ant-ANT_13_B2,org.apache.tools.ant.util,DOMElementWriter,3,0,3,3,147,25,0,0,0.0,1,0
ant-ANT_13_B2,org.apache.tools.ant.util,FileNameMapper,0,0,3,3,19,3,5,0,-1.0,1,0
ant-ANT_13_B2,org.apache.tools.ant.util,FlatFileNameMapper,0,0,3,3,22,3,0,1,-1.0,0,0
ant-ANT_13_B2,org.apache.tools.ant.util,GlobPatternMapper,6,0,4,3,75,7,0,1,0.0,1,0
ant-ANT_13_B2,org.apache.tools.ant.util,IdentityMapper,0,0,3,3,22,3,0,1,-1.0,0,0
ant-ANT_13_B2,org.apache.tools.ant.util,MergingMapper,1,0,3,3,24,3,0,1,0.6666666666666666,0,0
ant-ANT_13_B2,org.apache.tools.ant.util,RegexpPatternMapper,3,0,5,4,65,10,0,1,0.0,0,1
ant-ANT_13_B2,org.apache.tools.ant.util,SourceFileScanner,1,0,3,3,84,14,0,0,0.0,0,3
ant-ANT_13_B2,org.apache.tools.ant.util,DOMElementWriterTest,1,0,3,3,39,3,0,0,0.6666666666666666,0,1
ant-ANT_13_B2,org.apache.tools.ant.util,GlobPatternMapperTest,0,0,5,5,63,5,0,0,-1.0,0,1
ant-ANT_13_B2,org.apache.tools.ant.util.regexp,JakartaOroMatcher,3,0,4,4,46,6,0,1,0.0,0,0
ant-ANT_13_B2,org.apache.tools.ant.util.regexp,JakartaRegexpMatcher,2,0,4,4,45,6,0,1,0.0,0,0
ant-ANT_13_B2,org.apache.tools.ant.util.regexp,RegexpMatcher,0,0,4,4,22,4,2,0,-1.0,2,0
ant-ANT_13_B2,org.apache.tools.ant.util.regexp,RegexpMatcherFactory,0,0,3,2,34,4,0,0,-1.0,0,0
ant-ANT_13_B2,org.apache.tools.ant.util.regexp,JakartaOroMatcherTest,0,0,2,2,12,2,0,1,-1.0,0,0
ant-ANT_13_B2,org.apache.tools.ant.util.regexp,JakartaRegexpMatcherTest,0,0,2,2,12,2,0,1,-1.0,0,0
ant-ANT_13_B2,org.apache.tools.ant.util.regexp,RegexpMatcherTest,0,0,4,4,54,4,2,0,-1.0,0,1
ant-ANT_13_B2,org.apache.tools.mail,MailMessage,8,0,27,10,218,45,0,0,0.07407407407407407,2,2
ant-ANT_13_B2,org.apache.tools.mail,MailPrintStream,1,0,5,3,34,9,0,0,0.4,0,0
ant-ANT_13_B2,org.apache.tools.mail,SmtpResponseReader,2,0,5,3,53,8,0,0,0.0,1,0
ant-ANT_13_B2,org.apache.tools.tar,TarBuffer,11,2,21,17,260,56,0,0,0.0,3,1
ant-ANT_13_B2,org.apache.tools.tar,TarConstants,24,24,0,0,103,0,1,0,-1.0,1,0
ant-ANT_13_B2,org.apache.tools.tar,TarEntry,15,0,31,30,416,46,0,1,0.0,3,2
ant-ANT_13_B2,org.apache.tools.tar,TarInputStream,8,0,16,16,238,41,0,0,0.375,0,2
ant-ANT_13_B2,org.apache.tools.tar,TarOutputStream,12,3,15,14,180,28,0,0,0.2,0,3
ant-ANT_13_B2,org.apache.tools.tar,TarUtils,0,0,7,7,137,20,0,0,-1.0,2,1
