Project Name,Package Name,Type Name,Code Smell
ant-ANT_14_B1,(default package),Bootstrap2,Unutilized Abstraction
ant-ANT_14_B1,(default package),ant,Unutilized Abstraction
ant-ANT_14_B1,(default package),Junk1,Unutilized Abstraction
ant-ANT_14_B1,(default package),Junk1,Deficient Encapsulation
ant-ANT_14_B1,(default package),Junk1,Unutilized Abstraction
ant-ANT_14_B1,(default package),Junk1,Deficient Encapsulation
ant-ANT_14_B1,(default package),Junk1,Unutilized Abstraction
ant-ANT_14_B1,(default package),Junk1,Deficient Encapsulation
ant-ANT_14_B1,(default package),Junk1,Unutilized Abstraction
ant-ANT_14_B1,(default package),Junk1,Deficient Encapsulation
ant-ANT_14_B1,(default package),Junk1,Unutilized Abstraction
ant-ANT_14_B1,(default package),Junk1,Deficient Encapsulation
ant-ANT_14_B1,(default package),Junk1,Unutilized Abstraction
ant-ANT_14_B1,(default package),Junk1,Deficient Encapsulation
ant-ANT_14_B1,(default package),Junk1,Unutilized Abstraction
ant-ANT_14_B1,(default package),Junk1,Deficient Encapsulation
ant-ANT_14_B1,(default package),Junk1,Unutilized Abstraction
ant-ANT_14_B1,(default package),Junk1,Deficient Encapsulation
ant-ANT_14_B1,(default package),Junk1,Unutilized Abstraction
ant-ANT_14_B1,(default package),Junk1,Deficient Encapsulation
ant-ANT_14_B1,(default package),Junk1,Unutilized Abstraction
ant-ANT_14_B1,(default package),Junk1,Deficient Encapsulation
ant-ANT_14_B1,(default package),Junk1,Unutilized Abstraction
ant-ANT_14_B1,(default package),Junk1,Deficient Encapsulation
ant-ANT_14_B1,(default package),Junk1,Unutilized Abstraction
ant-ANT_14_B1,(default package),Junk1,Deficient Encapsulation
ant-ANT_14_B1,(default package),Junk1,Unutilized Abstraction
ant-ANT_14_B1,(default package),Junk1,Deficient Encapsulation
ant-ANT_14_B1,(default package),Junk1,Unutilized Abstraction
ant-ANT_14_B1,(default package),Junk1,Deficient Encapsulation
ant-ANT_14_B1,(default package),Junk1,Unutilized Abstraction
ant-ANT_14_B1,(default package),Junk1,Deficient Encapsulation
ant-ANT_14_B1,(default package),Junk1,Unutilized Abstraction
ant-ANT_14_B1,(default package),Junk1,Deficient Encapsulation
ant-ANT_14_B1,(default package),Junk1,Unutilized Abstraction
ant-ANT_14_B1,(default package),Junk1,Deficient Encapsulation
ant-ANT_14_B1,(default package),Junk1,Unutilized Abstraction
ant-ANT_14_B1,(default package),Junk1,Deficient Encapsulation
ant-ANT_14_B1,org.apache.ant.buildtarget,BuildTargetTask,Unutilized Abstraction
ant-ANT_14_B1,org.apache.ant.echo,EchoTask,Unutilized Abstraction
ant-ANT_14_B1,org.apache.ant,AbstractTask,Unutilized Abstraction
ant-ANT_14_B1,org.apache.ant,AntException,Cyclic-Dependent Modularization
ant-ANT_14_B1,org.apache.ant,AntFrontEnd,Deficient Encapsulation
ant-ANT_14_B1,org.apache.ant,AntFrontEnd,Cyclic-Dependent Modularization
ant-ANT_14_B1,org.apache.ant,Project,Cyclic-Dependent Modularization
ant-ANT_14_B1,org.apache.ant,Project,Insufficient Modularization
ant-ANT_14_B1,org.apache.ant,ProjectBuilder,Unutilized Abstraction
ant-ANT_14_B1,org.apache.ant,BuilderHandlerBase,Unutilized Abstraction
ant-ANT_14_B1,org.apache.ant,TaskManager,Cyclic-Dependent Modularization
ant-ANT_14_B1,org.apache.ant,AntException,Unutilized Abstraction
ant-ANT_14_B1,org.apache.ant.cli,Main,Unutilized Abstraction
ant-ANT_14_B1,org.apache.tools.ant,AntException,Unutilized Abstraction
ant-ANT_14_B1,org.apache.tools.ant,AntSecurityManager,Unutilized Abstraction
ant-ANT_14_B1,org.apache.tools.ant,BuildEvent,Deficient Encapsulation
ant-ANT_14_B1,org.apache.tools.ant,BuildEvent,Cyclic-Dependent Modularization
ant-ANT_14_B1,org.apache.tools.ant,BuildListener,Cyclic-Dependent Modularization
ant-ANT_14_B1,org.apache.tools.ant,ExitException,Unutilized Abstraction
ant-ANT_14_B1,org.apache.tools.ant,Import,Cyclic-Dependent Modularization
ant-ANT_14_B1,org.apache.tools.ant,Importer,Cyclic-Dependent Modularization
ant-ANT_14_B1,org.apache.tools.ant,Load,Unutilized Abstraction
ant-ANT_14_B1,org.apache.tools.ant,Project,Cyclic-Dependent Modularization
ant-ANT_14_B1,org.apache.tools.ant,Target,Cyclic-Dependent Modularization
ant-ANT_14_B1,org.apache.tools.ant,Task,Cyclic-Dependent Modularization
ant-ANT_14_B1,org.apache.tools.ant,TaskData,Cyclic-Dependent Modularization
ant-ANT_14_B1,org.apache.tools.ant,TaskProxy,Cyclic-Dependent Modularization
ant-ANT_14_B1,org.apache.tools.ant,Workspace,Deficient Encapsulation
ant-ANT_14_B1,org.apache.tools.ant,Workspace,Cyclic-Dependent Modularization
ant-ANT_14_B1,org.apache.tools.ant,Workspace,Insufficient Modularization
ant-ANT_14_B1,org.apache.tools.ant,AntClassLoader,Insufficient Modularization
ant-ANT_14_B1,org.apache.tools.ant,ResourceEnumeration,Unutilized Abstraction
ant-ANT_14_B1,org.apache.tools.ant,BuildEvent,Unutilized Abstraction
ant-ANT_14_B1,org.apache.tools.ant,BuildException,Unutilized Abstraction
ant-ANT_14_B1,org.apache.tools.ant,BuildListener,Unutilized Abstraction
ant-ANT_14_B1,org.apache.tools.ant,BuildLogger,Broken Hierarchy
ant-ANT_14_B1,org.apache.tools.ant,Constants,Unnecessary Abstraction
ant-ANT_14_B1,org.apache.tools.ant,Constants,Unutilized Abstraction
ant-ANT_14_B1,org.apache.tools.ant,DemuxOutputStream,Unutilized Abstraction
ant-ANT_14_B1,org.apache.tools.ant,DesirableFilter,Unutilized Abstraction
ant-ANT_14_B1,org.apache.tools.ant,DirectoryScanner,Insufficient Modularization
ant-ANT_14_B1,org.apache.tools.ant,ExitException,Unutilized Abstraction
ant-ANT_14_B1,org.apache.tools.ant,IntrospectionHelper,Insufficient Modularization
ant-ANT_14_B1,org.apache.tools.ant,Location,Deficient Encapsulation
ant-ANT_14_B1,org.apache.tools.ant,Main,Deficient Encapsulation
ant-ANT_14_B1,org.apache.tools.ant,NoBannerLogger,Unutilized Abstraction
ant-ANT_14_B1,org.apache.tools.ant,Project,Unutilized Abstraction
ant-ANT_14_B1,org.apache.tools.ant,Project,Deficient Encapsulation
ant-ANT_14_B1,org.apache.tools.ant,Project,Insufficient Modularization
ant-ANT_14_B1,org.apache.tools.ant,ProjectComponent,Unutilized Abstraction
ant-ANT_14_B1,org.apache.tools.ant,ProjectHelper,Cyclic-Dependent Modularization
ant-ANT_14_B1,org.apache.tools.ant,ProjectHelper,Insufficient Modularization
ant-ANT_14_B1,org.apache.tools.ant,AbstractHandler,Unutilized Abstraction
ant-ANT_14_B1,org.apache.tools.ant,RootHandler,Unutilized Abstraction
ant-ANT_14_B1,org.apache.tools.ant,ProjectHandler,Unutilized Abstraction
ant-ANT_14_B1,org.apache.tools.ant,TargetHandler,Unutilized Abstraction
ant-ANT_14_B1,org.apache.tools.ant,TaskHandler,Unutilized Abstraction
ant-ANT_14_B1,org.apache.tools.ant,NestedElementHandler,Unutilized Abstraction
ant-ANT_14_B1,org.apache.tools.ant,DataTypeHandler,Unutilized Abstraction
ant-ANT_14_B1,org.apache.tools.ant,RuntimeConfigurable,Cyclic-Dependent Modularization
ant-ANT_14_B1,org.apache.tools.ant,Target,Unutilized Abstraction
ant-ANT_14_B1,org.apache.tools.ant,Task,Unutilized Abstraction
ant-ANT_14_B1,org.apache.tools.ant,UnknownElement,Unexploited Encapsulation
ant-ANT_14_B1,org.apache.tools.ant,UnknownElement,Missing Hierarchy
ant-ANT_14_B1,org.apache.tools.ant,XmlLogger,Unutilized Abstraction
ant-ANT_14_B1,org.apache.tools.ant,TimedElement,Unnecessary Abstraction
ant-ANT_14_B1,org.apache.tools.ant,DirectoryScannerTest,Unutilized Abstraction
ant-ANT_14_B1,org.apache.tools.ant,IncludeTest,Unutilized Abstraction
ant-ANT_14_B1,org.apache.tools.ant,IntrospectionHelperTest,Unutilized Abstraction
ant-ANT_14_B1,org.apache.tools.ant,IntrospectionHelperTest,Deficient Encapsulation
ant-ANT_14_B1,org.apache.tools.ant,IntrospectionHelperTest,Insufficient Modularization
ant-ANT_14_B1,org.apache.tools.ant,ProjectTest,Unutilized Abstraction
ant-ANT_14_B1,org.apache.tools.ant.cmdline,DefaultLogger,Unutilized Abstraction
ant-ANT_14_B1,org.apache.tools.ant.tasks,Copy,Unutilized Abstraction
ant-ANT_14_B1,org.apache.tools.ant.tasks,Echo,Unutilized Abstraction
ant-ANT_14_B1,org.apache.tools.ant.tasks,Jar,Unutilized Abstraction
ant-ANT_14_B1,org.apache.tools.ant.tasks,Javac,Unutilized Abstraction
ant-ANT_14_B1,org.apache.tools.ant.tasks,JavacLoader,Unutilized Abstraction
ant-ANT_14_B1,org.apache.tools.ant.tasks,SetVariable,Unutilized Abstraction
ant-ANT_14_B1,org.apache.tools.ant.xml,ProjectHandler,Insufficient Modularization
ant-ANT_14_B1,org.apache.tools.ant.xml,RootHandler,Unutilized Abstraction
ant-ANT_14_B1,org.apache.tools.ant.xml,ProjectElemHandler,Unutilized Abstraction
ant-ANT_14_B1,org.apache.tools.ant.xml,TargetElemHandler,Unutilized Abstraction
ant-ANT_14_B1,org.apache.tools.ant.xml,ImportElemHandler,Unutilized Abstraction
ant-ANT_14_B1,org.apache.tools.ant.xml,TaskElemHandler,Unutilized Abstraction
ant-ANT_14_B1,org.apache.tools.ant.xml,XmlExporter,Unutilized Abstraction
ant-ANT_14_B1,org.apache.ant.engine,AntEngineListener,Cyclic-Dependent Modularization
ant-ANT_14_B1,org.apache.ant.engine,AntEvent,Cyclic-Dependent Modularization
ant-ANT_14_B1,org.apache.ant.engine,DefaultEngineListener,Unutilized Abstraction
ant-ANT_14_B1,org.apache.ant.engine,TaskEngine,Cyclic-Dependent Modularization
ant-ANT_14_B1,org.apache.ant.tasks,BaseTask,Unutilized Abstraction
ant-ANT_14_B1,org.apache.ant.tasks,Task,Deficient Encapsulation
ant-ANT_14_B1,org.apache.ant.tasks,Task,Cyclic-Dependent Modularization
ant-ANT_14_B1,org.apache.ant.tasks.build,Project,Unutilized Abstraction
ant-ANT_14_B1,org.apache.ant.tasks.build,Target,Unutilized Abstraction
ant-ANT_14_B1,org.apache.ant.bootstrap,BootstrapLoader,Deficient Encapsulation
ant-ANT_14_B1,org.apache.ant.component.core,AntAspectHandler,Unutilized Abstraction
ant-ANT_14_B1,org.apache.ant.component.core,Echo,Unutilized Abstraction
ant-ANT_14_B1,org.apache.ant.component.core,EnumeratedAttributeConverter,Unutilized Abstraction
ant-ANT_14_B1,org.apache.ant.component.core,FileConverter,Unutilized Abstraction
ant-ANT_14_B1,org.apache.ant.component.core,Property,Unutilized Abstraction
ant-ANT_14_B1,org.apache.ant.component.core,URLConverter,Unutilized Abstraction
ant-ANT_14_B1,org.apache.ant.component.thread,Parallel,Unutilized Abstraction
ant-ANT_14_B1,org.apache.ant.component.thread,Sequential,Unutilized Abstraction
ant-ANT_14_B1,org.apache.ant.core.config,ComponentManager,Unutilized Abstraction
ant-ANT_14_B1,org.apache.ant.core.config,ComponentManager,Deficient Encapsulation
ant-ANT_14_B1,org.apache.ant.core.execution,AbstractAspectHandler,Unutilized Abstraction
ant-ANT_14_B1,org.apache.ant.core.execution,AbstractTask,Unutilized Abstraction
ant-ANT_14_B1,org.apache.ant.core.execution,AntConverter,Unutilized Abstraction
ant-ANT_14_B1,org.apache.ant.core.execution,AspectHandler,Cyclic-Dependent Modularization
ant-ANT_14_B1,org.apache.ant.core.execution,BuildEvent,Deficient Encapsulation
ant-ANT_14_B1,org.apache.ant.core.execution,ClassIntrospectionException,Unutilized Abstraction
ant-ANT_14_B1,org.apache.ant.core.execution,ClassIntrospector,Insufficient Modularization
ant-ANT_14_B1,org.apache.ant.core.execution,ConversionException,Unutilized Abstraction
ant-ANT_14_B1,org.apache.ant.core.execution,ExecutionContext,Cyclic-Dependent Modularization
ant-ANT_14_B1,org.apache.ant.core.execution,ExecutionException,Unutilized Abstraction
ant-ANT_14_B1,org.apache.ant.core.execution,ExecutionFrame,Missing Hierarchy
ant-ANT_14_B1,org.apache.ant.core.execution,ExecutionFrame,Cyclic-Dependent Modularization
ant-ANT_14_B1,org.apache.ant.core.execution,ExecutionFrame,Insufficient Modularization
ant-ANT_14_B1,org.apache.ant.core.execution,InputProvider,Unutilized Abstraction
ant-ANT_14_B1,org.apache.ant.core.execution,Task,Cyclic-Dependent Modularization
ant-ANT_14_B1,org.apache.ant.core.execution,TaskAdapter,Unutilized Abstraction
ant-ANT_14_B1,org.apache.ant.core.execution,TaskAdapter,Broken Hierarchy
ant-ANT_14_B1,org.apache.ant.core.execution,TaskContainer,Cyclic-Dependent Modularization
ant-ANT_14_B1,org.apache.ant.core.model,BuildElement,Unutilized Abstraction
ant-ANT_14_B1,org.apache.ant.core.model,Project,Unutilized Abstraction
ant-ANT_14_B1,org.apache.ant.core.model,Project,Broken Hierarchy
ant-ANT_14_B1,org.apache.ant.core.model,ProjectModelException,Unutilized Abstraction
ant-ANT_14_B1,org.apache.ant.core.model,Target,Unutilized Abstraction
ant-ANT_14_B1,org.apache.ant.core.model,Target,Broken Hierarchy
ant-ANT_14_B1,org.apache.ant.core.model,TaskElement,Unutilized Abstraction
ant-ANT_14_B1,org.apache.ant.core.model,TaskElement,Broken Hierarchy
ant-ANT_14_B1,org.apache.ant.core.support,AntException,Unutilized Abstraction
ant-ANT_14_B1,org.apache.ant.core.support,ConfigException,Unutilized Abstraction
ant-ANT_14_B1,org.apache.ant.core.support,ConfigException,Broken Hierarchy
ant-ANT_14_B1,org.apache.ant.core.support,Constants,Unnecessary Abstraction
ant-ANT_14_B1,org.apache.ant.core.support,Constants,Deficient Encapsulation
ant-ANT_14_B1,org.apache.ant.core.support,PropertyNames,Unnecessary Abstraction
ant-ANT_14_B1,org.apache.ant.core.support,PropertyNames,Unutilized Abstraction
ant-ANT_14_B1,org.apache.ant.core.support,PropertyNames,Deficient Encapsulation
ant-ANT_14_B1,org.apache.ant.core.support,Defaults,Unnecessary Abstraction
ant-ANT_14_B1,org.apache.ant.core.support,Defaults,Unutilized Abstraction
ant-ANT_14_B1,org.apache.ant.core.support,Defaults,Deficient Encapsulation
ant-ANT_14_B1,org.apache.ant.core.support,Location,Deficient Encapsulation
ant-ANT_14_B1,org.apache.ant.core.support,LocationException,Unutilized Abstraction
ant-ANT_14_B1,org.apache.ant.core.support,LocationException,Broken Hierarchy
ant-ANT_14_B1,org.apache.ant.core.types,AbstractScanner,Broken Hierarchy
ant-ANT_14_B1,org.apache.ant.core.types,DataType,Unutilized Abstraction
ant-ANT_14_B1,org.apache.ant.core.types,DirectoryScanner,Unutilized Abstraction
ant-ANT_14_B1,org.apache.ant.core.types,DirectoryScanner,Broken Hierarchy
ant-ANT_14_B1,org.apache.ant.core.types,EnumeratedAttribute,Unutilized Abstraction
ant-ANT_14_B1,org.apache.ant.core.types,FileSet,Unutilized Abstraction
ant-ANT_14_B1,org.apache.ant.core.types,PatternSet,Unutilized Abstraction
ant-ANT_14_B1,org.apache.ant.core.xml,AntLibParser,Deficient Encapsulation
ant-ANT_14_B1,org.apache.ant.core.xml,AntLibRootHandler,Unutilized Abstraction
ant-ANT_14_B1,org.apache.ant.core.xml,AntLibRootHandler,Broken Hierarchy
ant-ANT_14_B1,org.apache.ant.core.xml,ElementHandler,Unutilized Abstraction
ant-ANT_14_B1,org.apache.ant.core.xml,RootHandler,Unutilized Abstraction
ant-ANT_14_B1,org.apache.ant.core.xml,XMLProjectParser,Deficient Encapsulation
ant-ANT_14_B1,org.apache.ant.core.xml,XMLProjectParser,Cyclic-Dependent Modularization
ant-ANT_14_B1,org.apache.ant.core.xml,XMLProjectParser,Insufficient Modularization
ant-ANT_14_B1,org.apache.ant.core.xml,ProjectRootHandler,Unutilized Abstraction
ant-ANT_14_B1,org.apache.ant.core.xml,ProjectRootHandler,Broken Hierarchy
ant-ANT_14_B1,org.apache.ant.core.xml,ProjectRootHandler,Cyclic-Dependent Modularization
ant-ANT_14_B1,org.apache.ant.core.xml,IncludeRootHandler,Unutilized Abstraction
ant-ANT_14_B1,org.apache.ant.core.xml,IncludeRootHandler,Broken Hierarchy
ant-ANT_14_B1,org.apache.ant.core.xml,ProjectHandler,Unutilized Abstraction
ant-ANT_14_B1,org.apache.ant.core.xml,ProjectHandler,Broken Hierarchy
ant-ANT_14_B1,org.apache.ant.core.xml,ProjectHandler,Cyclic-Dependent Modularization
ant-ANT_14_B1,org.apache.ant.core.xml,ImportHandler,Unutilized Abstraction
ant-ANT_14_B1,org.apache.ant.core.xml,ImportHandler,Deficient Encapsulation
ant-ANT_14_B1,org.apache.ant.core.xml,ImportHandler,Broken Hierarchy
ant-ANT_14_B1,org.apache.ant.core.xml,ImportHandler,Cyclic-Dependent Modularization
ant-ANT_14_B1,org.apache.ant.core.xml,IncludeHandler,Unutilized Abstraction
ant-ANT_14_B1,org.apache.ant.core.xml,IncludeHandler,Deficient Encapsulation
ant-ANT_14_B1,org.apache.ant.core.xml,IncludeHandler,Broken Hierarchy
ant-ANT_14_B1,org.apache.ant.core.xml,TargetHandler,Unutilized Abstraction
ant-ANT_14_B1,org.apache.ant.core.xml,TargetHandler,Broken Hierarchy
ant-ANT_14_B1,org.apache.ant.core.xml,TargetHandler,Cyclic-Dependent Modularization
ant-ANT_14_B1,org.apache.ant.core.xml,TaskElementHandler,Unutilized Abstraction
ant-ANT_14_B1,org.apache.ant.core.xml,TaskElementHandler,Broken Hierarchy
ant-ANT_14_B1,org.apache.ant.core.xml,TaskElementHandler,Cyclic-Dependent Modularization
ant-ANT_14_B1,org.apache.ant.core.xml,NoProjectReadException,Unnecessary Abstraction
ant-ANT_14_B1,org.apache.ant.core.xml,NoProjectReadException,Unutilized Abstraction
ant-ANT_14_B1,org.apache.ant.frontend,Commandline,Deficient Encapsulation
ant-ANT_14_B1,org.apache.ant.frontend,EmbedTest,Unnecessary Abstraction
ant-ANT_14_B1,org.apache.ant.frontend,EmbedTest,Unutilized Abstraction
ant-ANT_14_B1,org.apache.ant.frontend,RemoteLauncher,Unutilized Abstraction
ant-ANT_14_B1,org.apache.myrmidon,Constants,Unnecessary Abstraction
ant-ANT_14_B1,org.apache.myrmidon.api,AbstractTask,Unutilized Abstraction
ant-ANT_14_B1,org.apache.myrmidon.api,AbstractTask,Rebellious Hierarchy
ant-ANT_14_B1,org.apache.myrmidon.api,JavaVersion,Deficient Encapsulation
ant-ANT_14_B1,org.apache.myrmidon.aspects,AbstractAspectHandler,Unutilized Abstraction
ant-ANT_14_B1,org.apache.myrmidon.aspects,NoopAspectHandler,Unnecessary Abstraction
ant-ANT_14_B1,org.apache.myrmidon.aspects,NoopAspectHandler,Unutilized Abstraction
ant-ANT_14_B1,org.apache.myrmidon.components.aspect,DefaultAspectManager,Unutilized Abstraction
ant-ANT_14_B1,org.apache.myrmidon.components.builder,ATIProjectBuilder,Unutilized Abstraction
ant-ANT_14_B1,org.apache.myrmidon.components.builder,ATIProjectBuilder,Broken Hierarchy
ant-ANT_14_B1,org.apache.myrmidon.components.builder,DefaultProjectBuilder,Unutilized Abstraction
ant-ANT_14_B1,org.apache.myrmidon.components.builder,StopParsingException,Unutilized Abstraction
ant-ANT_14_B1,org.apache.myrmidon.components.configurer,DefaultConfigurer,Unutilized Abstraction
ant-ANT_14_B1,org.apache.myrmidon.components.converter,DefaultConverterRegistry,Unutilized Abstraction
ant-ANT_14_B1,org.apache.myrmidon.components.converter,DefaultMasterConverter,Unutilized Abstraction
ant-ANT_14_B1,org.apache.myrmidon.components.converter,DefaultMasterConverter,Broken Hierarchy
ant-ANT_14_B1,org.apache.myrmidon.components.converter,MasterConverter,Unnecessary Abstraction
ant-ANT_14_B1,org.apache.myrmidon.components.deployer,Deployment,Deficient Encapsulation
ant-ANT_14_B1,org.apache.myrmidon.components.deployer,DeploymentException,Unutilized Abstraction
ant-ANT_14_B1,org.apache.myrmidon.components.embeddor,DefaultEmbeddor,Unutilized Abstraction
ant-ANT_14_B1,org.apache.myrmidon.components.executor,AspectAwareExecutor,Unutilized Abstraction
ant-ANT_14_B1,org.apache.myrmidon.components.executor,DefaultExecutor,Unutilized Abstraction
ant-ANT_14_B1,org.apache.myrmidon.components.executor,PrintingExecutor,Unutilized Abstraction
ant-ANT_14_B1,org.apache.myrmidon.components.role,DefaultRoleManager,Unutilized Abstraction
ant-ANT_14_B1,org.apache.myrmidon.components.type,TypeException,Unutilized Abstraction
ant-ANT_14_B1,org.apache.myrmidon.components.workspace,DefaultWorkspace,Unutilized Abstraction
ant-ANT_14_B1,org.apache.myrmidon.components.workspace,LogTargetToListenerAdapter,Unutilized Abstraction
ant-ANT_14_B1,org.apache.myrmidon.converter,AbstractConverter,Unutilized Abstraction
ant-ANT_14_B1,org.apache.myrmidon.converter,ConverterException,Unutilized Abstraction
ant-ANT_14_B1,org.apache.myrmidon.framework,AbstractContainerTask,Unutilized Abstraction
ant-ANT_14_B1,org.apache.myrmidon.framework,AbstractTypeDef,Unutilized Abstraction
ant-ANT_14_B1,org.apache.myrmidon.framework,DataType,Unnecessary Abstraction
ant-ANT_14_B1,org.apache.myrmidon.framework,Pattern,Unutilized Abstraction
ant-ANT_14_B1,org.apache.myrmidon.framework,Pattern,Broken Hierarchy
ant-ANT_14_B1,org.apache.myrmidon.framework,TypeInstanceTask,Unutilized Abstraction
ant-ANT_14_B1,org.apache.myrmidon.libs.ant1,Ant1Tasklib,Unutilized Abstraction
ant-ANT_14_B1,org.apache.myrmidon.libs.ant1,TaskAdapter,Unutilized Abstraction
ant-ANT_14_B1,org.apache.myrmidon.libs.core,Echo,Unutilized Abstraction
ant-ANT_14_B1,org.apache.myrmidon.libs.core,Property,Unutilized Abstraction
ant-ANT_14_B1,org.apache.myrmidon.libs.core,StringToByteConverter,Unutilized Abstraction
ant-ANT_14_B1,org.apache.myrmidon.libs.core,StringToClassConverter,Unutilized Abstraction
ant-ANT_14_B1,org.apache.myrmidon.libs.core,StringToDoubleConverter,Unutilized Abstraction
ant-ANT_14_B1,org.apache.myrmidon.libs.core,StringToFileConverter,Unutilized Abstraction
ant-ANT_14_B1,org.apache.myrmidon.libs.core,StringToFloatConverter,Unutilized Abstraction
ant-ANT_14_B1,org.apache.myrmidon.libs.core,StringToIntegerConverter,Unutilized Abstraction
ant-ANT_14_B1,org.apache.myrmidon.libs.core,StringToLongConverter,Unutilized Abstraction
ant-ANT_14_B1,org.apache.myrmidon.libs.core,StringToShortConverter,Unutilized Abstraction
ant-ANT_14_B1,org.apache.myrmidon.libs.core,StringToURLConverter,Unutilized Abstraction
ant-ANT_14_B1,org.apache.myrmidon.libs.runtime,ConverterDef,Unutilized Abstraction
ant-ANT_14_B1,org.apache.myrmidon.libs.runtime,Facility,Unutilized Abstraction
ant-ANT_14_B1,org.apache.myrmidon.libs.runtime,Import,Unutilized Abstraction
ant-ANT_14_B1,org.apache.myrmidon.libs.runtime,TypeDef,Unutilized Abstraction
ant-ANT_14_B1,org.apache.myrmidon.libs.selftest,ConfigurationTest,Unutilized Abstraction
ant-ANT_14_B1,org.apache.myrmidon.libs.selftest,ContentTest,Unutilized Abstraction
ant-ANT_14_B1,org.apache.myrmidon.libs.selftest,PrimitiveTypesTest,Unutilized Abstraction
ant-ANT_14_B1,org.apache.myrmidon.libs.selftest,SubElementTest,Unutilized Abstraction
ant-ANT_14_B1,org.apache.myrmidon.listeners,DefaultProjectListener,Unutilized Abstraction
ant-ANT_14_B1,org.apache.tools.ant.listener,Log4jListener,Unutilized Abstraction
ant-ANT_14_B1,org.apache.tools.ant.taskdefs,AntStructure,Unutilized Abstraction
ant-ANT_14_B1,org.apache.tools.ant.taskdefs,CVSPass,Unutilized Abstraction
ant-ANT_14_B1,org.apache.tools.ant.taskdefs,CallTarget,Unutilized Abstraction
ant-ANT_14_B1,org.apache.tools.ant.taskdefs,Chmod,Unutilized Abstraction
ant-ANT_14_B1,org.apache.tools.ant.taskdefs,CompileTask,Unutilized Abstraction
ant-ANT_14_B1,org.apache.tools.ant.taskdefs,ConditionTask,Unutilized Abstraction
ant-ANT_14_B1,org.apache.tools.ant.taskdefs,Copy,Unutilized Abstraction
ant-ANT_14_B1,org.apache.tools.ant.taskdefs,Copydir,Unutilized Abstraction
ant-ANT_14_B1,org.apache.tools.ant.taskdefs,Copydir,Broken Hierarchy
ant-ANT_14_B1,org.apache.tools.ant.taskdefs,Copyfile,Unutilized Abstraction
ant-ANT_14_B1,org.apache.tools.ant.taskdefs,Cvs,Unutilized Abstraction
ant-ANT_14_B1,org.apache.tools.ant.taskdefs,Definer,Unutilized Abstraction
ant-ANT_14_B1,org.apache.tools.ant.taskdefs,Delete,Unutilized Abstraction
ant-ANT_14_B1,org.apache.tools.ant.taskdefs,Deltree,Unutilized Abstraction
ant-ANT_14_B1,org.apache.tools.ant.taskdefs,DependSet,Unutilized Abstraction
ant-ANT_14_B1,org.apache.tools.ant.taskdefs,DependSet,Broken Hierarchy
ant-ANT_14_B1,org.apache.tools.ant.taskdefs,Ear,Unutilized Abstraction
ant-ANT_14_B1,org.apache.tools.ant.taskdefs,Ear,Broken Hierarchy
ant-ANT_14_B1,org.apache.tools.ant.taskdefs,StreamPumper,Unutilized Abstraction
ant-ANT_14_B1,org.apache.tools.ant.taskdefs,Execute,Deficient Encapsulation
ant-ANT_14_B1,org.apache.tools.ant.taskdefs,Execute,Insufficient Modularization
ant-ANT_14_B1,org.apache.tools.ant.taskdefs,Java11CommandLauncher,Unutilized Abstraction
ant-ANT_14_B1,org.apache.tools.ant.taskdefs,Java13CommandLauncher,Unutilized Abstraction
ant-ANT_14_B1,org.apache.tools.ant.taskdefs,CommandLauncherProxy,Unutilized Abstraction
ant-ANT_14_B1,org.apache.tools.ant.taskdefs,WinNTCommandLauncher,Unutilized Abstraction
ant-ANT_14_B1,org.apache.tools.ant.taskdefs,MacCommandLauncher,Unutilized Abstraction
ant-ANT_14_B1,org.apache.tools.ant.taskdefs,ScriptCommandLauncher,Unutilized Abstraction
ant-ANT_14_B1,org.apache.tools.ant.taskdefs,ExecuteOn,Unutilized Abstraction
ant-ANT_14_B1,org.apache.tools.ant.taskdefs,ExecuteOn,Broken Hierarchy
ant-ANT_14_B1,org.apache.tools.ant.taskdefs,Exit,Unutilized Abstraction
ant-ANT_14_B1,org.apache.tools.ant.taskdefs,Expand,Unutilized Abstraction
ant-ANT_14_B1,org.apache.tools.ant.taskdefs,Expand,Broken Hierarchy
ant-ANT_14_B1,org.apache.tools.ant.taskdefs,Filter,Unutilized Abstraction
ant-ANT_14_B1,org.apache.tools.ant.taskdefs,FixCRLF,Unutilized Abstraction
ant-ANT_14_B1,org.apache.tools.ant.taskdefs,FixCRLF,Broken Hierarchy
ant-ANT_14_B1,org.apache.tools.ant.taskdefs,FixCRLF,Insufficient Modularization
ant-ANT_14_B1,org.apache.tools.ant.taskdefs,OneLiner,Insufficient Modularization
ant-ANT_14_B1,org.apache.tools.ant.taskdefs,BufferLine,Unutilized Abstraction
ant-ANT_14_B1,org.apache.tools.ant.taskdefs,GUnzip,Unutilized Abstraction
ant-ANT_14_B1,org.apache.tools.ant.taskdefs,GZip,Unutilized Abstraction
ant-ANT_14_B1,org.apache.tools.ant.taskdefs,GenerateKey,Unutilized Abstraction
ant-ANT_14_B1,org.apache.tools.ant.taskdefs,GenerateKey,Insufficient Modularization
ant-ANT_14_B1,org.apache.tools.ant.taskdefs,Get,Unutilized Abstraction
ant-ANT_14_B1,org.apache.tools.ant.taskdefs,Jar,Unutilized Abstraction
ant-ANT_14_B1,org.apache.tools.ant.taskdefs,Jar,Broken Hierarchy
ant-ANT_14_B1,org.apache.tools.ant.taskdefs,Java,Insufficient Modularization
ant-ANT_14_B1,org.apache.tools.ant.taskdefs,Javac,Unutilized Abstraction
ant-ANT_14_B1,org.apache.tools.ant.taskdefs,Javac,Broken Hierarchy
ant-ANT_14_B1,org.apache.tools.ant.taskdefs,Javac,Insufficient Modularization
ant-ANT_14_B1,org.apache.tools.ant.taskdefs,JavacOutputStream,Unutilized Abstraction
ant-ANT_14_B1,org.apache.tools.ant.taskdefs,Javadoc,Unutilized Abstraction
ant-ANT_14_B1,org.apache.tools.ant.taskdefs,Javadoc,Insufficient Modularization
ant-ANT_14_B1,org.apache.tools.ant.taskdefs,JavadocOutputStream,Unutilized Abstraction
ant-ANT_14_B1,org.apache.tools.ant.taskdefs,Jikes,Unutilized Abstraction
ant-ANT_14_B1,org.apache.tools.ant.taskdefs,LogStreamHandler,Unutilized Abstraction
ant-ANT_14_B1,org.apache.tools.ant.taskdefs,Manifest,Deficient Encapsulation
ant-ANT_14_B1,org.apache.tools.ant.taskdefs,Manifest,Insufficient Modularization
ant-ANT_14_B1,org.apache.tools.ant.taskdefs,ManifestException,Unutilized Abstraction
ant-ANT_14_B1,org.apache.tools.ant.taskdefs,MatchingTask,Unutilized Abstraction
ant-ANT_14_B1,org.apache.tools.ant.taskdefs,MatchingTask,Wide Hierarchy
ant-ANT_14_B1,org.apache.tools.ant.taskdefs,Move,Unutilized Abstraction
ant-ANT_14_B1,org.apache.tools.ant.taskdefs,Move,Broken Hierarchy
ant-ANT_14_B1,org.apache.tools.ant.taskdefs,Parallel,Unutilized Abstraction
ant-ANT_14_B1,org.apache.tools.ant.taskdefs,TaskThread,Unutilized Abstraction
ant-ANT_14_B1,org.apache.tools.ant.taskdefs,Patch,Unutilized Abstraction
ant-ANT_14_B1,org.apache.tools.ant.taskdefs,PathConvert,Unutilized Abstraction
ant-ANT_14_B1,org.apache.tools.ant.taskdefs,PumpStreamHandler,Unutilized Abstraction
ant-ANT_14_B1,org.apache.tools.ant.taskdefs,Recorder,Unutilized Abstraction
ant-ANT_14_B1,org.apache.tools.ant.taskdefs,Rename,Unutilized Abstraction
ant-ANT_14_B1,org.apache.tools.ant.taskdefs,Replace,Unutilized Abstraction
ant-ANT_14_B1,org.apache.tools.ant.taskdefs,Replace,Broken Hierarchy
ant-ANT_14_B1,org.apache.tools.ant.taskdefs,Replace,Insufficient Modularization
ant-ANT_14_B1,org.apache.tools.ant.taskdefs,Rmic,Unutilized Abstraction
ant-ANT_14_B1,org.apache.tools.ant.taskdefs,Rmic,Broken Hierarchy
ant-ANT_14_B1,org.apache.tools.ant.taskdefs,Rmic,Insufficient Modularization
ant-ANT_14_B1,org.apache.tools.ant.taskdefs,SQLExec,Unutilized Abstraction
ant-ANT_14_B1,org.apache.tools.ant.taskdefs,SQLExec,Deficient Encapsulation
ant-ANT_14_B1,org.apache.tools.ant.taskdefs,SQLExec,Insufficient Modularization
ant-ANT_14_B1,org.apache.tools.ant.taskdefs,DelimiterType,Deficient Encapsulation
ant-ANT_14_B1,org.apache.tools.ant.taskdefs,SendEmail,Unutilized Abstraction
ant-ANT_14_B1,org.apache.tools.ant.taskdefs,Sequential,Unutilized Abstraction
ant-ANT_14_B1,org.apache.tools.ant.taskdefs,SignJar,Unutilized Abstraction
ant-ANT_14_B1,org.apache.tools.ant.taskdefs,Sleep,Unutilized Abstraction
ant-ANT_14_B1,org.apache.tools.ant.taskdefs,StreamPumper,Unutilized Abstraction
ant-ANT_14_B1,org.apache.tools.ant.taskdefs,Tar,Unutilized Abstraction
ant-ANT_14_B1,org.apache.tools.ant.taskdefs,Tar,Deficient Encapsulation
ant-ANT_14_B1,org.apache.tools.ant.taskdefs,Tar,Broken Hierarchy
ant-ANT_14_B1,org.apache.tools.ant.taskdefs,TaskOutputStream,Unutilized Abstraction
ant-ANT_14_B1,org.apache.tools.ant.taskdefs,Taskdef,Unutilized Abstraction
ant-ANT_14_B1,org.apache.tools.ant.taskdefs,Transform,Unnecessary Abstraction
ant-ANT_14_B1,org.apache.tools.ant.taskdefs,Transform,Unutilized Abstraction
ant-ANT_14_B1,org.apache.tools.ant.taskdefs,Tstamp,Unutilized Abstraction
ant-ANT_14_B1,org.apache.tools.ant.taskdefs,Typedef,Unutilized Abstraction
ant-ANT_14_B1,org.apache.tools.ant.taskdefs,Untar,Unutilized Abstraction
ant-ANT_14_B1,org.apache.tools.ant.taskdefs,UpToDate,Unutilized Abstraction
ant-ANT_14_B1,org.apache.tools.ant.taskdefs,UpToDate,Broken Hierarchy
ant-ANT_14_B1,org.apache.tools.ant.taskdefs,War,Unutilized Abstraction
ant-ANT_14_B1,org.apache.tools.ant.taskdefs,War,Broken Hierarchy
ant-ANT_14_B1,org.apache.tools.ant.taskdefs,XSLTProcess,Unutilized Abstraction
ant-ANT_14_B1,org.apache.tools.ant.taskdefs,XSLTProcess,Broken Hierarchy
ant-ANT_14_B1,org.apache.tools.ant.taskdefs,Zip,Unutilized Abstraction
ant-ANT_14_B1,org.apache.tools.ant.taskdefs,Zip,Broken Hierarchy
ant-ANT_14_B1,org.apache.tools.ant.taskdefs,AntStructureTest,Unutilized Abstraction
ant-ANT_14_B1,org.apache.tools.ant.taskdefs,AntStructureTest,Broken Hierarchy
ant-ANT_14_B1,org.apache.tools.ant.taskdefs,AntTest,Unutilized Abstraction
ant-ANT_14_B1,org.apache.tools.ant.taskdefs,AntTest,Broken Hierarchy
ant-ANT_14_B1,org.apache.tools.ant.taskdefs,AvailableTest,Unutilized Abstraction
ant-ANT_14_B1,org.apache.tools.ant.taskdefs,AvailableTest,Broken Hierarchy
ant-ANT_14_B1,org.apache.tools.ant.taskdefs,AvailableTest,Insufficient Modularization
ant-ANT_14_B1,org.apache.tools.ant.taskdefs,CVSPassTest,Unutilized Abstraction
ant-ANT_14_B1,org.apache.tools.ant.taskdefs,CVSPassTest,Broken Hierarchy
ant-ANT_14_B1,org.apache.tools.ant.taskdefs,CopyTest,Unutilized Abstraction
ant-ANT_14_B1,org.apache.tools.ant.taskdefs,CopyTest,Broken Hierarchy
ant-ANT_14_B1,org.apache.tools.ant.taskdefs,CopydirTest,Unutilized Abstraction
ant-ANT_14_B1,org.apache.tools.ant.taskdefs,CopydirTest,Broken Hierarchy
ant-ANT_14_B1,org.apache.tools.ant.taskdefs,CopyfileTest,Unutilized Abstraction
ant-ANT_14_B1,org.apache.tools.ant.taskdefs,CopyfileTest,Broken Hierarchy
ant-ANT_14_B1,org.apache.tools.ant.taskdefs,DeleteTest,Unutilized Abstraction
ant-ANT_14_B1,org.apache.tools.ant.taskdefs,DeleteTest,Broken Hierarchy
ant-ANT_14_B1,org.apache.tools.ant.taskdefs,DeltreeTest,Unutilized Abstraction
ant-ANT_14_B1,org.apache.tools.ant.taskdefs,DeltreeTest,Broken Hierarchy
ant-ANT_14_B1,org.apache.tools.ant.taskdefs,DependSetTest,Unutilized Abstraction
ant-ANT_14_B1,org.apache.tools.ant.taskdefs,DependSetTest,Broken Hierarchy
ant-ANT_14_B1,org.apache.tools.ant.taskdefs,EchoTest,Unutilized Abstraction
ant-ANT_14_B1,org.apache.tools.ant.taskdefs,EchoTest,Broken Hierarchy
ant-ANT_14_B1,org.apache.tools.ant.taskdefs,ExecuteWatchdogTest,Unutilized Abstraction
ant-ANT_14_B1,org.apache.tools.ant.taskdefs,TimeProcess,Unutilized Abstraction
ant-ANT_14_B1,org.apache.tools.ant.taskdefs,FailTest,Unutilized Abstraction
ant-ANT_14_B1,org.apache.tools.ant.taskdefs,FailTest,Broken Hierarchy
ant-ANT_14_B1,org.apache.tools.ant.taskdefs,FilterTest,Unutilized Abstraction
ant-ANT_14_B1,org.apache.tools.ant.taskdefs,FilterTest,Broken Hierarchy
ant-ANT_14_B1,org.apache.tools.ant.taskdefs,FixCrLfTest,Unutilized Abstraction
ant-ANT_14_B1,org.apache.tools.ant.taskdefs,FixCrLfTest,Broken Hierarchy
ant-ANT_14_B1,org.apache.tools.ant.taskdefs,GUnzipTest,Unutilized Abstraction
ant-ANT_14_B1,org.apache.tools.ant.taskdefs,GUnzipTest,Broken Hierarchy
ant-ANT_14_B1,org.apache.tools.ant.taskdefs,GetTest,Unutilized Abstraction
ant-ANT_14_B1,org.apache.tools.ant.taskdefs,GetTest,Broken Hierarchy
ant-ANT_14_B1,org.apache.tools.ant.taskdefs,GzipTest,Unutilized Abstraction
ant-ANT_14_B1,org.apache.tools.ant.taskdefs,GzipTest,Broken Hierarchy
ant-ANT_14_B1,org.apache.tools.ant.taskdefs,JarTest,Unutilized Abstraction
ant-ANT_14_B1,org.apache.tools.ant.taskdefs,JarTest,Broken Hierarchy
ant-ANT_14_B1,org.apache.tools.ant.taskdefs,JavaTest,Unutilized Abstraction
ant-ANT_14_B1,org.apache.tools.ant.taskdefs,MkdirTest,Unutilized Abstraction
ant-ANT_14_B1,org.apache.tools.ant.taskdefs,MkdirTest,Broken Hierarchy
ant-ANT_14_B1,org.apache.tools.ant.taskdefs,PropertyTest,Unutilized Abstraction
ant-ANT_14_B1,org.apache.tools.ant.taskdefs,PropertyTest,Broken Hierarchy
ant-ANT_14_B1,org.apache.tools.ant.taskdefs,RenameTest,Unutilized Abstraction
ant-ANT_14_B1,org.apache.tools.ant.taskdefs,RenameTest,Broken Hierarchy
ant-ANT_14_B1,org.apache.tools.ant.taskdefs,ReplaceTest,Unutilized Abstraction
ant-ANT_14_B1,org.apache.tools.ant.taskdefs,ReplaceTest,Broken Hierarchy
ant-ANT_14_B1,org.apache.tools.ant.taskdefs,SleepTest,Unutilized Abstraction
ant-ANT_14_B1,org.apache.tools.ant.taskdefs,SleepTest,Broken Hierarchy
ant-ANT_14_B1,org.apache.tools.ant.taskdefs,TarTest,Unutilized Abstraction
ant-ANT_14_B1,org.apache.tools.ant.taskdefs,TarTest,Broken Hierarchy
ant-ANT_14_B1,org.apache.tools.ant.taskdefs,TaskdefTest,Unutilized Abstraction
ant-ANT_14_B1,org.apache.tools.ant.taskdefs,TaskdefTest,Broken Hierarchy
ant-ANT_14_B1,org.apache.tools.ant.taskdefs,TaskdefTestContainerTask,Unutilized Abstraction
ant-ANT_14_B1,org.apache.tools.ant.taskdefs,TaskdefTestContainerTask,Broken Hierarchy
ant-ANT_14_B1,org.apache.tools.ant.taskdefs,TaskdefTestSimpleTask,Unutilized Abstraction
ant-ANT_14_B1,org.apache.tools.ant.taskdefs,Echo,Unutilized Abstraction
ant-ANT_14_B1,org.apache.tools.ant.taskdefs,TaskdefsTest,Unutilized Abstraction
ant-ANT_14_B1,org.apache.tools.ant.taskdefs,TaskdefsTest,Wide Hierarchy
ant-ANT_14_B1,org.apache.tools.ant.taskdefs,AntOutputStream,Unutilized Abstraction
ant-ANT_14_B1,org.apache.tools.ant.taskdefs,AntTestListener,Unutilized Abstraction
ant-ANT_14_B1,org.apache.tools.ant.taskdefs,UnzipTest,Unutilized Abstraction
ant-ANT_14_B1,org.apache.tools.ant.taskdefs,UnzipTest,Broken Hierarchy
ant-ANT_14_B1,org.apache.tools.ant.taskdefs,ZipTest,Unutilized Abstraction
ant-ANT_14_B1,org.apache.tools.ant.taskdefs,ZipTest,Broken Hierarchy
ant-ANT_14_B1,org.apache.tools.ant.taskdefs.compilers,CompilerAdapter,Unutilized Abstraction
ant-ANT_14_B1,org.apache.tools.ant.taskdefs.compilers,DefaultCompilerAdapter,Unutilized Abstraction
ant-ANT_14_B1,org.apache.tools.ant.taskdefs.compilers,Gcj,Unutilized Abstraction
ant-ANT_14_B1,org.apache.tools.ant.taskdefs.compilers,Gcj,Broken Hierarchy
ant-ANT_14_B1,org.apache.tools.ant.taskdefs.compilers,Javac12,Unutilized Abstraction
ant-ANT_14_B1,org.apache.tools.ant.taskdefs.compilers,Javac12,Broken Hierarchy
ant-ANT_14_B1,org.apache.tools.ant.taskdefs.compilers,Javac13,Unutilized Abstraction
ant-ANT_14_B1,org.apache.tools.ant.taskdefs.compilers,Javac13,Broken Hierarchy
ant-ANT_14_B1,org.apache.tools.ant.taskdefs.compilers,JavacExternal,Unutilized Abstraction
ant-ANT_14_B1,org.apache.tools.ant.taskdefs.compilers,JavacExternal,Broken Hierarchy
ant-ANT_14_B1,org.apache.tools.ant.taskdefs.compilers,Jikes,Imperative Abstraction
ant-ANT_14_B1,org.apache.tools.ant.taskdefs.compilers,Jikes,Unutilized Abstraction
ant-ANT_14_B1,org.apache.tools.ant.taskdefs.compilers,Jikes,Broken Hierarchy
ant-ANT_14_B1,org.apache.tools.ant.taskdefs.compilers,Jvc,Unutilized Abstraction
ant-ANT_14_B1,org.apache.tools.ant.taskdefs.compilers,Jvc,Broken Hierarchy
ant-ANT_14_B1,org.apache.tools.ant.taskdefs.compilers,Kjc,Unutilized Abstraction
ant-ANT_14_B1,org.apache.tools.ant.taskdefs.compilers,Kjc,Broken Hierarchy
ant-ANT_14_B1,org.apache.tools.ant.taskdefs.compilers,Sj,Unutilized Abstraction
ant-ANT_14_B1,org.apache.tools.ant.taskdefs.compilers,Sj,Broken Hierarchy
ant-ANT_14_B1,org.apache.tools.ant.taskdefs.condition,And,Broken Hierarchy
ant-ANT_14_B1,org.apache.tools.ant.taskdefs.condition,ConditionBase,Unutilized Abstraction
ant-ANT_14_B1,org.apache.tools.ant.taskdefs.condition,ConditionEnumeration,Unutilized Abstraction
ant-ANT_14_B1,org.apache.tools.ant.taskdefs.condition,Not,Broken Hierarchy
ant-ANT_14_B1,org.apache.tools.ant.taskdefs.condition,Or,Broken Hierarchy
ant-ANT_14_B1,org.apache.tools.ant.taskdefs.optional,ANTLR,Unutilized Abstraction
ant-ANT_14_B1,org.apache.tools.ant.taskdefs.optional,Cab,Unutilized Abstraction
ant-ANT_14_B1,org.apache.tools.ant.taskdefs.optional,IContract,Unutilized Abstraction
ant-ANT_14_B1,org.apache.tools.ant.taskdefs.optional,IContract,Insufficient Modularization
ant-ANT_14_B1,org.apache.tools.ant.taskdefs.optional,IContractPresenceDetector,Unutilized Abstraction
ant-ANT_14_B1,org.apache.tools.ant.taskdefs.optional,Javah,Unutilized Abstraction
ant-ANT_14_B1,org.apache.tools.ant.taskdefs.optional,Native2Ascii,Unutilized Abstraction
ant-ANT_14_B1,org.apache.tools.ant.taskdefs.optional,ExtMapper,Unutilized Abstraction
ant-ANT_14_B1,org.apache.tools.ant.taskdefs.optional,NetRexxC,Unutilized Abstraction
ant-ANT_14_B1,org.apache.tools.ant.taskdefs.optional,NetRexxC,Insufficient Modularization
ant-ANT_14_B1,org.apache.tools.ant.taskdefs.optional,PropertyFile,Unutilized Abstraction
ant-ANT_14_B1,org.apache.tools.ant.taskdefs.optional,PropertyFile,Deficient Encapsulation
ant-ANT_14_B1,org.apache.tools.ant.taskdefs.optional,Entry,Deficient Encapsulation
ant-ANT_14_B1,org.apache.tools.ant.taskdefs.optional,Operation,Deficient Encapsulation
ant-ANT_14_B1,org.apache.tools.ant.taskdefs.optional,Type,Deficient Encapsulation
ant-ANT_14_B1,org.apache.tools.ant.taskdefs.optional,RenameExtensions,Unutilized Abstraction
ant-ANT_14_B1,org.apache.tools.ant.taskdefs.optional,Rpm,Unutilized Abstraction
ant-ANT_14_B1,org.apache.tools.ant.taskdefs.optional,Script,Unutilized Abstraction
ant-ANT_14_B1,org.apache.tools.ant.taskdefs.optional,StyleBook,Unutilized Abstraction
ant-ANT_14_B1,org.apache.tools.ant.taskdefs.optional,Test,Unutilized Abstraction
ant-ANT_14_B1,org.apache.tools.ant.taskdefs.optional,TraXLiaison,Unutilized Abstraction
ant-ANT_14_B1,org.apache.tools.ant.taskdefs.optional,XMLValidateTask,Unutilized Abstraction
ant-ANT_14_B1,org.apache.tools.ant.taskdefs.optional,XMLValidateTask,Deficient Encapsulation
ant-ANT_14_B1,org.apache.tools.ant.taskdefs.optional,XalanLiaison,Unutilized Abstraction
ant-ANT_14_B1,org.apache.tools.ant.taskdefs.optional,XslpLiaison,Unutilized Abstraction
ant-ANT_14_B1,org.apache.tools.ant.taskdefs.optional,ANTLRTest,Unutilized Abstraction
ant-ANT_14_B1,org.apache.tools.ant.taskdefs.optional,CalcFileFilter,Unutilized Abstraction
ant-ANT_14_B1,org.apache.tools.ant.taskdefs.optional,PvcsTest,Unutilized Abstraction
ant-ANT_14_B1,org.apache.tools.ant.taskdefs.optional.ccm,CCMCheck,Unutilized Abstraction
ant-ANT_14_B1,org.apache.tools.ant.taskdefs.optional.ccm,CCMCheck,Deficient Encapsulation
ant-ANT_14_B1,org.apache.tools.ant.taskdefs.optional.ccm,CCMCheck,Broken Hierarchy
ant-ANT_14_B1,org.apache.tools.ant.taskdefs.optional.ccm,CCMCheckin,Unutilized Abstraction
ant-ANT_14_B1,org.apache.tools.ant.taskdefs.optional.ccm,CCMCheckin,Broken Hierarchy
ant-ANT_14_B1,org.apache.tools.ant.taskdefs.optional.ccm,CCMCheckinDefault,Unutilized Abstraction
ant-ANT_14_B1,org.apache.tools.ant.taskdefs.optional.ccm,CCMCheckinDefault,Deficient Encapsulation
ant-ANT_14_B1,org.apache.tools.ant.taskdefs.optional.ccm,CCMCheckinDefault,Broken Hierarchy
ant-ANT_14_B1,org.apache.tools.ant.taskdefs.optional.ccm,CCMCheckout,Unutilized Abstraction
ant-ANT_14_B1,org.apache.tools.ant.taskdefs.optional.ccm,CCMCheckout,Broken Hierarchy
ant-ANT_14_B1,org.apache.tools.ant.taskdefs.optional.ccm,CCMCreateTask,Unutilized Abstraction
ant-ANT_14_B1,org.apache.tools.ant.taskdefs.optional.ccm,CCMCreateTask,Deficient Encapsulation
ant-ANT_14_B1,org.apache.tools.ant.taskdefs.optional.ccm,CCMCreateTask,Broken Hierarchy
ant-ANT_14_B1,org.apache.tools.ant.taskdefs.optional.ccm,CCMReconfigure,Unutilized Abstraction
ant-ANT_14_B1,org.apache.tools.ant.taskdefs.optional.ccm,CCMReconfigure,Deficient Encapsulation
ant-ANT_14_B1,org.apache.tools.ant.taskdefs.optional.ccm,CCMReconfigure,Broken Hierarchy
ant-ANT_14_B1,org.apache.tools.ant.taskdefs.optional.ccm,Continuus,Unutilized Abstraction
ant-ANT_14_B1,org.apache.tools.ant.taskdefs.optional.ccm,Continuus,Deficient Encapsulation
ant-ANT_14_B1,org.apache.tools.ant.taskdefs.optional.clearcase,CCCheckin,Unutilized Abstraction
ant-ANT_14_B1,org.apache.tools.ant.taskdefs.optional.clearcase,CCCheckin,Deficient Encapsulation
ant-ANT_14_B1,org.apache.tools.ant.taskdefs.optional.clearcase,CCCheckin,Broken Hierarchy
ant-ANT_14_B1,org.apache.tools.ant.taskdefs.optional.clearcase,CCCheckout,Unutilized Abstraction
ant-ANT_14_B1,org.apache.tools.ant.taskdefs.optional.clearcase,CCCheckout,Deficient Encapsulation
ant-ANT_14_B1,org.apache.tools.ant.taskdefs.optional.clearcase,CCCheckout,Broken Hierarchy
ant-ANT_14_B1,org.apache.tools.ant.taskdefs.optional.clearcase,CCUnCheckout,Unutilized Abstraction
ant-ANT_14_B1,org.apache.tools.ant.taskdefs.optional.clearcase,CCUnCheckout,Deficient Encapsulation
ant-ANT_14_B1,org.apache.tools.ant.taskdefs.optional.clearcase,CCUnCheckout,Broken Hierarchy
ant-ANT_14_B1,org.apache.tools.ant.taskdefs.optional.clearcase,CCUpdate,Unutilized Abstraction
ant-ANT_14_B1,org.apache.tools.ant.taskdefs.optional.clearcase,CCUpdate,Deficient Encapsulation
ant-ANT_14_B1,org.apache.tools.ant.taskdefs.optional.clearcase,CCUpdate,Broken Hierarchy
ant-ANT_14_B1,org.apache.tools.ant.taskdefs.optional.clearcase,ClearCase,Unutilized Abstraction
ant-ANT_14_B1,org.apache.tools.ant.taskdefs.optional.clearcase,ClearCase,Deficient Encapsulation
ant-ANT_14_B1,org.apache.tools.ant.taskdefs.optional.depend,ClassFileIterator,Unutilized Abstraction
ant-ANT_14_B1,org.apache.tools.ant.taskdefs.optional.depend,Depend,Unutilized Abstraction
ant-ANT_14_B1,org.apache.tools.ant.taskdefs.optional.depend,ClassFileInfo,Unnecessary Abstraction
ant-ANT_14_B1,org.apache.tools.ant.taskdefs.optional.depend,ClassFileInfo,Deficient Encapsulation
ant-ANT_14_B1,org.apache.tools.ant.taskdefs.optional.depend,DirectoryIterator,Unutilized Abstraction
ant-ANT_14_B1,org.apache.tools.ant.taskdefs.optional.depend,JarFileIterator,Unutilized Abstraction
ant-ANT_14_B1,org.apache.tools.ant.taskdefs.optional.depend.constantpool,ClassCPInfo,Cyclic-Dependent Modularization
ant-ANT_14_B1,org.apache.tools.ant.taskdefs.optional.depend.constantpool,ConstantCPInfo,Broken Hierarchy
ant-ANT_14_B1,org.apache.tools.ant.taskdefs.optional.depend.constantpool,ConstantPool,Cyclic-Dependent Modularization
ant-ANT_14_B1,org.apache.tools.ant.taskdefs.optional.depend.constantpool,ConstantPoolEntry,Deficient Encapsulation
ant-ANT_14_B1,org.apache.tools.ant.taskdefs.optional.depend.constantpool,ConstantPoolEntry,Cyclic-Dependent Modularization
ant-ANT_14_B1,org.apache.tools.ant.taskdefs.optional.depend.constantpool,DoubleCPInfo,Unutilized Abstraction
ant-ANT_14_B1,org.apache.tools.ant.taskdefs.optional.depend.constantpool,DoubleCPInfo,Broken Hierarchy
ant-ANT_14_B1,org.apache.tools.ant.taskdefs.optional.depend.constantpool,FieldRefCPInfo,Cyclic-Dependent Modularization
ant-ANT_14_B1,org.apache.tools.ant.taskdefs.optional.depend.constantpool,FloatCPInfo,Unutilized Abstraction
ant-ANT_14_B1,org.apache.tools.ant.taskdefs.optional.depend.constantpool,FloatCPInfo,Broken Hierarchy
ant-ANT_14_B1,org.apache.tools.ant.taskdefs.optional.depend.constantpool,IntegerCPInfo,Unutilized Abstraction
ant-ANT_14_B1,org.apache.tools.ant.taskdefs.optional.depend.constantpool,IntegerCPInfo,Broken Hierarchy
ant-ANT_14_B1,org.apache.tools.ant.taskdefs.optional.depend.constantpool,InterfaceMethodRefCPInfo,Cyclic-Dependent Modularization
ant-ANT_14_B1,org.apache.tools.ant.taskdefs.optional.depend.constantpool,LongCPInfo,Unutilized Abstraction
ant-ANT_14_B1,org.apache.tools.ant.taskdefs.optional.depend.constantpool,LongCPInfo,Broken Hierarchy
ant-ANT_14_B1,org.apache.tools.ant.taskdefs.optional.depend.constantpool,MethodRefCPInfo,Cyclic-Dependent Modularization
ant-ANT_14_B1,org.apache.tools.ant.taskdefs.optional.depend.constantpool,NameAndTypeCPInfo,Cyclic-Dependent Modularization
ant-ANT_14_B1,org.apache.tools.ant.taskdefs.optional.depend.constantpool,StringCPInfo,Unutilized Abstraction
ant-ANT_14_B1,org.apache.tools.ant.taskdefs.optional.depend.constantpool,StringCPInfo,Broken Hierarchy
ant-ANT_14_B1,org.apache.tools.ant.taskdefs.optional.dotnet,CSharp,Unutilized Abstraction
ant-ANT_14_B1,org.apache.tools.ant.taskdefs.optional.dotnet,CSharp,Insufficient Modularization
ant-ANT_14_B1,org.apache.tools.ant.taskdefs.optional.dotnet,Ilasm,Unutilized Abstraction
ant-ANT_14_B1,org.apache.tools.ant.taskdefs.optional.ejb,BorlandDeploymentTool,Deficient Encapsulation
ant-ANT_14_B1,org.apache.tools.ant.taskdefs.optional.ejb,BorlandDeploymentTool,Broken Hierarchy
ant-ANT_14_B1,org.apache.tools.ant.taskdefs.optional.ejb,BorlandDeploymentTool,Cyclic-Dependent Modularization
ant-ANT_14_B1,org.apache.tools.ant.taskdefs.optional.ejb,DDCreator,Unutilized Abstraction
ant-ANT_14_B1,org.apache.tools.ant.taskdefs.optional.ejb,EJBDeploymentTool,Cyclic-Dependent Modularization
ant-ANT_14_B1,org.apache.tools.ant.taskdefs.optional.ejb,EjbJar,Deficient Encapsulation
ant-ANT_14_B1,org.apache.tools.ant.taskdefs.optional.ejb,EjbJar,Cyclic-Dependent Modularization
ant-ANT_14_B1,org.apache.tools.ant.taskdefs.optional.ejb,EjbJar,Insufficient Modularization
ant-ANT_14_B1,org.apache.tools.ant.taskdefs.optional.ejb,Config,Deficient Encapsulation
ant-ANT_14_B1,org.apache.tools.ant.taskdefs.optional.ejb,Config,Broken Modularization
ant-ANT_14_B1,org.apache.tools.ant.taskdefs.optional.ejb,NamingScheme,Deficient Encapsulation
ant-ANT_14_B1,org.apache.tools.ant.taskdefs.optional.ejb,Ejbc,Unutilized Abstraction
ant-ANT_14_B1,org.apache.tools.ant.taskdefs.optional.ejb,Ejbc,Deficient Encapsulation
ant-ANT_14_B1,org.apache.tools.ant.taskdefs.optional.ejb,GenericDeploymentTool,Cyclic-Dependent Modularization
ant-ANT_14_B1,org.apache.tools.ant.taskdefs.optional.ejb,GenericDeploymentTool,Insufficient Modularization
ant-ANT_14_B1,org.apache.tools.ant.taskdefs.optional.ejb,IPlanetEjbc,Insufficient Modularization
ant-ANT_14_B1,org.apache.tools.ant.taskdefs.optional.ejb,EjbcException,Unutilized Abstraction
ant-ANT_14_B1,org.apache.tools.ant.taskdefs.optional.ejb,EjbInfo,Insufficient Modularization
ant-ANT_14_B1,org.apache.tools.ant.taskdefs.optional.ejb,IPlanetEjbcTask,Unutilized Abstraction
ant-ANT_14_B1,org.apache.tools.ant.taskdefs.optional.ejb,WLRun,Unutilized Abstraction
ant-ANT_14_B1,org.apache.tools.ant.taskdefs.optional.ejb,WLStop,Unutilized Abstraction
ant-ANT_14_B1,org.apache.tools.ant.taskdefs.optional.ejb,WeblogicDeploymentTool,Deficient Encapsulation
ant-ANT_14_B1,org.apache.tools.ant.taskdefs.optional.ejb,WeblogicDeploymentTool,Cyclic-Dependent Modularization
ant-ANT_14_B1,org.apache.tools.ant.taskdefs.optional.ide,VAJAntTool,Cyclic-Dependent Modularization
ant-ANT_14_B1,org.apache.tools.ant.taskdefs.optional.ide,VAJAntToolGUI,Cyclic-Dependent Modularization
ant-ANT_14_B1,org.apache.tools.ant.taskdefs.optional.ide,VAJAntToolGUI,Insufficient Modularization
ant-ANT_14_B1,org.apache.tools.ant.taskdefs.optional.ide,VAJBuildLogger,Cyclic-Dependent Modularization
ant-ANT_14_B1,org.apache.tools.ant.taskdefs.optional.ide,VAJExport,Unutilized Abstraction
ant-ANT_14_B1,org.apache.tools.ant.taskdefs.optional.ide,VAJImport,Unutilized Abstraction
ant-ANT_14_B1,org.apache.tools.ant.taskdefs.optional.javacc,JJTree,Unutilized Abstraction
ant-ANT_14_B1,org.apache.tools.ant.taskdefs.optional.javacc,JavaCC,Unutilized Abstraction
ant-ANT_14_B1,org.apache.tools.ant.taskdefs.optional.javacc,JavaCC,Insufficient Modularization
ant-ANT_14_B1,org.apache.tools.ant.taskdefs.optional.jdepend,JDependTask,Insufficient Modularization
ant-ANT_14_B1,org.apache.tools.ant.taskdefs.optional.jlink,ConstantPool,Unutilized Abstraction
ant-ANT_14_B1,org.apache.tools.ant.taskdefs.optional.jlink,JlinkTask,Unutilized Abstraction
ant-ANT_14_B1,org.apache.tools.ant.taskdefs.optional.jsp,WLJspc,Unutilized Abstraction
ant-ANT_14_B1,org.apache.tools.ant.taskdefs.optional.junit,AggregateTransformer,Deficient Encapsulation
ant-ANT_14_B1,org.apache.tools.ant.taskdefs.optional.junit,AggregateTransformer,Cyclic-Dependent Modularization
ant-ANT_14_B1,org.apache.tools.ant.taskdefs.optional.junit,XalanExecutor,Cyclic-Dependent Modularization
ant-ANT_14_B1,org.apache.tools.ant.taskdefs.optional.junit,Xalan2Executor,Unutilized Abstraction
ant-ANT_14_B1,org.apache.tools.ant.taskdefs.optional.junit,Xalan1Executor,Unutilized Abstraction
ant-ANT_14_B1,org.apache.tools.ant.taskdefs.optional.junit,BaseTest,Unutilized Abstraction
ant-ANT_14_B1,org.apache.tools.ant.taskdefs.optional.junit,BatchTest,Unutilized Abstraction
ant-ANT_14_B1,org.apache.tools.ant.taskdefs.optional.junit,BatchTest,Broken Hierarchy
ant-ANT_14_B1,org.apache.tools.ant.taskdefs.optional.junit,BriefJUnitResultFormatter,Unutilized Abstraction
ant-ANT_14_B1,org.apache.tools.ant.taskdefs.optional.junit,ArrayEnumeration,Unutilized Abstraction
ant-ANT_14_B1,org.apache.tools.ant.taskdefs.optional.junit,CompoundEnumeration,Unutilized Abstraction
ant-ANT_14_B1,org.apache.tools.ant.taskdefs.optional.junit,FormatterElement,Cyclic-Dependent Modularization
ant-ANT_14_B1,org.apache.tools.ant.taskdefs.optional.junit,JUnitResultFormatter,Cyclic-Dependent Modularization
ant-ANT_14_B1,org.apache.tools.ant.taskdefs.optional.junit,JUnitTask,Unutilized Abstraction
ant-ANT_14_B1,org.apache.tools.ant.taskdefs.optional.junit,JUnitTask,Insufficient Modularization
ant-ANT_14_B1,org.apache.tools.ant.taskdefs.optional.junit,JUnitTest,Unutilized Abstraction
ant-ANT_14_B1,org.apache.tools.ant.taskdefs.optional.junit,JUnitTest,Broken Hierarchy
ant-ANT_14_B1,org.apache.tools.ant.taskdefs.optional.junit,JUnitTest,Cyclic-Dependent Modularization
ant-ANT_14_B1,org.apache.tools.ant.taskdefs.optional.junit,JUnitTestRunner,Deficient Encapsulation
ant-ANT_14_B1,org.apache.tools.ant.taskdefs.optional.junit,PlainJUnitResultFormatter,Unutilized Abstraction
ant-ANT_14_B1,org.apache.tools.ant.taskdefs.optional.junit,XMLConstants,Unutilized Abstraction
ant-ANT_14_B1,org.apache.tools.ant.taskdefs.optional.junit,XMLConstants,Deficient Encapsulation
ant-ANT_14_B1,org.apache.tools.ant.taskdefs.optional.junit,XMLConstants,Broken Modularization
ant-ANT_14_B1,org.apache.tools.ant.taskdefs.optional.junit,XMLJUnitResultFormatter,Broken Hierarchy
ant-ANT_14_B1,org.apache.tools.ant.taskdefs.optional.junit,XMLResultAggregator,Unutilized Abstraction
ant-ANT_14_B1,org.apache.tools.ant.taskdefs.optional.junit,XMLResultAggregator,Deficient Encapsulation
ant-ANT_14_B1,org.apache.tools.ant.taskdefs.optional.junit,XMLResultAggregator,Broken Hierarchy
ant-ANT_14_B1,org.apache.tools.ant.taskdefs.optional.junit,JUnitTestRunnerTest,Insufficient Modularization
ant-ANT_14_B1,org.apache.tools.ant.taskdefs.optional.junit,NoTestCase,Unnecessary Abstraction
ant-ANT_14_B1,org.apache.tools.ant.taskdefs.optional.junit,NoTestCase,Unutilized Abstraction
ant-ANT_14_B1,org.apache.tools.ant.taskdefs.optional.junit,InvalidTestCase,Unutilized Abstraction
ant-ANT_14_B1,org.apache.tools.ant.taskdefs.optional.junit,NoSuiteTestCase,Unutilized Abstraction
ant-ANT_14_B1,org.apache.tools.ant.taskdefs.optional.junit,SuiteTestCase,Unutilized Abstraction
ant-ANT_14_B1,org.apache.tools.ant.taskdefs.optional.junit,SuiteTestCase,Broken Hierarchy
ant-ANT_14_B1,org.apache.tools.ant.taskdefs.optional.junit,InvalidSuiteTestCase,Unutilized Abstraction
ant-ANT_14_B1,org.apache.tools.ant.taskdefs.optional.junit,InvalidSuiteTestCase,Broken Hierarchy
ant-ANT_14_B1,org.apache.tools.ant.taskdefs.optional.metamata,MAudit,Broken Hierarchy
ant-ANT_14_B1,org.apache.tools.ant.taskdefs.optional.metamata,Violation,Unnecessary Abstraction
ant-ANT_14_B1,org.apache.tools.ant.taskdefs.optional.metamata,MMetrics,Unutilized Abstraction
ant-ANT_14_B1,org.apache.tools.ant.taskdefs.optional.metamata,MMetrics,Broken Hierarchy
ant-ANT_14_B1,org.apache.tools.ant.taskdefs.optional.metamata,MMetricsStreamHandler,Unutilized Abstraction
ant-ANT_14_B1,org.apache.tools.ant.taskdefs.optional.net,FTP,Unutilized Abstraction
ant-ANT_14_B1,org.apache.tools.ant.taskdefs.optional.net,FTP,Insufficient Modularization
ant-ANT_14_B1,org.apache.tools.ant.taskdefs.optional.net,FTPDirectoryScanner,Unutilized Abstraction
ant-ANT_14_B1,org.apache.tools.ant.taskdefs.optional.net,MimeMail,Unutilized Abstraction
ant-ANT_14_B1,org.apache.tools.ant.taskdefs.optional.net,TelnetTask,Unutilized Abstraction
ant-ANT_14_B1,org.apache.tools.ant.taskdefs.optional.net,TelnetTask,Insufficient Modularization
ant-ANT_14_B1,org.apache.tools.ant.taskdefs.optional.net,TelnetWrite,Unutilized Abstraction
ant-ANT_14_B1,org.apache.tools.ant.taskdefs.optional.net,TelnetRead,Unutilized Abstraction
ant-ANT_14_B1,org.apache.tools.ant.taskdefs.optional.perforce,P4Change,Unutilized Abstraction
ant-ANT_14_B1,org.apache.tools.ant.taskdefs.optional.perforce,P4Change,Broken Hierarchy
ant-ANT_14_B1,org.apache.tools.ant.taskdefs.optional.perforce,P4Counter,Unutilized Abstraction
ant-ANT_14_B1,org.apache.tools.ant.taskdefs.optional.perforce,P4Counter,Deficient Encapsulation
ant-ANT_14_B1,org.apache.tools.ant.taskdefs.optional.perforce,P4Counter,Broken Hierarchy
ant-ANT_14_B1,org.apache.tools.ant.taskdefs.optional.perforce,P4Edit,Unutilized Abstraction
ant-ANT_14_B1,org.apache.tools.ant.taskdefs.optional.perforce,P4Edit,Deficient Encapsulation
ant-ANT_14_B1,org.apache.tools.ant.taskdefs.optional.perforce,P4Edit,Broken Hierarchy
ant-ANT_14_B1,org.apache.tools.ant.taskdefs.optional.perforce,P4HandlerAdapter,Unutilized Abstraction
ant-ANT_14_B1,org.apache.tools.ant.taskdefs.optional.perforce,P4HandlerAdapter,Rebellious Hierarchy
ant-ANT_14_B1,org.apache.tools.ant.taskdefs.optional.perforce,P4Have,Unutilized Abstraction
ant-ANT_14_B1,org.apache.tools.ant.taskdefs.optional.perforce,P4Have,Broken Hierarchy
ant-ANT_14_B1,org.apache.tools.ant.taskdefs.optional.perforce,P4Label,Unutilized Abstraction
ant-ANT_14_B1,org.apache.tools.ant.taskdefs.optional.perforce,P4Label,Broken Hierarchy
ant-ANT_14_B1,org.apache.tools.ant.taskdefs.optional.perforce,P4OutputHandler,Unutilized Abstraction
ant-ANT_14_B1,org.apache.tools.ant.taskdefs.optional.perforce,P4Reopen,Unutilized Abstraction
ant-ANT_14_B1,org.apache.tools.ant.taskdefs.optional.perforce,P4Reopen,Broken Hierarchy
ant-ANT_14_B1,org.apache.tools.ant.taskdefs.optional.perforce,P4Revert,Unutilized Abstraction
ant-ANT_14_B1,org.apache.tools.ant.taskdefs.optional.perforce,P4Revert,Broken Hierarchy
ant-ANT_14_B1,org.apache.tools.ant.taskdefs.optional.perforce,P4Submit,Unutilized Abstraction
ant-ANT_14_B1,org.apache.tools.ant.taskdefs.optional.perforce,P4Submit,Deficient Encapsulation
ant-ANT_14_B1,org.apache.tools.ant.taskdefs.optional.perforce,P4Submit,Broken Hierarchy
ant-ANT_14_B1,org.apache.tools.ant.taskdefs.optional.perforce,P4Sync,Unutilized Abstraction
ant-ANT_14_B1,org.apache.tools.ant.taskdefs.optional.perforce,P4Sync,Broken Hierarchy
ant-ANT_14_B1,org.apache.tools.ant.taskdefs.optional.perforce,SimpleP4OutputHandler,Unutilized Abstraction
ant-ANT_14_B1,org.apache.tools.ant.taskdefs.optional.pvcs,Pvcs,Unutilized Abstraction
ant-ANT_14_B1,org.apache.tools.ant.taskdefs.optional.pvcs,Pvcs,Insufficient Modularization
ant-ANT_14_B1,org.apache.tools.ant.taskdefs.optional.scm,AntStarTeamCheckOut,Deficient Encapsulation
ant-ANT_14_B1,org.apache.tools.ant.taskdefs.optional.scm,AntStarTeamCheckOut,Insufficient Modularization
ant-ANT_14_B1,org.apache.tools.ant.taskdefs.optional.sitraka,CovMerge,Unutilized Abstraction
ant-ANT_14_B1,org.apache.tools.ant.taskdefs.optional.sitraka,CovReport,Unutilized Abstraction
ant-ANT_14_B1,org.apache.tools.ant.taskdefs.optional.sitraka,Coverage,Unutilized Abstraction
ant-ANT_14_B1,org.apache.tools.ant.taskdefs.optional.sitraka,Coverage,Insufficient Modularization
ant-ANT_14_B1,org.apache.tools.ant.taskdefs.optional.sitraka,Finalsnapshot,Unutilized Abstraction
ant-ANT_14_B1,org.apache.tools.ant.taskdefs.optional.sitraka,CoverageStreamHandler,Unutilized Abstraction
ant-ANT_14_B1,org.apache.tools.ant.taskdefs.optional.sitraka,Filters,Deficient Encapsulation
ant-ANT_14_B1,org.apache.tools.ant.taskdefs.optional.sitraka,ReportFilters,Unexploited Encapsulation
ant-ANT_14_B1,org.apache.tools.ant.taskdefs.optional.sitraka,ReportFilters,Missing Hierarchy
ant-ANT_14_B1,org.apache.tools.ant.taskdefs.optional.sitraka,FilterElement,Unutilized Abstraction
ant-ANT_14_B1,org.apache.tools.ant.taskdefs.optional.sitraka,Include,Unnecessary Abstraction
ant-ANT_14_B1,org.apache.tools.ant.taskdefs.optional.sitraka,Include,Unutilized Abstraction
ant-ANT_14_B1,org.apache.tools.ant.taskdefs.optional.sitraka,Exclude,Unnecessary Abstraction
ant-ANT_14_B1,org.apache.tools.ant.taskdefs.optional.sitraka,Exclude,Unutilized Abstraction
ant-ANT_14_B1,org.apache.tools.ant.taskdefs.optional.sitraka.bytecode,ClassPathLoader,Deficient Encapsulation
ant-ANT_14_B1,org.apache.tools.ant.taskdefs.optional.sitraka.bytecode,LoaderEnumeration,Unutilized Abstraction
ant-ANT_14_B1,org.apache.tools.ant.taskdefs.optional.sitraka.bytecode,NullLoader,Unutilized Abstraction
ant-ANT_14_B1,org.apache.tools.ant.taskdefs.optional.sitraka.bytecode,JarLoader,Unutilized Abstraction
ant-ANT_14_B1,org.apache.tools.ant.taskdefs.optional.sitraka.bytecode,DirectoryFilter,Unutilized Abstraction
ant-ANT_14_B1,org.apache.tools.ant.taskdefs.optional.sitraka.bytecode,ClassFilter,Unutilized Abstraction
ant-ANT_14_B1,org.apache.tools.ant.taskdefs.optional.sitraka.bytecode,Utils,Deficient Encapsulation
ant-ANT_14_B1,org.apache.tools.ant.taskdefs.optional.sitraka.bytecode,Utils,Insufficient Modularization
ant-ANT_14_B1,org.apache.tools.ant.taskdefs.optional.sitraka.bytecode.attributes,AttributeInfo,Deficient Encapsulation
ant-ANT_14_B1,org.apache.tools.ant.taskdefs.optional.sitraka.bytecode.attributes,AttributeInfo,Wide Hierarchy
ant-ANT_14_B1,org.apache.tools.ant.taskdefs.optional.sitraka.bytecode.attributes,Code,Unutilized Abstraction
ant-ANT_14_B1,org.apache.tools.ant.taskdefs.optional.sitraka.bytecode.attributes,Code,Broken Hierarchy
ant-ANT_14_B1,org.apache.tools.ant.taskdefs.optional.sitraka.bytecode.attributes,ExceptionInfo,Unutilized Abstraction
ant-ANT_14_B1,org.apache.tools.ant.taskdefs.optional.sitraka.bytecode.attributes,ConstantValue,Unutilized Abstraction
ant-ANT_14_B1,org.apache.tools.ant.taskdefs.optional.sitraka.bytecode.attributes,ConstantValue,Broken Hierarchy
ant-ANT_14_B1,org.apache.tools.ant.taskdefs.optional.sitraka.bytecode.attributes,Deprecated,Unutilized Abstraction
ant-ANT_14_B1,org.apache.tools.ant.taskdefs.optional.sitraka.bytecode.attributes,Deprecated,Broken Hierarchy
ant-ANT_14_B1,org.apache.tools.ant.taskdefs.optional.sitraka.bytecode.attributes,Exceptions,Unutilized Abstraction
ant-ANT_14_B1,org.apache.tools.ant.taskdefs.optional.sitraka.bytecode.attributes,Exceptions,Broken Hierarchy
ant-ANT_14_B1,org.apache.tools.ant.taskdefs.optional.sitraka.bytecode.attributes,InnerClasses,Unutilized Abstraction
ant-ANT_14_B1,org.apache.tools.ant.taskdefs.optional.sitraka.bytecode.attributes,InnerClasses,Broken Hierarchy
ant-ANT_14_B1,org.apache.tools.ant.taskdefs.optional.sitraka.bytecode.attributes,LineNumberTable,Broken Hierarchy
ant-ANT_14_B1,org.apache.tools.ant.taskdefs.optional.sitraka.bytecode.attributes,LocalVariableTable,Unutilized Abstraction
ant-ANT_14_B1,org.apache.tools.ant.taskdefs.optional.sitraka.bytecode.attributes,LocalVariableTable,Broken Hierarchy
ant-ANT_14_B1,org.apache.tools.ant.taskdefs.optional.sitraka.bytecode.attributes,SourceDir,Unutilized Abstraction
ant-ANT_14_B1,org.apache.tools.ant.taskdefs.optional.sitraka.bytecode.attributes,SourceDir,Broken Hierarchy
ant-ANT_14_B1,org.apache.tools.ant.taskdefs.optional.sitraka.bytecode.attributes,SourceFile,Unutilized Abstraction
ant-ANT_14_B1,org.apache.tools.ant.taskdefs.optional.sitraka.bytecode.attributes,SourceFile,Broken Hierarchy
ant-ANT_14_B1,org.apache.tools.ant.taskdefs.optional.sitraka.bytecode.attributes,Synthetic,Unutilized Abstraction
ant-ANT_14_B1,org.apache.tools.ant.taskdefs.optional.sitraka.bytecode.attributes,Synthetic,Broken Hierarchy
ant-ANT_14_B1,org.apache.tools.ant.taskdefs.optional.sitraka.bytecode.attributes,Unknown,Unutilized Abstraction
ant-ANT_14_B1,org.apache.tools.ant.taskdefs.optional.sitraka.bytecode.attributes,Unknown,Broken Hierarchy
ant-ANT_14_B1,org.apache.tools.ant.taskdefs.optional.sound,SoundTask,Unutilized Abstraction
ant-ANT_14_B1,org.apache.tools.ant.taskdefs.optional.vss,MSVSS,Unutilized Abstraction
ant-ANT_14_B1,org.apache.tools.ant.taskdefs.optional.vss,MSVSS,Deficient Encapsulation
ant-ANT_14_B1,org.apache.tools.ant.taskdefs.optional.vss,MSVSSCHECKIN,Unutilized Abstraction
ant-ANT_14_B1,org.apache.tools.ant.taskdefs.optional.vss,MSVSSCHECKIN,Broken Hierarchy
ant-ANT_14_B1,org.apache.tools.ant.taskdefs.optional.vss,MSVSSCHECKOUT,Unutilized Abstraction
ant-ANT_14_B1,org.apache.tools.ant.taskdefs.optional.vss,MSVSSCHECKOUT,Broken Hierarchy
ant-ANT_14_B1,org.apache.tools.ant.taskdefs.optional.vss,MSVSSGET,Unutilized Abstraction
ant-ANT_14_B1,org.apache.tools.ant.taskdefs.optional.vss,MSVSSGET,Broken Hierarchy
ant-ANT_14_B1,org.apache.tools.ant.taskdefs.optional.vss,MSVSSHISTORY,Unutilized Abstraction
ant-ANT_14_B1,org.apache.tools.ant.taskdefs.optional.vss,MSVSSHISTORY,Deficient Encapsulation
ant-ANT_14_B1,org.apache.tools.ant.taskdefs.optional.vss,MSVSSHISTORY,Broken Hierarchy
ant-ANT_14_B1,org.apache.tools.ant.taskdefs.optional.vss,MSVSSLABEL,Unutilized Abstraction
ant-ANT_14_B1,org.apache.tools.ant.taskdefs.optional.vss,MSVSSLABEL,Deficient Encapsulation
ant-ANT_14_B1,org.apache.tools.ant.taskdefs.optional.vss,MSVSSLABEL,Broken Hierarchy
ant-ANT_14_B1,org.apache.tools.ant.taskdefs.rmic,DefaultRmicAdapter,Unutilized Abstraction
ant-ANT_14_B1,org.apache.tools.ant.taskdefs.rmic,RmicFileNameMapper,Unutilized Abstraction
ant-ANT_14_B1,org.apache.tools.ant.taskdefs.rmic,KaffeRmic,Unutilized Abstraction
ant-ANT_14_B1,org.apache.tools.ant.taskdefs.rmic,KaffeRmic,Broken Hierarchy
ant-ANT_14_B1,org.apache.tools.ant.taskdefs.rmic,RmicAdapter,Unutilized Abstraction
ant-ANT_14_B1,org.apache.tools.ant.taskdefs.rmic,SunRmic,Unutilized Abstraction
ant-ANT_14_B1,org.apache.tools.ant.taskdefs.rmic,SunRmic,Broken Hierarchy
ant-ANT_14_B1,org.apache.tools.ant.taskdefs.rmic,WLRmic,Unutilized Abstraction
ant-ANT_14_B1,org.apache.tools.ant.taskdefs.rmic,WLRmic,Broken Hierarchy
ant-ANT_14_B1,org.apache.tools.ant.types,Commandline,Cyclic-Dependent Modularization
ant-ANT_14_B1,org.apache.tools.ant.types,Commandline,Insufficient Modularization
ant-ANT_14_B1,org.apache.tools.ant.types,Argument,Cyclic-Dependent Modularization
ant-ANT_14_B1,org.apache.tools.ant.types,Marker,Unutilized Abstraction
ant-ANT_14_B1,org.apache.tools.ant.types,CommandlineJava,Insufficient Modularization
ant-ANT_14_B1,org.apache.tools.ant.types,DataType,Unutilized Abstraction
ant-ANT_14_B1,org.apache.tools.ant.types,Description,Unutilized Abstraction
ant-ANT_14_B1,org.apache.tools.ant.types,Description,Broken Hierarchy
ant-ANT_14_B1,org.apache.tools.ant.types,FileList,Unutilized Abstraction
ant-ANT_14_B1,org.apache.tools.ant.types,FileSet,Unutilized Abstraction
ant-ANT_14_B1,org.apache.tools.ant.types,FilterSet,Unutilized Abstraction
ant-ANT_14_B1,org.apache.tools.ant.types,FilterSet,Deficient Encapsulation
ant-ANT_14_B1,org.apache.tools.ant.types,FilterSet,Broken Hierarchy
ant-ANT_14_B1,org.apache.tools.ant.types,FilterSet,Insufficient Modularization
ant-ANT_14_B1,org.apache.tools.ant.types,FiltersFile,Unutilized Abstraction
ant-ANT_14_B1,org.apache.tools.ant.types,Mapper,Unutilized Abstraction
ant-ANT_14_B1,org.apache.tools.ant.types,Path,Unutilized Abstraction
ant-ANT_14_B1,org.apache.tools.ant.types,Path,Deficient Encapsulation
ant-ANT_14_B1,org.apache.tools.ant.types,Path,Unexploited Encapsulation
ant-ANT_14_B1,org.apache.tools.ant.types,Path,Missing Hierarchy
ant-ANT_14_B1,org.apache.tools.ant.types,Path,Cyclic-Dependent Modularization
ant-ANT_14_B1,org.apache.tools.ant.types,Path,Insufficient Modularization
ant-ANT_14_B1,org.apache.tools.ant.types,PathElement,Cyclic-Dependent Modularization
ant-ANT_14_B1,org.apache.tools.ant.types,PatternSet,Unutilized Abstraction
ant-ANT_14_B1,org.apache.tools.ant.types,PatternSet,Insufficient Modularization
ant-ANT_14_B1,org.apache.tools.ant.types,CommandlineJavaTest,Unutilized Abstraction
ant-ANT_14_B1,org.apache.tools.ant.types,CommandlineTest,Unutilized Abstraction
ant-ANT_14_B1,org.apache.tools.ant.types,EnumeratedAttributeTest,Unutilized Abstraction
ant-ANT_14_B1,org.apache.tools.ant.types,TestNormal,Unutilized Abstraction
ant-ANT_14_B1,org.apache.tools.ant.types,TestNull,Unutilized Abstraction
ant-ANT_14_B1,org.apache.tools.ant.types,FileListTest,Unutilized Abstraction
ant-ANT_14_B1,org.apache.tools.ant.types,FileSetTest,Unutilized Abstraction
ant-ANT_14_B1,org.apache.tools.ant.types,MapperTest,Unutilized Abstraction
ant-ANT_14_B1,org.apache.tools.ant.types,PathTest,Unutilized Abstraction
ant-ANT_14_B1,org.apache.tools.ant.types,PathTest,Deficient Encapsulation
ant-ANT_14_B1,org.apache.tools.ant.types,PatternSetTest,Unutilized Abstraction
ant-ANT_14_B1,org.apache.tools.ant.util,FlatFileNameMapper,Unutilized Abstraction
ant-ANT_14_B1,org.apache.tools.ant.util,IdentityMapper,Unutilized Abstraction
ant-ANT_14_B1,org.apache.tools.ant.util,MergingMapper,Unutilized Abstraction
ant-ANT_14_B1,org.apache.tools.ant.util,RegexpPatternMapper,Unutilized Abstraction
ant-ANT_14_B1,org.apache.tools.ant.util,SourceFileScanner,Unutilized Abstraction
ant-ANT_14_B1,org.apache.tools.ant.util,DOMElementWriterTest,Unutilized Abstraction
ant-ANT_14_B1,org.apache.tools.ant.util,FileUtilsTest,Unutilized Abstraction
ant-ANT_14_B1,org.apache.tools.ant.util,GlobPatternMapperTest,Unutilized Abstraction
ant-ANT_14_B1,org.apache.tools.ant.util.regexp,JakartaOroMatcher,Unutilized Abstraction
ant-ANT_14_B1,org.apache.tools.ant.util.regexp,JakartaRegexpMatcher,Unutilized Abstraction
ant-ANT_14_B1,org.apache.tools.ant.util.regexp,Jdk14RegexpMatcher,Unutilized Abstraction
ant-ANT_14_B1,org.apache.tools.ant.util.regexp,RegexpMatcherFactory,Unutilized Abstraction
ant-ANT_14_B1,org.apache.tools.ant.util.regexp,JakartaOroMatcherTest,Unutilized Abstraction
ant-ANT_14_B1,org.apache.tools.ant.util.regexp,JakartaRegexpMatcherTest,Unutilized Abstraction
ant-ANT_14_B1,org.apache.tools.ant.util.regexp,Jdk14RegexpMatcherTest,Unutilized Abstraction
ant-ANT_14_B1,org.apache.tools.ant.util.regexp,RegexpMatcherTest,Unutilized Abstraction
ant-ANT_14_B1,org.apache.tools.mail,MailPrintStream,Unutilized Abstraction
ant-ANT_14_B1,org.apache.tools.tar,TarBuffer,Deficient Encapsulation
ant-ANT_14_B1,org.apache.tools.tar,TarConstants,Deficient Encapsulation
ant-ANT_14_B1,org.apache.tools.tar,TarConstants,Broken Modularization
ant-ANT_14_B1,org.apache.tools.tar,TarEntry,Broken Hierarchy
ant-ANT_14_B1,org.apache.tools.tar,TarEntry,Insufficient Modularization
ant-ANT_14_B1,org.apache.tools.tar,TarInputStream,Unutilized Abstraction
ant-ANT_14_B1,org.apache.tools.tar,TarOutputStream,Unutilized Abstraction
ant-ANT_14_B1,org.apache.tools.tar,TarOutputStream,Deficient Encapsulation
ant-ANT_14_B1,org.apache.tools.zip,AsiExtraField,Broken Hierarchy
ant-ANT_14_B1,org.apache.tools.zip,UnixStat,Unutilized Abstraction
ant-ANT_14_B1,org.apache.tools.zip,UnixStat,Deficient Encapsulation
ant-ANT_14_B1,org.apache.tools.zip,UnixStat,Broken Modularization
ant-ANT_14_B1,org.apache.tools.zip,ZipOutputStream,Deficient Encapsulation
ant-ANT_14_B1,org.apache.tools.zip,AsiExtraFieldTest,Unutilized Abstraction
ant-ANT_14_B1,org.apache.tools.zip,AsiExtraFieldTest,Broken Hierarchy
ant-ANT_14_B1,org.apache.tools.zip,ExtraFieldUtilsTest,Unutilized Abstraction
ant-ANT_14_B1,org.apache.tools.zip,ExtraFieldUtilsTest,Unexploited Encapsulation
ant-ANT_14_B1,org.apache.tools.zip,ExtraFieldUtilsTest,Broken Hierarchy
ant-ANT_14_B1,org.apache.tools.zip,ExtraFieldUtilsTest,Missing Hierarchy
ant-ANT_14_B1,org.apache.tools.zip,ZipEntryTest,Unutilized Abstraction
ant-ANT_14_B1,org.apache.tools.zip,ZipLongTest,Unutilized Abstraction
ant-ANT_14_B1,org.apache.tools.zip,ZipShortTest,Unutilized Abstraction
