Project Name,Package Name,Type Name,Code Smell
maven-maven-2.2.1-RC1,org.apache.maven.settings,GlobalSettingsTest,Unutilized Abstraction
maven-maven-2.2.1-RC1,org.apache.maven.settings,DefaultMavenSettingsBuilder,Deficient Encapsulation
maven-maven-2.2.1-RC1,org.apache.maven.settings,SettingsTest,Unutilized Abstraction
maven-maven-2.2.1-RC1,org.apache.maven.settings,SettingsUtilsTest,Unutilized Abstraction
maven-maven-2.2.1-RC1,org.apache.maven.artifact.deployer,DefaultArtifactDeployer,Unutilized Abstraction
maven-maven-2.2.1-RC1,org.apache.maven.artifact.deployer,ArtifactDeployerTest,Unutilized Abstraction
maven-maven-2.2.1-RC1,org.apache.maven.artifact.deployer,ArtifactDeploymentException,Unutilized Abstraction
maven-maven-2.2.1-RC1,org.apache.maven.artifact.installer,DefaultArtifactInstaller,Unutilized Abstraction
maven-maven-2.2.1-RC1,org.apache.maven.artifact.installer,ArtifactInstallerTest,Unutilized Abstraction
maven-maven-2.2.1-RC1,org.apache.maven.artifact.installer,ArtifactInstallationException,Unutilized Abstraction
maven-maven-2.2.1-RC1,org.apache.maven.artifact.manager,ChecksumFailedException,Unutilized Abstraction
maven-maven-2.2.1-RC1,org.apache.maven.artifact.manager,DefaultWagonManager,Insufficient Modularization
maven-maven-2.2.1-RC1,org.apache.maven.artifact.manager,DefaultWagonProviderMapping,Unutilized Abstraction
maven-maven-2.2.1-RC1,org.apache.maven.artifact.manager,WagonComponentConfigurator,Unutilized Abstraction
maven-maven-2.2.1-RC1,org.apache.maven.artifact.manager,WagonConfigurationException,Unutilized Abstraction
maven-maven-2.2.1-RC1,org.apache.maven.artifact.manager,DefaultWagonManagerTest,Unutilized Abstraction
maven-maven-2.2.1-RC1,org.apache.maven.artifact.manager,ArtifactRepositoryLayoutStub,Unutilized Abstraction
maven-maven-2.2.1-RC1,org.apache.maven.artifact.manager,WagonA,Unutilized Abstraction
maven-maven-2.2.1-RC1,org.apache.maven.artifact.manager,WagonA,Broken Hierarchy
maven-maven-2.2.1-RC1,org.apache.maven.artifact.manager,WagonB,Unutilized Abstraction
maven-maven-2.2.1-RC1,org.apache.maven.artifact.manager,WagonB,Broken Hierarchy
maven-maven-2.2.1-RC1,org.apache.maven.artifact.manager,WagonC,Unutilized Abstraction
maven-maven-2.2.1-RC1,org.apache.maven.artifact.manager,WagonC,Broken Hierarchy
maven-maven-2.2.1-RC1,org.apache.maven.artifact.repository,DefaultArtifactRepositoryFactory,Unutilized Abstraction
maven-maven-2.2.1-RC1,org.apache.maven.artifact.repository,ArtifactRepository,Cyclic-Dependent Modularization
maven-maven-2.2.1-RC1,org.apache.maven.artifact.repository,ArtifactRepositoryPolicy,Deficient Encapsulation
maven-maven-2.2.1-RC1,org.apache.maven.artifact.repository.metadata,ArtifactRepositoryMetadata,Unutilized Abstraction
maven-maven-2.2.1-RC1,org.apache.maven.artifact.repository.metadata,ArtifactRepositoryMetadata,Broken Hierarchy
maven-maven-2.2.1-RC1,org.apache.maven.artifact.repository.metadata,GroupRepositoryMetadata,Unutilized Abstraction
maven-maven-2.2.1-RC1,org.apache.maven.artifact.repository.metadata,GroupRepositoryMetadata,Broken Hierarchy
maven-maven-2.2.1-RC1,org.apache.maven.artifact.repository.metadata,SnapshotArtifactRepositoryMetadata,Broken Hierarchy
maven-maven-2.2.1-RC1,org.apache.maven.artifact.repository.metadata,AbstractRepositoryMetadataTest,Unutilized Abstraction
maven-maven-2.2.1-RC1,org.apache.maven.artifact.repository.metadata,TestRepoMetadata,Broken Hierarchy
maven-maven-2.2.1-RC1,org.apache.maven.artifact.repository.metadata,RepositoryMetadataDeploymentException,Unutilized Abstraction
maven-maven-2.2.1-RC1,org.apache.maven.artifact.repository.metadata,RepositoryMetadataInstallationException,Unutilized Abstraction
maven-maven-2.2.1-RC1,org.apache.maven.artifact.repository.metadata,RepositoryMetadataReadException,Unutilized Abstraction
maven-maven-2.2.1-RC1,org.apache.maven.artifact.repository.metadata,RepositoryMetadataResolutionException,Unutilized Abstraction
maven-maven-2.2.1-RC1,org.apache.maven.artifact.repository.metadata,RepositoryMetadataStoreException,Unutilized Abstraction
maven-maven-2.2.1-RC1,org.apache.maven.artifact.resolver,DebugResolutionListener,Unutilized Abstraction
maven-maven-2.2.1-RC1,org.apache.maven.artifact.resolver,ResolveArtifactTask,Unutilized Abstraction
maven-maven-2.2.1-RC1,org.apache.maven.artifact.resolver,WarningResolutionListener,Unutilized Abstraction
maven-maven-2.2.1-RC1,org.apache.maven.artifact.resolver,ArtifactResolverTest,Unutilized Abstraction
maven-maven-2.2.1-RC1,org.apache.maven.artifact.resolver,ArtifactMetadataSourceImplementation,Unutilized Abstraction
maven-maven-2.2.1-RC1,org.apache.maven.artifact.resolver,ArtifactNotFoundException,Broken Hierarchy
maven-maven-2.2.1-RC1,org.apache.maven.artifact.resolver,ArtifactResolutionException,Broken Hierarchy
maven-maven-2.2.1-RC1,org.apache.maven.artifact.resolver,CyclicDependencyException,Unutilized Abstraction
maven-maven-2.2.1-RC1,org.apache.maven.artifact.resolver,CyclicDependencyException,Broken Hierarchy
maven-maven-2.2.1-RC1,org.apache.maven.artifact.resolver,DefaultArtifactCollector,Unutilized Abstraction
maven-maven-2.2.1-RC1,org.apache.maven.artifact.resolver,MultipleArtifactsNotFoundException,Broken Hierarchy
maven-maven-2.2.1-RC1,org.apache.maven.artifact.resolver,ArtifactResolutionExceptionTest,Unutilized Abstraction
maven-maven-2.2.1-RC1,org.apache.maven.artifact.resolver,DefaultArtifactCollectorTest,Insufficient Modularization
maven-maven-2.2.1-RC1,org.apache.maven.artifact.transform,AbstractVersionTransformation,Unutilized Abstraction
maven-maven-2.2.1-RC1,org.apache.maven.artifact.transform,DefaultArtifactTransformationManager,Unutilized Abstraction
maven-maven-2.2.1-RC1,org.apache.maven.artifact.transform,LatestArtifactTransformation,Unutilized Abstraction
maven-maven-2.2.1-RC1,org.apache.maven.artifact.transform,LatestArtifactTransformation,Broken Hierarchy
maven-maven-2.2.1-RC1,org.apache.maven.artifact.transform,ReleaseArtifactTransformation,Unutilized Abstraction
maven-maven-2.2.1-RC1,org.apache.maven.artifact.transform,ReleaseArtifactTransformation,Broken Hierarchy
maven-maven-2.2.1-RC1,org.apache.maven.artifact.transform,SnapshotTransformation,Unutilized Abstraction
maven-maven-2.2.1-RC1,org.apache.maven.artifact.transform,SnapshotTransformation,Broken Hierarchy
maven-maven-2.2.1-RC1,org.apache.maven.artifact,AbstractArtifactComponentTestCase,Unutilized Abstraction
maven-maven-2.2.1-RC1,org.apache.maven.artifact,Artifact,Cyclic-Dependent Modularization
maven-maven-2.2.1-RC1,org.apache.maven.artifact,Artifact,Insufficient Modularization
maven-maven-2.2.1-RC1,org.apache.maven.artifact,ArtifactStatus,Deficient Encapsulation
maven-maven-2.2.1-RC1,org.apache.maven.artifact,DefaultArtifact,Insufficient Modularization
maven-maven-2.2.1-RC1,org.apache.maven.artifact,DependencyResolutionRequiredException,Unutilized Abstraction
maven-maven-2.2.1-RC1,org.apache.maven.artifact,InvalidRepositoryException,Unutilized Abstraction
maven-maven-2.2.1-RC1,org.apache.maven.artifact,ArtifactUtilsTest,Unutilized Abstraction
maven-maven-2.2.1-RC1,org.apache.maven.artifact,DefaultArtifactTest,Unutilized Abstraction
maven-maven-2.2.1-RC1,org.apache.maven.artifact.testutils,TestFileManager,Deficient Encapsulation
maven-maven-2.2.1-RC1,org.apache.maven.artifact.test,ArtifactTestCase,Unutilized Abstraction
maven-maven-2.2.1-RC1,org.apache.maven.artifact.factory,DefaultArtifactFactory,Unutilized Abstraction
maven-maven-2.2.1-RC1,org.apache.maven.artifact.factory,DefaultArtifactFactoryTest,Unutilized Abstraction
maven-maven-2.2.1-RC1,org.apache.maven.artifact.handler,DefaultArtifactHandler,Unutilized Abstraction
maven-maven-2.2.1-RC1,org.apache.maven.artifact.handler.manager,DefaultArtifactHandlerManager,Unutilized Abstraction
maven-maven-2.2.1-RC1,org.apache.maven.artifact.metadata,AbstractArtifactMetadata,Unutilized Abstraction
maven-maven-2.2.1-RC1,org.apache.maven.artifact.metadata,ArtifactMetadata,Cyclic-Dependent Modularization
maven-maven-2.2.1-RC1,org.apache.maven.artifact.metadata,ArtifactMetadataRetrievalException,Unutilized Abstraction
maven-maven-2.2.1-RC1,org.apache.maven.artifact.repository.layout,DefaultRepositoryLayout,Unutilized Abstraction
maven-maven-2.2.1-RC1,org.apache.maven.artifact.repository.layout,LegacyRepositoryLayout,Unutilized Abstraction
maven-maven-2.2.1-RC1,org.apache.maven.artifact.resolver.conflict,ConflictResolver,Unnecessary Abstraction
maven-maven-2.2.1-RC1,org.apache.maven.artifact.resolver.conflict,ConflictResolver,Unutilized Abstraction
maven-maven-2.2.1-RC1,org.apache.maven.artifact.resolver.conflict,DefaultConflictResolver,Unnecessary Abstraction
maven-maven-2.2.1-RC1,org.apache.maven.artifact.resolver.conflict,DefaultConflictResolver,Unutilized Abstraction
maven-maven-2.2.1-RC1,org.apache.maven.artifact.resolver.filter,ArtifactFilter,Cyclic-Dependent Modularization
maven-maven-2.2.1-RC1,org.apache.maven.artifact.resolver.filter,ExcludesArtifactFilter,Unutilized Abstraction
maven-maven-2.2.1-RC1,org.apache.maven.artifact.resolver.filter,ExclusionSetFilter,Unutilized Abstraction
maven-maven-2.2.1-RC1,org.apache.maven.artifact.resolver.filter,IncludesArtifactFilter,Unutilized Abstraction
maven-maven-2.2.1-RC1,org.apache.maven.artifact.resolver.filter,InversionArtifactFilter,Unutilized Abstraction
maven-maven-2.2.1-RC1,org.apache.maven.artifact.resolver.filter,TypeArtifactFilter,Unutilized Abstraction
maven-maven-2.2.1-RC1,org.apache.maven.artifact.versioning,InvalidVersionSpecificationException,Unutilized Abstraction
maven-maven-2.2.1-RC1,org.apache.maven.artifact.versioning,OverConstrainedVersionException,Unutilized Abstraction
maven-maven-2.2.1-RC1,org.apache.maven.artifact.versioning,VersionRange,Cyclic-Dependent Modularization
maven-maven-2.2.1-RC1,org.apache.maven.artifact.versioning,DefaultArtifactVersionTest,Unutilized Abstraction
maven-maven-2.2.1-RC1,org.apache.maven.artifact.versioning,VersionRangeTest,Unutilized Abstraction
maven-maven-2.2.1-RC1,org.apache.maven.its,Suite,Unutilized Abstraction
maven-maven-2.2.1-RC1,org.apache.maven,ConfigurationInterpolationException,Unutilized Abstraction
maven-maven-2.2.1-RC1,org.apache.maven,DefaultMaven,Insufficient Modularization
maven-maven-2.2.1-RC1,org.apache.maven,ReflectionConfigurationInterpolator,Unutilized Abstraction
maven-maven-2.2.1-RC1,org.apache.maven,SettingsConfigurationException,Unutilized Abstraction
maven-maven-2.2.1-RC1,org.apache.maven,MavenTestUtils,Unutilized Abstraction
maven-maven-2.2.1-RC1,org.apache.maven,WagonSelectorTest,Unutilized Abstraction
maven-maven-2.2.1-RC1,org.apache.maven,TestRuntimeInformation,Unutilized Abstraction
maven-maven-2.2.1-RC1,org.apache.maven.cli,BatchModeDownloadMonitor,Unutilized Abstraction
maven-maven-2.2.1-RC1,org.apache.maven.cli,CLIManager,Deficient Encapsulation
maven-maven-2.2.1-RC1,org.apache.maven.cli,MavenCli,Deficient Encapsulation
maven-maven-2.2.1-RC1,org.apache.maven.cli,AbstractConsoleDownloadMonitorTest,Unutilized Abstraction
maven-maven-2.2.1-RC1,org.apache.maven.cli,TransferEventMock,Unutilized Abstraction
maven-maven-2.2.1-RC1,org.apache.maven.cli,BatchModeDownloadMonitorTest,Unutilized Abstraction
maven-maven-2.2.1-RC1,org.apache.maven.cli,ConsoleDownloadMonitorTest,Unutilized Abstraction
maven-maven-2.2.1-RC1,org.apache.maven.cli,MavenCliTest,Unutilized Abstraction
maven-maven-2.2.1-RC1,org.apache.maven.execution,BuildSuccess,Unutilized Abstraction
maven-maven-2.2.1-RC1,org.apache.maven.execution,DefaultMavenExecutionRequest,Unutilized Abstraction
maven-maven-2.2.1-RC1,org.apache.maven.execution,DefaultMavenExecutionRequest,Insufficient Modularization
maven-maven-2.2.1-RC1,org.apache.maven.execution,DefaultRuntimeInformation,Unutilized Abstraction
maven-maven-2.2.1-RC1,org.apache.maven.execution,MavenSession,Insufficient Modularization
maven-maven-2.2.1-RC1,org.apache.maven.execution,ReactorManager,Deficient Encapsulation
maven-maven-2.2.1-RC1,org.apache.maven.extension,DefaultExtensionManager,Unutilized Abstraction
maven-maven-2.2.1-RC1,org.apache.maven.extension,ProjectArtifactExceptionFilter,Unutilized Abstraction
maven-maven-2.2.1-RC1,org.apache.maven.lifecycle,DefaultLifecycleExecutor,Unutilized Abstraction
maven-maven-2.2.1-RC1,org.apache.maven.lifecycle,DefaultLifecycleExecutor,Insufficient Modularization
maven-maven-2.2.1-RC1,org.apache.maven.lifecycle,LifecycleExecutionException,Unutilized Abstraction
maven-maven-2.2.1-RC1,org.apache.maven.lifecycle.mapping,DefaultLifecycleMapping,Unutilized Abstraction
maven-maven-2.2.1-RC1,org.apache.maven.monitor.event,DefaultEventMonitor,Unutilized Abstraction
maven-maven-2.2.1-RC1,org.apache.maven.monitor.event,DefaultEventMonitor,Broken Hierarchy
maven-maven-2.2.1-RC1,org.apache.maven.monitor.event,AbstractSelectiveEventMonitor,Unutilized Abstraction
maven-maven-2.2.1-RC1,org.apache.maven.monitor.event,DefaultEventDispatcher,Unutilized Abstraction
maven-maven-2.2.1-RC1,org.apache.maven.monitor.event,MavenEvents,Deficient Encapsulation
maven-maven-2.2.1-RC1,org.apache.maven.monitor.logging,DefaultLog,Unutilized Abstraction
maven-maven-2.2.1-RC1,org.apache.maven.plugin,DebugConfigurationListener,Unutilized Abstraction
maven-maven-2.2.1-RC1,org.apache.maven.plugin,DefaultPluginManager,Insufficient Modularization
maven-maven-2.2.1-RC1,org.apache.maven.plugin,DefaultPluginMappingManager,Unutilized Abstraction
maven-maven-2.2.1-RC1,org.apache.maven.plugin,InvalidPluginException,Unutilized Abstraction
maven-maven-2.2.1-RC1,org.apache.maven.plugin,MavenPluginDiscoverer,Unutilized Abstraction
maven-maven-2.2.1-RC1,org.apache.maven.plugin,MojoExecution,Deficient Encapsulation
maven-maven-2.2.1-RC1,org.apache.maven.plugin,PluginManagerException,Unutilized Abstraction
maven-maven-2.2.1-RC1,org.apache.maven.plugin,PluginNotFoundException,Unutilized Abstraction
maven-maven-2.2.1-RC1,org.apache.maven.plugin,PluginParameterException,Broken Hierarchy
maven-maven-2.2.1-RC1,org.apache.maven.plugin,PluginParameterExpressionEvaluator,Unutilized Abstraction
maven-maven-2.2.1-RC1,org.apache.maven.plugin,AbstractMojo,Unutilized Abstraction
maven-maven-2.2.1-RC1,org.apache.maven.plugin,AbstractMojoExecutionException,Unutilized Abstraction
maven-maven-2.2.1-RC1,org.apache.maven.plugin,ContextEnabled,Unutilized Abstraction
maven-maven-2.2.1-RC1,org.apache.maven.plugin,MojoExecutionException,Unutilized Abstraction
maven-maven-2.2.1-RC1,org.apache.maven.plugin,MojoExecutionException,Broken Hierarchy
maven-maven-2.2.1-RC1,org.apache.maven.plugin,MojoFailureException,Unutilized Abstraction
maven-maven-2.2.1-RC1,org.apache.maven.plugin,MojoFailureException,Broken Hierarchy
maven-maven-2.2.1-RC1,org.apache.maven.plugin.version,DefaultPluginVersionManager,Unutilized Abstraction
maven-maven-2.2.1-RC1,org.apache.maven.plugin.version,PluginVersionNotFoundException,Unutilized Abstraction
maven-maven-2.2.1-RC1,org.apache.maven.plugin.version,PluginVersionResolutionException,Unutilized Abstraction
maven-maven-2.2.1-RC1,org.apache.maven.plugin.version,IntervalUtilsTest,Unutilized Abstraction
maven-maven-2.2.1-RC1,org.apache.maven.reactor,MavenExecutionException,Unutilized Abstraction
maven-maven-2.2.1-RC1,org.apache.maven.usability,ArtifactNotFoundDiagnoser,Unutilized Abstraction
maven-maven-2.2.1-RC1,org.apache.maven.usability,ArtifactResolverDiagnoser,Unutilized Abstraction
maven-maven-2.2.1-RC1,org.apache.maven.usability,ProfileActivationDiagnoser,Unutilized Abstraction
maven-maven-2.2.1-RC1,org.apache.maven.usability,ProjectBuildDiagnoser,Unutilized Abstraction
maven-maven-2.2.1-RC1,org.apache.maven.usability,ArtifactResolverDiagnoserTest,Unutilized Abstraction
maven-maven-2.2.1-RC1,org.apache.maven.usability,InvalidArtifactDiagnoserTest,Unutilized Abstraction
maven-maven-2.2.1-RC1,org.apache.maven.usability,MojoExecutionExceptionDiagnoserTest,Unutilized Abstraction
maven-maven-2.2.1-RC1,org.apache.maven.usability,MojoFailureExceptionDiagnoserTest,Unutilized Abstraction
maven-maven-2.2.1-RC1,org.apache.maven.usability,PluginErrorDiagnoserTest,Unutilized Abstraction
maven-maven-2.2.1-RC1,org.apache.maven.usability.plugin,ExpressionDocumentationException,Unutilized Abstraction
maven-maven-2.2.1-RC1,org.apache.maven.usability.plugin,Xpp3ParseTest,Unutilized Abstraction
maven-maven-2.2.1-RC1,org.apache.maven.usability.diagnostics,ErrorDiagnoser,Deficient Encapsulation
maven-maven-2.2.1-RC1,org.apache.maven.usability.diagnostics,ErrorDiagnostics,Deficient Encapsulation
maven-maven-2.2.1-RC1,org.apache.maven.usability.diagnostics,PuntErrorDiagnoser,Unutilized Abstraction
maven-maven-2.2.1-RC1,org.apache.maven.model,ActivationFileTest,Unutilized Abstraction
maven-maven-2.2.1-RC1,org.apache.maven.model,ActivationOSTest,Unutilized Abstraction
maven-maven-2.2.1-RC1,org.apache.maven.model,ActivationPropertyTest,Unutilized Abstraction
maven-maven-2.2.1-RC1,org.apache.maven.model,ActivationTest,Unutilized Abstraction
maven-maven-2.2.1-RC1,org.apache.maven.model,BuildTest,Unutilized Abstraction
maven-maven-2.2.1-RC1,org.apache.maven.model,CiManagementTest,Unutilized Abstraction
maven-maven-2.2.1-RC1,org.apache.maven.model,ContributorTest,Unutilized Abstraction
maven-maven-2.2.1-RC1,org.apache.maven.model,DependencyManagementTest,Unutilized Abstraction
maven-maven-2.2.1-RC1,org.apache.maven.model,DependencyTest,Unutilized Abstraction
maven-maven-2.2.1-RC1,org.apache.maven.model,DeploymentRepositoryTest,Unutilized Abstraction
maven-maven-2.2.1-RC1,org.apache.maven.model,DeveloperTest,Unutilized Abstraction
maven-maven-2.2.1-RC1,org.apache.maven.model,DistributionManagementTest,Unutilized Abstraction
maven-maven-2.2.1-RC1,org.apache.maven.model,ExclusionTest,Unutilized Abstraction
maven-maven-2.2.1-RC1,org.apache.maven.model,ExtensionTest,Unutilized Abstraction
maven-maven-2.2.1-RC1,org.apache.maven.model,IssueManagementTest,Unutilized Abstraction
maven-maven-2.2.1-RC1,org.apache.maven.model,LicenseTest,Unutilized Abstraction
maven-maven-2.2.1-RC1,org.apache.maven.model,MailingListTest,Unutilized Abstraction
maven-maven-2.2.1-RC1,org.apache.maven.model,ModelTest,Unutilized Abstraction
maven-maven-2.2.1-RC1,org.apache.maven.model,NotifierTest,Unutilized Abstraction
maven-maven-2.2.1-RC1,org.apache.maven.model,OrganizationTest,Unutilized Abstraction
maven-maven-2.2.1-RC1,org.apache.maven.model,ParentTest,Unutilized Abstraction
maven-maven-2.2.1-RC1,org.apache.maven.model,PluginConfigurationTest,Unutilized Abstraction
maven-maven-2.2.1-RC1,org.apache.maven.model,PluginContainerTest,Unutilized Abstraction
maven-maven-2.2.1-RC1,org.apache.maven.model,PluginExecutionTest,Unutilized Abstraction
maven-maven-2.2.1-RC1,org.apache.maven.model,PluginManagementTest,Unutilized Abstraction
maven-maven-2.2.1-RC1,org.apache.maven.model,PluginTest,Unutilized Abstraction
maven-maven-2.2.1-RC1,org.apache.maven.model,PrerequisitesTest,Unutilized Abstraction
maven-maven-2.2.1-RC1,org.apache.maven.model,ProfileTest,Unutilized Abstraction
maven-maven-2.2.1-RC1,org.apache.maven.model,RelocationTest,Unutilized Abstraction
maven-maven-2.2.1-RC1,org.apache.maven.model,ReportPluginTest,Unutilized Abstraction
maven-maven-2.2.1-RC1,org.apache.maven.model,ReportSetTest,Unutilized Abstraction
maven-maven-2.2.1-RC1,org.apache.maven.model,ReportingTest,Unutilized Abstraction
maven-maven-2.2.1-RC1,org.apache.maven.model,RepositoryPolicyTest,Unutilized Abstraction
maven-maven-2.2.1-RC1,org.apache.maven.model,RepositoryTest,Unutilized Abstraction
maven-maven-2.2.1-RC1,org.apache.maven.model,ResourceTest,Unutilized Abstraction
maven-maven-2.2.1-RC1,org.apache.maven.model,ScmTest,Unutilized Abstraction
maven-maven-2.2.1-RC1,org.apache.maven.model,SiteTest,Unutilized Abstraction
maven-maven-2.2.1-RC1,org.apache.maven.plugin.logging,SystemStreamLog,Unutilized Abstraction
maven-maven-2.2.1-RC1,org.apache.maven.plugin.descriptor,DuplicateMojoDescriptorException,Unutilized Abstraction
maven-maven-2.2.1-RC1,org.apache.maven.plugin.descriptor,DuplicateMojoDescriptorException,Broken Hierarchy
maven-maven-2.2.1-RC1,org.apache.maven.plugin.descriptor,DuplicateParameterException,Unutilized Abstraction
maven-maven-2.2.1-RC1,org.apache.maven.plugin.descriptor,DuplicateParameterException,Broken Hierarchy
maven-maven-2.2.1-RC1,org.apache.maven.plugin.descriptor,InvalidParameterException,Unutilized Abstraction
maven-maven-2.2.1-RC1,org.apache.maven.plugin.descriptor,InvalidParameterException,Broken Hierarchy
maven-maven-2.2.1-RC1,org.apache.maven.plugin.descriptor,InvalidPluginDescriptorException,Unutilized Abstraction
maven-maven-2.2.1-RC1,org.apache.maven.plugin.descriptor,MojoDescriptor,Deficient Encapsulation
maven-maven-2.2.1-RC1,org.apache.maven.plugin.descriptor,MojoDescriptor,Cyclic-Dependent Modularization
maven-maven-2.2.1-RC1,org.apache.maven.plugin.descriptor,MojoDescriptor,Insufficient Modularization
maven-maven-2.2.1-RC1,org.apache.maven.plugin.descriptor,Parameter,Insufficient Modularization
maven-maven-2.2.1-RC1,org.apache.maven.plugin.descriptor,PluginDescriptor,Cyclic-Dependent Modularization
maven-maven-2.2.1-RC1,org.apache.maven.plugin.descriptor,PluginDescriptor,Insufficient Modularization
maven-maven-2.2.1-RC1,org.apache.maven.plugin.lifecycle,LifecycleXpp3ReaderTest,Unutilized Abstraction
maven-maven-2.2.1-RC1,org.apache.maven.plugin.registry,DefaultPluginRegistryBuilder,Unutilized Abstraction
maven-maven-2.2.1-RC1,org.apache.maven.plugin.registry,DefaultPluginRegistryBuilder,Deficient Encapsulation
maven-maven-2.2.1-RC1,org.apache.maven.profiles,AlwaysOnActivation,Unnecessary Abstraction
maven-maven-2.2.1-RC1,org.apache.maven.profiles,AlwaysOnActivation,Unutilized Abstraction
maven-maven-2.2.1-RC1,org.apache.maven.profiles,DefaultMavenProfilesBuilder,Unutilized Abstraction
maven-maven-2.2.1-RC1,org.apache.maven.profiles,DefaultProfileManager,Unutilized Abstraction
maven-maven-2.2.1-RC1,org.apache.maven.profiles,DefaultProfileManagerTest,Unutilized Abstraction
maven-maven-2.2.1-RC1,org.apache.maven.profiles.activation,AlwaysOnProfileActivator,Unutilized Abstraction
maven-maven-2.2.1-RC1,org.apache.maven.profiles.activation,DetectedProfileActivator,Unutilized Abstraction
maven-maven-2.2.1-RC1,org.apache.maven.profiles.activation,FileProfileActivator,Unutilized Abstraction
maven-maven-2.2.1-RC1,org.apache.maven.profiles.activation,FileProfileActivator,Broken Hierarchy
maven-maven-2.2.1-RC1,org.apache.maven.profiles.activation,JdkPrefixProfileActivator,Unutilized Abstraction
maven-maven-2.2.1-RC1,org.apache.maven.profiles.activation,JdkPrefixProfileActivator,Broken Hierarchy
maven-maven-2.2.1-RC1,org.apache.maven.profiles.activation,OperatingSystemProfileActivator,Unutilized Abstraction
maven-maven-2.2.1-RC1,org.apache.maven.profiles.activation,SystemPropertyProfileActivator,Unutilized Abstraction
maven-maven-2.2.1-RC1,org.apache.maven.profiles.activation,SystemPropertyProfileActivator,Broken Hierarchy
maven-maven-2.2.1-RC1,org.apache.maven.project,DefaultMavenProjectBuilder,Deficient Encapsulation
maven-maven-2.2.1-RC1,org.apache.maven.project,DefaultMavenProjectBuilder,Insufficient Modularization
maven-maven-2.2.1-RC1,org.apache.maven.project,DefaultMavenProjectHelper,Unutilized Abstraction
maven-maven-2.2.1-RC1,org.apache.maven.project,DefaultProjectBuilderConfiguration,Unutilized Abstraction
maven-maven-2.2.1-RC1,org.apache.maven.project,DuplicateProjectException,Unutilized Abstraction
maven-maven-2.2.1-RC1,org.apache.maven.project,MavenProject,Deficient Encapsulation
maven-maven-2.2.1-RC1,org.apache.maven.project,MavenProject,Cyclic-Dependent Modularization
maven-maven-2.2.1-RC1,org.apache.maven.project,MavenProject,Insufficient Modularization
maven-maven-2.2.1-RC1,org.apache.maven.project,MavenProjectBuilder,Cyclic-Dependent Modularization
maven-maven-2.2.1-RC1,org.apache.maven.project,MavenProjectBuildingResult,Unutilized Abstraction
maven-maven-2.2.1-RC1,org.apache.maven.project,MavenProjectHelper,Unutilized Abstraction
maven-maven-2.2.1-RC1,org.apache.maven.project,MissingProjectException,Unutilized Abstraction
maven-maven-2.2.1-RC1,org.apache.maven.project,ModelUtils,Insufficient Modularization
maven-maven-2.2.1-RC1,org.apache.maven.project,AbstractMavenProjectTestCase,Unutilized Abstraction
maven-maven-2.2.1-RC1,org.apache.maven.project,DefaultMavenProjectBuilderTest,Unutilized Abstraction
maven-maven-2.2.1-RC1,org.apache.maven.project,DefaultMavenProjectBuilderTest,Broken Hierarchy
maven-maven-2.2.1-RC1,org.apache.maven.project,MavenProjectDynamismTest,Unutilized Abstraction
maven-maven-2.2.1-RC1,org.apache.maven.project,MavenProjectTest,Unutilized Abstraction
maven-maven-2.2.1-RC1,org.apache.maven.project,MavenProjectTest,Broken Hierarchy
maven-maven-2.2.1-RC1,org.apache.maven.project,ModelUtilsTest,Unutilized Abstraction
maven-maven-2.2.1-RC1,org.apache.maven.project,ProjectBaseDirectoryAlignmentTest,Unutilized Abstraction
maven-maven-2.2.1-RC1,org.apache.maven.project,ProjectBaseDirectoryAlignmentTest,Broken Hierarchy
maven-maven-2.2.1-RC1,org.apache.maven.project,ProjectClasspathTest,Unutilized Abstraction
maven-maven-2.2.1-RC1,org.apache.maven.project,ProjectClasspathTest,Broken Hierarchy
maven-maven-2.2.1-RC1,org.apache.maven.project,TestArtifactResolver,Deficient Encapsulation
maven-maven-2.2.1-RC1,org.apache.maven.project,Source,Unutilized Abstraction
maven-maven-2.2.1-RC1,org.apache.maven.project,TestProjectBuilder,Broken Hierarchy
maven-maven-2.2.1-RC1,org.apache.maven.project.artifact,ActiveProjectArtifact,Unutilized Abstraction
maven-maven-2.2.1-RC1,org.apache.maven.project.artifact,ActiveProjectArtifact,Insufficient Modularization
maven-maven-2.2.1-RC1,org.apache.maven.project.artifact,AttachedArtifact,Unutilized Abstraction
maven-maven-2.2.1-RC1,org.apache.maven.project.artifact,AttachedArtifact,Insufficient Modularization
maven-maven-2.2.1-RC1,org.apache.maven.project.artifact,InvalidDependencyVersionException,Unutilized Abstraction
maven-maven-2.2.1-RC1,org.apache.maven.project.artifact,MavenMetadataSource,Deficient Encapsulation
maven-maven-2.2.1-RC1,org.apache.maven.project.artifact,MavenMetadataSource,Cyclic-Dependent Modularization
maven-maven-2.2.1-RC1,org.apache.maven.project.artifact,ProjectRelocation,Unnecessary Abstraction
maven-maven-2.2.1-RC1,org.apache.maven.project.artifact,ProjectRelocation,Cyclic-Dependent Modularization
maven-maven-2.2.1-RC1,org.apache.maven.project.artifact,MavenMetadataSourceTest,Unutilized Abstraction
maven-maven-2.2.1-RC1,org.apache.maven.project.inheritance,AbstractProjectInheritanceTestCase,Unutilized Abstraction
maven-maven-2.2.1-RC1,org.apache.maven.project.inheritance,DefaultModelInheritanceAssemblerTest,Insufficient Modularization
maven-maven-2.2.1-RC1,org.apache.maven.project.injection,DefaultModelDefaultsInjector,Unutilized Abstraction
maven-maven-2.2.1-RC1,org.apache.maven.project.injection,DefaultProfileInjector,Unutilized Abstraction
maven-maven-2.2.1-RC1,org.apache.maven.project.injection,DefaultModelDefaultsInjectorTest,Unutilized Abstraction
maven-maven-2.2.1-RC1,org.apache.maven.project.injection,DefaultProfileInjectorTest,Unutilized Abstraction
maven-maven-2.2.1-RC1,org.apache.maven.project.injection,TestProfileInjector,Unutilized Abstraction
maven-maven-2.2.1-RC1,org.apache.maven.project.interpolation,AbstractStringBasedModelInterpolator,Unutilized Abstraction
maven-maven-2.2.1-RC1,org.apache.maven.project.interpolation,BuildTimestampValueSource,Unutilized Abstraction
maven-maven-2.2.1-RC1,org.apache.maven.project.interpolation,PathTranslatingPostProcessor,Unutilized Abstraction
maven-maven-2.2.1-RC1,org.apache.maven.project.interpolation,RegexBasedModelInterpolator,Unutilized Abstraction
maven-maven-2.2.1-RC1,org.apache.maven.project.interpolation,RegexBasedModelInterpolator,Broken Hierarchy
maven-maven-2.2.1-RC1,org.apache.maven.project.interpolation,StringSearchModelInterpolator,Unutilized Abstraction
maven-maven-2.2.1-RC1,org.apache.maven.project.interpolation,StringSearchModelInterpolator,Cyclic-Dependent Modularization
maven-maven-2.2.1-RC1,org.apache.maven.project.interpolation,InterpolateObjectAction,Cyclic-Dependent Modularization
maven-maven-2.2.1-RC1,org.apache.maven.project.interpolation,AbstractModelInterpolatorTest,Unutilized Abstraction
maven-maven-2.2.1-RC1,org.apache.maven.project.interpolation,ModelInterpolationEdgeCases,Unutilized Abstraction
maven-maven-2.2.1-RC1,org.apache.maven.project.interpolation,TestRunnable,Unutilized Abstraction
maven-maven-2.2.1-RC1,org.apache.maven.project.interpolation,RegexBasedModelInterpolatorTest,Unutilized Abstraction
maven-maven-2.2.1-RC1,org.apache.maven.project.interpolation,StringSearchModelInterpolatorTest,Unutilized Abstraction
maven-maven-2.2.1-RC1,org.apache.maven.project.interpolation,StringSearchModelInterpolatorTest,Broken Hierarchy
maven-maven-2.2.1-RC1,org.apache.maven.project.overlay,BuildOverlay,Unutilized Abstraction
maven-maven-2.2.1-RC1,org.apache.maven.project.overlay,BuildOverlay,Insufficient Modularization
maven-maven-2.2.1-RC1,org.apache.maven.project.path,DefaultPathTranslator,Unutilized Abstraction
maven-maven-2.2.1-RC1,org.apache.maven.project.path,DefaultPathTranslatorTest,Unutilized Abstraction
maven-maven-2.2.1-RC1,org.apache.maven.project.validation,DefaultModelValidator,Imperative Abstraction
maven-maven-2.2.1-RC1,org.apache.maven.project.validation,DefaultModelValidator,Unutilized Abstraction
maven-maven-2.2.1-RC1,org.apache.maven.project.validation,DefaultModelValidatorTest,Unutilized Abstraction
maven-maven-2.2.1-RC1,org.apache.maven.project.canonical,CanonicalProjectBuilderTest,Unutilized Abstraction
maven-maven-2.2.1-RC1,org.apache.maven.project.imports,AbstractProjectImportsTestCase,Unutilized Abstraction
maven-maven-2.2.1-RC1,org.apache.maven.project.imports.t01,ProjectImportsTest,Imperative Abstraction
maven-maven-2.2.1-RC1,org.apache.maven.project.imports.t01,ProjectImportsTest,Unutilized Abstraction
maven-maven-2.2.1-RC1,org.apache.maven.project.inheritance.t00,ProjectInheritanceTest,Unutilized Abstraction
maven-maven-2.2.1-RC1,org.apache.maven.project.inheritance.t01,ProjectInheritanceTest,Unutilized Abstraction
maven-maven-2.2.1-RC1,org.apache.maven.project.inheritance.t02,ProjectInheritanceTest,Imperative Abstraction
maven-maven-2.2.1-RC1,org.apache.maven.project.inheritance.t02,ProjectInheritanceTest,Unutilized Abstraction
maven-maven-2.2.1-RC1,org.apache.maven.project.inheritance.t03,ProjectInheritanceTest,Unutilized Abstraction
maven-maven-2.2.1-RC1,org.apache.maven.project.inheritance.t04,ProjectInheritanceTest,Unutilized Abstraction
maven-maven-2.2.1-RC1,org.apache.maven.project.inheritance.t05,ProjectInheritanceTest,Unutilized Abstraction
maven-maven-2.2.1-RC1,org.apache.maven.project.inheritance.t06,ProjectInheritanceTest,Unutilized Abstraction
maven-maven-2.2.1-RC1,org.apache.maven.project.inheritance.t07,ProjectInheritanceTest,Unutilized Abstraction
maven-maven-2.2.1-RC1,org.apache.maven.project.inheritance.t08,ProjectInheritanceTest,Unutilized Abstraction
maven-maven-2.2.1-RC1,org.apache.maven.project.inheritance.t09,ProjectInheritanceTest,Unutilized Abstraction
maven-maven-2.2.1-RC1,org.apache.maven.project.inheritance.t10,ProjectInheritanceTest,Unutilized Abstraction
maven-maven-2.2.1-RC1,org.apache.maven.project.inheritance.t11,ProjectInheritanceTest,Unutilized Abstraction
maven-maven-2.2.1-RC1,org.apache.maven.project.inheritance.t12,ProjectInheritanceTest,Unutilized Abstraction
maven-maven-2.2.1-RC1,org.apache.maven.project.inheritance.t13,ProjectInheritanceTest,Unutilized Abstraction
maven-maven-2.2.1-RC1,org.apache.maven.reporting,MavenReportException,Unutilized Abstraction
maven-maven-2.2.1-RC1,org.apache.maven.reporting,MavenReportException,Deficient Encapsulation
maven-maven-2.2.1-RC1,org.apache.maven.reporting,MavenReportRenderer,Unutilized Abstraction
maven-maven-2.2.1-RC1,org.apache.maven.script.ant,AntMojoComponentFactory,Unutilized Abstraction
maven-maven-2.2.1-RC1,org.apache.maven.script.ant,AntPropertyHelper,Unutilized Abstraction
maven-maven-2.2.1-RC1,org.apache.maven.script.ant,AntMojoWrapperTest,Unutilized Abstraction
maven-maven-2.2.1-RC1,org.apache.maven.script.beanshell,BeanshellMojoAdapter,Unutilized Abstraction
maven-maven-2.2.1-RC1,org.apache.maven.toolchain,DefaultToolchain,Unutilized Abstraction
maven-maven-2.2.1-RC1,org.apache.maven.toolchain,DefaultToolchain,Deficient Encapsulation
maven-maven-2.2.1-RC1,org.apache.maven.toolchain,DefaultToolchain,Multipath Hierarchy
maven-maven-2.2.1-RC1,org.apache.maven.toolchain,DefaultToolchainManager,Unutilized Abstraction
maven-maven-2.2.1-RC1,org.apache.maven.toolchain,MisconfiguredToolchainException,Unutilized Abstraction
maven-maven-2.2.1-RC1,org.apache.maven.toolchain,ExactMatcher,Unutilized Abstraction
maven-maven-2.2.1-RC1,org.apache.maven.toolchain,VersionMatcher,Unutilized Abstraction
maven-maven-2.2.1-RC1,org.apache.maven.toolchain,Toolchain,Unutilized Abstraction
maven-maven-2.2.1-RC1,org.apache.maven.toolchain,ToolchainManager,Unutilized Abstraction
maven-maven-2.2.1-RC1,org.apache.maven.toolchain,ToolchainManagerPrivate,Unutilized Abstraction
maven-maven-2.2.1-RC1,org.apache.maven.toolchain,ToolchainPrivate,Unutilized Abstraction
maven-maven-2.2.1-RC1,org.apache.maven.toolchain,RequirementMatcherFactoryTest,Unutilized Abstraction
maven-maven-2.2.1-RC1,org.apache.maven.toolchain.java,DefaultJavaToolChain,Unutilized Abstraction
maven-maven-2.2.1-RC1,org.apache.maven.toolchain.java,DefaultJavaToolChain,Deficient Encapsulation
maven-maven-2.2.1-RC1,org.apache.maven.toolchain.java,DefaultJavaToolChain,Broken Hierarchy
maven-maven-2.2.1-RC1,org.apache.maven.toolchain.java,DefaultJavaToolchainFactory,Unutilized Abstraction
maven-maven-2.2.1-RC1,org.apache.maven.toolchain.java,JavaToolChain,Unnecessary Abstraction
maven-maven-2.2.1-RC1,org.apache.maven.toolchain.java,JavaToolChain,Unutilized Abstraction
