Project Name,Package Name,Type Name,MethodName,LOC,CC,PC
ant-ANT_11,com.oreilly.servlet,MailMessage,MailMessage,3,1,0
ant-ANT_11,com.oreilly.servlet,MailMessage,MailMessage,9,1,1
ant-ANT_11,com.oreilly.servlet,MailMessage,from,4,1,1
ant-ANT_11,com.oreilly.servlet,MailMessage,to,4,1,1
ant-ANT_11,com.oreilly.servlet,MailMessage,cc,4,1,1
ant-ANT_11,com.oreilly.servlet,MailMessage,bcc,3,1,1
ant-ANT_11,com.oreilly.servlet,MailMessage,setSubject,3,1,1
ant-ANT_11,com.oreilly.servlet,MailMessage,setHeader,3,1,2
ant-ANT_11,com.oreilly.servlet,MailMessage,getPrintStream,8,1,0
ant-ANT_11,com.oreilly.servlet,MailMessage,setFromHeader,3,1,0
ant-ANT_11,com.oreilly.servlet,MailMessage,setToHeader,3,1,0
ant-ANT_11,com.oreilly.servlet,MailMessage,setCcHeader,3,1,0
ant-ANT_11,com.oreilly.servlet,MailMessage,vectorToList,11,3,1
ant-ANT_11,com.oreilly.servlet,MailMessage,flushHeaders,10,2,0
ant-ANT_11,com.oreilly.servlet,MailMessage,sendAndClose,4,1,0
ant-ANT_11,com.oreilly.servlet,MailMessage,sanitizeAddress,31,9,1
ant-ANT_11,com.oreilly.servlet,MailMessage,connect,6,1,0
ant-ANT_11,com.oreilly.servlet,MailMessage,getReady,7,2,0
ant-ANT_11,com.oreilly.servlet,MailMessage,sendHelo,5,1,0
ant-ANT_11,com.oreilly.servlet,MailMessage,sendFrom,4,1,1
ant-ANT_11,com.oreilly.servlet,MailMessage,sendRcpt,4,1,1
ant-ANT_11,com.oreilly.servlet,MailMessage,sendData,4,1,0
ant-ANT_11,com.oreilly.servlet,MailMessage,sendDot,4,1,0
ant-ANT_11,com.oreilly.servlet,MailMessage,sendQuit,4,1,0
ant-ANT_11,com.oreilly.servlet,MailMessage,send,7,2,2
ant-ANT_11,com.oreilly.servlet,MailMessage,isResponseOK,8,3,2
ant-ANT_11,com.oreilly.servlet,MailMessage,disconnect,5,4,0
ant-ANT_11,com.oreilly.servlet,MailPrintStream,MailPrintStream,3,1,1
ant-ANT_11,com.oreilly.servlet,MailPrintStream,write,14,3,1
ant-ANT_11,com.oreilly.servlet,MailPrintStream,write,5,2,3
ant-ANT_11,com.oreilly.servlet,MailPrintStream,rawWrite,3,1,1
ant-ANT_11,com.oreilly.servlet,MailPrintStream,rawPrint,6,2,1
ant-ANT_11,org.apache.tools.ant,BuildEvent,BuildEvent,6,1,1
ant-ANT_11,org.apache.tools.ant,BuildEvent,BuildEvent,6,1,1
ant-ANT_11,org.apache.tools.ant,BuildEvent,BuildEvent,6,1,1
ant-ANT_11,org.apache.tools.ant,BuildEvent,setMessage,4,1,2
ant-ANT_11,org.apache.tools.ant,BuildEvent,setException,3,1,1
ant-ANT_11,org.apache.tools.ant,BuildEvent,getProject,3,1,0
ant-ANT_11,org.apache.tools.ant,BuildEvent,getTarget,3,1,0
ant-ANT_11,org.apache.tools.ant,BuildEvent,getTask,3,1,0
ant-ANT_11,org.apache.tools.ant,BuildEvent,getMessage,3,1,0
ant-ANT_11,org.apache.tools.ant,BuildEvent,getPriority,3,1,0
ant-ANT_11,org.apache.tools.ant,BuildEvent,getException,3,1,0
ant-ANT_11,org.apache.tools.ant,BuildException,BuildException,3,1,0
ant-ANT_11,org.apache.tools.ant,BuildException,BuildException,3,1,1
ant-ANT_11,org.apache.tools.ant,BuildException,BuildException,4,1,2
ant-ANT_11,org.apache.tools.ant,BuildException,BuildException,4,1,3
ant-ANT_11,org.apache.tools.ant,BuildException,BuildException,4,1,1
ant-ANT_11,org.apache.tools.ant,BuildException,BuildException,4,1,2
ant-ANT_11,org.apache.tools.ant,BuildException,getException,3,1,0
ant-ANT_11,org.apache.tools.ant,BuildException,toString,3,1,0
ant-ANT_11,org.apache.tools.ant,BuildException,setLocation,3,1,1
ant-ANT_11,org.apache.tools.ant,BuildException,getLocation,3,1,0
ant-ANT_11,org.apache.tools.ant,BuildListener,buildStarted,0,1,1
ant-ANT_11,org.apache.tools.ant,BuildListener,buildFinished,0,1,1
ant-ANT_11,org.apache.tools.ant,BuildListener,targetStarted,0,1,1
ant-ANT_11,org.apache.tools.ant,BuildListener,targetFinished,0,1,1
ant-ANT_11,org.apache.tools.ant,BuildListener,taskStarted,0,1,1
ant-ANT_11,org.apache.tools.ant,BuildListener,taskFinished,0,1,1
ant-ANT_11,org.apache.tools.ant,BuildListener,messageLogged,0,1,1
ant-ANT_11,org.apache.tools.ant,DefaultLogger,DefaultLogger,4,1,2
ant-ANT_11,org.apache.tools.ant,DefaultLogger,buildStarted,3,1,1
ant-ANT_11,org.apache.tools.ant,DefaultLogger,buildFinished,20,4,1
ant-ANT_11,org.apache.tools.ant,DefaultLogger,targetStarted,5,2,1
ant-ANT_11,org.apache.tools.ant,DefaultLogger,targetFinished,2,1,1
ant-ANT_11,org.apache.tools.ant,DefaultLogger,taskStarted,2,1,1
ant-ANT_11,org.apache.tools.ant,DefaultLogger,taskFinished,2,1,1
ant-ANT_11,org.apache.tools.ant,DefaultLogger,messageLogged,13,4,1
ant-ANT_11,org.apache.tools.ant,DefaultLogger,formatTime,10,2,1
ant-ANT_11,org.apache.tools.ant,DesirableFilter,accept,18,6,2
ant-ANT_11,org.apache.tools.ant,DirectoryScanner,DirectoryScanner,2,1,0
ant-ANT_11,org.apache.tools.ant,DirectoryScanner,matchPath,100,27,2
ant-ANT_11,org.apache.tools.ant,DirectoryScanner,match,98,28,2
ant-ANT_11,org.apache.tools.ant,DirectoryScanner,setBasedir,3,1,1
ant-ANT_11,org.apache.tools.ant,DirectoryScanner,setBasedir,3,1,1
ant-ANT_11,org.apache.tools.ant,DirectoryScanner,getBasedir,3,1,0
ant-ANT_11,org.apache.tools.ant,DirectoryScanner,setIncludes,16,4,1
ant-ANT_11,org.apache.tools.ant,DirectoryScanner,setExcludes,16,4,1
ant-ANT_11,org.apache.tools.ant,DirectoryScanner,scan,25,6,0
ant-ANT_11,org.apache.tools.ant,DirectoryScanner,scandir,34,8,2
ant-ANT_11,org.apache.tools.ant,DirectoryScanner,isIncluded,8,3,1
ant-ANT_11,org.apache.tools.ant,DirectoryScanner,isExcluded,8,3,1
ant-ANT_11,org.apache.tools.ant,DirectoryScanner,getIncludedFiles,8,2,0
ant-ANT_11,org.apache.tools.ant,DirectoryScanner,getNotIncludedFiles,8,2,0
ant-ANT_11,org.apache.tools.ant,DirectoryScanner,getExcludedFiles,8,2,0
ant-ANT_11,org.apache.tools.ant,DirectoryScanner,getIncludedDirectories,8,2,0
ant-ANT_11,org.apache.tools.ant,DirectoryScanner,getNotIncludedDirectories,8,2,0
ant-ANT_11,org.apache.tools.ant,DirectoryScanner,getExcludedDirectories,8,2,0
ant-ANT_11,org.apache.tools.ant,DirectoryScanner,addDefaultExcludes,12,3,0
ant-ANT_11,org.apache.tools.ant,EnumeratedAttribute,getValues,0,1,0
ant-ANT_11,org.apache.tools.ant,EnumeratedAttribute,EnumeratedAttribute,2,1,0
ant-ANT_11,org.apache.tools.ant,EnumeratedAttribute,setValue,6,2,1
ant-ANT_11,org.apache.tools.ant,EnumeratedAttribute,containsValue,12,4,1
ant-ANT_11,org.apache.tools.ant,EnumeratedAttribute,getValue,3,1,0
ant-ANT_11,org.apache.tools.ant,IntrospectionHelper,IntrospectionHelper,55,8,1
ant-ANT_11,org.apache.tools.ant,IntrospectionHelper,create,3,1,1
ant-ANT_11,org.apache.tools.ant,IntrospectionHelper,create,5,1,1
ant-ANT_11,org.apache.tools.ant,IntrospectionHelper,getHelper,8,2,1
ant-ANT_11,org.apache.tools.ant,IntrospectionHelper,setAttribute,20,3,4
ant-ANT_11,org.apache.tools.ant,IntrospectionHelper,addText,19,3,2
ant-ANT_11,org.apache.tools.ant,IntrospectionHelper,createElement,23,3,2
ant-ANT_11,org.apache.tools.ant,IntrospectionHelper,getElementType,8,2,1
ant-ANT_11,org.apache.tools.ant,IntrospectionHelper,getAttributeType,8,2,1
ant-ANT_11,org.apache.tools.ant,IntrospectionHelper,supportsCharacters,3,1,0
ant-ANT_11,org.apache.tools.ant,IntrospectionHelper,getAttributes,3,1,0
ant-ANT_11,org.apache.tools.ant,IntrospectionHelper,getNestedElements,3,1,0
ant-ANT_11,org.apache.tools.ant,IntrospectionHelper,createAttributeSetter,129,13,2
ant-ANT_11,org.apache.tools.ant,IntrospectionHelper,set,3,1,3
ant-ANT_11,org.apache.tools.ant,IntrospectionHelper,set,3,1,3
ant-ANT_11,org.apache.tools.ant,IntrospectionHelper,set,3,1,3
ant-ANT_11,org.apache.tools.ant,IntrospectionHelper,set,3,1,3
ant-ANT_11,org.apache.tools.ant,IntrospectionHelper,set,3,1,3
ant-ANT_11,org.apache.tools.ant,IntrospectionHelper,set,3,1,3
ant-ANT_11,org.apache.tools.ant,IntrospectionHelper,set,3,1,3
ant-ANT_11,org.apache.tools.ant,IntrospectionHelper,set,3,1,3
ant-ANT_11,org.apache.tools.ant,IntrospectionHelper,set,3,1,3
ant-ANT_11,org.apache.tools.ant,IntrospectionHelper,set,8,1,3
ant-ANT_11,org.apache.tools.ant,IntrospectionHelper,set,3,1,3
ant-ANT_11,org.apache.tools.ant,IntrospectionHelper,set,10,1,3
ant-ANT_11,org.apache.tools.ant,IntrospectionHelper,set,8,1,3
ant-ANT_11,org.apache.tools.ant,IntrospectionHelper,getPropertyName,4,1,2
ant-ANT_11,org.apache.tools.ant,IntrospectionHelper,create,0,1,1
ant-ANT_11,org.apache.tools.ant,IntrospectionHelper,set,0,1,3
ant-ANT_11,org.apache.tools.ant,NestedCreator,create,0,1,1
ant-ANT_11,org.apache.tools.ant,AttributeSetter,set,0,1,3
ant-ANT_11,org.apache.tools.ant,Location,Location,3,1,0
ant-ANT_11,org.apache.tools.ant,Location,Location,3,1,1
ant-ANT_11,org.apache.tools.ant,Location,Location,5,1,3
ant-ANT_11,org.apache.tools.ant,Location,toString,12,3,0
ant-ANT_11,org.apache.tools.ant,Main,main,9,1,1
ant-ANT_11,org.apache.tools.ant,Main,Main,89,15,1
ant-ANT_11,org.apache.tools.ant,Main,runBuild,50,5,0
ant-ANT_11,org.apache.tools.ant,Main,addBuildListeners,13,2,1
ant-ANT_11,org.apache.tools.ant,Main,createDefaultBuildListener,3,1,0
ant-ANT_11,org.apache.tools.ant,Main,printUsage,15,1,0
ant-ANT_11,org.apache.tools.ant,Main,printVersion,23,1,0
ant-ANT_11,org.apache.tools.ant,Map,get,0,1,1
ant-ANT_11,org.apache.tools.ant,Path,Path,4,1,1
ant-ANT_11,org.apache.tools.ant,Path,Path,3,1,0
ant-ANT_11,org.apache.tools.ant,Path,setLocation,8,3,1
ant-ANT_11,org.apache.tools.ant,Path,append,8,3,1
ant-ANT_11,org.apache.tools.ant,Path,setPath,9,3,1
ant-ANT_11,org.apache.tools.ant,Path,createPathElement,3,1,0
ant-ANT_11,org.apache.tools.ant,Path,list,5,1,0
ant-ANT_11,org.apache.tools.ant,Path,toString,10,3,0
ant-ANT_11,org.apache.tools.ant,Path,translatePath,15,4,1
ant-ANT_11,org.apache.tools.ant,Path,translateFile,8,3,1
ant-ANT_11,org.apache.tools.ant,Path,translateFileSep,7,2,2
ant-ANT_11,org.apache.tools.ant,PathTokenizer,PathTokenizer,4,1,1
ant-ANT_11,org.apache.tools.ant,PathTokenizer,hasMoreTokens,6,2,0
ant-ANT_11,org.apache.tools.ant,PathTokenizer,nextToken,20,4,0
ant-ANT_11,org.apache.tools.ant,Project,Project,2,1,0
ant-ANT_11,org.apache.tools.ant,Project,init,9,1,0
ant-ANT_11,org.apache.tools.ant,Project,addBuildListener,3,1,1
ant-ANT_11,org.apache.tools.ant,Project,removeBuildListener,3,1,1
ant-ANT_11,org.apache.tools.ant,Project,getBuildListeners,3,1,0
ant-ANT_11,org.apache.tools.ant,Project,log,3,1,1
ant-ANT_11,org.apache.tools.ant,Project,log,3,1,2
ant-ANT_11,org.apache.tools.ant,Project,log,3,1,3
ant-ANT_11,org.apache.tools.ant,Project,log,3,1,3
ant-ANT_11,org.apache.tools.ant,Project,setProperty,5,2,2
ant-ANT_11,org.apache.tools.ant,Project,setUserProperty,5,1,2
ant-ANT_11,org.apache.tools.ant,Project,getProperty,5,2,1
ant-ANT_11,org.apache.tools.ant,Project,getUserProperty,5,2,1
ant-ANT_11,org.apache.tools.ant,Project,getProperties,3,1,0
ant-ANT_11,org.apache.tools.ant,Project,getUserProperties,3,1,0
ant-ANT_11,org.apache.tools.ant,Project,setDefaultTarget,3,1,1
ant-ANT_11,org.apache.tools.ant,Project,getDefaultTarget,3,1,0
ant-ANT_11,org.apache.tools.ant,Project,setDefault,3,1,1
ant-ANT_11,org.apache.tools.ant,Project,setName,3,1,1
ant-ANT_11,org.apache.tools.ant,Project,getName,3,1,0
ant-ANT_11,org.apache.tools.ant,Project,addFilter,5,2,2
ant-ANT_11,org.apache.tools.ant,Project,getFilters,3,1,0
ant-ANT_11,org.apache.tools.ant,Project,setBasedir,9,1,1
ant-ANT_11,org.apache.tools.ant,Project,setBaseDir,6,1,1
ant-ANT_11,org.apache.tools.ant,Project,getBaseDir,11,2,0
ant-ANT_11,org.apache.tools.ant,Project,getJavaVersion,3,1,0
ant-ANT_11,org.apache.tools.ant,Project,detectJavaVersion,19,2,0
ant-ANT_11,org.apache.tools.ant,Project,addTaskDefinition,5,1,2
ant-ANT_11,org.apache.tools.ant,Project,getTaskDefinitions,3,1,0
ant-ANT_11,org.apache.tools.ant,Project,addTarget,7,2,1
ant-ANT_11,org.apache.tools.ant,Project,addTarget,6,2,2
ant-ANT_11,org.apache.tools.ant,Project,addOrReplaceTarget,3,1,1
ant-ANT_11,org.apache.tools.ant,Project,addOrReplaceTarget,6,1,2
ant-ANT_11,org.apache.tools.ant,Project,getTargets,3,1,0
ant-ANT_11,org.apache.tools.ant,Project,createTask,26,3,1
ant-ANT_11,org.apache.tools.ant,Project,executeTargets,6,2,1
ant-ANT_11,org.apache.tools.ant,Project,executeTarget,14,3,1
ant-ANT_11,org.apache.tools.ant,Project,resolveFile,41,10,1
ant-ANT_11,org.apache.tools.ant,Project,translatePath,17,4,1
ant-ANT_11,org.apache.tools.ant,Project,copyFile,3,1,2
ant-ANT_11,org.apache.tools.ant,Project,copyFile,3,1,3
ant-ANT_11,org.apache.tools.ant,Project,copyFile,3,1,4
ant-ANT_11,org.apache.tools.ant,Project,copyFile,3,1,2
ant-ANT_11,org.apache.tools.ant,Project,copyFile,3,1,3
ant-ANT_11,org.apache.tools.ant,Project,copyFile,42,7,4
ant-ANT_11,org.apache.tools.ant,Project,replace,35,4,2
ant-ANT_11,org.apache.tools.ant,Project,toBoolean,3,1,1
ant-ANT_11,org.apache.tools.ant,Project,runTarget,11,1,1
ant-ANT_11,org.apache.tools.ant,Project,topoSort,19,4,2
ant-ANT_11,org.apache.tools.ant,Project,tsort,34,7,5
ant-ANT_11,org.apache.tools.ant,Project,makeCircularException,12,2,2
ant-ANT_11,org.apache.tools.ant,Project,addReference,3,1,2
ant-ANT_11,org.apache.tools.ant,Project,getReferences,3,1,0
ant-ANT_11,org.apache.tools.ant,Project,fireBuildStarted,7,2,0
ant-ANT_11,org.apache.tools.ant,Project,fireBuildFinished,8,2,1
ant-ANT_11,org.apache.tools.ant,Project,fireTargetStarted,7,2,1
ant-ANT_11,org.apache.tools.ant,Project,fireTargetFinished,8,2,2
ant-ANT_11,org.apache.tools.ant,Project,fireTaskStarted,7,2,1
ant-ANT_11,org.apache.tools.ant,Project,fireTaskFinished,7,2,2
ant-ANT_11,org.apache.tools.ant,Project,fireMessageLoggedEvent,7,2,3
ant-ANT_11,org.apache.tools.ant,Project,fireMessageLogged,4,1,3
ant-ANT_11,org.apache.tools.ant,Project,fireMessageLogged,4,1,3
ant-ANT_11,org.apache.tools.ant,Project,fireMessageLogged,4,1,3
ant-ANT_11,org.apache.tools.ant,ProjectHelper,configureProject,3,1,2
ant-ANT_11,org.apache.tools.ant,ProjectHelper,ProjectHelper,4,1,2
ant-ANT_11,org.apache.tools.ant,ProjectHelper,parse,35,4,0
ant-ANT_11,org.apache.tools.ant,ProjectHelper,AbstractHandler,4,1,1
ant-ANT_11,org.apache.tools.ant,ProjectHelper,startElement,3,1,2
ant-ANT_11,org.apache.tools.ant,ProjectHelper,characters,6,2,3
ant-ANT_11,org.apache.tools.ant,ProjectHelper,endElement,3,1,1
ant-ANT_11,org.apache.tools.ant,ProjectHelper,startElement,8,2,2
ant-ANT_11,org.apache.tools.ant,ProjectHelper,setDocumentLocator,3,1,1
ant-ANT_11,org.apache.tools.ant,ProjectHelper,ProjectHandler,3,1,1
ant-ANT_11,org.apache.tools.ant,ProjectHelper,init,35,9,2
ant-ANT_11,org.apache.tools.ant,ProjectHelper,startElement,14,4,2
ant-ANT_11,org.apache.tools.ant,ProjectHelper,handleTaskdef,3,1,2
ant-ANT_11,org.apache.tools.ant,ProjectHelper,handleProperty,3,1,2
ant-ANT_11,org.apache.tools.ant,ProjectHelper,handleTarget,3,1,2
ant-ANT_11,org.apache.tools.ant,ProjectHelper,TargetHandler,3,1,1
ant-ANT_11,org.apache.tools.ant,ProjectHelper,init,44,11,2
ant-ANT_11,org.apache.tools.ant,ProjectHelper,startElement,3,1,2
ant-ANT_11,org.apache.tools.ant,ProjectHelper,TaskHandler,4,1,2
ant-ANT_11,org.apache.tools.ant,ProjectHelper,init,10,2,2
ant-ANT_11,org.apache.tools.ant,ProjectHelper,characters,11,2,3
ant-ANT_11,org.apache.tools.ant,ProjectHelper,startElement,3,1,2
ant-ANT_11,org.apache.tools.ant,ProjectHelper,NestedElementHandler,4,1,2
ant-ANT_11,org.apache.tools.ant,ProjectHelper,init,11,1,2
ant-ANT_11,org.apache.tools.ant,ProjectHelper,characters,11,2,3
ant-ANT_11,org.apache.tools.ant,ProjectHelper,startElement,3,1,2
ant-ANT_11,org.apache.tools.ant,ProjectHelper,configure,19,4,2
ant-ANT_11,org.apache.tools.ant,ProjectHelper,replaceProperties,31,7,2
ant-ANT_11,org.apache.tools.ant,ProjectHelper,getParserFactory,6,2,0
ant-ANT_11,org.apache.tools.ant,AbstractHandler,AbstractHandler,4,1,1
ant-ANT_11,org.apache.tools.ant,AbstractHandler,startElement,3,1,2
ant-ANT_11,org.apache.tools.ant,AbstractHandler,characters,6,2,3
ant-ANT_11,org.apache.tools.ant,AbstractHandler,endElement,3,1,1
ant-ANT_11,org.apache.tools.ant,RootHandler,startElement,8,2,2
ant-ANT_11,org.apache.tools.ant,RootHandler,setDocumentLocator,3,1,1
ant-ANT_11,org.apache.tools.ant,ProjectHandler,ProjectHandler,3,1,1
ant-ANT_11,org.apache.tools.ant,ProjectHandler,init,35,9,2
ant-ANT_11,org.apache.tools.ant,ProjectHandler,startElement,14,4,2
ant-ANT_11,org.apache.tools.ant,ProjectHandler,handleTaskdef,3,1,2
ant-ANT_11,org.apache.tools.ant,ProjectHandler,handleProperty,3,1,2
ant-ANT_11,org.apache.tools.ant,ProjectHandler,handleTarget,3,1,2
ant-ANT_11,org.apache.tools.ant,TargetHandler,TargetHandler,3,1,1
ant-ANT_11,org.apache.tools.ant,TargetHandler,init,44,11,2
ant-ANT_11,org.apache.tools.ant,TargetHandler,startElement,3,1,2
ant-ANT_11,org.apache.tools.ant,TaskHandler,TaskHandler,4,1,2
ant-ANT_11,org.apache.tools.ant,TaskHandler,init,10,2,2
ant-ANT_11,org.apache.tools.ant,TaskHandler,characters,11,2,3
ant-ANT_11,org.apache.tools.ant,TaskHandler,startElement,3,1,2
ant-ANT_11,org.apache.tools.ant,NestedElementHandler,NestedElementHandler,4,1,2
ant-ANT_11,org.apache.tools.ant,NestedElementHandler,init,11,1,2
ant-ANT_11,org.apache.tools.ant,NestedElementHandler,characters,11,2,3
ant-ANT_11,org.apache.tools.ant,NestedElementHandler,startElement,3,1,2
ant-ANT_11,org.apache.tools.ant,Target,setProject,3,1,1
ant-ANT_11,org.apache.tools.ant,Target,getProject,3,1,0
ant-ANT_11,org.apache.tools.ant,Target,setDepends,8,3,1
ant-ANT_11,org.apache.tools.ant,Target,setName,3,1,1
ant-ANT_11,org.apache.tools.ant,Target,getName,3,1,0
ant-ANT_11,org.apache.tools.ant,Target,addTask,3,1,1
ant-ANT_11,org.apache.tools.ant,Target,addDependency,3,1,1
ant-ANT_11,org.apache.tools.ant,Target,getDependencies,3,1,0
ant-ANT_11,org.apache.tools.ant,Target,setIf,3,1,1
ant-ANT_11,org.apache.tools.ant,Target,setUnless,3,1,1
ant-ANT_11,org.apache.tools.ant,Target,toString,3,1,0
ant-ANT_11,org.apache.tools.ant,Target,execute,3,1,0
ant-ANT_11,org.apache.tools.ant,Target,testIfCondition,3,1,0
ant-ANT_11,org.apache.tools.ant,Target,testUnlessCondition,3,1,0
ant-ANT_11,org.apache.tools.ant,Task,setProject,3,1,1
ant-ANT_11,org.apache.tools.ant,Task,getProject,3,1,0
ant-ANT_11,org.apache.tools.ant,Task,setOwningTarget,3,1,1
ant-ANT_11,org.apache.tools.ant,Task,getOwningTarget,3,1,0
ant-ANT_11,org.apache.tools.ant,Task,setTaskName,3,1,1
ant-ANT_11,org.apache.tools.ant,Task,getTaskName,3,1,0
ant-ANT_11,org.apache.tools.ant,Task,setTaskType,3,1,1
ant-ANT_11,org.apache.tools.ant,Task,log,3,1,1
ant-ANT_11,org.apache.tools.ant,Task,log,3,1,2
ant-ANT_11,org.apache.tools.ant,Task,setDescription,3,1,1
ant-ANT_11,org.apache.tools.ant,Task,getDescription,3,1,0
ant-ANT_11,org.apache.tools.ant,Task,init,2,1,0
ant-ANT_11,org.apache.tools.ant,Task,execute,2,1,0
ant-ANT_11,org.apache.tools.ant,Task,getLocation,3,1,0
ant-ANT_11,org.apache.tools.ant,Task,setLocation,3,1,1
ant-ANT_11,org.apache.tools.ant,TaskAdapter,execute,17,2,0
ant-ANT_11,org.apache.tools.ant,TaskAdapter,setProxy,3,1,1
ant-ANT_11,org.apache.tools.ant,TaskAdapter,getProxy,3,1,0
ant-ANT_11,org.apache.tools.ant,XmlLogger,getDocumentBuilder,8,1,0
ant-ANT_11,org.apache.tools.ant,XmlLogger,XmlLogger,2,1,0
ant-ANT_11,org.apache.tools.ant,XmlLogger,buildStarted,5,1,1
ant-ANT_11,org.apache.tools.ant,XmlLogger,buildFinished,17,2,1
ant-ANT_11,org.apache.tools.ant,XmlLogger,targetStarted,5,1,1
ant-ANT_11,org.apache.tools.ant,XmlLogger,targetFinished,6,1,1
ant-ANT_11,org.apache.tools.ant,XmlLogger,taskStarted,11,2,1
ant-ANT_11,org.apache.tools.ant,XmlLogger,taskFinished,6,1,1
ant-ANT_11,org.apache.tools.ant,XmlLogger,messageLogged,30,6,1
ant-ANT_11,org.apache.tools.ant,XmlLogger,write,40,9,3
ant-ANT_11,org.apache.tools.ant,XmlLogger,formatTime,10,2,1
ant-ANT_11,org.apache.tools.ant,AllJUnitTests,AllJUnitTests,3,1,1
ant-ANT_11,org.apache.tools.ant,AllJUnitTests,suite,6,1,0
ant-ANT_11,org.apache.tools.ant,EnumeratedAttributeTest,EnumeratedAttributeTest,3,1,1
ant-ANT_11,org.apache.tools.ant,EnumeratedAttributeTest,testContains,9,2,0
ant-ANT_11,org.apache.tools.ant,EnumeratedAttributeTest,testExceptions,26,2,0
ant-ANT_11,org.apache.tools.ant,EnumeratedAttributeTest,getValues,3,1,0
ant-ANT_11,org.apache.tools.ant,EnumeratedAttributeTest,getValues,3,1,0
ant-ANT_11,org.apache.tools.ant,TestNormal,getValues,3,1,0
ant-ANT_11,org.apache.tools.ant,TestNull,getValues,3,1,0
ant-ANT_11,org.apache.tools.ant,IntrospectionHelperTest,IntrospectionHelperTest,3,1,1
ant-ANT_11,org.apache.tools.ant,IntrospectionHelperTest,testAddText,18,1,0
ant-ANT_11,org.apache.tools.ant,IntrospectionHelperTest,testSupportsCharacters,6,1,0
ant-ANT_11,org.apache.tools.ant,IntrospectionHelperTest,addText,3,1,1
ant-ANT_11,org.apache.tools.ant,IntrospectionHelperTest,testElementCreators,87,1,0
ant-ANT_11,org.apache.tools.ant,IntrospectionHelperTest,testGetNestedElements,9,1,0
ant-ANT_11,org.apache.tools.ant,IntrospectionHelperTest,createTwo,3,1,1
ant-ANT_11,org.apache.tools.ant,IntrospectionHelperTest,createThree,2,1,0
ant-ANT_11,org.apache.tools.ant,IntrospectionHelperTest,createFour,3,1,0
ant-ANT_11,org.apache.tools.ant,IntrospectionHelperTest,createFive,3,1,0
ant-ANT_11,org.apache.tools.ant,IntrospectionHelperTest,createSix,3,1,0
ant-ANT_11,org.apache.tools.ant,IntrospectionHelperTest,createFifteen,3,1,0
ant-ANT_11,org.apache.tools.ant,IntrospectionHelperTest,addSeven,2,1,2
ant-ANT_11,org.apache.tools.ant,IntrospectionHelperTest,addEight,2,1,0
ant-ANT_11,org.apache.tools.ant,IntrospectionHelperTest,addNine,3,1,1
ant-ANT_11,org.apache.tools.ant,IntrospectionHelperTest,addTen,2,1,1
ant-ANT_11,org.apache.tools.ant,IntrospectionHelperTest,addEleven,2,1,1
ant-ANT_11,org.apache.tools.ant,IntrospectionHelperTest,addTwelve,2,1,1
ant-ANT_11,org.apache.tools.ant,IntrospectionHelperTest,addThirteen,3,1,1
ant-ANT_11,org.apache.tools.ant,IntrospectionHelperTest,addFourteen,3,1,1
ant-ANT_11,org.apache.tools.ant,IntrospectionHelperTest,testAttributeSetters,128,1,0
ant-ANT_11,org.apache.tools.ant,IntrospectionHelperTest,testGetAttributes,15,1,0
ant-ANT_11,org.apache.tools.ant,IntrospectionHelperTest,setTwo,3,1,1
ant-ANT_11,org.apache.tools.ant,IntrospectionHelperTest,setThree,2,1,0
ant-ANT_11,org.apache.tools.ant,IntrospectionHelperTest,setFour,2,1,2
ant-ANT_11,org.apache.tools.ant,IntrospectionHelperTest,setFive,2,1,1
ant-ANT_11,org.apache.tools.ant,IntrospectionHelperTest,setSix,2,1,1
ant-ANT_11,org.apache.tools.ant,IntrospectionHelperTest,setSeven,3,1,1
ant-ANT_11,org.apache.tools.ant,IntrospectionHelperTest,setEight,3,1,1
ant-ANT_11,org.apache.tools.ant,IntrospectionHelperTest,setNine,3,1,1
ant-ANT_11,org.apache.tools.ant,IntrospectionHelperTest,setTen,3,1,1
ant-ANT_11,org.apache.tools.ant,IntrospectionHelperTest,setEleven,3,1,1
ant-ANT_11,org.apache.tools.ant,IntrospectionHelperTest,setTwelve,3,1,1
ant-ANT_11,org.apache.tools.ant,IntrospectionHelperTest,setThirteen,3,1,1
ant-ANT_11,org.apache.tools.ant,IntrospectionHelperTest,setFourteen,3,1,1
ant-ANT_11,org.apache.tools.ant,IntrospectionHelperTest,setFifteen,3,1,1
ant-ANT_11,org.apache.tools.ant,IntrospectionHelperTest,setSixteen,3,1,1
ant-ANT_11,org.apache.tools.ant,PathTest,PathTest,3,1,1
ant-ANT_11,org.apache.tools.ant,PathTest,testConstructor,59,6,0
ant-ANT_11,org.apache.tools.ant,PathTest,testSetLocation,24,3,0
ant-ANT_11,org.apache.tools.ant,PathTest,testAppending,14,1,0
ant-ANT_11,org.apache.tools.ant,PathTest,testEmpyPath,14,1,0
ant-ANT_11,org.apache.tools.ant,PathTest,testUnique,14,1,0
ant-ANT_11,org.apache.tools.ant.taskdefs,Ant,init,31,5,0
ant-ANT_11,org.apache.tools.ant.taskdefs,Ant,execute,17,5,0
ant-ANT_11,org.apache.tools.ant.taskdefs,Ant,setDir,3,1,1
ant-ANT_11,org.apache.tools.ant.taskdefs,Ant,setAntfile,3,1,1
ant-ANT_11,org.apache.tools.ant.taskdefs,Ant,setTarget,3,1,1
ant-ANT_11,org.apache.tools.ant.taskdefs,Ant,setOutput,3,1,1
ant-ANT_11,org.apache.tools.ant.taskdefs,Ant,createProperty,6,1,0
ant-ANT_11,org.apache.tools.ant.taskdefs,AntStructure,setOutput,3,1,1
ant-ANT_11,org.apache.tools.ant.taskdefs,AntStructure,execute,15,2,0
ant-ANT_11,org.apache.tools.ant.taskdefs,AntStructure,printHead,11,1,1
ant-ANT_11,org.apache.tools.ant.taskdefs,AntStructure,printTargetDecl,19,3,2
ant-ANT_11,org.apache.tools.ant.taskdefs,AntStructure,printElementDecl,14,3,3
ant-ANT_11,org.apache.tools.ant.taskdefs,AntStructure,printTail,2,1,1
ant-ANT_11,org.apache.tools.ant.taskdefs,Available,setProperty,3,1,1
ant-ANT_11,org.apache.tools.ant.taskdefs,Available,setClass,4,1,1
ant-ANT_11,org.apache.tools.ant.taskdefs,Available,setClassname,3,1,1
ant-ANT_11,org.apache.tools.ant.taskdefs,Available,setFile,3,1,1
ant-ANT_11,org.apache.tools.ant.taskdefs,Available,setResource,3,1,1
ant-ANT_11,org.apache.tools.ant.taskdefs,Available,init,6,4,0
ant-ANT_11,org.apache.tools.ant.taskdefs,Available,checkFile,10,1,1
ant-ANT_11,org.apache.tools.ant.taskdefs,Available,checkResource,3,1,1
ant-ANT_11,org.apache.tools.ant.taskdefs,Available,checkClass,10,1,1
ant-ANT_11,org.apache.tools.ant.taskdefs,Chmod,setFile,3,1,1
ant-ANT_11,org.apache.tools.ant.taskdefs,Chmod,setDir,3,1,1
ant-ANT_11,org.apache.tools.ant.taskdefs,Chmod,setSrc,4,1,1
ant-ANT_11,org.apache.tools.ant.taskdefs,Chmod,setPerm,3,1,1
ant-ANT_11,org.apache.tools.ant.taskdefs,Chmod,execute,23,6,0
ant-ANT_11,org.apache.tools.ant.taskdefs,Chmod,chmod,3,1,1
ant-ANT_11,org.apache.tools.ant.taskdefs,CompileTask,createTaskdef,5,1,0
ant-ANT_11,org.apache.tools.ant.taskdefs,CompileTask,init,14,3,0
ant-ANT_11,org.apache.tools.ant.taskdefs,CompileTask,execute,2,1,0
ant-ANT_11,org.apache.tools.ant.taskdefs,Copydir,setSrc,3,1,1
ant-ANT_11,org.apache.tools.ant.taskdefs,Copydir,setDest,3,1,1
ant-ANT_11,org.apache.tools.ant.taskdefs,Copydir,setFiltering,3,1,1
ant-ANT_11,org.apache.tools.ant.taskdefs,Copydir,setForceoverwrite,3,1,1
ant-ANT_11,org.apache.tools.ant.taskdefs,Copydir,execute,13,3,0
ant-ANT_11,org.apache.tools.ant.taskdefs,Copydir,scanDir,10,3,3
ant-ANT_11,org.apache.tools.ant.taskdefs,Copyfile,setSrc,3,1,1
ant-ANT_11,org.apache.tools.ant.taskdefs,Copyfile,setDest,3,1,1
ant-ANT_11,org.apache.tools.ant.taskdefs,Copyfile,setFiltering,3,1,1
ant-ANT_11,org.apache.tools.ant.taskdefs,Copyfile,execute,11,2,0
ant-ANT_11,org.apache.tools.ant.taskdefs,Cvs,execute,14,5,0
ant-ANT_11,org.apache.tools.ant.taskdefs,Cvs,setCvsRoot,6,3,1
ant-ANT_11,org.apache.tools.ant.taskdefs,Cvs,setDest,3,1,1
ant-ANT_11,org.apache.tools.ant.taskdefs,Cvs,setPackage,3,1,1
ant-ANT_11,org.apache.tools.ant.taskdefs,Cvs,setTag,6,3,1
ant-ANT_11,org.apache.tools.ant.taskdefs,Cvs,setDate,4,2,1
ant-ANT_11,org.apache.tools.ant.taskdefs,Cvs,setCommand,3,1,1
ant-ANT_11,org.apache.tools.ant.taskdefs,Cvs,setQuiet,3,1,1
ant-ANT_11,org.apache.tools.ant.taskdefs,Cvs,setNoexec,3,1,1
ant-ANT_11,org.apache.tools.ant.taskdefs,Delete,setFile,3,1,1
ant-ANT_11,org.apache.tools.ant.taskdefs,Delete,setDir,3,1,1
ant-ANT_11,org.apache.tools.ant.taskdefs,Delete,setVerbose,8,2,1
ant-ANT_11,org.apache.tools.ant.taskdefs,Delete,execute,38,12,0
ant-ANT_11,org.apache.tools.ant.taskdefs,Deltree,setDir,3,1,1
ant-ANT_11,org.apache.tools.ant.taskdefs,Deltree,execute,18,4,0
ant-ANT_11,org.apache.tools.ant.taskdefs,Deltree,removeDir,18,5,1
ant-ANT_11,org.apache.tools.ant.taskdefs,Echo,execute,3,1,0
ant-ANT_11,org.apache.tools.ant.taskdefs,Echo,setMessage,3,1,1
ant-ANT_11,org.apache.tools.ant.taskdefs,Exec,execute,3,1,0
ant-ANT_11,org.apache.tools.ant.taskdefs,Exec,run,63,11,1
ant-ANT_11,org.apache.tools.ant.taskdefs,Exec,setDir,3,1,1
ant-ANT_11,org.apache.tools.ant.taskdefs,Exec,setOs,3,1,1
ant-ANT_11,org.apache.tools.ant.taskdefs,Exec,setCommand,3,1,1
ant-ANT_11,org.apache.tools.ant.taskdefs,Exec,setOutput,3,1,1
ant-ANT_11,org.apache.tools.ant.taskdefs,Exec,setFailonerror,3,1,1
ant-ANT_11,org.apache.tools.ant.taskdefs,Exec,outputLog,8,2,2
ant-ANT_11,org.apache.tools.ant.taskdefs,Exec,logFlush,3,2,0
ant-ANT_11,org.apache.tools.ant.taskdefs,Exec,StreamPumper,5,1,3
ant-ANT_11,org.apache.tools.ant.taskdefs,Exec,pumpStream,12,3,0
ant-ANT_11,org.apache.tools.ant.taskdefs,Exec,run,15,2,0
ant-ANT_11,org.apache.tools.ant.taskdefs,StreamPumper,StreamPumper,5,1,3
ant-ANT_11,org.apache.tools.ant.taskdefs,StreamPumper,pumpStream,12,3,0
ant-ANT_11,org.apache.tools.ant.taskdefs,StreamPumper,run,15,2,0
ant-ANT_11,org.apache.tools.ant.taskdefs,Expand,execute,56,7,0
ant-ANT_11,org.apache.tools.ant.taskdefs,Expand,setDest,3,1,1
ant-ANT_11,org.apache.tools.ant.taskdefs,Expand,setSrc,3,1,1
ant-ANT_11,org.apache.tools.ant.taskdefs,Filter,setToken,3,1,1
ant-ANT_11,org.apache.tools.ant.taskdefs,Filter,setValue,3,1,1
ant-ANT_11,org.apache.tools.ant.taskdefs,Filter,init,3,1,0
ant-ANT_11,org.apache.tools.ant.taskdefs,FixCRLF,FixCRLF,10,2,0
ant-ANT_11,org.apache.tools.ant.taskdefs,FixCRLF,setSrcdir,3,1,1
ant-ANT_11,org.apache.tools.ant.taskdefs,FixCRLF,setDestdir,3,1,1
ant-ANT_11,org.apache.tools.ant.taskdefs,FixCRLF,setCr,12,3,1
ant-ANT_11,org.apache.tools.ant.taskdefs,FixCRLF,setTab,12,3,1
ant-ANT_11,org.apache.tools.ant.taskdefs,FixCRLF,setTablength,6,2,1
ant-ANT_11,org.apache.tools.ant.taskdefs,FixCRLF,setEof,12,3,1
ant-ANT_11,org.apache.tools.ant.taskdefs,FixCRLF,execute,115,34,0
ant-ANT_11,org.apache.tools.ant.taskdefs,FixCRLF,getValues,3,1,0
ant-ANT_11,org.apache.tools.ant.taskdefs,AddAsisRemove,getValues,3,1,0
ant-ANT_11,org.apache.tools.ant.taskdefs,GUnzip,setSrc,3,1,1
ant-ANT_11,org.apache.tools.ant.taskdefs,GUnzip,setDest,3,1,1
ant-ANT_11,org.apache.tools.ant.taskdefs,GUnzip,execute,60,11,0
ant-ANT_11,org.apache.tools.ant.taskdefs,GZip,setZipfile,3,1,1
ant-ANT_11,org.apache.tools.ant.taskdefs,GZip,setSrc,3,1,1
ant-ANT_11,org.apache.tools.ant.taskdefs,GZip,execute,26,3,0
ant-ANT_11,org.apache.tools.ant.taskdefs,GZip,zipFile,9,2,2
ant-ANT_11,org.apache.tools.ant.taskdefs,GZip,zipFile,9,1,2
ant-ANT_11,org.apache.tools.ant.taskdefs,Get,execute,43,8,0
ant-ANT_11,org.apache.tools.ant.taskdefs,Get,setSrc,3,1,1
ant-ANT_11,org.apache.tools.ant.taskdefs,Get,setDest,3,1,1
ant-ANT_11,org.apache.tools.ant.taskdefs,Get,setVerbose,3,1,1
ant-ANT_11,org.apache.tools.ant.taskdefs,Get,setIgnoreErrors,3,1,1
ant-ANT_11,org.apache.tools.ant.taskdefs,Jar,setJarfile,4,1,1
ant-ANT_11,org.apache.tools.ant.taskdefs,Jar,setManifest,3,1,1
ant-ANT_11,org.apache.tools.ant.taskdefs,Jar,initZipOutputStream,12,3,1
ant-ANT_11,org.apache.tools.ant.taskdefs,Jar,zipDir,5,2,3
ant-ANT_11,org.apache.tools.ant.taskdefs,Jar,zipFile,5,2,3
ant-ANT_11,org.apache.tools.ant.taskdefs,Java,execute,3,1,0
ant-ANT_11,org.apache.tools.ant.taskdefs,Java,executeJava,34,7,0
ant-ANT_11,org.apache.tools.ant.taskdefs,Java,setClasspath,8,2,1
ant-ANT_11,org.apache.tools.ant.taskdefs,Java,createClasspath,6,2,0
ant-ANT_11,org.apache.tools.ant.taskdefs,Java,setClass,4,1,1
ant-ANT_11,org.apache.tools.ant.taskdefs,Java,setClassname,3,1,1
ant-ANT_11,org.apache.tools.ant.taskdefs,Java,setArgs,3,1,1
ant-ANT_11,org.apache.tools.ant.taskdefs,Java,setFork,3,1,1
ant-ANT_11,org.apache.tools.ant.taskdefs,Java,setJvmargs,3,1,1
ant-ANT_11,org.apache.tools.ant.taskdefs,Java,run,24,2,2
ant-ANT_11,org.apache.tools.ant.taskdefs,Java,tokenize,9,3,1
ant-ANT_11,org.apache.tools.ant.taskdefs,Java,array,8,2,1
ant-ANT_11,org.apache.tools.ant.taskdefs,Javac,createSrc,6,2,0
ant-ANT_11,org.apache.tools.ant.taskdefs,Javac,setSrcdir,8,2,1
ant-ANT_11,org.apache.tools.ant.taskdefs,Javac,setDestdir,3,1,1
ant-ANT_11,org.apache.tools.ant.taskdefs,Javac,setClasspath,8,2,1
ant-ANT_11,org.apache.tools.ant.taskdefs,Javac,createClasspath,6,2,0
ant-ANT_11,org.apache.tools.ant.taskdefs,Javac,setBootclasspath,8,2,1
ant-ANT_11,org.apache.tools.ant.taskdefs,Javac,createBootclasspath,6,2,0
ant-ANT_11,org.apache.tools.ant.taskdefs,Javac,setExtdirs,8,2,1
ant-ANT_11,org.apache.tools.ant.taskdefs,Javac,createExtdirs,6,2,0
ant-ANT_11,org.apache.tools.ant.taskdefs,Javac,setDeprecation,3,1,1
ant-ANT_11,org.apache.tools.ant.taskdefs,Javac,setDebug,3,1,1
ant-ANT_11,org.apache.tools.ant.taskdefs,Javac,setOptimize,3,1,1
ant-ANT_11,org.apache.tools.ant.taskdefs,Javac,setTarget,3,1,1
ant-ANT_11,org.apache.tools.ant.taskdefs,Javac,setFiltering,3,1,1
ant-ANT_11,org.apache.tools.ant.taskdefs,Javac,execute,50,12,0
ant-ANT_11,org.apache.tools.ant.taskdefs,Javac,resetFileLists,4,1,0
ant-ANT_11,org.apache.tools.ant.taskdefs,Javac,scanDir,21,6,3
ant-ANT_11,org.apache.tools.ant.taskdefs,Javac,getCompileClasspath,18,4,1
ant-ANT_11,org.apache.tools.ant.taskdefs,Javac,addExistingToClasspath,12,3,2
ant-ANT_11,org.apache.tools.ant.taskdefs,Javac,doClassicCompile,44,9,0
ant-ANT_11,org.apache.tools.ant.taskdefs,Javac,doModernCompile,46,8,0
ant-ANT_11,org.apache.tools.ant.taskdefs,Javac,doJikesCompile,44,10,0
ant-ANT_11,org.apache.tools.ant.taskdefs,Javac,accept,3,1,2
ant-ANT_11,org.apache.tools.ant.taskdefs,Javac,addExtdirsToClasspath,15,5,1
ant-ANT_11,org.apache.tools.ant.taskdefs,JarFilenameFilter,accept,3,1,2
ant-ANT_11,org.apache.tools.ant.taskdefs,JavacOutputStream,JavacOutputStream,4,1,1
ant-ANT_11,org.apache.tools.ant.taskdefs,JavacOutputStream,write,11,3,1
ant-ANT_11,org.apache.tools.ant.taskdefs,JavacOutputStream,processLine,8,2,0
ant-ANT_11,org.apache.tools.ant.taskdefs,JavacOutputStream,getErrorFlag,3,1,0
ant-ANT_11,org.apache.tools.ant.taskdefs,Javadoc,setName,3,1,1
ant-ANT_11,org.apache.tools.ant.taskdefs,Javadoc,getName,3,1,0
ant-ANT_11,org.apache.tools.ant.taskdefs,Javadoc,setValue,3,1,1
ant-ANT_11,org.apache.tools.ant.taskdefs,Javadoc,getValue,3,1,0
ant-ANT_11,org.apache.tools.ant.taskdefs,Javadoc,setName,3,1,1
ant-ANT_11,org.apache.tools.ant.taskdefs,Javadoc,getName,3,1,0
ant-ANT_11,org.apache.tools.ant.taskdefs,Javadoc,setPath,8,2,1
ant-ANT_11,org.apache.tools.ant.taskdefs,Javadoc,getPath,3,1,0
ant-ANT_11,org.apache.tools.ant.taskdefs,Javadoc,createPath,6,2,0
ant-ANT_11,org.apache.tools.ant.taskdefs,Javadoc,createParam,5,1,0
ant-ANT_11,org.apache.tools.ant.taskdefs,Javadoc,getParams,3,1,0
ant-ANT_11,org.apache.tools.ant.taskdefs,Javadoc,setMaxmemory,3,1,1
ant-ANT_11,org.apache.tools.ant.taskdefs,Javadoc,setadditionalParam,3,1,1
ant-ANT_11,org.apache.tools.ant.taskdefs,Javadoc,setSourcepath,8,2,1
ant-ANT_11,org.apache.tools.ant.taskdefs,Javadoc,createSourcepath,6,2,0
ant-ANT_11,org.apache.tools.ant.taskdefs,Javadoc,setDestdir,3,1,1
ant-ANT_11,org.apache.tools.ant.taskdefs,Javadoc,setSourcefiles,3,1,1
ant-ANT_11,org.apache.tools.ant.taskdefs,Javadoc,setPackagenames,3,1,1
ant-ANT_11,org.apache.tools.ant.taskdefs,Javadoc,setOverview,3,1,1
ant-ANT_11,org.apache.tools.ant.taskdefs,Javadoc,setPublic,3,1,1
ant-ANT_11,org.apache.tools.ant.taskdefs,Javadoc,setProtected,3,1,1
ant-ANT_11,org.apache.tools.ant.taskdefs,Javadoc,setPackage,3,1,1
ant-ANT_11,org.apache.tools.ant.taskdefs,Javadoc,setPrivate,3,1,1
ant-ANT_11,org.apache.tools.ant.taskdefs,Javadoc,setDoclet,6,2,1
ant-ANT_11,org.apache.tools.ant.taskdefs,Javadoc,setDocletPath,6,2,1
ant-ANT_11,org.apache.tools.ant.taskdefs,Javadoc,createDoclet,4,1,0
ant-ANT_11,org.apache.tools.ant.taskdefs,Javadoc,setOld,3,1,1
ant-ANT_11,org.apache.tools.ant.taskdefs,Javadoc,setClasspath,8,2,1
ant-ANT_11,org.apache.tools.ant.taskdefs,Javadoc,createClasspath,6,2,0
ant-ANT_11,org.apache.tools.ant.taskdefs,Javadoc,setBootclasspath,8,2,1
ant-ANT_11,org.apache.tools.ant.taskdefs,Javadoc,createBootclasspath,6,2,0
ant-ANT_11,org.apache.tools.ant.taskdefs,Javadoc,setExtdirs,3,1,1
ant-ANT_11,org.apache.tools.ant.taskdefs,Javadoc,setVerbose,3,1,1
ant-ANT_11,org.apache.tools.ant.taskdefs,Javadoc,setLocale,3,1,1
ant-ANT_11,org.apache.tools.ant.taskdefs,Javadoc,setEncoding,3,1,1
ant-ANT_11,org.apache.tools.ant.taskdefs,Javadoc,setVersion,3,1,1
ant-ANT_11,org.apache.tools.ant.taskdefs,Javadoc,setUse,3,1,1
ant-ANT_11,org.apache.tools.ant.taskdefs,Javadoc,setAuthor,3,1,1
ant-ANT_11,org.apache.tools.ant.taskdefs,Javadoc,setSplitindex,3,1,1
ant-ANT_11,org.apache.tools.ant.taskdefs,Javadoc,setWindowtitle,3,1,1
ant-ANT_11,org.apache.tools.ant.taskdefs,Javadoc,setDoctitle,3,1,1
ant-ANT_11,org.apache.tools.ant.taskdefs,Javadoc,setHeader,3,1,1
ant-ANT_11,org.apache.tools.ant.taskdefs,Javadoc,setFooter,3,1,1
ant-ANT_11,org.apache.tools.ant.taskdefs,Javadoc,setBottom,3,1,1
ant-ANT_11,org.apache.tools.ant.taskdefs,Javadoc,setLinkoffline,3,1,1
ant-ANT_11,org.apache.tools.ant.taskdefs,Javadoc,setGroup,3,1,1
ant-ANT_11,org.apache.tools.ant.taskdefs,Javadoc,setLink,3,1,1
ant-ANT_11,org.apache.tools.ant.taskdefs,Javadoc,setNodeprecated,3,1,1
ant-ANT_11,org.apache.tools.ant.taskdefs,Javadoc,setNodeprecatedlist,3,1,1
ant-ANT_11,org.apache.tools.ant.taskdefs,Javadoc,setNotree,3,1,1
ant-ANT_11,org.apache.tools.ant.taskdefs,Javadoc,setNoindex,3,1,1
ant-ANT_11,org.apache.tools.ant.taskdefs,Javadoc,setNohelp,3,1,1
ant-ANT_11,org.apache.tools.ant.taskdefs,Javadoc,setNonavbar,3,1,1
ant-ANT_11,org.apache.tools.ant.taskdefs,Javadoc,setSerialwarn,3,1,1
ant-ANT_11,org.apache.tools.ant.taskdefs,Javadoc,setStylesheetfile,3,1,1
ant-ANT_11,org.apache.tools.ant.taskdefs,Javadoc,setDocencoding,3,1,1
ant-ANT_11,org.apache.tools.ant.taskdefs,Javadoc,setPackageList,3,1,1
ant-ANT_11,org.apache.tools.ant.taskdefs,Javadoc,createLink,5,1,0
ant-ANT_11,org.apache.tools.ant.taskdefs,Javadoc,LinkArgument,2,1,0
ant-ANT_11,org.apache.tools.ant.taskdefs,Javadoc,setHref,3,1,1
ant-ANT_11,org.apache.tools.ant.taskdefs,Javadoc,getHref,3,1,0
ant-ANT_11,org.apache.tools.ant.taskdefs,Javadoc,setPackagelistLoc,3,1,1
ant-ANT_11,org.apache.tools.ant.taskdefs,Javadoc,getPackagelistLoc,3,1,0
ant-ANT_11,org.apache.tools.ant.taskdefs,Javadoc,setOffline,3,1,1
ant-ANT_11,org.apache.tools.ant.taskdefs,Javadoc,isLinkOffline,3,1,0
ant-ANT_11,org.apache.tools.ant.taskdefs,Javadoc,createGroup,5,1,0
ant-ANT_11,org.apache.tools.ant.taskdefs,Javadoc,GroupArgument,2,1,0
ant-ANT_11,org.apache.tools.ant.taskdefs,Javadoc,setTitle,3,1,1
ant-ANT_11,org.apache.tools.ant.taskdefs,Javadoc,getTitle,3,1,0
ant-ANT_11,org.apache.tools.ant.taskdefs,Javadoc,setPackages,3,1,1
ant-ANT_11,org.apache.tools.ant.taskdefs,Javadoc,getPackages,3,1,0
ant-ANT_11,org.apache.tools.ant.taskdefs,Javadoc,setCharset,3,1,1
ant-ANT_11,org.apache.tools.ant.taskdefs,Javadoc,execute,238,71,0
ant-ANT_11,org.apache.tools.ant.taskdefs,Javadoc,evaluatePackages,24,6,3
ant-ANT_11,org.apache.tools.ant.taskdefs,Javadoc,matches,3,1,2
ant-ANT_11,org.apache.tools.ant.taskdefs,Javadoc,mapClasses,12,3,1
ant-ANT_11,org.apache.tools.ant.taskdefs,Javadoc,getFiles,26,7,2
ant-ANT_11,org.apache.tools.ant.taskdefs,Javadoc,getPackageName,25,4,1
ant-ANT_11,org.apache.tools.ant.taskdefs,Javadoc,outputLog,16,5,2
ant-ANT_11,org.apache.tools.ant.taskdefs,Javadoc,logFlush,7,2,0
ant-ANT_11,org.apache.tools.ant.taskdefs,Javadoc,JavaReader,3,1,1
ant-ANT_11,org.apache.tools.ant.taskdefs,Javadoc,read,43,15,0
ant-ANT_11,org.apache.tools.ant.taskdefs,Javadoc,read,15,4,3
ant-ANT_11,org.apache.tools.ant.taskdefs,Javadoc,skip,6,3,1
ant-ANT_11,org.apache.tools.ant.taskdefs,DocletParam,setName,3,1,1
ant-ANT_11,org.apache.tools.ant.taskdefs,DocletParam,getName,3,1,0
ant-ANT_11,org.apache.tools.ant.taskdefs,DocletParam,setValue,3,1,1
ant-ANT_11,org.apache.tools.ant.taskdefs,DocletParam,getValue,3,1,0
ant-ANT_11,org.apache.tools.ant.taskdefs,DocletInfo,setName,3,1,1
ant-ANT_11,org.apache.tools.ant.taskdefs,DocletInfo,getName,3,1,0
ant-ANT_11,org.apache.tools.ant.taskdefs,DocletInfo,setPath,8,2,1
ant-ANT_11,org.apache.tools.ant.taskdefs,DocletInfo,getPath,3,1,0
ant-ANT_11,org.apache.tools.ant.taskdefs,DocletInfo,createPath,6,2,0
ant-ANT_11,org.apache.tools.ant.taskdefs,DocletInfo,createParam,5,1,0
ant-ANT_11,org.apache.tools.ant.taskdefs,DocletInfo,getParams,3,1,0
ant-ANT_11,org.apache.tools.ant.taskdefs,LinkArgument,LinkArgument,2,1,0
ant-ANT_11,org.apache.tools.ant.taskdefs,LinkArgument,setHref,3,1,1
ant-ANT_11,org.apache.tools.ant.taskdefs,LinkArgument,getHref,3,1,0
ant-ANT_11,org.apache.tools.ant.taskdefs,LinkArgument,setPackagelistLoc,3,1,1
ant-ANT_11,org.apache.tools.ant.taskdefs,LinkArgument,getPackagelistLoc,3,1,0
ant-ANT_11,org.apache.tools.ant.taskdefs,LinkArgument,setOffline,3,1,1
ant-ANT_11,org.apache.tools.ant.taskdefs,LinkArgument,isLinkOffline,3,1,0
ant-ANT_11,org.apache.tools.ant.taskdefs,GroupArgument,GroupArgument,2,1,0
ant-ANT_11,org.apache.tools.ant.taskdefs,GroupArgument,setTitle,3,1,1
ant-ANT_11,org.apache.tools.ant.taskdefs,GroupArgument,getTitle,3,1,0
ant-ANT_11,org.apache.tools.ant.taskdefs,GroupArgument,setPackages,3,1,1
ant-ANT_11,org.apache.tools.ant.taskdefs,GroupArgument,getPackages,3,1,0
ant-ANT_11,org.apache.tools.ant.taskdefs,JavaReader,JavaReader,3,1,1
ant-ANT_11,org.apache.tools.ant.taskdefs,JavaReader,read,43,15,0
ant-ANT_11,org.apache.tools.ant.taskdefs,JavaReader,read,15,4,3
ant-ANT_11,org.apache.tools.ant.taskdefs,JavaReader,skip,6,3,1
ant-ANT_11,org.apache.tools.ant.taskdefs,Jikes,Jikes,5,1,2
ant-ANT_11,org.apache.tools.ant.taskdefs,Jikes,compile,13,1,1
ant-ANT_11,org.apache.tools.ant.taskdefs,JikesOutputParser,JikesOutputParser,5,1,2
ant-ANT_11,org.apache.tools.ant.taskdefs,JikesOutputParser,parseOutput,4,2,1
ant-ANT_11,org.apache.tools.ant.taskdefs,JikesOutputParser,parseStandardOutput,14,6,1
ant-ANT_11,org.apache.tools.ant.taskdefs,JikesOutputParser,parseEmacsOutput,3,1,1
ant-ANT_11,org.apache.tools.ant.taskdefs,JikesOutputParser,setError,4,2,1
ant-ANT_11,org.apache.tools.ant.taskdefs,JikesOutputParser,log,6,2,1
ant-ANT_11,org.apache.tools.ant.taskdefs,JikesOutputParser,getErrorFlag,3,1,0
ant-ANT_11,org.apache.tools.ant.taskdefs,KeySubst,execute,36,4,0
ant-ANT_11,org.apache.tools.ant.taskdefs,KeySubst,setSrc,3,1,1
ant-ANT_11,org.apache.tools.ant.taskdefs,KeySubst,setDest,3,1,1
ant-ANT_11,org.apache.tools.ant.taskdefs,KeySubst,setSep,3,1,1
ant-ANT_11,org.apache.tools.ant.taskdefs,KeySubst,setKeys,12,3,1
ant-ANT_11,org.apache.tools.ant.taskdefs,KeySubst,main,11,1,1
ant-ANT_11,org.apache.tools.ant.taskdefs,KeySubst,replace,21,3,2
ant-ANT_11,org.apache.tools.ant.taskdefs,MatchingTask,getProperty,3,1,1
ant-ANT_11,org.apache.tools.ant.taskdefs,MatchingTask,getName,3,1,0
ant-ANT_11,org.apache.tools.ant.taskdefs,MatchingTask,setName,3,1,1
ant-ANT_11,org.apache.tools.ant.taskdefs,MatchingTask,setIf,3,2,1
ant-ANT_11,org.apache.tools.ant.taskdefs,MatchingTask,setUnless,3,2,1
ant-ANT_11,org.apache.tools.ant.taskdefs,MatchingTask,createInclude,3,1,0
ant-ANT_11,org.apache.tools.ant.taskdefs,MatchingTask,createExclude,3,1,0
ant-ANT_11,org.apache.tools.ant.taskdefs,MatchingTask,setIncludes,5,2,1
ant-ANT_11,org.apache.tools.ant.taskdefs,MatchingTask,setItems,15,4,1
ant-ANT_11,org.apache.tools.ant.taskdefs,MatchingTask,setExcludes,5,2,1
ant-ANT_11,org.apache.tools.ant.taskdefs,MatchingTask,setIgnore,10,3,1
ant-ANT_11,org.apache.tools.ant.taskdefs,MatchingTask,setDefaultexcludes,3,1,1
ant-ANT_11,org.apache.tools.ant.taskdefs,MatchingTask,makeArray,20,7,1
ant-ANT_11,org.apache.tools.ant.taskdefs,MatchingTask,getDirectoryScanner,9,2,1
ant-ANT_11,org.apache.tools.ant.taskdefs,MatchingTask,addPatternToList,5,1,1
ant-ANT_11,org.apache.tools.ant.taskdefs,MatchingTask,readPatterns,15,3,2
ant-ANT_11,org.apache.tools.ant.taskdefs,MatchingTask,setIncludesfile,11,3,1
ant-ANT_11,org.apache.tools.ant.taskdefs,MatchingTask,setExcludesfile,11,3,1
ant-ANT_11,org.apache.tools.ant.taskdefs,NameEntry,getName,3,1,0
ant-ANT_11,org.apache.tools.ant.taskdefs,NameEntry,setName,3,1,1
ant-ANT_11,org.apache.tools.ant.taskdefs,NameEntry,setIf,3,2,1
ant-ANT_11,org.apache.tools.ant.taskdefs,NameEntry,setUnless,3,2,1
ant-ANT_11,org.apache.tools.ant.taskdefs,Mkdir,execute,11,3,0
ant-ANT_11,org.apache.tools.ant.taskdefs,Mkdir,setDir,3,1,1
ant-ANT_11,org.apache.tools.ant.taskdefs,Patch,setOriginalfile,3,1,1
ant-ANT_11,org.apache.tools.ant.taskdefs,Patch,setPatchfile,3,1,1
ant-ANT_11,org.apache.tools.ant.taskdefs,Patch,setBackups,3,1,1
ant-ANT_11,org.apache.tools.ant.taskdefs,Patch,setIgnorewhitespace,3,1,1
ant-ANT_11,org.apache.tools.ant.taskdefs,Patch,setStrip,6,2,1
ant-ANT_11,org.apache.tools.ant.taskdefs,Patch,setQuiet,3,1,1
ant-ANT_11,org.apache.tools.ant.taskdefs,Patch,setReverse,3,1,1
ant-ANT_11,org.apache.tools.ant.taskdefs,Patch,setCommand,3,1,1
ant-ANT_11,org.apache.tools.ant.taskdefs,Patch,execute,28,9,0
ant-ANT_11,org.apache.tools.ant.taskdefs,Property,setName,3,1,1
ant-ANT_11,org.apache.tools.ant.taskdefs,Property,getName,3,1,0
ant-ANT_11,org.apache.tools.ant.taskdefs,Property,setValue,3,1,1
ant-ANT_11,org.apache.tools.ant.taskdefs,Property,getValue,3,1,0
ant-ANT_11,org.apache.tools.ant.taskdefs,Property,setFile,3,1,1
ant-ANT_11,org.apache.tools.ant.taskdefs,Property,setResource,3,1,1
ant-ANT_11,org.apache.tools.ant.taskdefs,Property,init,12,4,0
ant-ANT_11,org.apache.tools.ant.taskdefs,Property,loadFile,16,2,1
ant-ANT_11,org.apache.tools.ant.taskdefs,Property,loadResource,14,2,1
ant-ANT_11,org.apache.tools.ant.taskdefs,Property,addProperties,10,2,1
ant-ANT_11,org.apache.tools.ant.taskdefs,Property,setUserProperty,3,1,1
ant-ANT_11,org.apache.tools.ant.taskdefs,Property,addProperty,18,4,2
ant-ANT_11,org.apache.tools.ant.taskdefs,Property,resolveAllProperties,36,8,1
ant-ANT_11,org.apache.tools.ant.taskdefs,Property,extractProperties,20,4,2
ant-ANT_11,org.apache.tools.ant.taskdefs,Rename,setSrc,3,1,1
ant-ANT_11,org.apache.tools.ant.taskdefs,Rename,setDest,3,1,1
ant-ANT_11,org.apache.tools.ant.taskdefs,Rename,setReplace,3,1,1
ant-ANT_11,org.apache.tools.ant.taskdefs,Rename,execute,10,4,0
ant-ANT_11,org.apache.tools.ant.taskdefs,Replace,execute,20,6,0
ant-ANT_11,org.apache.tools.ant.taskdefs,Replace,processFile,26,5,1
ant-ANT_11,org.apache.tools.ant.taskdefs,Replace,setFile,3,1,1
ant-ANT_11,org.apache.tools.ant.taskdefs,Replace,setDir,3,1,1
ant-ANT_11,org.apache.tools.ant.taskdefs,Replace,setToken,3,1,1
ant-ANT_11,org.apache.tools.ant.taskdefs,Replace,setValue,3,1,1
ant-ANT_11,org.apache.tools.ant.taskdefs,Replace,replace,11,2,1
ant-ANT_11,org.apache.tools.ant.taskdefs,Rmic,setBase,3,1,1
ant-ANT_11,org.apache.tools.ant.taskdefs,Rmic,setClass,4,1,1
ant-ANT_11,org.apache.tools.ant.taskdefs,Rmic,setClassname,3,1,1
ant-ANT_11,org.apache.tools.ant.taskdefs,Rmic,setSourceBase,3,1,1
ant-ANT_11,org.apache.tools.ant.taskdefs,Rmic,setStubVersion,3,1,1
ant-ANT_11,org.apache.tools.ant.taskdefs,Rmic,setFiltering,3,1,1
ant-ANT_11,org.apache.tools.ant.taskdefs,Rmic,setClasspath,8,2,1
ant-ANT_11,org.apache.tools.ant.taskdefs,Rmic,createClasspath,6,2,0
ant-ANT_11,org.apache.tools.ant.taskdefs,Rmic,setVerify,3,1,1
ant-ANT_11,org.apache.tools.ant.taskdefs,Rmic,execute,64,20,0
ant-ANT_11,org.apache.tools.ant.taskdefs,Rmic,moveGeneratedFile,26,2,3
ant-ANT_11,org.apache.tools.ant.taskdefs,Rmic,scanDir,31,7,3
ant-ANT_11,org.apache.tools.ant.taskdefs,Rmic,isValidRmiRemote,18,6,1
ant-ANT_11,org.apache.tools.ant.taskdefs,Rmic,shouldCompile,20,5,1
ant-ANT_11,org.apache.tools.ant.taskdefs,Rmic,getCompileClasspath,14,4,1
ant-ANT_11,org.apache.tools.ant.taskdefs,Rmic,addExistingToClasspath,12,3,2
ant-ANT_11,org.apache.tools.ant.taskdefs,SignJar,setJar,3,1,1
ant-ANT_11,org.apache.tools.ant.taskdefs,SignJar,setAlias,3,1,1
ant-ANT_11,org.apache.tools.ant.taskdefs,SignJar,setKeystore,3,1,1
ant-ANT_11,org.apache.tools.ant.taskdefs,SignJar,setStorepass,3,1,1
ant-ANT_11,org.apache.tools.ant.taskdefs,SignJar,setStoretype,3,1,1
ant-ANT_11,org.apache.tools.ant.taskdefs,SignJar,setKeypass,3,1,1
ant-ANT_11,org.apache.tools.ant.taskdefs,SignJar,setSigfile,3,1,1
ant-ANT_11,org.apache.tools.ant.taskdefs,SignJar,setSignedjar,3,1,1
ant-ANT_11,org.apache.tools.ant.taskdefs,SignJar,setVerbose,3,1,1
ant-ANT_11,org.apache.tools.ant.taskdefs,SignJar,setInternalsf,3,1,1
ant-ANT_11,org.apache.tools.ant.taskdefs,SignJar,setSectionsonly,3,1,1
ant-ANT_11,org.apache.tools.ant.taskdefs,SignJar,execute,67,14,0
ant-ANT_11,org.apache.tools.ant.taskdefs,Tar,setTarfile,3,1,1
ant-ANT_11,org.apache.tools.ant.taskdefs,Tar,setBasedir,3,1,1
ant-ANT_11,org.apache.tools.ant.taskdefs,Tar,execute,34,5,0
ant-ANT_11,org.apache.tools.ant.taskdefs,Tar,tarFile,20,2,3
ant-ANT_11,org.apache.tools.ant.taskdefs,TaskOutputStream,TaskOutputStream,5,1,2
ant-ANT_11,org.apache.tools.ant.taskdefs,TaskOutputStream,write,11,3,1
ant-ANT_11,org.apache.tools.ant.taskdefs,TaskOutputStream,processLine,5,1,0
ant-ANT_11,org.apache.tools.ant.taskdefs,Taskdef,init,19,2,0
ant-ANT_11,org.apache.tools.ant.taskdefs,Taskdef,setName,3,1,1
ant-ANT_11,org.apache.tools.ant.taskdefs,Taskdef,setClass,4,1,1
ant-ANT_11,org.apache.tools.ant.taskdefs,Taskdef,getClassname,3,1,0
ant-ANT_11,org.apache.tools.ant.taskdefs,Taskdef,setClassname,3,1,1
ant-ANT_11,org.apache.tools.ant.taskdefs,Touch,setFile,3,1,1
ant-ANT_11,org.apache.tools.ant.taskdefs,Touch,setMillis,3,1,1
ant-ANT_11,org.apache.tools.ant.taskdefs,Touch,setDatetime,3,1,1
ant-ANT_11,org.apache.tools.ant.taskdefs,Touch,execute,19,4,0
ant-ANT_11,org.apache.tools.ant.taskdefs,Touch,touch,46,6,0
ant-ANT_11,org.apache.tools.ant.taskdefs,Tstamp,init,14,1,0
ant-ANT_11,org.apache.tools.ant.taskdefs,Untar,execute,61,9,0
ant-ANT_11,org.apache.tools.ant.taskdefs,Untar,setDest,3,1,1
ant-ANT_11,org.apache.tools.ant.taskdefs,Untar,setSrc,3,1,1
ant-ANT_11,org.apache.tools.ant.taskdefs,XSLTLiaison,setStylesheet,0,1,1
ant-ANT_11,org.apache.tools.ant.taskdefs,XSLTLiaison,transform,0,1,2
ant-ANT_11,org.apache.tools.ant.taskdefs,XSLTProcess,XSLTProcess,2,1,0
ant-ANT_11,org.apache.tools.ant.taskdefs,XSLTProcess,execute,46,8,0
ant-ANT_11,org.apache.tools.ant.taskdefs,XSLTProcess,setBasedir,3,1,1
ant-ANT_11,org.apache.tools.ant.taskdefs,XSLTProcess,setDestdir,3,1,1
ant-ANT_11,org.apache.tools.ant.taskdefs,XSLTProcess,setExtension,3,1,1
ant-ANT_11,org.apache.tools.ant.taskdefs,XSLTProcess,setStyle,3,1,1
ant-ANT_11,org.apache.tools.ant.taskdefs,XSLTProcess,setProcessor,11,3,1
ant-ANT_11,org.apache.tools.ant.taskdefs,XSLTProcess,process,18,2,3
ant-ANT_11,org.apache.tools.ant.taskdefs,Zip,setZipfile,3,1,1
ant-ANT_11,org.apache.tools.ant.taskdefs,Zip,setBasedir,3,1,1
ant-ANT_11,org.apache.tools.ant.taskdefs,Zip,setCompress,3,1,1
ant-ANT_11,org.apache.tools.ant.taskdefs,Zip,execute,49,10,0
ant-ANT_11,org.apache.tools.ant.taskdefs,Zip,initZipOutputStream,2,1,1
ant-ANT_11,org.apache.tools.ant.taskdefs,Zip,zipDir,2,1,3
ant-ANT_11,org.apache.tools.ant.taskdefs,Zip,zipFile,43,6,4
ant-ANT_11,org.apache.tools.ant.taskdefs,Zip,zipFile,9,1,3
ant-ANT_11,org.apache.tools.ant.taskdefs.optional,NetRexxC,setBinary,3,1,1
ant-ANT_11,org.apache.tools.ant.taskdefs.optional,NetRexxC,setClasspath,3,1,1
ant-ANT_11,org.apache.tools.ant.taskdefs.optional,NetRexxC,setComments,3,1,1
ant-ANT_11,org.apache.tools.ant.taskdefs.optional,NetRexxC,setCompact,3,1,1
ant-ANT_11,org.apache.tools.ant.taskdefs.optional,NetRexxC,setCompile,4,2,1
ant-ANT_11,org.apache.tools.ant.taskdefs.optional,NetRexxC,setConsole,3,1,1
ant-ANT_11,org.apache.tools.ant.taskdefs.optional,NetRexxC,setCrossref,3,1,1
ant-ANT_11,org.apache.tools.ant.taskdefs.optional,NetRexxC,setDecimal,3,1,1
ant-ANT_11,org.apache.tools.ant.taskdefs.optional,NetRexxC,setDestDir,3,1,1
ant-ANT_11,org.apache.tools.ant.taskdefs.optional,NetRexxC,setDiag,3,1,1
ant-ANT_11,org.apache.tools.ant.taskdefs.optional,NetRexxC,setExplicit,3,1,1
ant-ANT_11,org.apache.tools.ant.taskdefs.optional,NetRexxC,setFormat,3,1,1
ant-ANT_11,org.apache.tools.ant.taskdefs.optional,NetRexxC,setJava,3,1,1
ant-ANT_11,org.apache.tools.ant.taskdefs.optional,NetRexxC,setKeep,3,1,1
ant-ANT_11,org.apache.tools.ant.taskdefs.optional,NetRexxC,setLogo,3,1,1
ant-ANT_11,org.apache.tools.ant.taskdefs.optional,NetRexxC,setReplace,3,1,1
ant-ANT_11,org.apache.tools.ant.taskdefs.optional,NetRexxC,setSavelog,3,1,1
ant-ANT_11,org.apache.tools.ant.taskdefs.optional,NetRexxC,setSourcedir,3,1,1
ant-ANT_11,org.apache.tools.ant.taskdefs.optional,NetRexxC,setSrcDir,3,1,1
ant-ANT_11,org.apache.tools.ant.taskdefs.optional,NetRexxC,setStrictargs,3,1,1
ant-ANT_11,org.apache.tools.ant.taskdefs.optional,NetRexxC,setStrictassign,3,1,1
ant-ANT_11,org.apache.tools.ant.taskdefs.optional,NetRexxC,setStrictcase,3,1,1
ant-ANT_11,org.apache.tools.ant.taskdefs.optional,NetRexxC,setStrictimport,3,1,1
ant-ANT_11,org.apache.tools.ant.taskdefs.optional,NetRexxC,setStrictprops,3,1,1
ant-ANT_11,org.apache.tools.ant.taskdefs.optional,NetRexxC,setStrictsignal,3,1,1
ant-ANT_11,org.apache.tools.ant.taskdefs.optional,NetRexxC,setSymbols,3,1,1
ant-ANT_11,org.apache.tools.ant.taskdefs.optional,NetRexxC,setTime,3,1,1
ant-ANT_11,org.apache.tools.ant.taskdefs.optional,NetRexxC,setTrace,8,2,1
ant-ANT_11,org.apache.tools.ant.taskdefs.optional,NetRexxC,setUtf8,3,1,1
ant-ANT_11,org.apache.tools.ant.taskdefs.optional,NetRexxC,setVerbose,3,1,1
ant-ANT_11,org.apache.tools.ant.taskdefs.optional,NetRexxC,execute,13,3,0
ant-ANT_11,org.apache.tools.ant.taskdefs.optional,NetRexxC,scanDir,19,5,3
ant-ANT_11,org.apache.tools.ant.taskdefs.optional,NetRexxC,copyFilesToDestination,4,1,0
ant-ANT_11,org.apache.tools.ant.taskdefs.optional,NetRexxC,doNetRexxCompile,57,8,0
ant-ANT_11,org.apache.tools.ant.taskdefs.optional,NetRexxC,getCompileClasspath,8,2,0
ant-ANT_11,org.apache.tools.ant.taskdefs.optional,NetRexxC,getCompileOptionsAsArray,32,1,0
ant-ANT_11,org.apache.tools.ant.taskdefs.optional,NetRexxC,addExistingToClasspath,13,3,2
ant-ANT_11,org.apache.tools.ant.taskdefs.optional,RenameExtensions,RenameExtensions,3,1,0
ant-ANT_11,org.apache.tools.ant.taskdefs.optional,RenameExtensions,setFromExtension,3,1,1
ant-ANT_11,org.apache.tools.ant.taskdefs.optional,RenameExtensions,setToExtension,3,1,1
ant-ANT_11,org.apache.tools.ant.taskdefs.optional,RenameExtensions,setReplace,3,1,1
ant-ANT_11,org.apache.tools.ant.taskdefs.optional,RenameExtensions,setSrcDir,3,1,1
ant-ANT_11,org.apache.tools.ant.taskdefs.optional,RenameExtensions,execute,17,5,0
ant-ANT_11,org.apache.tools.ant.taskdefs.optional,RenameExtensions,scanDir,20,4,2
ant-ANT_11,org.apache.tools.ant.taskdefs.optional,Script,addBeans,8,4,1
ant-ANT_11,org.apache.tools.ant.taskdefs.optional,Script,execute,21,3,0
ant-ANT_11,org.apache.tools.ant.taskdefs.optional,Script,setLanguage,3,1,1
ant-ANT_11,org.apache.tools.ant.taskdefs.optional,Script,setSrc,15,2,1
ant-ANT_11,org.apache.tools.ant.taskdefs.optional,Script,addText,3,1,1
ant-ANT_11,org.apache.tools.ant.taskdefs.optional,XalanLiaison,XalanLiaison,3,1,0
ant-ANT_11,org.apache.tools.ant.taskdefs.optional,XalanLiaison,setStylesheet,3,1,1
ant-ANT_11,org.apache.tools.ant.taskdefs.optional,XalanLiaison,transform,3,1,2
ant-ANT_11,org.apache.tools.ant.taskdefs.optional,XslpLiaison,XslpLiaison,3,1,0
ant-ANT_11,org.apache.tools.ant.taskdefs.optional,XslpLiaison,setStylesheet,4,1,1
ant-ANT_11,org.apache.tools.ant.taskdefs.optional,XslpLiaison,transform,3,1,2
ant-ANT_11,org.apache.tools.ant.taskdefs.optional.ejb,DDCreator,execute,24,5,0
ant-ANT_11,org.apache.tools.ant.taskdefs.optional.ejb,DDCreator,setDescriptors,3,1,1
ant-ANT_11,org.apache.tools.ant.taskdefs.optional.ejb,DDCreator,setDest,3,1,1
ant-ANT_11,org.apache.tools.ant.taskdefs.optional.ejb,DDCreator,setClasspath,3,1,1
ant-ANT_11,org.apache.tools.ant.taskdefs.optional.ejb,DDCreatorHelper,main,4,1,1
ant-ANT_11,org.apache.tools.ant.taskdefs.optional.ejb,DDCreatorHelper,DDCreatorHelper,9,2,1
ant-ANT_11,org.apache.tools.ant.taskdefs.optional.ejb,DDCreatorHelper,process,25,4,0
ant-ANT_11,org.apache.tools.ant.taskdefs.optional.ejb,EjbJar,getFiles,3,1,0
ant-ANT_11,org.apache.tools.ant.taskdefs.optional.ejb,EjbJar,startDocument,4,1,0
ant-ANT_11,org.apache.tools.ant.taskdefs.optional.ejb,EjbJar,startElement,3,1,2
ant-ANT_11,org.apache.tools.ant.taskdefs.optional.ejb,EjbJar,endElement,3,1,1
ant-ANT_11,org.apache.tools.ant.taskdefs.optional.ejb,EjbJar,characters,12,3,3
ant-ANT_11,org.apache.tools.ant.taskdefs.optional.ejb,EjbJar,setSrcdir,3,1,1
ant-ANT_11,org.apache.tools.ant.taskdefs.optional.ejb,EjbJar,setDestdir,3,1,1
ant-ANT_11,org.apache.tools.ant.taskdefs.optional.ejb,EjbJar,setGenericjarsuffix,3,1,1
ant-ANT_11,org.apache.tools.ant.taskdefs.optional.ejb,EjbJar,setWeblogicjarsuffix,3,1,1
ant-ANT_11,org.apache.tools.ant.taskdefs.optional.ejb,EjbJar,setGenerateweblogic,3,1,1
ant-ANT_11,org.apache.tools.ant.taskdefs.optional.ejb,EjbJar,setKeepgeneric,3,1,1
ant-ANT_11,org.apache.tools.ant.taskdefs.optional.ejb,EjbJar,setBasenameterminator,3,2,1
ant-ANT_11,org.apache.tools.ant.taskdefs.optional.ejb,EjbJar,addFileToJar,18,2,3
ant-ANT_11,org.apache.tools.ant.taskdefs.optional.ejb,EjbJar,writeJar,25,3,2
ant-ANT_11,org.apache.tools.ant.taskdefs.optional.ejb,EjbJar,buildWeblogicJar,16,1,2
ant-ANT_11,org.apache.tools.ant.taskdefs.optional.ejb,EjbJar,execute,91,12,0
ant-ANT_11,org.apache.tools.ant.taskdefs.optional.ejb,DescriptorHandler,getFiles,3,1,0
ant-ANT_11,org.apache.tools.ant.taskdefs.optional.ejb,DescriptorHandler,startDocument,4,1,0
ant-ANT_11,org.apache.tools.ant.taskdefs.optional.ejb,DescriptorHandler,startElement,3,1,2
ant-ANT_11,org.apache.tools.ant.taskdefs.optional.ejb,DescriptorHandler,endElement,3,1,1
ant-ANT_11,org.apache.tools.ant.taskdefs.optional.ejb,DescriptorHandler,characters,12,3,3
ant-ANT_11,org.apache.tools.ant.taskdefs.optional.ejb,Ejbc,execute,31,6,0
ant-ANT_11,org.apache.tools.ant.taskdefs.optional.ejb,Ejbc,setDescriptors,3,1,1
ant-ANT_11,org.apache.tools.ant.taskdefs.optional.ejb,Ejbc,setDest,3,1,1
ant-ANT_11,org.apache.tools.ant.taskdefs.optional.ejb,Ejbc,setManifest,3,1,1
ant-ANT_11,org.apache.tools.ant.taskdefs.optional.ejb,Ejbc,setClasspath,3,1,1
ant-ANT_11,org.apache.tools.ant.taskdefs.optional.ejb,Ejbc,setSrc,3,1,1
ant-ANT_11,org.apache.tools.ant.taskdefs.optional.ejb,EjbcHelper,main,4,1,1
ant-ANT_11,org.apache.tools.ant.taskdefs.optional.ejb,EjbcHelper,EjbcHelper,11,2,1
ant-ANT_11,org.apache.tools.ant.taskdefs.optional.ejb,EjbcHelper,isRegenRequired,52,9,1
ant-ANT_11,org.apache.tools.ant.taskdefs.optional.ejb,EjbcHelper,process,20,3,0
ant-ANT_11,org.apache.tools.ant.taskdefs.optional.ejb,EjbcHelper,regenerateSupportClasses,10,1,1
ant-ANT_11,org.apache.tools.ant.taskdefs.optional.ejb,WLRun,execute,39,8,0
ant-ANT_11,org.apache.tools.ant.taskdefs.optional.ejb,WLRun,setClasspath,3,1,1
ant-ANT_11,org.apache.tools.ant.taskdefs.optional.ejb,WLRun,setWlclasspath,3,1,1
ant-ANT_11,org.apache.tools.ant.taskdefs.optional.ejb,WLRun,setPolicy,3,1,1
ant-ANT_11,org.apache.tools.ant.taskdefs.optional.ejb,WLRun,setHome,3,1,1
ant-ANT_11,org.apache.tools.ant.taskdefs.optional.ejb,WLRun,setName,3,1,1
ant-ANT_11,org.apache.tools.ant.taskdefs.optional.ejb,WLRun,setProperties,3,1,1
ant-ANT_11,org.apache.tools.ant.taskdefs.optional.ejb,WLStop,execute,16,3,0
ant-ANT_11,org.apache.tools.ant.taskdefs.optional.ejb,WLStop,setClasspath,3,1,1
ant-ANT_11,org.apache.tools.ant.taskdefs.optional.ejb,WLStop,setUser,3,1,1
ant-ANT_11,org.apache.tools.ant.taskdefs.optional.ejb,WLStop,setPassword,3,1,1
ant-ANT_11,org.apache.tools.ant.taskdefs.optional.ejb,WLStop,setUrl,3,1,1
ant-ANT_11,org.apache.tools.ant.taskdefs.optional.ejb,WLStop,setDelay,3,1,1
ant-ANT_11,org.apache.tools.ant.taskdefs.optional.vss,MSVSS,setSsdir,3,1,1
ant-ANT_11,org.apache.tools.ant.taskdefs.optional.vss,MSVSS,getSSCommand,8,2,0
ant-ANT_11,org.apache.tools.ant.taskdefs.optional.vss,MSVSS,setLogin,3,1,1
ant-ANT_11,org.apache.tools.ant.taskdefs.optional.vss,MSVSS,getLoginCommand,8,2,0
ant-ANT_11,org.apache.tools.ant.taskdefs.optional.vss,MSVSS,setVsspath,8,2,1
ant-ANT_11,org.apache.tools.ant.taskdefs.optional.vss,MSVSS,getVsspath,3,1,0
ant-ANT_11,org.apache.tools.ant.taskdefs.optional.vss,MSVSSGET,execute,21,3,0
ant-ANT_11,org.apache.tools.ant.taskdefs.optional.vss,MSVSSGET,setLocalpath,3,1,1
ant-ANT_11,org.apache.tools.ant.taskdefs.optional.vss,MSVSSGET,getLocalpathCommand,17,4,0
ant-ANT_11,org.apache.tools.ant.taskdefs.optional.vss,MSVSSGET,setRecursive,3,1,1
ant-ANT_11,org.apache.tools.ant.taskdefs.optional.vss,MSVSSGET,getRecursiveCommand,8,2,0
ant-ANT_11,org.apache.tools.ant.taskdefs.optional.vss,MSVSSGET,setWritable,3,1,1
ant-ANT_11,org.apache.tools.ant.taskdefs.optional.vss,MSVSSGET,getWritableCommand,8,2,0
ant-ANT_11,org.apache.tools.ant.taskdefs.optional.vss,MSVSSGET,setVersion,8,2,1
ant-ANT_11,org.apache.tools.ant.taskdefs.optional.vss,MSVSSGET,setDate,8,2,1
ant-ANT_11,org.apache.tools.ant.taskdefs.optional.vss,MSVSSGET,setLabel,8,2,1
ant-ANT_11,org.apache.tools.ant.taskdefs.optional.vss,MSVSSGET,getVersionCommand,12,4,0
ant-ANT_11,org.apache.tools.tar,TarBuffer,TarBuffer,3,1,1
ant-ANT_11,org.apache.tools.tar,TarBuffer,TarBuffer,3,1,2
ant-ANT_11,org.apache.tools.tar,TarBuffer,TarBuffer,5,1,3
ant-ANT_11,org.apache.tools.tar,TarBuffer,TarBuffer,3,1,1
ant-ANT_11,org.apache.tools.tar,TarBuffer,TarBuffer,3,1,2
ant-ANT_11,org.apache.tools.tar,TarBuffer,TarBuffer,5,1,3
ant-ANT_11,org.apache.tools.tar,TarBuffer,initialize,15,2,2
ant-ANT_11,org.apache.tools.tar,TarBuffer,getBlockSize,3,1,0
ant-ANT_11,org.apache.tools.tar,TarBuffer,getRecordSize,3,1,0
ant-ANT_11,org.apache.tools.tar,TarBuffer,setDebug,3,1,1
ant-ANT_11,org.apache.tools.tar,TarBuffer,isEOFRecord,8,3,1
ant-ANT_11,org.apache.tools.tar,TarBuffer,skipRecord,14,5,0
ant-ANT_11,org.apache.tools.tar,TarBuffer,readRecord,17,5,0
ant-ANT_11,org.apache.tools.tar,TarBuffer,readBlock,26,7,0
ant-ANT_11,org.apache.tools.tar,TarBuffer,getCurrentBlockNum,3,1,0
ant-ANT_11,org.apache.tools.tar,TarBuffer,getCurrentRecordNum,3,1,0
ant-ANT_11,org.apache.tools.tar,TarBuffer,writeRecord,16,5,1
ant-ANT_11,org.apache.tools.tar,TarBuffer,writeRecord,16,5,2
ant-ANT_11,org.apache.tools.tar,TarBuffer,writeBlock,12,3,0
ant-ANT_11,org.apache.tools.tar,TarBuffer,flushBlock,11,4,0
ant-ANT_11,org.apache.tools.tar,TarBuffer,close,18,6,0
ant-ANT_11,org.apache.tools.tar,TarEntry,TarEntry,14,2,0
ant-ANT_11,org.apache.tools.tar,TarEntry,TarEntry,20,1,1
ant-ANT_11,org.apache.tools.tar,TarEntry,TarEntry,44,9,1
ant-ANT_11,org.apache.tools.tar,TarEntry,TarEntry,4,1,1
ant-ANT_11,org.apache.tools.tar,TarEntry,equals,3,1,1
ant-ANT_11,org.apache.tools.tar,TarEntry,isDescendent,3,1,1
ant-ANT_11,org.apache.tools.tar,TarEntry,getName,3,1,0
ant-ANT_11,org.apache.tools.tar,TarEntry,setName,3,1,1
ant-ANT_11,org.apache.tools.tar,TarEntry,getUserId,3,1,0
ant-ANT_11,org.apache.tools.tar,TarEntry,setUserId,3,1,1
ant-ANT_11,org.apache.tools.tar,TarEntry,getGroupId,3,1,0
ant-ANT_11,org.apache.tools.tar,TarEntry,setGroupId,3,1,1
ant-ANT_11,org.apache.tools.tar,TarEntry,getUserName,3,1,0
ant-ANT_11,org.apache.tools.tar,TarEntry,setUserName,3,1,1
ant-ANT_11,org.apache.tools.tar,TarEntry,getGroupName,3,1,0
ant-ANT_11,org.apache.tools.tar,TarEntry,setGroupName,3,1,1
ant-ANT_11,org.apache.tools.tar,TarEntry,setIds,4,1,2
ant-ANT_11,org.apache.tools.tar,TarEntry,setNames,4,1,2
ant-ANT_11,org.apache.tools.tar,TarEntry,setModTime,3,1,1
ant-ANT_11,org.apache.tools.tar,TarEntry,setModTime,3,1,1
ant-ANT_11,org.apache.tools.tar,TarEntry,getModTime,3,1,0
ant-ANT_11,org.apache.tools.tar,TarEntry,getFile,3,1,0
ant-ANT_11,org.apache.tools.tar,TarEntry,getSize,3,1,0
ant-ANT_11,org.apache.tools.tar,TarEntry,setSize,3,1,1
ant-ANT_11,org.apache.tools.tar,TarEntry,isDirectory,12,4,0
ant-ANT_11,org.apache.tools.tar,TarEntry,getDirectoryEntries,11,3,0
ant-ANT_11,org.apache.tools.tar,TarEntry,writeEntryHeader,25,3,1
ant-ANT_11,org.apache.tools.tar,TarEntry,parseTarHeader,29,1,1
ant-ANT_11,org.apache.tools.tar,TarInputStream,TarInputStream,3,1,1
ant-ANT_11,org.apache.tools.tar,TarInputStream,TarInputStream,3,1,2
ant-ANT_11,org.apache.tools.tar,TarInputStream,TarInputStream,8,1,3
ant-ANT_11,org.apache.tools.tar,TarInputStream,setDebug,4,1,1
ant-ANT_11,org.apache.tools.tar,TarInputStream,close,3,1,0
ant-ANT_11,org.apache.tools.tar,TarInputStream,getRecordSize,3,1,0
ant-ANT_11,org.apache.tools.tar,TarInputStream,available,3,1,0
ant-ANT_11,org.apache.tools.tar,TarInputStream,skip,10,3,1
ant-ANT_11,org.apache.tools.tar,TarInputStream,markSupported,3,1,0
ant-ANT_11,org.apache.tools.tar,TarInputStream,mark,2,1,1
ant-ANT_11,org.apache.tools.tar,TarInputStream,reset,2,1,0
ant-ANT_11,org.apache.tools.tar,TarInputStream,getNextEntry,46,12,0
ant-ANT_11,org.apache.tools.tar,TarInputStream,read,9,2,0
ant-ANT_11,org.apache.tools.tar,TarInputStream,read,3,1,1
ant-ANT_11,org.apache.tools.tar,TarInputStream,read,47,8,3
ant-ANT_11,org.apache.tools.tar,TarInputStream,copyEntryContents,10,3,1
ant-ANT_11,org.apache.tools.tar,TarOutputStream,TarOutputStream,3,1,1
ant-ANT_11,org.apache.tools.tar,TarOutputStream,TarOutputStream,3,1,2
ant-ANT_11,org.apache.tools.tar,TarOutputStream,TarOutputStream,9,1,3
ant-ANT_11,org.apache.tools.tar,TarOutputStream,setDebug,3,1,1
ant-ANT_11,org.apache.tools.tar,TarOutputStream,setBufferDebug,3,1,1
ant-ANT_11,org.apache.tools.tar,TarOutputStream,finish,3,1,0
ant-ANT_11,org.apache.tools.tar,TarOutputStream,close,4,1,0
ant-ANT_11,org.apache.tools.tar,TarOutputStream,getRecordSize,3,1,0
ant-ANT_11,org.apache.tools.tar,TarOutputStream,putNextEntry,11,2,1
ant-ANT_11,org.apache.tools.tar,TarOutputStream,closeEntry,13,4,0
ant-ANT_11,org.apache.tools.tar,TarOutputStream,write,4,1,1
ant-ANT_11,org.apache.tools.tar,TarOutputStream,write,3,1,1
ant-ANT_11,org.apache.tools.tar,TarOutputStream,write,35,6,3
ant-ANT_11,org.apache.tools.tar,TarOutputStream,writeEOFRecord,6,2,0
ant-ANT_11,org.apache.tools.tar,TarUtils,parseOctal,21,6,3
ant-ANT_11,org.apache.tools.tar,TarUtils,parseName,11,3,3
ant-ANT_11,org.apache.tools.tar,TarUtils,getNameBytes,10,3,4
ant-ANT_11,org.apache.tools.tar,TarUtils,getOctalBytes,22,4,4
ant-ANT_11,org.apache.tools.tar,TarUtils,getLongOctalBytes,6,1,4
ant-ANT_11,org.apache.tools.tar,TarUtils,getCheckSumOctalBytes,6,1,4
ant-ANT_11,org.apache.tools.tar,TarUtils,computeCheckSum,7,2,1
