Project Name,Package Name,Type Name,Code Smell
ant-ANT_15_B1,org.apache.ant.antcore.antlib,AntLibHandler,Deficient Encapsulation
ant-ANT_15_B1,org.apache.ant.antcore.antlib,AntLibManager,Deficient Encapsulation
ant-ANT_15_B1,org.apache.ant.antcore.antlib,AntLibrary,Cyclic-Dependent Modularization
ant-ANT_15_B1,org.apache.ant.antcore.antlib,AntLibrarySpec,Cyclic-Dependent Modularization
ant-ANT_15_B1,org.apache.ant.antcore.antlib,ClassNameHandler,Deficient Encapsulation
ant-ANT_15_B1,org.apache.ant.antcore.antlib,ComponentLibrary,Deficient Encapsulation
ant-ANT_15_B1,org.apache.ant.antcore.antlib,DefinitionHandler,Deficient Encapsulation
ant-ANT_15_B1,org.apache.ant.antcore.antlib,DynamicLibrary,Deficient Encapsulation
ant-ANT_15_B1,org.apache.ant.antcore.config,AntConfigHandler,Deficient Encapsulation
ant-ANT_15_B1,org.apache.ant.antcore.execution,ComponentManager,Cyclic-Dependent Modularization
ant-ANT_15_B1,org.apache.ant.antcore.execution,Constants,Unnecessary Abstraction
ant-ANT_15_B1,org.apache.ant.antcore.execution,Constants,Deficient Encapsulation
ant-ANT_15_B1,org.apache.ant.antcore.execution,CoreDataService,Unutilized Abstraction
ant-ANT_15_B1,org.apache.ant.antcore.execution,CoreEventService,Unutilized Abstraction
ant-ANT_15_B1,org.apache.ant.antcore.execution,CoreExecService,Cyclic-Dependent Modularization
ant-ANT_15_B1,org.apache.ant.antcore.execution,CoreFileService,Unutilized Abstraction
ant-ANT_15_B1,org.apache.ant.antcore.execution,CoreInputService,Unutilized Abstraction
ant-ANT_15_B1,org.apache.ant.antcore.execution,DeferredSetter,Unutilized Abstraction
ant-ANT_15_B1,org.apache.ant.antcore.execution,ExecutionContext,Cyclic-Dependent Modularization
ant-ANT_15_B1,org.apache.ant.antcore.execution,Frame,Cyclic-Dependent Modularization
ant-ANT_15_B1,org.apache.ant.antcore.execution,Frame,Insufficient Modularization
ant-ANT_15_B1,org.apache.ant.antcore.execution,TaskAdapter,Unutilized Abstraction
ant-ANT_15_B1,org.apache.ant.antcore.modelparser,BuildElementHandler,Unutilized Abstraction
ant-ANT_15_B1,org.apache.ant.antcore.modelparser,BuildElementHandler,Broken Hierarchy
ant-ANT_15_B1,org.apache.ant.antcore.modelparser,IncludeHandler,Deficient Encapsulation
ant-ANT_15_B1,org.apache.ant.antcore.modelparser,IncludeHandler,Cyclic-Dependent Modularization
ant-ANT_15_B1,org.apache.ant.antcore.modelparser,ModelElementHandler,Unutilized Abstraction
ant-ANT_15_B1,org.apache.ant.antcore.modelparser,NoProjectReadException,Unnecessary Abstraction
ant-ANT_15_B1,org.apache.ant.antcore.modelparser,NoProjectReadException,Unutilized Abstraction
ant-ANT_15_B1,org.apache.ant.antcore.modelparser,ProjectHandler,Unutilized Abstraction
ant-ANT_15_B1,org.apache.ant.antcore.modelparser,ProjectHandler,Deficient Encapsulation
ant-ANT_15_B1,org.apache.ant.antcore.modelparser,ProjectHandler,Broken Hierarchy
ant-ANT_15_B1,org.apache.ant.antcore.modelparser,ProjectHandler,Cyclic-Dependent Modularization
ant-ANT_15_B1,org.apache.ant.antcore.modelparser,TargetHandler,Unutilized Abstraction
ant-ANT_15_B1,org.apache.ant.antcore.modelparser,TargetHandler,Deficient Encapsulation
ant-ANT_15_B1,org.apache.ant.antcore.modelparser,TargetHandler,Broken Hierarchy
ant-ANT_15_B1,org.apache.ant.antcore.xml,ElementHandler,Cyclic-Dependent Modularization
ant-ANT_15_B1,org.apache.ant.antcore.xml,ParseContext,Cyclic-Dependent Modularization
ant-ANT_15_B1,org.apache.ant.antcore.xml,RootHandler,Cyclic-Dependent Modularization
ant-ANT_15_B1,org.apache.ant.antcore.xml,XMLParseException,Unutilized Abstraction
ant-ANT_15_B1,org.apache.tools.ant,Ant1Converter,Unutilized Abstraction
ant-ANT_15_B1,org.apache.tools.ant,Ant1Factory,Unutilized Abstraction
ant-ANT_15_B1,org.apache.tools.ant,Ant1InputHandler,Unutilized Abstraction
ant-ANT_15_B1,org.apache.tools.ant,Project,Deficient Encapsulation
ant-ANT_15_B1,org.apache.tools.ant,Project,Cyclic-Dependent Modularization
ant-ANT_15_B1,org.apache.tools.ant,Project,Insufficient Modularization
ant-ANT_15_B1,org.apache.tools.ant,Project,Hub-like Modularization
ant-ANT_15_B1,org.apache.tools.ant,Target,Cyclic-Dependent Modularization
ant-ANT_15_B1,org.apache.tools.ant,Task,Missing Hierarchy
ant-ANT_15_B1,org.apache.tools.ant,Task,Cyclic-Dependent Modularization
ant-ANT_15_B1,org.apache.tools.ant,TaskContainer,Cyclic-Dependent Modularization
ant-ANT_15_B1,org.apache.tools.ant,IntrospectionHelper,Missing Hierarchy
ant-ANT_15_B1,org.apache.tools.ant,IntrospectionHelper,Insufficient Modularization
ant-ANT_15_B1,org.apache.tools.ant,Project,Unutilized Abstraction
ant-ANT_15_B1,org.apache.tools.ant,Project,Deficient Encapsulation
ant-ANT_15_B1,org.apache.tools.ant,Project,Unexploited Encapsulation
ant-ANT_15_B1,org.apache.tools.ant,Project,Missing Hierarchy
ant-ANT_15_B1,org.apache.tools.ant,Project,Insufficient Modularization
ant-ANT_15_B1,org.apache.tools.ant,ProjectHelper,Unutilized Abstraction
ant-ANT_15_B1,org.apache.tools.ant,ProjectHelper,Insufficient Modularization
ant-ANT_15_B1,org.apache.tools.ant,AbstractHandler,Unutilized Abstraction
ant-ANT_15_B1,org.apache.tools.ant,RootHandler,Unutilized Abstraction
ant-ANT_15_B1,org.apache.tools.ant,ProjectHandler,Unutilized Abstraction
ant-ANT_15_B1,org.apache.tools.ant,TargetHandler,Unutilized Abstraction
ant-ANT_15_B1,org.apache.tools.ant,TaskHandler,Unutilized Abstraction
ant-ANT_15_B1,org.apache.tools.ant,NestedElementHandler,Unutilized Abstraction
ant-ANT_15_B1,org.apache.tools.ant,DescriptionHandler,Unutilized Abstraction
ant-ANT_15_B1,org.apache.tools.ant,SymbolTable,Insufficient Modularization
ant-ANT_15_B1,org.apache.tools.ant,SymbolHashtable,Unutilized Abstraction
ant-ANT_15_B1,org.apache.tools.ant,TaskAdapter,Cyclic-Dependent Modularization
ant-ANT_15_B1,org.apache.tools.ant,ProjectComponentHelper,Unutilized Abstraction
ant-ANT_15_B1,org.apache.tools.ant,DirectoryScanner,Insufficient Modularization
ant-ANT_15_B1,org.apache.tools.ant,AntClassLoader,Cyclic-Dependent Modularization
ant-ANT_15_B1,org.apache.tools.ant,AntClassLoader,Insufficient Modularization
ant-ANT_15_B1,org.apache.tools.ant,ResourceEnumeration,Unutilized Abstraction
ant-ANT_15_B1,org.apache.tools.ant,BuildEvent,Cyclic-Dependent Modularization
ant-ANT_15_B1,org.apache.tools.ant,BuildListener,Cyclic-Dependent Modularization
ant-ANT_15_B1,org.apache.tools.ant,DefaultLogger,Deficient Encapsulation
ant-ANT_15_B1,org.apache.tools.ant,DemuxOutputStream,Unutilized Abstraction
ant-ANT_15_B1,org.apache.tools.ant,BufferInfo,Unnecessary Abstraction
ant-ANT_15_B1,org.apache.tools.ant,DirectoryScanner,Unutilized Abstraction
ant-ANT_15_B1,org.apache.tools.ant,DirectoryScanner,Insufficient Modularization
ant-ANT_15_B1,org.apache.tools.ant,ExitException,Unutilized Abstraction
ant-ANT_15_B1,org.apache.tools.ant,FileScanner,Unutilized Abstraction
ant-ANT_15_B1,org.apache.tools.ant,IntrospectionHelper,Unutilized Abstraction
ant-ANT_15_B1,org.apache.tools.ant,IntrospectionHelper,Missing Hierarchy
ant-ANT_15_B1,org.apache.tools.ant,IntrospectionHelper,Insufficient Modularization
ant-ANT_15_B1,org.apache.tools.ant,NestedCreator,Unutilized Abstraction
ant-ANT_15_B1,org.apache.tools.ant,NestedStorer,Unutilized Abstraction
ant-ANT_15_B1,org.apache.tools.ant,AttributeSetter,Unutilized Abstraction
ant-ANT_15_B1,org.apache.tools.ant,Location,Deficient Encapsulation
ant-ANT_15_B1,org.apache.tools.ant,Main,Unutilized Abstraction
ant-ANT_15_B1,org.apache.tools.ant,Main,Deficient Encapsulation
ant-ANT_15_B1,org.apache.tools.ant,NoBannerLogger,Unutilized Abstraction
ant-ANT_15_B1,org.apache.tools.ant,Project,Unutilized Abstraction
ant-ANT_15_B1,org.apache.tools.ant,Project,Deficient Encapsulation
ant-ANT_15_B1,org.apache.tools.ant,Project,Insufficient Modularization
ant-ANT_15_B1,org.apache.tools.ant,ProjectComponent,Unutilized Abstraction
ant-ANT_15_B1,org.apache.tools.ant,ProjectHelper,Unutilized Abstraction
ant-ANT_15_B1,org.apache.tools.ant,ProjectHelper,Deficient Encapsulation
ant-ANT_15_B1,org.apache.tools.ant,Target,Unutilized Abstraction
ant-ANT_15_B1,org.apache.tools.ant,Task,Unutilized Abstraction
ant-ANT_15_B1,org.apache.tools.ant,TaskAdapter,Unutilized Abstraction
ant-ANT_15_B1,org.apache.tools.ant,TaskContainer,Unutilized Abstraction
ant-ANT_15_B1,org.apache.tools.ant,UnknownElement,Missing Hierarchy
ant-ANT_15_B1,org.apache.tools.ant,XmlLogger,Unutilized Abstraction
ant-ANT_15_B1,org.apache.tools.ant,TimedElement,Unnecessary Abstraction
ant-ANT_15_B1,org.apache.tools.ant,BuildFileTest,Unutilized Abstraction
ant-ANT_15_B1,org.apache.tools.ant,BuildFileTest,Insufficient Modularization
ant-ANT_15_B1,org.apache.tools.ant,AntOutputStream,Unutilized Abstraction
ant-ANT_15_B1,org.apache.tools.ant,AntTestListener,Unutilized Abstraction
ant-ANT_15_B1,org.apache.tools.ant,DirectoryScannerTest,Unutilized Abstraction
ant-ANT_15_B1,org.apache.tools.ant,DummyTaskAbstract,Unutilized Abstraction
ant-ANT_15_B1,org.apache.tools.ant,DummyTaskInterface,Unutilized Abstraction
ant-ANT_15_B1,org.apache.tools.ant,DummyTaskWithNonPublicExecute,Unutilized Abstraction
ant-ANT_15_B1,org.apache.tools.ant,DummyTaskWithoutDefaultConstructor,Unutilized Abstraction
ant-ANT_15_B1,org.apache.tools.ant,DummyTaskWithoutExecute,Unutilized Abstraction
ant-ANT_15_B1,org.apache.tools.ant,DummyTaskWithoutPublicConstructor,Unutilized Abstraction
ant-ANT_15_B1,org.apache.tools.ant,ImmutableTest,Unutilized Abstraction
ant-ANT_15_B1,org.apache.tools.ant,ImmutableTest,Broken Hierarchy
ant-ANT_15_B1,org.apache.tools.ant,IncludeTest,Unutilized Abstraction
ant-ANT_15_B1,org.apache.tools.ant,IncludeTest,Broken Hierarchy
ant-ANT_15_B1,org.apache.tools.ant,IntrospectionHelperTest,Unutilized Abstraction
ant-ANT_15_B1,org.apache.tools.ant,IntrospectionHelperTest,Insufficient Modularization
ant-ANT_15_B1,org.apache.tools.ant,ProjectTest,Unutilized Abstraction
ant-ANT_15_B1,org.apache.tools.ant,DummyTaskPrivate,Unutilized Abstraction
ant-ANT_15_B1,org.apache.tools.ant,DummyTaskProtected,Unutilized Abstraction
ant-ANT_15_B1,org.apache.tools.ant,DummyTaskPackage,Unutilized Abstraction
ant-ANT_15_B1,org.apache.tools.ant,PropertyExpansionTest,Unutilized Abstraction
ant-ANT_15_B1,org.apache.tools.ant,PropertyExpansionTest,Broken Hierarchy
ant-ANT_15_B1,org.apache.tools.ant.input,DefaultInputHandler,Unutilized Abstraction
ant-ANT_15_B1,org.apache.tools.ant.input,InputRequest,Unutilized Abstraction
ant-ANT_15_B1,org.apache.tools.ant.input,MultipleChoiceInputRequest,Unutilized Abstraction
ant-ANT_15_B1,org.apache.tools.ant.input,MultipleChoiceInputRequest,Broken Hierarchy
ant-ANT_15_B1,org.apache.tools.ant.input,PropertyFileInputHandler,Deficient Encapsulation
ant-ANT_15_B1,org.apache.tools.ant.taskdefs,CallTarget,Unutilized Abstraction
ant-ANT_15_B1,org.apache.tools.ant.taskdefs,Ant,Unutilized Abstraction
ant-ANT_15_B1,org.apache.tools.ant.taskdefs,Antjar,Unutilized Abstraction
ant-ANT_15_B1,org.apache.tools.ant.taskdefs,Antjar,Broken Hierarchy
ant-ANT_15_B1,org.apache.tools.ant.taskdefs,Antlib,Deficient Encapsulation
ant-ANT_15_B1,org.apache.tools.ant.taskdefs,Antlib,Insufficient Modularization
ant-ANT_15_B1,org.apache.tools.ant.taskdefs,DescriptorEnumeration,Unutilized Abstraction
ant-ANT_15_B1,org.apache.tools.ant.taskdefs,AntLibraryHandler,Unutilized Abstraction
ant-ANT_15_B1,org.apache.tools.ant.taskdefs,Test,Unutilized Abstraction
ant-ANT_15_B1,org.apache.tools.ant.taskdefs,AbstractCvsTask,Deficient Encapsulation
ant-ANT_15_B1,org.apache.tools.ant.taskdefs,AbstractCvsTask,Insufficient Modularization
ant-ANT_15_B1,org.apache.tools.ant.taskdefs,Ant,Unutilized Abstraction
ant-ANT_15_B1,org.apache.tools.ant.taskdefs,Reference,Unutilized Abstraction
ant-ANT_15_B1,org.apache.tools.ant.taskdefs,AntStructure,Unutilized Abstraction
ant-ANT_15_B1,org.apache.tools.ant.taskdefs,BUnzip2,Unutilized Abstraction
ant-ANT_15_B1,org.apache.tools.ant.taskdefs,BZip2,Unutilized Abstraction
ant-ANT_15_B1,org.apache.tools.ant.taskdefs,Basename,Unutilized Abstraction
ant-ANT_15_B1,org.apache.tools.ant.taskdefs,BuildNumber,Unutilized Abstraction
ant-ANT_15_B1,org.apache.tools.ant.taskdefs,CVSPass,Unutilized Abstraction
ant-ANT_15_B1,org.apache.tools.ant.taskdefs,CallTarget,Unutilized Abstraction
ant-ANT_15_B1,org.apache.tools.ant.taskdefs,Checksum,Unutilized Abstraction
ant-ANT_15_B1,org.apache.tools.ant.taskdefs,Checksum,Broken Hierarchy
ant-ANT_15_B1,org.apache.tools.ant.taskdefs,Chmod,Unutilized Abstraction
ant-ANT_15_B1,org.apache.tools.ant.taskdefs,Concat,Unutilized Abstraction
ant-ANT_15_B1,org.apache.tools.ant.taskdefs,ConditionTask,Unutilized Abstraction
ant-ANT_15_B1,org.apache.tools.ant.taskdefs,Copy,Unutilized Abstraction
ant-ANT_15_B1,org.apache.tools.ant.taskdefs,Copy,Insufficient Modularization
ant-ANT_15_B1,org.apache.tools.ant.taskdefs,Copydir,Unutilized Abstraction
ant-ANT_15_B1,org.apache.tools.ant.taskdefs,Copydir,Broken Hierarchy
ant-ANT_15_B1,org.apache.tools.ant.taskdefs,Copyfile,Unutilized Abstraction
ant-ANT_15_B1,org.apache.tools.ant.taskdefs,Cvs,Broken Hierarchy
ant-ANT_15_B1,org.apache.tools.ant.taskdefs,Definer,Unutilized Abstraction
ant-ANT_15_B1,org.apache.tools.ant.taskdefs,Delete,Unutilized Abstraction
ant-ANT_15_B1,org.apache.tools.ant.taskdefs,Deltree,Unutilized Abstraction
ant-ANT_15_B1,org.apache.tools.ant.taskdefs,DependSet,Unutilized Abstraction
ant-ANT_15_B1,org.apache.tools.ant.taskdefs,DependSet,Broken Hierarchy
ant-ANT_15_B1,org.apache.tools.ant.taskdefs,Dirname,Unutilized Abstraction
ant-ANT_15_B1,org.apache.tools.ant.taskdefs,Ear,Unutilized Abstraction
ant-ANT_15_B1,org.apache.tools.ant.taskdefs,Ear,Broken Hierarchy
ant-ANT_15_B1,org.apache.tools.ant.taskdefs,Echo,Unutilized Abstraction
ant-ANT_15_B1,org.apache.tools.ant.taskdefs,Execute,Deficient Encapsulation
ant-ANT_15_B1,org.apache.tools.ant.taskdefs,Execute,Insufficient Modularization
ant-ANT_15_B1,org.apache.tools.ant.taskdefs,Java11CommandLauncher,Unutilized Abstraction
ant-ANT_15_B1,org.apache.tools.ant.taskdefs,Java13CommandLauncher,Unutilized Abstraction
ant-ANT_15_B1,org.apache.tools.ant.taskdefs,CommandLauncherProxy,Unutilized Abstraction
ant-ANT_15_B1,org.apache.tools.ant.taskdefs,WinNTCommandLauncher,Unutilized Abstraction
ant-ANT_15_B1,org.apache.tools.ant.taskdefs,MacCommandLauncher,Unutilized Abstraction
ant-ANT_15_B1,org.apache.tools.ant.taskdefs,ScriptCommandLauncher,Unutilized Abstraction
ant-ANT_15_B1,org.apache.tools.ant.taskdefs,PerlScriptCommandLauncher,Unutilized Abstraction
ant-ANT_15_B1,org.apache.tools.ant.taskdefs,ExecuteOn,Unutilized Abstraction
ant-ANT_15_B1,org.apache.tools.ant.taskdefs,ExecuteOn,Broken Hierarchy
ant-ANT_15_B1,org.apache.tools.ant.taskdefs,Exit,Unutilized Abstraction
ant-ANT_15_B1,org.apache.tools.ant.taskdefs,Expand,Unutilized Abstraction
ant-ANT_15_B1,org.apache.tools.ant.taskdefs,Expand,Broken Hierarchy
ant-ANT_15_B1,org.apache.tools.ant.taskdefs,Filter,Unutilized Abstraction
ant-ANT_15_B1,org.apache.tools.ant.taskdefs,FixCRLF,Unutilized Abstraction
ant-ANT_15_B1,org.apache.tools.ant.taskdefs,FixCRLF,Broken Hierarchy
ant-ANT_15_B1,org.apache.tools.ant.taskdefs,FixCRLF,Insufficient Modularization
ant-ANT_15_B1,org.apache.tools.ant.taskdefs,OneLiner,Insufficient Modularization
ant-ANT_15_B1,org.apache.tools.ant.taskdefs,BufferLine,Unutilized Abstraction
ant-ANT_15_B1,org.apache.tools.ant.taskdefs,GUnzip,Unutilized Abstraction
ant-ANT_15_B1,org.apache.tools.ant.taskdefs,GZip,Unutilized Abstraction
ant-ANT_15_B1,org.apache.tools.ant.taskdefs,GenerateKey,Unutilized Abstraction
ant-ANT_15_B1,org.apache.tools.ant.taskdefs,GenerateKey,Insufficient Modularization
ant-ANT_15_B1,org.apache.tools.ant.taskdefs,Get,Deficient Encapsulation
ant-ANT_15_B1,org.apache.tools.ant.taskdefs,Base64Converter,Unutilized Abstraction
ant-ANT_15_B1,org.apache.tools.ant.taskdefs,Base64Converter,Deficient Encapsulation
ant-ANT_15_B1,org.apache.tools.ant.taskdefs,Input,Unutilized Abstraction
ant-ANT_15_B1,org.apache.tools.ant.taskdefs,JDBCTask,Unutilized Abstraction
ant-ANT_15_B1,org.apache.tools.ant.taskdefs,JDBCTask,Insufficient Modularization
ant-ANT_15_B1,org.apache.tools.ant.taskdefs,Jar,Unutilized Abstraction
ant-ANT_15_B1,org.apache.tools.ant.taskdefs,Java,Insufficient Modularization
ant-ANT_15_B1,org.apache.tools.ant.taskdefs,Javac,Unutilized Abstraction
ant-ANT_15_B1,org.apache.tools.ant.taskdefs,Javac,Broken Hierarchy
ant-ANT_15_B1,org.apache.tools.ant.taskdefs,Javac,Cyclic-Dependent Modularization
ant-ANT_15_B1,org.apache.tools.ant.taskdefs,Javac,Insufficient Modularization
ant-ANT_15_B1,org.apache.tools.ant.taskdefs,Javadoc,Unutilized Abstraction
ant-ANT_15_B1,org.apache.tools.ant.taskdefs,Javadoc,Insufficient Modularization
ant-ANT_15_B1,org.apache.tools.ant.taskdefs,DocletInfo,Broken Hierarchy
ant-ANT_15_B1,org.apache.tools.ant.taskdefs,JavadocOutputStream,Unutilized Abstraction
ant-ANT_15_B1,org.apache.tools.ant.taskdefs,Jikes,Unutilized Abstraction
ant-ANT_15_B1,org.apache.tools.ant.taskdefs,LoadFile,Unutilized Abstraction
ant-ANT_15_B1,org.apache.tools.ant.taskdefs,LoadProperties,Unutilized Abstraction
ant-ANT_15_B1,org.apache.tools.ant.taskdefs,LogStreamHandler,Unutilized Abstraction
ant-ANT_15_B1,org.apache.tools.ant.taskdefs,Manifest,Deficient Encapsulation
ant-ANT_15_B1,org.apache.tools.ant.taskdefs,Manifest,Insufficient Modularization
ant-ANT_15_B1,org.apache.tools.ant.taskdefs,ManifestException,Unutilized Abstraction
ant-ANT_15_B1,org.apache.tools.ant.taskdefs,MatchingTask,Unutilized Abstraction
ant-ANT_15_B1,org.apache.tools.ant.taskdefs,MatchingTask,Wide Hierarchy
ant-ANT_15_B1,org.apache.tools.ant.taskdefs,Move,Unutilized Abstraction
ant-ANT_15_B1,org.apache.tools.ant.taskdefs,Move,Broken Hierarchy
ant-ANT_15_B1,org.apache.tools.ant.taskdefs,Pack,Unutilized Abstraction
ant-ANT_15_B1,org.apache.tools.ant.taskdefs,Parallel,Unutilized Abstraction
ant-ANT_15_B1,org.apache.tools.ant.taskdefs,TaskThread,Unutilized Abstraction
ant-ANT_15_B1,org.apache.tools.ant.taskdefs,Patch,Unutilized Abstraction
ant-ANT_15_B1,org.apache.tools.ant.taskdefs,PathConvert,Unutilized Abstraction
ant-ANT_15_B1,org.apache.tools.ant.taskdefs,Property,Insufficient Modularization
ant-ANT_15_B1,org.apache.tools.ant.taskdefs,PumpStreamHandler,Unutilized Abstraction
ant-ANT_15_B1,org.apache.tools.ant.taskdefs,Recorder,Unutilized Abstraction
ant-ANT_15_B1,org.apache.tools.ant.taskdefs,Rename,Unutilized Abstraction
ant-ANT_15_B1,org.apache.tools.ant.taskdefs,Replace,Unutilized Abstraction
ant-ANT_15_B1,org.apache.tools.ant.taskdefs,Replace,Broken Hierarchy
ant-ANT_15_B1,org.apache.tools.ant.taskdefs,Replace,Insufficient Modularization
ant-ANT_15_B1,org.apache.tools.ant.taskdefs,Rmic,Unutilized Abstraction
ant-ANT_15_B1,org.apache.tools.ant.taskdefs,Rmic,Broken Hierarchy
ant-ANT_15_B1,org.apache.tools.ant.taskdefs,Rmic,Cyclic-Dependent Modularization
ant-ANT_15_B1,org.apache.tools.ant.taskdefs,Rmic,Insufficient Modularization
ant-ANT_15_B1,org.apache.tools.ant.taskdefs,ImplementationSpecificArgument,Unutilized Abstraction
ant-ANT_15_B1,org.apache.tools.ant.taskdefs,SQLExec,Unutilized Abstraction
ant-ANT_15_B1,org.apache.tools.ant.taskdefs,SQLExec,Deficient Encapsulation
ant-ANT_15_B1,org.apache.tools.ant.taskdefs,SQLExec,Broken Hierarchy
ant-ANT_15_B1,org.apache.tools.ant.taskdefs,DelimiterType,Deficient Encapsulation
ant-ANT_15_B1,org.apache.tools.ant.taskdefs,SendEmail,Unutilized Abstraction
ant-ANT_15_B1,org.apache.tools.ant.taskdefs,Sequential,Unutilized Abstraction
ant-ANT_15_B1,org.apache.tools.ant.taskdefs,SignJar,Unutilized Abstraction
ant-ANT_15_B1,org.apache.tools.ant.taskdefs,Sleep,Unutilized Abstraction
ant-ANT_15_B1,org.apache.tools.ant.taskdefs,StreamPumper,Unutilized Abstraction
ant-ANT_15_B1,org.apache.tools.ant.taskdefs,Tar,Unutilized Abstraction
ant-ANT_15_B1,org.apache.tools.ant.taskdefs,Tar,Deficient Encapsulation
ant-ANT_15_B1,org.apache.tools.ant.taskdefs,Tar,Broken Hierarchy
ant-ANT_15_B1,org.apache.tools.ant.taskdefs,Tar,Insufficient Modularization
ant-ANT_15_B1,org.apache.tools.ant.taskdefs,TarLongFileMode,Deficient Encapsulation
ant-ANT_15_B1,org.apache.tools.ant.taskdefs,TaskOutputStream,Unutilized Abstraction
ant-ANT_15_B1,org.apache.tools.ant.taskdefs,Taskdef,Unutilized Abstraction
ant-ANT_15_B1,org.apache.tools.ant.taskdefs,TempFile,Unutilized Abstraction
ant-ANT_15_B1,org.apache.tools.ant.taskdefs,Touch,Unutilized Abstraction
ant-ANT_15_B1,org.apache.tools.ant.taskdefs,Transform,Unnecessary Abstraction
ant-ANT_15_B1,org.apache.tools.ant.taskdefs,Transform,Unutilized Abstraction
ant-ANT_15_B1,org.apache.tools.ant.taskdefs,Typedef,Unutilized Abstraction
ant-ANT_15_B1,org.apache.tools.ant.taskdefs,Unpack,Unutilized Abstraction
ant-ANT_15_B1,org.apache.tools.ant.taskdefs,Untar,Unutilized Abstraction
ant-ANT_15_B1,org.apache.tools.ant.taskdefs,Untar,Broken Hierarchy
ant-ANT_15_B1,org.apache.tools.ant.taskdefs,WaitFor,Unutilized Abstraction
ant-ANT_15_B1,org.apache.tools.ant.taskdefs,Unit,Unutilized Abstraction
ant-ANT_15_B1,org.apache.tools.ant.taskdefs,War,Unutilized Abstraction
ant-ANT_15_B1,org.apache.tools.ant.taskdefs,War,Broken Hierarchy
ant-ANT_15_B1,org.apache.tools.ant.taskdefs,XSLTLoggerAware,Unutilized Abstraction
ant-ANT_15_B1,org.apache.tools.ant.taskdefs,XSLTProcess,Unutilized Abstraction
ant-ANT_15_B1,org.apache.tools.ant.taskdefs,XSLTProcess,Broken Hierarchy
ant-ANT_15_B1,org.apache.tools.ant.taskdefs,XSLTProcess,Insufficient Modularization
ant-ANT_15_B1,org.apache.tools.ant.taskdefs,XmlProperty,Unutilized Abstraction
ant-ANT_15_B1,org.apache.tools.ant.taskdefs,Zip,Unutilized Abstraction
ant-ANT_15_B1,org.apache.tools.ant.taskdefs,Zip,Broken Hierarchy
ant-ANT_15_B1,org.apache.tools.ant.taskdefs,Zip,Insufficient Modularization
ant-ANT_15_B1,org.apache.tools.ant.taskdefs,AbstractCvsTaskTest,Unutilized Abstraction
ant-ANT_15_B1,org.apache.tools.ant.taskdefs,AntStructureTest,Unutilized Abstraction
ant-ANT_15_B1,org.apache.tools.ant.taskdefs,AntTest,Unutilized Abstraction
ant-ANT_15_B1,org.apache.tools.ant.taskdefs,AntTest,Insufficient Modularization
ant-ANT_15_B1,org.apache.tools.ant.taskdefs,AvailableTest,Unutilized Abstraction
ant-ANT_15_B1,org.apache.tools.ant.taskdefs,AvailableTest,Insufficient Modularization
ant-ANT_15_B1,org.apache.tools.ant.taskdefs,BUnzip2Test,Unutilized Abstraction
ant-ANT_15_B1,org.apache.tools.ant.taskdefs,BZip2Test,Unutilized Abstraction
ant-ANT_15_B1,org.apache.tools.ant.taskdefs,BasenameTest,Unutilized Abstraction
ant-ANT_15_B1,org.apache.tools.ant.taskdefs,CVSPassTest,Unutilized Abstraction
ant-ANT_15_B1,org.apache.tools.ant.taskdefs,ChecksumTest,Unutilized Abstraction
ant-ANT_15_B1,org.apache.tools.ant.taskdefs,ConcatTest,Unutilized Abstraction
ant-ANT_15_B1,org.apache.tools.ant.taskdefs,ConditionTest,Unutilized Abstraction
ant-ANT_15_B1,org.apache.tools.ant.taskdefs,ConditionTest,Insufficient Modularization
ant-ANT_15_B1,org.apache.tools.ant.taskdefs,CopyTest,Unutilized Abstraction
ant-ANT_15_B1,org.apache.tools.ant.taskdefs,CopydirTest,Unutilized Abstraction
ant-ANT_15_B1,org.apache.tools.ant.taskdefs,CopyfileTest,Unutilized Abstraction
ant-ANT_15_B1,org.apache.tools.ant.taskdefs,DeleteTest,Unutilized Abstraction
ant-ANT_15_B1,org.apache.tools.ant.taskdefs,DeltreeTest,Unutilized Abstraction
ant-ANT_15_B1,org.apache.tools.ant.taskdefs,DependSetTest,Unutilized Abstraction
ant-ANT_15_B1,org.apache.tools.ant.taskdefs,DirnameTest,Unutilized Abstraction
ant-ANT_15_B1,org.apache.tools.ant.taskdefs,DynamicTask,Unutilized Abstraction
ant-ANT_15_B1,org.apache.tools.ant.taskdefs,Sub,Unutilized Abstraction
ant-ANT_15_B1,org.apache.tools.ant.taskdefs,DynamicTest,Unutilized Abstraction
ant-ANT_15_B1,org.apache.tools.ant.taskdefs,EchoTest,Unutilized Abstraction
ant-ANT_15_B1,org.apache.tools.ant.taskdefs,ExecuteWatchdogTest,Unutilized Abstraction
ant-ANT_15_B1,org.apache.tools.ant.taskdefs,FailTest,Unutilized Abstraction
ant-ANT_15_B1,org.apache.tools.ant.taskdefs,FilterTest,Unutilized Abstraction
ant-ANT_15_B1,org.apache.tools.ant.taskdefs,FixCrLfTest,Unutilized Abstraction
ant-ANT_15_B1,org.apache.tools.ant.taskdefs,GUnzipTest,Unutilized Abstraction
ant-ANT_15_B1,org.apache.tools.ant.taskdefs,GetTest,Unutilized Abstraction
ant-ANT_15_B1,org.apache.tools.ant.taskdefs,GzipTest,Unutilized Abstraction
ant-ANT_15_B1,org.apache.tools.ant.taskdefs,InitializeClassTest,Unutilized Abstraction
ant-ANT_15_B1,org.apache.tools.ant.taskdefs,InputTest,Unutilized Abstraction
ant-ANT_15_B1,org.apache.tools.ant.taskdefs,JarTest,Unutilized Abstraction
ant-ANT_15_B1,org.apache.tools.ant.taskdefs,JavaTest,Unutilized Abstraction
ant-ANT_15_B1,org.apache.tools.ant.taskdefs,EntryPoint,Unutilized Abstraction
ant-ANT_15_B1,org.apache.tools.ant.taskdefs,ExceptingEntryPoint,Unutilized Abstraction
ant-ANT_15_B1,org.apache.tools.ant.taskdefs,JavacTest,Unutilized Abstraction
ant-ANT_15_B1,org.apache.tools.ant.taskdefs,LoadFileTest,Unutilized Abstraction
ant-ANT_15_B1,org.apache.tools.ant.taskdefs,LoadPropertiesTest,Unutilized Abstraction
ant-ANT_15_B1,org.apache.tools.ant.taskdefs,ManifestTest,Unutilized Abstraction
ant-ANT_15_B1,org.apache.tools.ant.taskdefs,ManifestTest,Deficient Encapsulation
ant-ANT_15_B1,org.apache.tools.ant.taskdefs,ManifestTest,Insufficient Modularization
ant-ANT_15_B1,org.apache.tools.ant.taskdefs,MkdirTest,Unutilized Abstraction
ant-ANT_15_B1,org.apache.tools.ant.taskdefs,MoveTest,Unutilized Abstraction
ant-ANT_15_B1,org.apache.tools.ant.taskdefs,ParallelTest,Unutilized Abstraction
ant-ANT_15_B1,org.apache.tools.ant.taskdefs,ParallelTest,Deficient Encapsulation
ant-ANT_15_B1,org.apache.tools.ant.taskdefs,PropertyTest,Unutilized Abstraction
ant-ANT_15_B1,org.apache.tools.ant.taskdefs,RenameTest,Unutilized Abstraction
ant-ANT_15_B1,org.apache.tools.ant.taskdefs,ReplaceTest,Unutilized Abstraction
ant-ANT_15_B1,org.apache.tools.ant.taskdefs,RmicTest,Unutilized Abstraction
ant-ANT_15_B1,org.apache.tools.ant.taskdefs,SQLExecTest,Unutilized Abstraction
ant-ANT_15_B1,org.apache.tools.ant.taskdefs,SQLExecTest,Deficient Encapsulation
ant-ANT_15_B1,org.apache.tools.ant.taskdefs,NullDriver,Unutilized Abstraction
ant-ANT_15_B1,org.apache.tools.ant.taskdefs,SleepTest,Unutilized Abstraction
ant-ANT_15_B1,org.apache.tools.ant.taskdefs,TStampTest,Unutilized Abstraction
ant-ANT_15_B1,org.apache.tools.ant.taskdefs,TarTest,Unutilized Abstraction
ant-ANT_15_B1,org.apache.tools.ant.taskdefs,TaskdefTest,Unutilized Abstraction
ant-ANT_15_B1,org.apache.tools.ant.taskdefs,TaskdefsTest,Unutilized Abstraction
ant-ANT_15_B1,org.apache.tools.ant.taskdefs,TestProcessShutdownHook,Unutilized Abstraction
ant-ANT_15_B1,org.apache.tools.ant.taskdefs,TimeProcess,Unutilized Abstraction
ant-ANT_15_B1,org.apache.tools.ant.taskdefs,TypedefTest,Unutilized Abstraction
ant-ANT_15_B1,org.apache.tools.ant.taskdefs,UntarTest,Unutilized Abstraction
ant-ANT_15_B1,org.apache.tools.ant.taskdefs,UnzipTest,Unutilized Abstraction
ant-ANT_15_B1,org.apache.tools.ant.taskdefs,WarTest,Unutilized Abstraction
ant-ANT_15_B1,org.apache.tools.ant.taskdefs,WarTest,Deficient Encapsulation
ant-ANT_15_B1,org.apache.tools.ant.taskdefs,XmlPropertyTest,Unutilized Abstraction
ant-ANT_15_B1,org.apache.tools.ant.taskdefs,ZipTest,Unutilized Abstraction
ant-ANT_15_B1,org.apache.tools.ant.types,DataType,Unutilized Abstraction
ant-ANT_15_B1,org.apache.tools.ant.types,DataType,Wide Hierarchy
ant-ANT_15_B1,org.apache.tools.ant.types,FileSet,Unutilized Abstraction
ant-ANT_15_B1,org.apache.tools.ant.types,PatternSet,Unutilized Abstraction
ant-ANT_15_B1,org.apache.tools.ant.types,PatternSet,Insufficient Modularization
ant-ANT_15_B1,org.apache.tools.ant.types,AbstractFileSet,Unutilized Abstraction
ant-ANT_15_B1,org.apache.tools.ant.types,AbstractFileSet,Insufficient Modularization
ant-ANT_15_B1,org.apache.tools.ant.types,AntFilterReader,Unutilized Abstraction
ant-ANT_15_B1,org.apache.tools.ant.types,AntFilterReader,Cyclic-Dependent Modularization
ant-ANT_15_B1,org.apache.tools.ant.types,Commandline,Cyclic-Dependent Modularization
ant-ANT_15_B1,org.apache.tools.ant.types,Commandline,Insufficient Modularization
ant-ANT_15_B1,org.apache.tools.ant.types,Argument,Cyclic-Dependent Modularization
ant-ANT_15_B1,org.apache.tools.ant.types,Marker,Unutilized Abstraction
ant-ANT_15_B1,org.apache.tools.ant.types,CommandlineJava,Insufficient Modularization
ant-ANT_15_B1,org.apache.tools.ant.types,DataType,Unutilized Abstraction
ant-ANT_15_B1,org.apache.tools.ant.types,Description,Unutilized Abstraction
ant-ANT_15_B1,org.apache.tools.ant.types,Description,Broken Hierarchy
ant-ANT_15_B1,org.apache.tools.ant.types,DirSet,Broken Hierarchy
ant-ANT_15_B1,org.apache.tools.ant.types,FileList,Unutilized Abstraction
ant-ANT_15_B1,org.apache.tools.ant.types,FileSet,Unutilized Abstraction
ant-ANT_15_B1,org.apache.tools.ant.types,FileSet,Broken Hierarchy
ant-ANT_15_B1,org.apache.tools.ant.types,FilterChain,Unutilized Abstraction
ant-ANT_15_B1,org.apache.tools.ant.types,FilterChain,Cyclic-Dependent Modularization
ant-ANT_15_B1,org.apache.tools.ant.types,FilterSet,Unutilized Abstraction
ant-ANT_15_B1,org.apache.tools.ant.types,FilterSet,Deficient Encapsulation
ant-ANT_15_B1,org.apache.tools.ant.types,FilterSet,Broken Hierarchy
ant-ANT_15_B1,org.apache.tools.ant.types,FilterSet,Cyclic-Dependent Modularization
ant-ANT_15_B1,org.apache.tools.ant.types,FilterSet,Insufficient Modularization
ant-ANT_15_B1,org.apache.tools.ant.types,FiltersFile,Unutilized Abstraction
ant-ANT_15_B1,org.apache.tools.ant.types,FilterSetCollection,Cyclic-Dependent Modularization
ant-ANT_15_B1,org.apache.tools.ant.types,Mapper,Unutilized Abstraction
ant-ANT_15_B1,org.apache.tools.ant.types,Parameterizable,Unutilized Abstraction
ant-ANT_15_B1,org.apache.tools.ant.types,Path,Unutilized Abstraction
ant-ANT_15_B1,org.apache.tools.ant.types,Path,Deficient Encapsulation
ant-ANT_15_B1,org.apache.tools.ant.types,Path,Unexploited Encapsulation
ant-ANT_15_B1,org.apache.tools.ant.types,Path,Missing Hierarchy
ant-ANT_15_B1,org.apache.tools.ant.types,Path,Cyclic-Dependent Modularization
ant-ANT_15_B1,org.apache.tools.ant.types,Path,Insufficient Modularization
ant-ANT_15_B1,org.apache.tools.ant.types,PathElement,Cyclic-Dependent Modularization
ant-ANT_15_B1,org.apache.tools.ant.types,PatternSet,Unutilized Abstraction
ant-ANT_15_B1,org.apache.tools.ant.types,PatternSet,Insufficient Modularization
ant-ANT_15_B1,org.apache.tools.ant.types,NameEntry,Unutilized Abstraction
ant-ANT_15_B1,org.apache.tools.ant.types,RegularExpression,Unutilized Abstraction
ant-ANT_15_B1,org.apache.tools.ant.types,RegularExpression,Deficient Encapsulation
ant-ANT_15_B1,org.apache.tools.ant.types,RegularExpression,Broken Hierarchy
ant-ANT_15_B1,org.apache.tools.ant.types,Substitution,Unutilized Abstraction
ant-ANT_15_B1,org.apache.tools.ant.types,Substitution,Deficient Encapsulation
ant-ANT_15_B1,org.apache.tools.ant.types,Substitution,Broken Hierarchy
ant-ANT_15_B1,org.apache.tools.ant.types,XMLCatalog,Unutilized Abstraction
ant-ANT_15_B1,org.apache.tools.ant.types,ZipScanner,Unutilized Abstraction
ant-ANT_15_B1,org.apache.tools.ant.types,AbstractFileSetTest,Unutilized Abstraction
ant-ANT_15_B1,org.apache.tools.ant.types,CommandlineJavaTest,Unutilized Abstraction
ant-ANT_15_B1,org.apache.tools.ant.types,CommandlineTest,Unutilized Abstraction
ant-ANT_15_B1,org.apache.tools.ant.types,DescriptionTest,Unutilized Abstraction
ant-ANT_15_B1,org.apache.tools.ant.types,DirSetTest,Unutilized Abstraction
ant-ANT_15_B1,org.apache.tools.ant.types,DirSetTest,Broken Hierarchy
ant-ANT_15_B1,org.apache.tools.ant.types,EnumeratedAttributeTest,Unutilized Abstraction
ant-ANT_15_B1,org.apache.tools.ant.types,TestNormal,Unutilized Abstraction
ant-ANT_15_B1,org.apache.tools.ant.types,TestNull,Unutilized Abstraction
ant-ANT_15_B1,org.apache.tools.ant.types,FileListTest,Unutilized Abstraction
ant-ANT_15_B1,org.apache.tools.ant.types,FileSetTest,Unutilized Abstraction
ant-ANT_15_B1,org.apache.tools.ant.types,FileSetTest,Broken Hierarchy
ant-ANT_15_B1,org.apache.tools.ant.types,FilterSetTest,Unutilized Abstraction
ant-ANT_15_B1,org.apache.tools.ant.types,FlexIntegerTest,Unutilized Abstraction
ant-ANT_15_B1,org.apache.tools.ant.types,MapperTest,Unutilized Abstraction
ant-ANT_15_B1,org.apache.tools.ant.types,PathTest,Unutilized Abstraction
ant-ANT_15_B1,org.apache.tools.ant.types,PathTest,Deficient Encapsulation
ant-ANT_15_B1,org.apache.tools.ant.types,PatternSetTest,Unutilized Abstraction
ant-ANT_15_B1,org.apache.ant.antlib.script,ScriptBase,Cyclic-Dependent Modularization
ant-ANT_15_B1,org.apache.ant.antlib.script,ScriptDef,Cyclic-Dependent Modularization
ant-ANT_15_B1,org.apache.ant.antlib.script,ScriptFactory,Missing Hierarchy
ant-ANT_15_B1,org.apache.ant.antlib.script,ScriptFactory,Cyclic-Dependent Modularization
ant-ANT_15_B1,org.apache.ant.antlib.system,Ant,Broken Hierarchy
ant-ANT_15_B1,org.apache.ant.antlib.system,AntBase,Unutilized Abstraction
ant-ANT_15_B1,org.apache.ant.antlib.system,AntBase,Broken Hierarchy
ant-ANT_15_B1,org.apache.ant.antlib.system,AntCall,Broken Hierarchy
ant-ANT_15_B1,org.apache.ant.antlib.system,FileConverter,Unutilized Abstraction
ant-ANT_15_B1,org.apache.ant.antlib.system,Import,Unutilized Abstraction
ant-ANT_15_B1,org.apache.ant.antlib.system,LibPath,Unutilized Abstraction
ant-ANT_15_B1,org.apache.ant.antlib.system,LoadLib,Unutilized Abstraction
ant-ANT_15_B1,org.apache.ant.antlib.system,Parallel,Unutilized Abstraction
ant-ANT_15_B1,org.apache.ant.antlib.system,TaskThread,Unutilized Abstraction
ant-ANT_15_B1,org.apache.ant.antlib.system,PrimitiveConverter,Unutilized Abstraction
ant-ANT_15_B1,org.apache.ant.antlib.system,Ref,Unutilized Abstraction
ant-ANT_15_B1,org.apache.ant.antlib.system,Sequential,Unutilized Abstraction
ant-ANT_15_B1,org.apache.ant.antlib.system,SubBuild,Unutilized Abstraction
ant-ANT_15_B1,org.apache.ant.antlib.system,Taskdef,Unutilized Abstraction
ant-ANT_15_B1,org.apache.ant.antlib.system,Typedef,Unutilized Abstraction
ant-ANT_15_B1,org.apache.ant.antlib.system,URLConverter,Unutilized Abstraction
ant-ANT_15_B1,org.apache.ant.builder,FileSetInfo,Unnecessary Abstraction
ant-ANT_15_B1,org.apache.ant.common.antlib,AbstractComponent,Unutilized Abstraction
ant-ANT_15_B1,org.apache.ant.common.antlib,AbstractConverter,Unutilized Abstraction
ant-ANT_15_B1,org.apache.ant.common.antlib,AbstractTask,Unutilized Abstraction
ant-ANT_15_B1,org.apache.ant.common.antlib,AbstractTask,Broken Hierarchy
ant-ANT_15_B1,org.apache.ant.common.antlib,DataType,Unnecessary Abstraction
ant-ANT_15_B1,org.apache.ant.common.antlib,DataType,Unutilized Abstraction
ant-ANT_15_B1,org.apache.ant.common.antlib,StandardLibFactory,Unutilized Abstraction
ant-ANT_15_B1,org.apache.ant.common.event,BuildEvent,Deficient Encapsulation
ant-ANT_15_B1,org.apache.ant.common.event,BuildListenerAdapter,Unutilized Abstraction
ant-ANT_15_B1,org.apache.ant.common.event,MessageLevel,Unnecessary Abstraction
ant-ANT_15_B1,org.apache.ant.common.event,MessageLevel,Deficient Encapsulation
ant-ANT_15_B1,org.apache.ant.common.event,MessageLevel,Broken Modularization
ant-ANT_15_B1,org.apache.ant.common.model,BuildElement,Broken Hierarchy
ant-ANT_15_B1,org.apache.ant.common.model,ModelException,Unutilized Abstraction
ant-ANT_15_B1,org.apache.ant.common.model,Project,Deficient Encapsulation
ant-ANT_15_B1,org.apache.ant.common.model,Project,Broken Hierarchy
ant-ANT_15_B1,org.apache.ant.common.model,Target,Broken Hierarchy
ant-ANT_15_B1,org.apache.ant.common.service,MagicProperties,Unnecessary Abstraction
ant-ANT_15_B1,org.apache.ant.common.service,MagicProperties,Deficient Encapsulation
ant-ANT_15_B1,org.apache.ant.common.util,CircularDependencyException,Unutilized Abstraction
ant-ANT_15_B1,org.apache.ant.common.util,CircularDependencyException,Broken Hierarchy
ant-ANT_15_B1,org.apache.ant.common.util,ConfigException,Unutilized Abstraction
ant-ANT_15_B1,org.apache.ant.common.util,ConfigException,Broken Hierarchy
ant-ANT_15_B1,org.apache.ant.common.util,DemuxOutputStream,Unutilized Abstraction
ant-ANT_15_B1,org.apache.ant.common.util,BufferInfo,Unnecessary Abstraction
ant-ANT_15_B1,org.apache.ant.common.util,ExecutionException,Unutilized Abstraction
ant-ANT_15_B1,org.apache.ant.common.util,ExecutionException,Broken Hierarchy
ant-ANT_15_B1,org.apache.ant.common.util,Location,Deficient Encapsulation
ant-ANT_15_B1,org.apache.ant.common.util,PathTokenizer,Unutilized Abstraction
ant-ANT_15_B1,org.apache.ant.common.util,StringUtils,Deficient Encapsulation
ant-ANT_15_B1,org.apache.ant.frontend,FrontendUtils,Deficient Encapsulation
ant-ANT_15_B1,org.apache.ant.init,InitConfig,Deficient Encapsulation
ant-ANT_15_B1,org.apache.ant.init,InitException,Unutilized Abstraction
ant-ANT_15_B1,org.apache.ant.init,LoaderUtils,Deficient Encapsulation
ant-ANT_15_B1,org.apache.ant.remote,RemoteMain,Unutilized Abstraction
ant-ANT_15_B1,org.apache.ant.start,Main,Deficient Encapsulation
ant-ANT_15_B1,org.apache.ant.contrib,Case,Unutilized Abstraction
ant-ANT_15_B1,org.apache.tools.ant.taskdefs.optional.clearcase,CCCheckin,Unutilized Abstraction
ant-ANT_15_B1,org.apache.tools.ant.taskdefs.optional.clearcase,CCCheckin,Broken Hierarchy
ant-ANT_15_B1,org.apache.tools.ant.taskdefs.optional.clearcase,CCCheckout,Unutilized Abstraction
ant-ANT_15_B1,org.apache.tools.ant.taskdefs.optional.clearcase,CCCheckout,Broken Hierarchy
ant-ANT_15_B1,org.apache.tools.ant.taskdefs.optional.clearcase,CCMatchingTask,Unutilized Abstraction
ant-ANT_15_B1,org.apache.tools.ant.taskdefs.optional.clearcase,CCMkelem,Unutilized Abstraction
ant-ANT_15_B1,org.apache.tools.ant.taskdefs.optional.clearcase,CCMklabel,Unutilized Abstraction
ant-ANT_15_B1,org.apache.tools.ant.taskdefs.optional.clearcase,CCMklabel,Broken Hierarchy
ant-ANT_15_B1,org.apache.tools.ant.taskdefs.optional.clearcase,CCRmname,Unutilized Abstraction
ant-ANT_15_B1,org.apache.tools.ant.taskdefs.optional.clearcase,CCUtils,Deficient Encapsulation
ant-ANT_15_B1,org.apache.tools.ant.taskdefs.optional.clearcase,CCCheckin,Unutilized Abstraction
ant-ANT_15_B1,org.apache.tools.ant.taskdefs.optional.clearcase,CCCheckin,Deficient Encapsulation
ant-ANT_15_B1,org.apache.tools.ant.taskdefs.optional.clearcase,CCCheckin,Broken Hierarchy
ant-ANT_15_B1,org.apache.tools.ant.taskdefs.optional.clearcase,CCCheckout,Unutilized Abstraction
ant-ANT_15_B1,org.apache.tools.ant.taskdefs.optional.clearcase,CCCheckout,Deficient Encapsulation
ant-ANT_15_B1,org.apache.tools.ant.taskdefs.optional.clearcase,CCCheckout,Broken Hierarchy
ant-ANT_15_B1,org.apache.tools.ant.taskdefs.optional.clearcase,CCUnCheckout,Unutilized Abstraction
ant-ANT_15_B1,org.apache.tools.ant.taskdefs.optional.clearcase,CCUnCheckout,Deficient Encapsulation
ant-ANT_15_B1,org.apache.tools.ant.taskdefs.optional.clearcase,CCUnCheckout,Broken Hierarchy
ant-ANT_15_B1,org.apache.tools.ant.taskdefs.optional.clearcase,CCUpdate,Unutilized Abstraction
ant-ANT_15_B1,org.apache.tools.ant.taskdefs.optional.clearcase,CCUpdate,Deficient Encapsulation
ant-ANT_15_B1,org.apache.tools.ant.taskdefs.optional.clearcase,CCUpdate,Broken Hierarchy
ant-ANT_15_B1,org.apache.tools.ant.taskdefs.optional.clearcase,ClearCase,Unutilized Abstraction
ant-ANT_15_B1,org.apache.tools.ant.taskdefs.optional.clearcase,ClearCase,Deficient Encapsulation
ant-ANT_15_B1,org.apache.tools.ant.helper,ProjectHelperImpl2,Insufficient Modularization
ant-ANT_15_B1,org.apache.tools.ant.helper,RootHandler,Unutilized Abstraction
ant-ANT_15_B1,org.apache.tools.ant.helper,MainHandler,Unutilized Abstraction
ant-ANT_15_B1,org.apache.tools.ant.helper,ProjectHandler,Unutilized Abstraction
ant-ANT_15_B1,org.apache.tools.ant.helper,TargetHandler,Unutilized Abstraction
ant-ANT_15_B1,org.apache.tools.ant.helper,TaskHandler,Unutilized Abstraction
ant-ANT_15_B1,org.apache.tools.ant.helper,NestedElementHandler,Unutilized Abstraction
ant-ANT_15_B1,org.apache.tools.ant.helper,DataTypeHandler,Unutilized Abstraction
ant-ANT_15_B1,org.apache.tools.ant.helper,ProjectHelperImpl,Insufficient Modularization
ant-ANT_15_B1,org.apache.tools.ant.helper,AbstractHandler,Unutilized Abstraction
ant-ANT_15_B1,org.apache.tools.ant.helper,RootHandler,Unutilized Abstraction
ant-ANT_15_B1,org.apache.tools.ant.helper,ProjectHandler,Unutilized Abstraction
ant-ANT_15_B1,org.apache.tools.ant.helper,TargetHandler,Unutilized Abstraction
ant-ANT_15_B1,org.apache.tools.ant.helper,TaskHandler,Unutilized Abstraction
ant-ANT_15_B1,org.apache.tools.ant.helper,NestedElementHandler,Unutilized Abstraction
ant-ANT_15_B1,org.apache.tools.ant.helper,DataTypeHandler,Unutilized Abstraction
ant-ANT_15_B1,org.apache.tools.ant.taskdefs.optional.http,HttpBasicAuth,Unutilized Abstraction
ant-ANT_15_B1,org.apache.tools.ant.taskdefs.optional.http,HttpDigestAuth,Unutilized Abstraction
ant-ANT_15_B1,org.apache.tools.ant.taskdefs.optional.http,HttpGet,Unutilized Abstraction
ant-ANT_15_B1,org.apache.tools.ant.taskdefs.optional.http,HttpHead,Unutilized Abstraction
ant-ANT_15_B1,org.apache.tools.ant.taskdefs.optional.http,HttpPost,Unutilized Abstraction
ant-ANT_15_B1,org.apache.tools.ant.taskdefs.optional.http,HttpTask,Unutilized Abstraction
ant-ANT_15_B1,org.apache.tools.ant.taskdefs.optional.http,HttpTask,Deficient Encapsulation
ant-ANT_15_B1,org.apache.tools.ant.taskdefs.optional.http,HttpTask,Insufficient Modularization
ant-ANT_15_B1,org.apache.tools.ant.taskdefs.optional.http,NullOutputStream,Unutilized Abstraction
ant-ANT_15_B1,org.apache.tools.ant.taskdefs.optional.http,SetProxy,Unutilized Abstraction
ant-ANT_15_B1,org.apache.tools.ant.taskdefs.optional.rjunit,ArrayEnumeration,Deficient Encapsulation
ant-ANT_15_B1,org.apache.tools.ant.taskdefs.optional.rjunit,BaseTestElement,Unutilized Abstraction
ant-ANT_15_B1,org.apache.tools.ant.taskdefs.optional.rjunit,BatchTestElement,Unutilized Abstraction
ant-ANT_15_B1,org.apache.tools.ant.taskdefs.optional.rjunit,ClientElement,Cyclic-Dependent Modularization
ant-ANT_15_B1,org.apache.tools.ant.taskdefs.optional.rjunit,CompoundEnumeration,Unutilized Abstraction
ant-ANT_15_B1,org.apache.tools.ant.taskdefs.optional.rjunit,KeepAliveOutputStream,Unutilized Abstraction
ant-ANT_15_B1,org.apache.tools.ant.taskdefs.optional.rjunit,OutputAttribute,Deficient Encapsulation
ant-ANT_15_B1,org.apache.tools.ant.taskdefs.optional.rjunit,RJUnitTask,Cyclic-Dependent Modularization
ant-ANT_15_B1,org.apache.tools.ant.taskdefs.optional.rjunit,ServerWorker,Unutilized Abstraction
ant-ANT_15_B1,org.apache.tools.ant.taskdefs.optional.rjunit,ServerElement,Cyclic-Dependent Modularization
ant-ANT_15_B1,org.apache.tools.ant.taskdefs.optional.rjunit,TestElement,Unutilized Abstraction
ant-ANT_15_B1,org.apache.tools.ant.taskdefs.optional.rjunit,WatchdogTest,Unutilized Abstraction
ant-ANT_15_B1,org.apache.tools.ant.taskdefs.optional.rjunit,RJUnitTaskTest,Unutilized Abstraction
ant-ANT_15_B1,org.apache.tools.ant.taskdefs.optional.rjunit,TestRunRecorder,Multifaceted Abstraction
ant-ANT_15_B1,org.apache.tools.ant.taskdefs.optional.rjunit,TestRunRecorder,Deficient Encapsulation
ant-ANT_15_B1,org.apache.tools.ant.taskdefs.optional.rjunit,ZipScannerTest,Unutilized Abstraction
ant-ANT_15_B1,org.apache.tools.ant.taskdefs.optional.rjunit.formatter,BaseFormatter,Unutilized Abstraction
ant-ANT_15_B1,org.apache.tools.ant.taskdefs.optional.rjunit.formatter,BaseStreamFormatter,Unutilized Abstraction
ant-ANT_15_B1,org.apache.tools.ant.taskdefs.optional.rjunit.formatter,BaseStreamFormatter,Deficient Encapsulation
ant-ANT_15_B1,org.apache.tools.ant.taskdefs.optional.rjunit.formatter,BriefFormatter,Unutilized Abstraction
ant-ANT_15_B1,org.apache.tools.ant.taskdefs.optional.rjunit.formatter,BriefFormatter,Broken Hierarchy
ant-ANT_15_B1,org.apache.tools.ant.taskdefs.optional.rjunit.formatter,FilterFormatter,Unutilized Abstraction
ant-ANT_15_B1,org.apache.tools.ant.taskdefs.optional.rjunit.formatter,FilterStackFormatter,Unutilized Abstraction
ant-ANT_15_B1,org.apache.tools.ant.taskdefs.optional.rjunit.formatter,PlainFormatter,Unutilized Abstraction
ant-ANT_15_B1,org.apache.tools.ant.taskdefs.optional.rjunit.formatter,SummaryFormatter,Unutilized Abstraction
ant-ANT_15_B1,org.apache.tools.ant.taskdefs.optional.rjunit.formatter,XMLFormatter,Unutilized Abstraction
ant-ANT_15_B1,org.apache.tools.ant.taskdefs.optional.rjunit.formatter,XMLFormatter,Deficient Encapsulation
ant-ANT_15_B1,org.apache.tools.ant.taskdefs.optional.rjunit.formatter,FilterStackFormatterTest,Unutilized Abstraction
ant-ANT_15_B1,org.apache.tools.ant.taskdefs.optional.rjunit.formatter,FormatterRecorder,Unutilized Abstraction
ant-ANT_15_B1,org.apache.tools.ant.taskdefs.optional.rjunit.remote,RunStartedAction,Unutilized Abstraction
ant-ANT_15_B1,org.apache.tools.ant.taskdefs.optional.rjunit.remote,RunEndedAction,Unutilized Abstraction
ant-ANT_15_B1,org.apache.tools.ant.taskdefs.optional.rjunit.remote,TestStartedAction,Unutilized Abstraction
ant-ANT_15_B1,org.apache.tools.ant.taskdefs.optional.rjunit.remote,TestEndedAction,Unutilized Abstraction
ant-ANT_15_B1,org.apache.tools.ant.taskdefs.optional.rjunit.remote,TestFailureAction,Unutilized Abstraction
ant-ANT_15_B1,org.apache.tools.ant.taskdefs.optional.rjunit.remote,TestErrorAction,Unutilized Abstraction
ant-ANT_15_B1,org.apache.tools.ant.taskdefs.optional.rjunit.remote,SuiteStartedAction,Unutilized Abstraction
ant-ANT_15_B1,org.apache.tools.ant.taskdefs.optional.rjunit.remote,SuiteEndedAction,Unutilized Abstraction
ant-ANT_15_B1,org.apache.tools.ant.taskdefs.optional.rjunit.remote,RunStoppedAction,Unutilized Abstraction
ant-ANT_15_B1,org.apache.tools.ant.taskdefs.optional.rjunit.remote,TestRunEvent,Deficient Encapsulation
ant-ANT_15_B1,org.apache.tools.ant.taskdefs.optional.rjunit.remote,StopThread,Unutilized Abstraction
ant-ANT_15_B1,org.apache.tools.ant.taskdefs.optional.rjunit.remote,MessageReaderTest,Unutilized Abstraction
ant-ANT_15_B1,org.apache.tools.ant.taskdefs.optional.rjunit.remote,NullTestCase,Unutilized Abstraction
ant-ANT_15_B1,org.apache.tools.ant.taskdefs.optional.rjunit.remote,NullTestSuite,Unutilized Abstraction
ant-ANT_15_B1,org.apache.tools.ant.taskdefs.optional.rjunit.remote,SimpleTestCase,Unutilized Abstraction
ant-ANT_15_B1,org.apache.tools.ant.taskdefs.optional.rjunit.remote,FailSetupTestSuite,Unutilized Abstraction
ant-ANT_15_B1,org.apache.tools.ant.taskdefs.optional.rjunit.remote,FailTestSetup,Unutilized Abstraction
ant-ANT_15_B1,org.apache.tools.ant.taskdefs.optional.rjunit.remote,TestRunnerTest,Unutilized Abstraction
ant-ANT_15_B1,org.apache.tools.ant.taskdefs.optional.rjunit.remote,TestRunnerTest,Deficient Encapsulation
ant-ANT_15_B1,org.apache.tools.ant.taskdefs.optional.rjunit.data,Test1,Unutilized Abstraction
ant-ANT_15_B1,org.apache.tools.ant.selectors,FileTypeSelector,Unutilized Abstraction
ant-ANT_15_B1,org.apache.tools.ant.xdoclet,AntXDocletTask,Unutilized Abstraction
ant-ANT_15_B1,org.apache.tools.ant.xdoclet,DatatypeSubTask,Deficient Encapsulation
ant-ANT_15_B1,org.apache.tools.ant.xdoclet,DatatypeSubTask,Cyclic-Dependent Modularization
ant-ANT_15_B1,org.apache.tools.ant.xdoclet,DatatypeTagsHandler,Cyclic-Dependent Modularization
ant-ANT_15_B1,org.apache.tools.ant.xdoclet,TaskSubTask,Deficient Encapsulation
ant-ANT_15_B1,org.apache.tools.ant.xdoclet,TaskSubTask,Cyclic-Dependent Modularization
ant-ANT_15_B1,org.apache.tools.ant.xdoclet,TaskTagsHandler,Deficient Encapsulation
ant-ANT_15_B1,org.apache.tools.ant.xdoclet,TaskTagsHandler,Cyclic-Dependent Modularization
ant-ANT_15_B1,(default package),Junk1,Unutilized Abstraction
ant-ANT_15_B1,(default package),Junk1,Deficient Encapsulation
ant-ANT_15_B1,(default package),Junk1,Unutilized Abstraction
ant-ANT_15_B1,(default package),Junk1,Deficient Encapsulation
ant-ANT_15_B1,(default package),Junk1,Unutilized Abstraction
ant-ANT_15_B1,(default package),Junk1,Deficient Encapsulation
ant-ANT_15_B1,(default package),Junk1,Unutilized Abstraction
ant-ANT_15_B1,(default package),Junk1,Deficient Encapsulation
ant-ANT_15_B1,(default package),Junk1,Unutilized Abstraction
ant-ANT_15_B1,(default package),Junk1,Deficient Encapsulation
ant-ANT_15_B1,(default package),Junk1,Unutilized Abstraction
ant-ANT_15_B1,(default package),Junk1,Deficient Encapsulation
ant-ANT_15_B1,(default package),Junk1,Unutilized Abstraction
ant-ANT_15_B1,(default package),Junk1,Deficient Encapsulation
ant-ANT_15_B1,(default package),Junk1,Unutilized Abstraction
ant-ANT_15_B1,(default package),Junk1,Deficient Encapsulation
ant-ANT_15_B1,(default package),Junk1,Unutilized Abstraction
ant-ANT_15_B1,(default package),Junk1,Deficient Encapsulation
ant-ANT_15_B1,(default package),Junk1,Unutilized Abstraction
ant-ANT_15_B1,(default package),Junk1,Deficient Encapsulation
ant-ANT_15_B1,(default package),Junk1,Unutilized Abstraction
ant-ANT_15_B1,(default package),Junk1,Deficient Encapsulation
ant-ANT_15_B1,(default package),Junk1,Unutilized Abstraction
ant-ANT_15_B1,(default package),Junk1,Deficient Encapsulation
ant-ANT_15_B1,(default package),Junk1,Unutilized Abstraction
ant-ANT_15_B1,(default package),Junk1,Deficient Encapsulation
ant-ANT_15_B1,(default package),Junk1,Unutilized Abstraction
ant-ANT_15_B1,(default package),Junk1,Deficient Encapsulation
ant-ANT_15_B1,(default package),Junk1,Unutilized Abstraction
ant-ANT_15_B1,(default package),Junk1,Deficient Encapsulation
ant-ANT_15_B1,(default package),Junk1,Unutilized Abstraction
ant-ANT_15_B1,(default package),Junk1,Deficient Encapsulation
ant-ANT_15_B1,(default package),Junk1,Unutilized Abstraction
ant-ANT_15_B1,(default package),Junk1,Deficient Encapsulation
ant-ANT_15_B1,(default package),Junk1,Unutilized Abstraction
ant-ANT_15_B1,(default package),Junk1,Deficient Encapsulation
ant-ANT_15_B1,(default package),A,Unnecessary Abstraction
ant-ANT_15_B1,(default package),A,Unutilized Abstraction
ant-ANT_15_B1,(default package),B,Unnecessary Abstraction
ant-ANT_15_B1,(default package),B,Unutilized Abstraction
ant-ANT_15_B1,(default package),C,Unnecessary Abstraction
ant-ANT_15_B1,(default package),C,Unutilized Abstraction
ant-ANT_15_B1,(default package),D,Unnecessary Abstraction
ant-ANT_15_B1,(default package),A,Unnecessary Abstraction
ant-ANT_15_B1,(default package),A,Unutilized Abstraction
ant-ANT_15_B1,(default package),Inner,Unnecessary Abstraction
ant-ANT_15_B1,(default package),Inner,Unutilized Abstraction
ant-ANT_15_B1,(default package),B,Unnecessary Abstraction
ant-ANT_15_B1,(default package),B,Unutilized Abstraction
ant-ANT_15_B1,(default package),A,Unnecessary Abstraction
ant-ANT_15_B1,(default package),A,Unutilized Abstraction
ant-ANT_15_B1,(default package),Inner,Unnecessary Abstraction
ant-ANT_15_B1,(default package),Inner,Unutilized Abstraction
ant-ANT_15_B1,(default package),Inner2,Unnecessary Abstraction
ant-ANT_15_B1,(default package),Inner2,Unutilized Abstraction
ant-ANT_15_B1,(default package),B,Unnecessary Abstraction
ant-ANT_15_B1,(default package),B,Unutilized Abstraction
ant-ANT_15_B1,(default package),A,Unnecessary Abstraction
ant-ANT_15_B1,(default package),A,Unutilized Abstraction
ant-ANT_15_B1,(default package),APrivate,Unnecessary Abstraction
ant-ANT_15_B1,(default package),APrivate,Unutilized Abstraction
ant-ANT_15_B1,(default package),B,Unnecessary Abstraction
ant-ANT_15_B1,(default package),B,Unutilized Abstraction
ant-ANT_15_B1,test,Outer,Unnecessary Abstraction
ant-ANT_15_B1,test,Outer,Unutilized Abstraction
ant-ANT_15_B1,test,Inner,Unnecessary Abstraction
ant-ANT_15_B1,test,Inner,Unutilized Abstraction
ant-ANT_15_B1,org.apache.tools.ant.filters,BaseFilterReader,Unutilized Abstraction
ant-ANT_15_B1,org.apache.tools.ant.filters,BaseParamFilterReader,Unutilized Abstraction
ant-ANT_15_B1,org.apache.tools.ant.filters,BaseParamFilterReader,Broken Hierarchy
ant-ANT_15_B1,org.apache.tools.ant.filters,ChainableReader,Unutilized Abstraction
ant-ANT_15_B1,org.apache.tools.ant.filters,ChainableReader,Wide Hierarchy
ant-ANT_15_B1,org.apache.tools.ant.filters,ClassConstants,Unutilized Abstraction
ant-ANT_15_B1,org.apache.tools.ant.filters,ExpandProperties,Unutilized Abstraction
ant-ANT_15_B1,org.apache.tools.ant.filters,HeadFilter,Unutilized Abstraction
ant-ANT_15_B1,org.apache.tools.ant.filters,HeadFilter,Broken Hierarchy
ant-ANT_15_B1,org.apache.tools.ant.filters,LineContains,Unutilized Abstraction
ant-ANT_15_B1,org.apache.tools.ant.filters,LineContains,Broken Hierarchy
ant-ANT_15_B1,org.apache.tools.ant.filters,LineContainsRegExp,Unutilized Abstraction
ant-ANT_15_B1,org.apache.tools.ant.filters,LineContainsRegExp,Broken Hierarchy
ant-ANT_15_B1,org.apache.tools.ant.filters,PrefixLines,Unutilized Abstraction
ant-ANT_15_B1,org.apache.tools.ant.filters,PrefixLines,Broken Hierarchy
ant-ANT_15_B1,org.apache.tools.ant.filters,ReplaceTokens,Unutilized Abstraction
ant-ANT_15_B1,org.apache.tools.ant.filters,ReplaceTokens,Broken Hierarchy
ant-ANT_15_B1,org.apache.tools.ant.filters,StripJavaComments,Unutilized Abstraction
ant-ANT_15_B1,org.apache.tools.ant.filters,StripLineBreaks,Unutilized Abstraction
ant-ANT_15_B1,org.apache.tools.ant.filters,StripLineBreaks,Broken Hierarchy
ant-ANT_15_B1,org.apache.tools.ant.filters,StripLineComments,Unutilized Abstraction
ant-ANT_15_B1,org.apache.tools.ant.filters,StripLineComments,Broken Hierarchy
ant-ANT_15_B1,org.apache.tools.ant.filters,TabsToSpaces,Unutilized Abstraction
ant-ANT_15_B1,org.apache.tools.ant.filters,TabsToSpaces,Broken Hierarchy
ant-ANT_15_B1,org.apache.tools.ant.filters,TailFilter,Unutilized Abstraction
ant-ANT_15_B1,org.apache.tools.ant.filters,TailFilter,Broken Hierarchy
ant-ANT_15_B1,org.apache.tools.ant.filters.util,ChainReaderHelper,Deficient Encapsulation
ant-ANT_15_B1,org.apache.tools.ant.filters.util,ChainReaderHelper,Cyclic-Dependent Modularization
ant-ANT_15_B1,org.apache.tools.ant.filters.util,JavaClassHelper,Unutilized Abstraction
ant-ANT_15_B1,org.apache.tools.ant.listener,AnsiColorLogger,Unutilized Abstraction
ant-ANT_15_B1,org.apache.tools.ant.listener,CommonsLoggingListener,Unutilized Abstraction
ant-ANT_15_B1,org.apache.tools.ant.listener,Log4jListener,Unutilized Abstraction
ant-ANT_15_B1,org.apache.tools.ant.listener,MailLogger,Unutilized Abstraction
ant-ANT_15_B1,org.apache.tools.ant.taskdefs.compilers,CompilerAdapter,Cyclic-Dependent Modularization
ant-ANT_15_B1,org.apache.tools.ant.taskdefs.compilers,DefaultCompilerAdapter,Unutilized Abstraction
ant-ANT_15_B1,org.apache.tools.ant.taskdefs.compilers,Gcj,Unutilized Abstraction
ant-ANT_15_B1,org.apache.tools.ant.taskdefs.compilers,Gcj,Broken Hierarchy
ant-ANT_15_B1,org.apache.tools.ant.taskdefs.compilers,Javac12,Unutilized Abstraction
ant-ANT_15_B1,org.apache.tools.ant.taskdefs.compilers,Javac12,Broken Hierarchy
ant-ANT_15_B1,org.apache.tools.ant.taskdefs.compilers,Javac13,Unutilized Abstraction
ant-ANT_15_B1,org.apache.tools.ant.taskdefs.compilers,Javac13,Broken Hierarchy
ant-ANT_15_B1,org.apache.tools.ant.taskdefs.compilers,JavacExternal,Unutilized Abstraction
ant-ANT_15_B1,org.apache.tools.ant.taskdefs.compilers,JavacExternal,Broken Hierarchy
ant-ANT_15_B1,org.apache.tools.ant.taskdefs.compilers,Jikes,Imperative Abstraction
ant-ANT_15_B1,org.apache.tools.ant.taskdefs.compilers,Jikes,Unutilized Abstraction
ant-ANT_15_B1,org.apache.tools.ant.taskdefs.compilers,Jikes,Broken Hierarchy
ant-ANT_15_B1,org.apache.tools.ant.taskdefs.compilers,Jvc,Unutilized Abstraction
ant-ANT_15_B1,org.apache.tools.ant.taskdefs.compilers,Jvc,Broken Hierarchy
ant-ANT_15_B1,org.apache.tools.ant.taskdefs.compilers,Kjc,Unutilized Abstraction
ant-ANT_15_B1,org.apache.tools.ant.taskdefs.compilers,Kjc,Broken Hierarchy
ant-ANT_15_B1,org.apache.tools.ant.taskdefs.compilers,Sj,Unutilized Abstraction
ant-ANT_15_B1,org.apache.tools.ant.taskdefs.compilers,Sj,Broken Hierarchy
ant-ANT_15_B1,org.apache.tools.ant.taskdefs.condition,And,Broken Hierarchy
ant-ANT_15_B1,org.apache.tools.ant.taskdefs.condition,Condition,Wide Hierarchy
ant-ANT_15_B1,org.apache.tools.ant.taskdefs.condition,ConditionBase,Unutilized Abstraction
ant-ANT_15_B1,org.apache.tools.ant.taskdefs.condition,Not,Broken Hierarchy
ant-ANT_15_B1,org.apache.tools.ant.taskdefs.condition,Or,Broken Hierarchy
ant-ANT_15_B1,org.apache.tools.ant.taskdefs.condition,ContainsTest,Unutilized Abstraction
ant-ANT_15_B1,org.apache.tools.ant.taskdefs.condition,EqualsTest,Unutilized Abstraction
ant-ANT_15_B1,org.apache.tools.ant.taskdefs.cvslib,ChangeLogTask,Unutilized Abstraction
ant-ANT_15_B1,org.apache.tools.ant.taskdefs.cvslib,CvsTagDiff,Unutilized Abstraction
ant-ANT_15_B1,org.apache.tools.ant.taskdefs.cvslib,RedirectingOutputStream,Unutilized Abstraction
ant-ANT_15_B1,org.apache.tools.ant.taskdefs.email,EmailTask,Unutilized Abstraction
ant-ANT_15_B1,org.apache.tools.ant.taskdefs.email,EmailTask,Deficient Encapsulation
ant-ANT_15_B1,org.apache.tools.ant.taskdefs.email,EmailTask,Insufficient Modularization
ant-ANT_15_B1,org.apache.tools.ant.taskdefs.email,Mailer,Multifaceted Abstraction
ant-ANT_15_B1,org.apache.tools.ant.taskdefs.email,MimeMailer,Imperative Abstraction
ant-ANT_15_B1,org.apache.tools.ant.taskdefs.email,PlainMailer,Unutilized Abstraction
ant-ANT_15_B1,org.apache.tools.ant.taskdefs.email,UUMailer,Unutilized Abstraction
ant-ANT_15_B1,org.apache.tools.ant.taskdefs.optional,ANTLR,Unutilized Abstraction
ant-ANT_15_B1,org.apache.tools.ant.taskdefs.optional,Cab,Unutilized Abstraction
ant-ANT_15_B1,org.apache.tools.ant.taskdefs.optional,EchoProperties,Unutilized Abstraction
ant-ANT_15_B1,org.apache.tools.ant.taskdefs.optional,IContract,Unutilized Abstraction
ant-ANT_15_B1,org.apache.tools.ant.taskdefs.optional,IContract,Insufficient Modularization
ant-ANT_15_B1,org.apache.tools.ant.taskdefs.optional,IContractPresenceDetector,Unutilized Abstraction
ant-ANT_15_B1,org.apache.tools.ant.taskdefs.optional,Javah,Unutilized Abstraction
ant-ANT_15_B1,org.apache.tools.ant.taskdefs.optional,Native2Ascii,Unutilized Abstraction
ant-ANT_15_B1,org.apache.tools.ant.taskdefs.optional,ExtMapper,Unutilized Abstraction
ant-ANT_15_B1,org.apache.tools.ant.taskdefs.optional,NetRexxC,Unutilized Abstraction
ant-ANT_15_B1,org.apache.tools.ant.taskdefs.optional,NetRexxC,Insufficient Modularization
ant-ANT_15_B1,org.apache.tools.ant.taskdefs.optional,PropertyFile,Deficient Encapsulation
ant-ANT_15_B1,org.apache.tools.ant.taskdefs.optional,PropertyFile,Cyclic-Dependent Modularization
ant-ANT_15_B1,org.apache.tools.ant.taskdefs.optional,PropertyFile,Insufficient Modularization
ant-ANT_15_B1,org.apache.tools.ant.taskdefs.optional,Entry,Deficient Encapsulation
ant-ANT_15_B1,org.apache.tools.ant.taskdefs.optional,Entry,Cyclic-Dependent Modularization
ant-ANT_15_B1,org.apache.tools.ant.taskdefs.optional,Operation,Deficient Encapsulation
ant-ANT_15_B1,org.apache.tools.ant.taskdefs.optional,Type,Deficient Encapsulation
ant-ANT_15_B1,org.apache.tools.ant.taskdefs.optional,RenameExtensions,Unutilized Abstraction
ant-ANT_15_B1,org.apache.tools.ant.taskdefs.optional,ReplaceRegExp,Unutilized Abstraction
ant-ANT_15_B1,org.apache.tools.ant.taskdefs.optional,Rpm,Unutilized Abstraction
ant-ANT_15_B1,org.apache.tools.ant.taskdefs.optional,Script,Unutilized Abstraction
ant-ANT_15_B1,org.apache.tools.ant.taskdefs.optional,StyleBook,Unutilized Abstraction
ant-ANT_15_B1,org.apache.tools.ant.taskdefs.optional,Test,Unutilized Abstraction
ant-ANT_15_B1,org.apache.tools.ant.taskdefs.optional,XMLValidateTask,Unutilized Abstraction
ant-ANT_15_B1,org.apache.tools.ant.taskdefs.optional,XalanLiaison,Unutilized Abstraction
ant-ANT_15_B1,org.apache.tools.ant.taskdefs.optional,XslpLiaison,Unutilized Abstraction
ant-ANT_15_B1,org.apache.tools.ant.taskdefs.optional,ANTLRTest,Unutilized Abstraction
ant-ANT_15_B1,org.apache.tools.ant.taskdefs.optional,CalcFileFilter,Unutilized Abstraction
ant-ANT_15_B1,org.apache.tools.ant.taskdefs.optional,AbstractXSLTLiaisonTest,Unutilized Abstraction
ant-ANT_15_B1,org.apache.tools.ant.taskdefs.optional,EchoPropertiesTest,Unutilized Abstraction
ant-ANT_15_B1,org.apache.tools.ant.taskdefs.optional,JspcTest,Unutilized Abstraction
ant-ANT_15_B1,org.apache.tools.ant.taskdefs.optional,PropertyFileTest,Unutilized Abstraction
ant-ANT_15_B1,org.apache.tools.ant.taskdefs.optional,PvcsTest,Unutilized Abstraction
ant-ANT_15_B1,org.apache.tools.ant.taskdefs.optional,ReplaceRegExpTest,Unutilized Abstraction
ant-ANT_15_B1,org.apache.tools.ant.taskdefs.optional,TraXLiaisonTest,Unutilized Abstraction
ant-ANT_15_B1,org.apache.tools.ant.taskdefs.optional,WsdlToDotnetTest,Unutilized Abstraction
ant-ANT_15_B1,org.apache.tools.ant.taskdefs.optional,XalanLiaisonTest,Unutilized Abstraction
ant-ANT_15_B1,org.apache.tools.ant.taskdefs.optional,XalanLiaisonTest,Broken Hierarchy
ant-ANT_15_B1,org.apache.tools.ant.taskdefs.optional,XmlValidateTest,Unutilized Abstraction
ant-ANT_15_B1,org.apache.tools.ant.taskdefs.optional,XslpLiaisonTest,Unutilized Abstraction
ant-ANT_15_B1,org.apache.tools.ant.taskdefs.optional,XslpLiaisonTest,Broken Hierarchy
ant-ANT_15_B1,org.apache.tools.ant.taskdefs.optional,XsltTest,Unutilized Abstraction
ant-ANT_15_B1,org.apache.tools.ant.taskdefs.optional.ccm,CCMCheck,Unutilized Abstraction
ant-ANT_15_B1,org.apache.tools.ant.taskdefs.optional.ccm,CCMCheck,Deficient Encapsulation
ant-ANT_15_B1,org.apache.tools.ant.taskdefs.optional.ccm,CCMCheck,Broken Hierarchy
ant-ANT_15_B1,org.apache.tools.ant.taskdefs.optional.ccm,CCMCheckin,Unutilized Abstraction
ant-ANT_15_B1,org.apache.tools.ant.taskdefs.optional.ccm,CCMCheckin,Broken Hierarchy
ant-ANT_15_B1,org.apache.tools.ant.taskdefs.optional.ccm,CCMCheckinDefault,Unutilized Abstraction
ant-ANT_15_B1,org.apache.tools.ant.taskdefs.optional.ccm,CCMCheckinDefault,Deficient Encapsulation
ant-ANT_15_B1,org.apache.tools.ant.taskdefs.optional.ccm,CCMCheckinDefault,Broken Hierarchy
ant-ANT_15_B1,org.apache.tools.ant.taskdefs.optional.ccm,CCMCheckout,Unutilized Abstraction
ant-ANT_15_B1,org.apache.tools.ant.taskdefs.optional.ccm,CCMCheckout,Broken Hierarchy
ant-ANT_15_B1,org.apache.tools.ant.taskdefs.optional.ccm,CCMCreateTask,Unutilized Abstraction
ant-ANT_15_B1,org.apache.tools.ant.taskdefs.optional.ccm,CCMCreateTask,Deficient Encapsulation
ant-ANT_15_B1,org.apache.tools.ant.taskdefs.optional.ccm,CCMCreateTask,Broken Hierarchy
ant-ANT_15_B1,org.apache.tools.ant.taskdefs.optional.ccm,CCMReconfigure,Unutilized Abstraction
ant-ANT_15_B1,org.apache.tools.ant.taskdefs.optional.ccm,CCMReconfigure,Deficient Encapsulation
ant-ANT_15_B1,org.apache.tools.ant.taskdefs.optional.ccm,CCMReconfigure,Broken Hierarchy
ant-ANT_15_B1,org.apache.tools.ant.taskdefs.optional.ccm,Continuus,Unutilized Abstraction
ant-ANT_15_B1,org.apache.tools.ant.taskdefs.optional.ccm,Continuus,Deficient Encapsulation
ant-ANT_15_B1,org.apache.tools.ant.taskdefs.optional.depend,AntAnalyzer,Unutilized Abstraction
ant-ANT_15_B1,org.apache.tools.ant.taskdefs.optional.depend,ClassFileIterator,Unutilized Abstraction
ant-ANT_15_B1,org.apache.tools.ant.taskdefs.optional.depend,Depend,Unutilized Abstraction
ant-ANT_15_B1,org.apache.tools.ant.taskdefs.optional.depend,Depend,Insufficient Modularization
ant-ANT_15_B1,org.apache.tools.ant.taskdefs.optional.depend,ClassFileInfo,Unnecessary Abstraction
ant-ANT_15_B1,org.apache.tools.ant.taskdefs.optional.depend,DirectoryIterator,Unutilized Abstraction
ant-ANT_15_B1,org.apache.tools.ant.taskdefs.optional.depend,JarFileIterator,Unutilized Abstraction
ant-ANT_15_B1,org.apache.tools.ant.taskdefs.optional.depend,DependTest,Unutilized Abstraction
ant-ANT_15_B1,org.apache.tools.ant.taskdefs.optional.depend,DependTest,Deficient Encapsulation
ant-ANT_15_B1,org.apache.tools.ant.taskdefs.optional.depend.constantpool,ClassCPInfo,Cyclic-Dependent Modularization
ant-ANT_15_B1,org.apache.tools.ant.taskdefs.optional.depend.constantpool,ConstantCPInfo,Broken Hierarchy
ant-ANT_15_B1,org.apache.tools.ant.taskdefs.optional.depend.constantpool,ConstantPool,Cyclic-Dependent Modularization
ant-ANT_15_B1,org.apache.tools.ant.taskdefs.optional.depend.constantpool,ConstantPoolEntry,Deficient Encapsulation
ant-ANT_15_B1,org.apache.tools.ant.taskdefs.optional.depend.constantpool,ConstantPoolEntry,Cyclic-Dependent Modularization
ant-ANT_15_B1,org.apache.tools.ant.taskdefs.optional.depend.constantpool,DoubleCPInfo,Unutilized Abstraction
ant-ANT_15_B1,org.apache.tools.ant.taskdefs.optional.depend.constantpool,DoubleCPInfo,Broken Hierarchy
ant-ANT_15_B1,org.apache.tools.ant.taskdefs.optional.depend.constantpool,FieldRefCPInfo,Cyclic-Dependent Modularization
ant-ANT_15_B1,org.apache.tools.ant.taskdefs.optional.depend.constantpool,FloatCPInfo,Unutilized Abstraction
ant-ANT_15_B1,org.apache.tools.ant.taskdefs.optional.depend.constantpool,FloatCPInfo,Broken Hierarchy
ant-ANT_15_B1,org.apache.tools.ant.taskdefs.optional.depend.constantpool,IntegerCPInfo,Unutilized Abstraction
ant-ANT_15_B1,org.apache.tools.ant.taskdefs.optional.depend.constantpool,IntegerCPInfo,Broken Hierarchy
ant-ANT_15_B1,org.apache.tools.ant.taskdefs.optional.depend.constantpool,InterfaceMethodRefCPInfo,Cyclic-Dependent Modularization
ant-ANT_15_B1,org.apache.tools.ant.taskdefs.optional.depend.constantpool,LongCPInfo,Unutilized Abstraction
ant-ANT_15_B1,org.apache.tools.ant.taskdefs.optional.depend.constantpool,LongCPInfo,Broken Hierarchy
ant-ANT_15_B1,org.apache.tools.ant.taskdefs.optional.depend.constantpool,MethodRefCPInfo,Cyclic-Dependent Modularization
ant-ANT_15_B1,org.apache.tools.ant.taskdefs.optional.depend.constantpool,NameAndTypeCPInfo,Cyclic-Dependent Modularization
ant-ANT_15_B1,org.apache.tools.ant.taskdefs.optional.depend.constantpool,StringCPInfo,Unutilized Abstraction
ant-ANT_15_B1,org.apache.tools.ant.taskdefs.optional.depend.constantpool,StringCPInfo,Broken Hierarchy
ant-ANT_15_B1,org.apache.tools.ant.taskdefs.optional.dotnet,CSharp,Unutilized Abstraction
ant-ANT_15_B1,org.apache.tools.ant.taskdefs.optional.dotnet,CSharp,Insufficient Modularization
ant-ANT_15_B1,org.apache.tools.ant.taskdefs.optional.dotnet,Ilasm,Unutilized Abstraction
ant-ANT_15_B1,org.apache.tools.ant.taskdefs.optional.dotnet,WsdlToDotnet,Unutilized Abstraction
ant-ANT_15_B1,org.apache.tools.ant.taskdefs.optional.ejb,BorlandDeploymentTool,Deficient Encapsulation
ant-ANT_15_B1,org.apache.tools.ant.taskdefs.optional.ejb,BorlandDeploymentTool,Broken Hierarchy
ant-ANT_15_B1,org.apache.tools.ant.taskdefs.optional.ejb,BorlandDeploymentTool,Cyclic-Dependent Modularization
ant-ANT_15_B1,org.apache.tools.ant.taskdefs.optional.ejb,DDCreator,Unutilized Abstraction
ant-ANT_15_B1,org.apache.tools.ant.taskdefs.optional.ejb,EJBDeploymentTool,Cyclic-Dependent Modularization
ant-ANT_15_B1,org.apache.tools.ant.taskdefs.optional.ejb,EjbJar,Deficient Encapsulation
ant-ANT_15_B1,org.apache.tools.ant.taskdefs.optional.ejb,EjbJar,Cyclic-Dependent Modularization
ant-ANT_15_B1,org.apache.tools.ant.taskdefs.optional.ejb,EjbJar,Insufficient Modularization
ant-ANT_15_B1,org.apache.tools.ant.taskdefs.optional.ejb,DTDLocation,Unnecessary Abstraction
ant-ANT_15_B1,org.apache.tools.ant.taskdefs.optional.ejb,Config,Deficient Encapsulation
ant-ANT_15_B1,org.apache.tools.ant.taskdefs.optional.ejb,Config,Broken Modularization
ant-ANT_15_B1,org.apache.tools.ant.taskdefs.optional.ejb,NamingScheme,Deficient Encapsulation
ant-ANT_15_B1,org.apache.tools.ant.taskdefs.optional.ejb,Ejbc,Unutilized Abstraction
ant-ANT_15_B1,org.apache.tools.ant.taskdefs.optional.ejb,Ejbc,Deficient Encapsulation
ant-ANT_15_B1,org.apache.tools.ant.taskdefs.optional.ejb,GenericDeploymentTool,Deficient Encapsulation
ant-ANT_15_B1,org.apache.tools.ant.taskdefs.optional.ejb,GenericDeploymentTool,Cyclic-Dependent Modularization
ant-ANT_15_B1,org.apache.tools.ant.taskdefs.optional.ejb,GenericDeploymentTool,Insufficient Modularization
ant-ANT_15_B1,org.apache.tools.ant.taskdefs.optional.ejb,IPlanetEjbc,Insufficient Modularization
ant-ANT_15_B1,org.apache.tools.ant.taskdefs.optional.ejb,EjbcException,Unutilized Abstraction
ant-ANT_15_B1,org.apache.tools.ant.taskdefs.optional.ejb,EjbInfo,Insufficient Modularization
ant-ANT_15_B1,org.apache.tools.ant.taskdefs.optional.ejb,IPlanetEjbcTask,Unutilized Abstraction
ant-ANT_15_B1,org.apache.tools.ant.taskdefs.optional.ejb,JonasDeploymentTool,Broken Hierarchy
ant-ANT_15_B1,org.apache.tools.ant.taskdefs.optional.ejb,JonasDeploymentTool,Cyclic-Dependent Modularization
ant-ANT_15_B1,org.apache.tools.ant.taskdefs.optional.ejb,WLRun,Unutilized Abstraction
ant-ANT_15_B1,org.apache.tools.ant.taskdefs.optional.ejb,WLStop,Unutilized Abstraction
ant-ANT_15_B1,org.apache.tools.ant.taskdefs.optional.ejb,WeblogicDeploymentTool,Deficient Encapsulation
ant-ANT_15_B1,org.apache.tools.ant.taskdefs.optional.ejb,WeblogicDeploymentTool,Cyclic-Dependent Modularization
ant-ANT_15_B1,org.apache.tools.ant.taskdefs.optional.ejb,WebsphereDeploymentTool,Deficient Encapsulation
ant-ANT_15_B1,org.apache.tools.ant.taskdefs.optional.ejb,WebsphereDeploymentTool,Cyclic-Dependent Modularization
ant-ANT_15_B1,org.apache.tools.ant.taskdefs.optional.ejb,WebsphereDeploymentTool,Insufficient Modularization
ant-ANT_15_B1,org.apache.tools.ant.taskdefs.optional.extension,Extension,Deficient Encapsulation
ant-ANT_15_B1,org.apache.tools.ant.taskdefs.optional.extension,JarLibAvailableTask,Unutilized Abstraction
ant-ANT_15_B1,org.apache.tools.ant.taskdefs.optional.extension,JarLibDisplayTask,Unutilized Abstraction
ant-ANT_15_B1,org.apache.tools.ant.taskdefs.optional.extension,JarLibManifestTask,Unutilized Abstraction
ant-ANT_15_B1,org.apache.tools.ant.taskdefs.optional.extension,JarLibResolveTask,Unutilized Abstraction
ant-ANT_15_B1,org.apache.tools.ant.taskdefs.optional.extension,Specification,Deficient Encapsulation
ant-ANT_15_B1,org.apache.tools.ant.taskdefs.optional.i18n,Translate,Unutilized Abstraction
ant-ANT_15_B1,org.apache.tools.ant.taskdefs.optional.ide,VAJAntTool,Cyclic-Dependent Modularization
ant-ANT_15_B1,org.apache.tools.ant.taskdefs.optional.ide,VAJAntToolGUI,Cyclic-Dependent Modularization
ant-ANT_15_B1,org.apache.tools.ant.taskdefs.optional.ide,VAJAntToolGUI,Insufficient Modularization
ant-ANT_15_B1,org.apache.tools.ant.taskdefs.optional.ide,VAJBuildInfo,Insufficient Modularization
ant-ANT_15_B1,org.apache.tools.ant.taskdefs.optional.ide,BuildInterruptedException,Unutilized Abstraction
ant-ANT_15_B1,org.apache.tools.ant.taskdefs.optional.ide,VAJExport,Unutilized Abstraction
ant-ANT_15_B1,org.apache.tools.ant.taskdefs.optional.ide,VAJExport,Broken Hierarchy
ant-ANT_15_B1,org.apache.tools.ant.taskdefs.optional.ide,VAJExportServlet,Deficient Encapsulation
ant-ANT_15_B1,org.apache.tools.ant.taskdefs.optional.ide,VAJImport,Unutilized Abstraction
ant-ANT_15_B1,org.apache.tools.ant.taskdefs.optional.ide,VAJImport,Broken Hierarchy
ant-ANT_15_B1,org.apache.tools.ant.taskdefs.optional.ide,VAJLoad,Unutilized Abstraction
ant-ANT_15_B1,org.apache.tools.ant.taskdefs.optional.ide,VAJLoad,Broken Hierarchy
ant-ANT_15_B1,org.apache.tools.ant.taskdefs.optional.ide,VAJLoadProjects,Unnecessary Abstraction
ant-ANT_15_B1,org.apache.tools.ant.taskdefs.optional.ide,VAJLoadProjects,Unutilized Abstraction
ant-ANT_15_B1,org.apache.tools.ant.taskdefs.optional.ide,VAJLoadServlet,Deficient Encapsulation
ant-ANT_15_B1,org.apache.tools.ant.taskdefs.optional.ide,VAJLocalUtil,Cyclic-Dependent Modularization
ant-ANT_15_B1,org.apache.tools.ant.taskdefs.optional.ide,VAJRemoteUtil,Unutilized Abstraction
ant-ANT_15_B1,org.apache.tools.ant.taskdefs.optional.ide,VAJLocalToolUtil,Unutilized Abstraction
ant-ANT_15_B1,org.apache.tools.ant.taskdefs.optional.ide,VAJLocalToolUtil,Broken Hierarchy
ant-ANT_15_B1,org.apache.tools.ant.taskdefs.optional.ide,VAJToolsServlet,Deficient Encapsulation
ant-ANT_15_B1,org.apache.tools.ant.taskdefs.optional.ide,VAJLocalServletUtil,Unutilized Abstraction
ant-ANT_15_B1,org.apache.tools.ant.taskdefs.optional.ide,VAJLocalServletUtil,Broken Hierarchy
ant-ANT_15_B1,org.apache.tools.ant.taskdefs.optional.ide,VAJUtil,Deficient Encapsulation
ant-ANT_15_B1,org.apache.tools.ant.taskdefs.optional.ide,VAJWorkspaceScanner,Cyclic-Dependent Modularization
ant-ANT_15_B1,org.apache.tools.ant.taskdefs.optional.j2ee,AbstractHotDeploymentTool,Unutilized Abstraction
ant-ANT_15_B1,org.apache.tools.ant.taskdefs.optional.j2ee,AbstractHotDeploymentTool,Rebellious Hierarchy
ant-ANT_15_B1,org.apache.tools.ant.taskdefs.optional.j2ee,GenericHotDeploymentTool,Unutilized Abstraction
ant-ANT_15_B1,org.apache.tools.ant.taskdefs.optional.j2ee,GenericHotDeploymentTool,Cyclic-Dependent Modularization
ant-ANT_15_B1,org.apache.tools.ant.taskdefs.optional.j2ee,HotDeploymentTool,Unutilized Abstraction
ant-ANT_15_B1,org.apache.tools.ant.taskdefs.optional.j2ee,HotDeploymentTool,Deficient Encapsulation
ant-ANT_15_B1,org.apache.tools.ant.taskdefs.optional.j2ee,JonasHotDeploymentTool,Multipath Hierarchy
ant-ANT_15_B1,org.apache.tools.ant.taskdefs.optional.j2ee,ServerDeploy,Cyclic-Dependent Modularization
ant-ANT_15_B1,org.apache.tools.ant.taskdefs.optional.j2ee,WebLogicHotDeploymentTool,Unutilized Abstraction
ant-ANT_15_B1,org.apache.tools.ant.taskdefs.optional.j2ee,WebLogicHotDeploymentTool,Multipath Hierarchy
ant-ANT_15_B1,org.apache.tools.ant.taskdefs.optional.j2ee,WebLogicHotDeploymentTool,Cyclic-Dependent Modularization
ant-ANT_15_B1,org.apache.tools.ant.taskdefs.optional.javacc,JJTree,Unutilized Abstraction
ant-ANT_15_B1,org.apache.tools.ant.taskdefs.optional.javacc,JavaCC,Insufficient Modularization
ant-ANT_15_B1,org.apache.tools.ant.taskdefs.optional.jdepend,JDependTask,Insufficient Modularization
ant-ANT_15_B1,org.apache.tools.ant.taskdefs.optional.jlink,ConstantPool,Unutilized Abstraction
ant-ANT_15_B1,org.apache.tools.ant.taskdefs.optional.jlink,JlinkTask,Unutilized Abstraction
ant-ANT_15_B1,org.apache.tools.ant.taskdefs.optional.jsp,JspC,Cyclic-Dependent Modularization
ant-ANT_15_B1,org.apache.tools.ant.taskdefs.optional.jsp,JspC,Insufficient Modularization
ant-ANT_15_B1,org.apache.tools.ant.taskdefs.optional.jsp,JspNameMangler,Deficient Encapsulation
ant-ANT_15_B1,org.apache.tools.ant.taskdefs.optional.jsp,WLJspc,Unutilized Abstraction
ant-ANT_15_B1,org.apache.tools.ant.taskdefs.optional.jsp.compilers,DefaultJspCompilerAdapter,Unutilized Abstraction
ant-ANT_15_B1,org.apache.tools.ant.taskdefs.optional.jsp.compilers,JasperC,Unutilized Abstraction
ant-ANT_15_B1,org.apache.tools.ant.taskdefs.optional.jsp.compilers,JasperC,Broken Hierarchy
ant-ANT_15_B1,org.apache.tools.ant.taskdefs.optional.jsp.compilers,JspCompilerAdapter,Cyclic-Dependent Modularization
ant-ANT_15_B1,org.apache.tools.ant.taskdefs.optional.junit,AggregateTransformer,Deficient Encapsulation
ant-ANT_15_B1,org.apache.tools.ant.taskdefs.optional.junit,AggregateTransformer,Cyclic-Dependent Modularization
ant-ANT_15_B1,org.apache.tools.ant.taskdefs.optional.junit,BaseTest,Unutilized Abstraction
ant-ANT_15_B1,org.apache.tools.ant.taskdefs.optional.junit,BatchTest,Unutilized Abstraction
ant-ANT_15_B1,org.apache.tools.ant.taskdefs.optional.junit,BatchTest,Broken Hierarchy
ant-ANT_15_B1,org.apache.tools.ant.taskdefs.optional.junit,BriefJUnitResultFormatter,Unutilized Abstraction
ant-ANT_15_B1,org.apache.tools.ant.taskdefs.optional.junit,ArrayEnumeration,Unutilized Abstraction
ant-ANT_15_B1,org.apache.tools.ant.taskdefs.optional.junit,CompoundEnumeration,Unutilized Abstraction
ant-ANT_15_B1,org.apache.tools.ant.taskdefs.optional.junit,FormatterElement,Cyclic-Dependent Modularization
ant-ANT_15_B1,org.apache.tools.ant.taskdefs.optional.junit,JUnitResultFormatter,Cyclic-Dependent Modularization
ant-ANT_15_B1,org.apache.tools.ant.taskdefs.optional.junit,JUnitTask,Unutilized Abstraction
ant-ANT_15_B1,org.apache.tools.ant.taskdefs.optional.junit,JUnitTask,Insufficient Modularization
ant-ANT_15_B1,org.apache.tools.ant.taskdefs.optional.junit,JUnitTest,Unutilized Abstraction
ant-ANT_15_B1,org.apache.tools.ant.taskdefs.optional.junit,JUnitTest,Broken Hierarchy
ant-ANT_15_B1,org.apache.tools.ant.taskdefs.optional.junit,JUnitTest,Cyclic-Dependent Modularization
ant-ANT_15_B1,org.apache.tools.ant.taskdefs.optional.junit,JUnitTestRunner,Deficient Encapsulation
ant-ANT_15_B1,org.apache.tools.ant.taskdefs.optional.junit,TeeOutputStream,Unutilized Abstraction
ant-ANT_15_B1,org.apache.tools.ant.taskdefs.optional.junit,PlainJUnitResultFormatter,Unutilized Abstraction
ant-ANT_15_B1,org.apache.tools.ant.taskdefs.optional.junit,XMLConstants,Unutilized Abstraction
ant-ANT_15_B1,org.apache.tools.ant.taskdefs.optional.junit,XMLConstants,Broken Modularization
ant-ANT_15_B1,org.apache.tools.ant.taskdefs.optional.junit,XMLJUnitResultFormatter,Broken Hierarchy
ant-ANT_15_B1,org.apache.tools.ant.taskdefs.optional.junit,XMLResultAggregator,Unutilized Abstraction
ant-ANT_15_B1,org.apache.tools.ant.taskdefs.optional.junit,XMLResultAggregator,Deficient Encapsulation
ant-ANT_15_B1,org.apache.tools.ant.taskdefs.optional.junit,XMLResultAggregator,Broken Hierarchy
ant-ANT_15_B1,org.apache.tools.ant.taskdefs.optional.junit,Xalan1Executor,Unutilized Abstraction
ant-ANT_15_B1,org.apache.tools.ant.taskdefs.optional.junit,Xalan2Executor,Unutilized Abstraction
ant-ANT_15_B1,org.apache.tools.ant.taskdefs.optional.junit,XalanExecutor,Cyclic-Dependent Modularization
ant-ANT_15_B1,org.apache.tools.ant.taskdefs.optional.junit,JUnitClassLoaderTest,Unutilized Abstraction
ant-ANT_15_B1,org.apache.tools.ant.taskdefs.optional.junit,JUnitTestRunnerTest,Insufficient Modularization
ant-ANT_15_B1,org.apache.tools.ant.taskdefs.optional.junit,NoTestCase,Unnecessary Abstraction
ant-ANT_15_B1,org.apache.tools.ant.taskdefs.optional.junit,NoTestCase,Unutilized Abstraction
ant-ANT_15_B1,org.apache.tools.ant.taskdefs.optional.junit,InvalidTestCase,Unutilized Abstraction
ant-ANT_15_B1,org.apache.tools.ant.taskdefs.optional.junit,NoSuiteTestCase,Unutilized Abstraction
ant-ANT_15_B1,org.apache.tools.ant.taskdefs.optional.junit,SuiteTestCase,Unutilized Abstraction
ant-ANT_15_B1,org.apache.tools.ant.taskdefs.optional.junit,SuiteTestCase,Broken Hierarchy
ant-ANT_15_B1,org.apache.tools.ant.taskdefs.optional.junit,InvalidSuiteTestCase,Unutilized Abstraction
ant-ANT_15_B1,org.apache.tools.ant.taskdefs.optional.junit,InvalidSuiteTestCase,Broken Hierarchy
ant-ANT_15_B1,org.apache.tools.ant.taskdefs.optional.metamata,AbstractMetamataTask,Unutilized Abstraction
ant-ANT_15_B1,org.apache.tools.ant.taskdefs.optional.metamata,MAudit,Unutilized Abstraction
ant-ANT_15_B1,org.apache.tools.ant.taskdefs.optional.metamata,MAudit,Broken Hierarchy
ant-ANT_15_B1,org.apache.tools.ant.taskdefs.optional.metamata,Violation,Unnecessary Abstraction
ant-ANT_15_B1,org.apache.tools.ant.taskdefs.optional.metamata,MMetrics,Unutilized Abstraction
ant-ANT_15_B1,org.apache.tools.ant.taskdefs.optional.metamata,MMetrics,Broken Hierarchy
ant-ANT_15_B1,org.apache.tools.ant.taskdefs.optional.metamata,MMetricsStreamHandler,Unutilized Abstraction
ant-ANT_15_B1,org.apache.tools.ant.taskdefs.optional.metamata,MAuditParserTest,Unutilized Abstraction
ant-ANT_15_B1,org.apache.tools.ant.taskdefs.optional.net,FTP,Unutilized Abstraction
ant-ANT_15_B1,org.apache.tools.ant.taskdefs.optional.net,FTP,Insufficient Modularization
ant-ANT_15_B1,org.apache.tools.ant.taskdefs.optional.net,FTPDirectoryScanner,Unutilized Abstraction
ant-ANT_15_B1,org.apache.tools.ant.taskdefs.optional.net,MimeMail,Unutilized Abstraction
ant-ANT_15_B1,org.apache.tools.ant.taskdefs.optional.net,SetProxy,Unutilized Abstraction
ant-ANT_15_B1,org.apache.tools.ant.taskdefs.optional.net,TelnetTask,Unutilized Abstraction
ant-ANT_15_B1,org.apache.tools.ant.taskdefs.optional.net,TelnetTask,Insufficient Modularization
ant-ANT_15_B1,org.apache.tools.ant.taskdefs.optional.net,TelnetWrite,Unutilized Abstraction
ant-ANT_15_B1,org.apache.tools.ant.taskdefs.optional.net,TelnetRead,Unutilized Abstraction
ant-ANT_15_B1,org.apache.tools.ant.taskdefs.optional.perforce,P4Add,Unutilized Abstraction
ant-ANT_15_B1,org.apache.tools.ant.taskdefs.optional.perforce,P4Add,Broken Hierarchy
ant-ANT_15_B1,org.apache.tools.ant.taskdefs.optional.perforce,P4Base,Wide Hierarchy
ant-ANT_15_B1,org.apache.tools.ant.taskdefs.optional.perforce,P4Change,Broken Hierarchy
ant-ANT_15_B1,org.apache.tools.ant.taskdefs.optional.perforce,P4Counter,Unutilized Abstraction
ant-ANT_15_B1,org.apache.tools.ant.taskdefs.optional.perforce,P4Counter,Deficient Encapsulation
ant-ANT_15_B1,org.apache.tools.ant.taskdefs.optional.perforce,P4Counter,Broken Hierarchy
ant-ANT_15_B1,org.apache.tools.ant.taskdefs.optional.perforce,P4Delete,Unutilized Abstraction
ant-ANT_15_B1,org.apache.tools.ant.taskdefs.optional.perforce,P4Delete,Deficient Encapsulation
ant-ANT_15_B1,org.apache.tools.ant.taskdefs.optional.perforce,P4Delete,Broken Hierarchy
ant-ANT_15_B1,org.apache.tools.ant.taskdefs.optional.perforce,P4Edit,Unutilized Abstraction
ant-ANT_15_B1,org.apache.tools.ant.taskdefs.optional.perforce,P4Edit,Deficient Encapsulation
ant-ANT_15_B1,org.apache.tools.ant.taskdefs.optional.perforce,P4Edit,Broken Hierarchy
ant-ANT_15_B1,org.apache.tools.ant.taskdefs.optional.perforce,P4HandlerAdapter,Unutilized Abstraction
ant-ANT_15_B1,org.apache.tools.ant.taskdefs.optional.perforce,P4HandlerAdapter,Rebellious Hierarchy
ant-ANT_15_B1,org.apache.tools.ant.taskdefs.optional.perforce,P4Have,Unutilized Abstraction
ant-ANT_15_B1,org.apache.tools.ant.taskdefs.optional.perforce,P4Have,Broken Hierarchy
ant-ANT_15_B1,org.apache.tools.ant.taskdefs.optional.perforce,P4Label,Unutilized Abstraction
ant-ANT_15_B1,org.apache.tools.ant.taskdefs.optional.perforce,P4Label,Broken Hierarchy
ant-ANT_15_B1,org.apache.tools.ant.taskdefs.optional.perforce,P4OutputHandler,Unutilized Abstraction
ant-ANT_15_B1,org.apache.tools.ant.taskdefs.optional.perforce,P4Reopen,Unutilized Abstraction
ant-ANT_15_B1,org.apache.tools.ant.taskdefs.optional.perforce,P4Reopen,Broken Hierarchy
ant-ANT_15_B1,org.apache.tools.ant.taskdefs.optional.perforce,P4Revert,Unutilized Abstraction
ant-ANT_15_B1,org.apache.tools.ant.taskdefs.optional.perforce,P4Revert,Broken Hierarchy
ant-ANT_15_B1,org.apache.tools.ant.taskdefs.optional.perforce,P4Submit,Unutilized Abstraction
ant-ANT_15_B1,org.apache.tools.ant.taskdefs.optional.perforce,P4Submit,Deficient Encapsulation
ant-ANT_15_B1,org.apache.tools.ant.taskdefs.optional.perforce,P4Submit,Broken Hierarchy
ant-ANT_15_B1,org.apache.tools.ant.taskdefs.optional.perforce,P4Sync,Unutilized Abstraction
ant-ANT_15_B1,org.apache.tools.ant.taskdefs.optional.perforce,P4Sync,Broken Hierarchy
ant-ANT_15_B1,org.apache.tools.ant.taskdefs.optional.perforce,SimpleP4OutputHandler,Unutilized Abstraction
ant-ANT_15_B1,org.apache.tools.ant.taskdefs.optional.perforce,P4ChangeTest,Unutilized Abstraction
ant-ANT_15_B1,org.apache.tools.ant.taskdefs.optional.pvcs,Pvcs,Unutilized Abstraction
ant-ANT_15_B1,org.apache.tools.ant.taskdefs.optional.pvcs,Pvcs,Insufficient Modularization
ant-ANT_15_B1,org.apache.tools.ant.taskdefs.optional.scm,AntStarTeamCheckOut,Deficient Encapsulation
ant-ANT_15_B1,org.apache.tools.ant.taskdefs.optional.scm,AntStarTeamCheckOut,Insufficient Modularization
ant-ANT_15_B1,org.apache.tools.ant.taskdefs.optional.sitraka,CovMerge,Unutilized Abstraction
ant-ANT_15_B1,org.apache.tools.ant.taskdefs.optional.sitraka,CovReport,Cyclic-Dependent Modularization
ant-ANT_15_B1,org.apache.tools.ant.taskdefs.optional.sitraka,Reference,Cyclic-Dependent Modularization
ant-ANT_15_B1,org.apache.tools.ant.taskdefs.optional.sitraka,Coverage,Unutilized Abstraction
ant-ANT_15_B1,org.apache.tools.ant.taskdefs.optional.sitraka,Coverage,Insufficient Modularization
ant-ANT_15_B1,org.apache.tools.ant.taskdefs.optional.sitraka,Finalsnapshot,Unutilized Abstraction
ant-ANT_15_B1,org.apache.tools.ant.taskdefs.optional.sitraka,CoverageStreamHandler,Unutilized Abstraction
ant-ANT_15_B1,org.apache.tools.ant.taskdefs.optional.sitraka,Filters,Deficient Encapsulation
ant-ANT_15_B1,org.apache.tools.ant.taskdefs.optional.sitraka,ReportFilters,Unexploited Encapsulation
ant-ANT_15_B1,org.apache.tools.ant.taskdefs.optional.sitraka,ReportFilters,Missing Hierarchy
ant-ANT_15_B1,org.apache.tools.ant.taskdefs.optional.sitraka,FilterElement,Unutilized Abstraction
ant-ANT_15_B1,org.apache.tools.ant.taskdefs.optional.sitraka,Include,Unnecessary Abstraction
ant-ANT_15_B1,org.apache.tools.ant.taskdefs.optional.sitraka,Include,Unutilized Abstraction
ant-ANT_15_B1,org.apache.tools.ant.taskdefs.optional.sitraka,Exclude,Unnecessary Abstraction
ant-ANT_15_B1,org.apache.tools.ant.taskdefs.optional.sitraka,Exclude,Unutilized Abstraction
ant-ANT_15_B1,org.apache.tools.ant.taskdefs.optional.sitraka,ClassFileTest,Unutilized Abstraction
ant-ANT_15_B1,org.apache.tools.ant.taskdefs.optional.sitraka,ClassTest,Unutilized Abstraction
ant-ANT_15_B1,org.apache.tools.ant.taskdefs.optional.sitraka,ClassPathLoaderTest,Unutilized Abstraction
ant-ANT_15_B1,org.apache.tools.ant.taskdefs.optional.sitraka,XMLReportTest,Unutilized Abstraction
ant-ANT_15_B1,org.apache.tools.ant.taskdefs.optional.sitraka.bytecode,ClassPathLoader,Deficient Encapsulation
ant-ANT_15_B1,org.apache.tools.ant.taskdefs.optional.sitraka.bytecode,LoaderEnumeration,Unutilized Abstraction
ant-ANT_15_B1,org.apache.tools.ant.taskdefs.optional.sitraka.bytecode,NullLoader,Unutilized Abstraction
ant-ANT_15_B1,org.apache.tools.ant.taskdefs.optional.sitraka.bytecode,JarLoader,Unutilized Abstraction
ant-ANT_15_B1,org.apache.tools.ant.taskdefs.optional.sitraka.bytecode,DirectoryFilter,Unutilized Abstraction
ant-ANT_15_B1,org.apache.tools.ant.taskdefs.optional.sitraka.bytecode,ClassFilter,Unutilized Abstraction
ant-ANT_15_B1,org.apache.tools.ant.taskdefs.optional.sitraka.bytecode,Utils,Deficient Encapsulation
ant-ANT_15_B1,org.apache.tools.ant.taskdefs.optional.sitraka.bytecode,Utils,Insufficient Modularization
ant-ANT_15_B1,org.apache.tools.ant.taskdefs.optional.sitraka.bytecode.attributes,AttributeInfo,Broken Modularization
ant-ANT_15_B1,org.apache.tools.ant.taskdefs.optional.sos,SOS,Unutilized Abstraction
ant-ANT_15_B1,org.apache.tools.ant.taskdefs.optional.sos,SOS,Insufficient Modularization
ant-ANT_15_B1,org.apache.tools.ant.taskdefs.optional.sos,SOSCheckin,Unutilized Abstraction
ant-ANT_15_B1,org.apache.tools.ant.taskdefs.optional.sos,SOSCheckin,Broken Hierarchy
ant-ANT_15_B1,org.apache.tools.ant.taskdefs.optional.sos,SOSCheckout,Unutilized Abstraction
ant-ANT_15_B1,org.apache.tools.ant.taskdefs.optional.sos,SOSCheckout,Broken Hierarchy
ant-ANT_15_B1,org.apache.tools.ant.taskdefs.optional.sos,SOSCmd,Broken Modularization
ant-ANT_15_B1,org.apache.tools.ant.taskdefs.optional.sos,SOSGet,Unutilized Abstraction
ant-ANT_15_B1,org.apache.tools.ant.taskdefs.optional.sos,SOSGet,Broken Hierarchy
ant-ANT_15_B1,org.apache.tools.ant.taskdefs.optional.sos,SOSLabel,Unutilized Abstraction
ant-ANT_15_B1,org.apache.tools.ant.taskdefs.optional.sos,SOSLabel,Broken Hierarchy
ant-ANT_15_B1,org.apache.tools.ant.taskdefs.optional.sos,SOSTest,Unutilized Abstraction
ant-ANT_15_B1,org.apache.tools.ant.taskdefs.optional.sound,SoundTask,Unutilized Abstraction
ant-ANT_15_B1,org.apache.tools.ant.taskdefs.optional.splash,SplashTask,Unutilized Abstraction
ant-ANT_15_B1,org.apache.tools.ant.taskdefs.optional.starteam,StarTeamCheckin,Unutilized Abstraction
ant-ANT_15_B1,org.apache.tools.ant.taskdefs.optional.starteam,StarTeamCheckin,Broken Hierarchy
ant-ANT_15_B1,org.apache.tools.ant.taskdefs.optional.starteam,StarTeamCheckout,Unutilized Abstraction
ant-ANT_15_B1,org.apache.tools.ant.taskdefs.optional.starteam,StarTeamCheckout,Broken Hierarchy
ant-ANT_15_B1,org.apache.tools.ant.taskdefs.optional.starteam,StarTeamLabel,Unutilized Abstraction
ant-ANT_15_B1,org.apache.tools.ant.taskdefs.optional.starteam,StarTeamLabel,Broken Hierarchy
ant-ANT_15_B1,org.apache.tools.ant.taskdefs.optional.starteam,StarTeamList,Unutilized Abstraction
ant-ANT_15_B1,org.apache.tools.ant.taskdefs.optional.starteam,StarTeamList,Broken Hierarchy
ant-ANT_15_B1,org.apache.tools.ant.taskdefs.optional.starteam,StarTeamTask,Unutilized Abstraction
ant-ANT_15_B1,org.apache.tools.ant.taskdefs.optional.starteam,TreeBasedTask,Unutilized Abstraction
ant-ANT_15_B1,org.apache.tools.ant.taskdefs.optional.starteam,TreeBasedTask,Deficient Encapsulation
ant-ANT_15_B1,org.apache.tools.ant.taskdefs.optional.starteam,TreeBasedTask,Broken Hierarchy
ant-ANT_15_B1,org.apache.tools.ant.taskdefs.optional.vss,MSVSS,Unutilized Abstraction
ant-ANT_15_B1,org.apache.tools.ant.taskdefs.optional.vss,MSVSS,Deficient Encapsulation
ant-ANT_15_B1,org.apache.tools.ant.taskdefs.optional.vss,MSVSSADD,Unutilized Abstraction
ant-ANT_15_B1,org.apache.tools.ant.taskdefs.optional.vss,MSVSSADD,Broken Hierarchy
ant-ANT_15_B1,org.apache.tools.ant.taskdefs.optional.vss,MSVSSCHECKIN,Unutilized Abstraction
ant-ANT_15_B1,org.apache.tools.ant.taskdefs.optional.vss,MSVSSCHECKIN,Broken Hierarchy
ant-ANT_15_B1,org.apache.tools.ant.taskdefs.optional.vss,MSVSSCHECKOUT,Unutilized Abstraction
ant-ANT_15_B1,org.apache.tools.ant.taskdefs.optional.vss,MSVSSCHECKOUT,Broken Hierarchy
ant-ANT_15_B1,org.apache.tools.ant.taskdefs.optional.vss,MSVSSCP,Unutilized Abstraction
ant-ANT_15_B1,org.apache.tools.ant.taskdefs.optional.vss,MSVSSCP,Broken Hierarchy
ant-ANT_15_B1,org.apache.tools.ant.taskdefs.optional.vss,MSVSSCREATE,Unutilized Abstraction
ant-ANT_15_B1,org.apache.tools.ant.taskdefs.optional.vss,MSVSSCREATE,Broken Hierarchy
ant-ANT_15_B1,org.apache.tools.ant.taskdefs.optional.vss,MSVSSGET,Unutilized Abstraction
ant-ANT_15_B1,org.apache.tools.ant.taskdefs.optional.vss,MSVSSGET,Broken Hierarchy
ant-ANT_15_B1,org.apache.tools.ant.taskdefs.optional.vss,MSVSSHISTORY,Unutilized Abstraction
ant-ANT_15_B1,org.apache.tools.ant.taskdefs.optional.vss,MSVSSHISTORY,Deficient Encapsulation
ant-ANT_15_B1,org.apache.tools.ant.taskdefs.optional.vss,MSVSSHISTORY,Broken Hierarchy
ant-ANT_15_B1,org.apache.tools.ant.taskdefs.optional.vss,MSVSSLABEL,Unutilized Abstraction
ant-ANT_15_B1,org.apache.tools.ant.taskdefs.optional.vss,MSVSSLABEL,Deficient Encapsulation
ant-ANT_15_B1,org.apache.tools.ant.taskdefs.optional.vss,MSVSSLABEL,Broken Hierarchy
ant-ANT_15_B1,org.apache.tools.ant.taskdefs.rmic,DefaultRmicAdapter,Unutilized Abstraction
ant-ANT_15_B1,org.apache.tools.ant.taskdefs.rmic,RmicFileNameMapper,Unutilized Abstraction
ant-ANT_15_B1,org.apache.tools.ant.taskdefs.rmic,KaffeRmic,Unutilized Abstraction
ant-ANT_15_B1,org.apache.tools.ant.taskdefs.rmic,KaffeRmic,Broken Hierarchy
ant-ANT_15_B1,org.apache.tools.ant.taskdefs.rmic,RmicAdapter,Cyclic-Dependent Modularization
ant-ANT_15_B1,org.apache.tools.ant.taskdefs.rmic,SunRmic,Unutilized Abstraction
ant-ANT_15_B1,org.apache.tools.ant.taskdefs.rmic,SunRmic,Broken Hierarchy
ant-ANT_15_B1,org.apache.tools.ant.taskdefs.rmic,WLRmic,Unutilized Abstraction
ant-ANT_15_B1,org.apache.tools.ant.taskdefs.rmic,WLRmic,Broken Hierarchy
ant-ANT_15_B1,org.apache.tools.ant.types.optional.depend,DependScanner,Deficient Encapsulation
ant-ANT_15_B1,org.apache.tools.ant.types.optional.depend,ClassFileSetTest,Unutilized Abstraction
ant-ANT_15_B1,org.apache.tools.ant.types.optional.depend,ClassFileSetTest,Deficient Encapsulation
ant-ANT_15_B1,org.apache.tools.ant.types.selectors,AndSelector,Unutilized Abstraction
ant-ANT_15_B1,org.apache.tools.ant.types.selectors,BaseExtendSelector,Unutilized Abstraction
ant-ANT_15_B1,org.apache.tools.ant.types.selectors,BaseExtendSelector,Broken Hierarchy
ant-ANT_15_B1,org.apache.tools.ant.types.selectors,BaseExtendSelector,Rebellious Hierarchy
ant-ANT_15_B1,org.apache.tools.ant.types.selectors,BaseSelector,Unutilized Abstraction
ant-ANT_15_B1,org.apache.tools.ant.types.selectors,BaseSelector,Rebellious Hierarchy
ant-ANT_15_B1,org.apache.tools.ant.types.selectors,BaseSelectorContainer,Unutilized Abstraction
ant-ANT_15_B1,org.apache.tools.ant.types.selectors,BaseSelectorContainer,Rebellious Hierarchy
ant-ANT_15_B1,org.apache.tools.ant.types.selectors,BaseSelectorContainer,Insufficient Modularization
ant-ANT_15_B1,org.apache.tools.ant.types.selectors,ContainsSelector,Unutilized Abstraction
ant-ANT_15_B1,org.apache.tools.ant.types.selectors,ContainsSelector,Deficient Encapsulation
ant-ANT_15_B1,org.apache.tools.ant.types.selectors,DateSelector,Unutilized Abstraction
ant-ANT_15_B1,org.apache.tools.ant.types.selectors,DateSelector,Deficient Encapsulation
ant-ANT_15_B1,org.apache.tools.ant.types.selectors,DependSelector,Unutilized Abstraction
ant-ANT_15_B1,org.apache.tools.ant.types.selectors,DepthSelector,Unutilized Abstraction
ant-ANT_15_B1,org.apache.tools.ant.types.selectors,DepthSelector,Deficient Encapsulation
ant-ANT_15_B1,org.apache.tools.ant.types.selectors,ExtendFileSelector,Unnecessary Abstraction
ant-ANT_15_B1,org.apache.tools.ant.types.selectors,ExtendSelector,Unutilized Abstraction
ant-ANT_15_B1,org.apache.tools.ant.types.selectors,FilenameSelector,Unutilized Abstraction
ant-ANT_15_B1,org.apache.tools.ant.types.selectors,FilenameSelector,Deficient Encapsulation
ant-ANT_15_B1,org.apache.tools.ant.types.selectors,MajoritySelector,Unutilized Abstraction
ant-ANT_15_B1,org.apache.tools.ant.types.selectors,NoneSelector,Unutilized Abstraction
ant-ANT_15_B1,org.apache.tools.ant.types.selectors,OrSelector,Unutilized Abstraction
ant-ANT_15_B1,org.apache.tools.ant.types.selectors,PresentSelector,Unutilized Abstraction
ant-ANT_15_B1,org.apache.tools.ant.types.selectors,SelectorContainer,Unutilized Abstraction
ant-ANT_15_B1,org.apache.tools.ant.types.selectors,SelectorScanner,Unutilized Abstraction
ant-ANT_15_B1,org.apache.tools.ant.types.selectors,SizeSelector,Unutilized Abstraction
ant-ANT_15_B1,org.apache.tools.ant.types.selectors,SizeSelector,Deficient Encapsulation
ant-ANT_15_B1,org.apache.tools.ant.util,DateUtils,Deficient Encapsulation
ant-ANT_15_B1,org.apache.tools.ant.util,FileUtils,Cyclic-Dependent Modularization
ant-ANT_15_B1,org.apache.tools.ant.util,FileUtils,Insufficient Modularization
ant-ANT_15_B1,org.apache.tools.ant.util,FlatFileNameMapper,Unutilized Abstraction
ant-ANT_15_B1,org.apache.tools.ant.util,IdentityMapper,Unutilized Abstraction
ant-ANT_15_B1,org.apache.tools.ant.util,JavaEnvUtils,Deficient Encapsulation
ant-ANT_15_B1,org.apache.tools.ant.util,JavaEnvUtils,Cyclic-Dependent Modularization
ant-ANT_15_B1,org.apache.tools.ant.util,KeepAliveOutputStream,Unutilized Abstraction
ant-ANT_15_B1,org.apache.tools.ant.util,RegexpPatternMapper,Unutilized Abstraction
ant-ANT_15_B1,org.apache.tools.ant.util,StringUtils,Deficient Encapsulation
ant-ANT_15_B1,org.apache.tools.ant.util,TaskLogger,Unutilized Abstraction
ant-ANT_15_B1,org.apache.tools.ant.util,TimeoutObserver,Cyclic-Dependent Modularization
ant-ANT_15_B1,org.apache.tools.ant.util,Watchdog,Cyclic-Dependent Modularization
ant-ANT_15_B1,org.apache.tools.ant.util,DOMElementWriterTest,Unutilized Abstraction
ant-ANT_15_B1,org.apache.tools.ant.util,DateUtilsTest,Unutilized Abstraction
ant-ANT_15_B1,org.apache.tools.ant.util,FileUtilsTest,Unutilized Abstraction
ant-ANT_15_B1,org.apache.tools.ant.util,GlobPatternMapperTest,Unutilized Abstraction
ant-ANT_15_B1,org.apache.tools.ant.util,JavaEnvUtilsTest,Unutilized Abstraction
ant-ANT_15_B1,org.apache.tools.ant.util,PackageNameMapperTest,Unutilized Abstraction
ant-ANT_15_B1,org.apache.tools.ant.util,StringUtilsTest,Unutilized Abstraction
ant-ANT_15_B1,org.apache.tools.ant.util.depend,AbstractAnalyzer,Unutilized Abstraction
ant-ANT_15_B1,org.apache.tools.ant.util.depend,AbstractAnalyzer,Deficient Encapsulation
ant-ANT_15_B1,org.apache.tools.ant.util.depend.bcel,AncestorAnalyzer,Unutilized Abstraction
ant-ANT_15_B1,org.apache.tools.ant.util.depend.bcel,FullAnalyzer,Unutilized Abstraction
ant-ANT_15_B1,org.apache.tools.ant.util.facade,FacadeTaskHelperTest,Unutilized Abstraction
ant-ANT_15_B1,org.apache.tools.ant.util.facade,ImplementationSpecificArgumentTest,Unutilized Abstraction
ant-ANT_15_B1,org.apache.tools.ant.util.optional,NoExitSecurityManager,Unutilized Abstraction
ant-ANT_15_B1,org.apache.tools.ant.util.regexp,JakartaOroMatcher,Unutilized Abstraction
ant-ANT_15_B1,org.apache.tools.ant.util.regexp,JakartaOroRegexp,Unutilized Abstraction
ant-ANT_15_B1,org.apache.tools.ant.util.regexp,JakartaOroRegexp,Broken Hierarchy
ant-ANT_15_B1,org.apache.tools.ant.util.regexp,JakartaRegexpMatcher,Unutilized Abstraction
ant-ANT_15_B1,org.apache.tools.ant.util.regexp,JakartaRegexpRegexp,Unutilized Abstraction
ant-ANT_15_B1,org.apache.tools.ant.util.regexp,JakartaRegexpRegexp,Broken Hierarchy
ant-ANT_15_B1,org.apache.tools.ant.util.regexp,Jdk14RegexpMatcher,Unutilized Abstraction
ant-ANT_15_B1,org.apache.tools.ant.util.regexp,Jdk14RegexpRegexp,Unutilized Abstraction
ant-ANT_15_B1,org.apache.tools.ant.util.regexp,Jdk14RegexpRegexp,Broken Hierarchy
ant-ANT_15_B1,org.apache.tools.ant.util.regexp,RegexpFactory,Broken Hierarchy
ant-ANT_15_B1,org.apache.tools.ant.util.regexp,JakartaOroMatcherTest,Unutilized Abstraction
ant-ANT_15_B1,org.apache.tools.ant.util.regexp,JakartaOroRegexpTest,Unutilized Abstraction
ant-ANT_15_B1,org.apache.tools.ant.util.regexp,JakartaRegexpMatcherTest,Unutilized Abstraction
ant-ANT_15_B1,org.apache.tools.ant.util.regexp,JakartaRegexpRegexpTest,Unutilized Abstraction
ant-ANT_15_B1,org.apache.tools.ant.util.regexp,Jdk14RegexpMatcherTest,Unutilized Abstraction
ant-ANT_15_B1,org.apache.tools.ant.util.regexp,Jdk14RegexpRegexpTest,Unutilized Abstraction
ant-ANT_15_B1,org.apache.tools.ant.util.regexp,RegexpMatcherTest,Unutilized Abstraction
ant-ANT_15_B1,org.apache.tools.ant.util.regexp,RegexpMatcherTest,Deficient Encapsulation
ant-ANT_15_B1,org.apache.tools.ant.util.regexp,RegexpTest,Unutilized Abstraction
ant-ANT_15_B1,org.apache.tools.bzip2,BZip2Constants,Unutilized Abstraction
ant-ANT_15_B1,org.apache.tools.bzip2,BZip2Constants,Broken Modularization
ant-ANT_15_B1,org.apache.tools.bzip2,CBZip2InputStream,Unutilized Abstraction
ant-ANT_15_B1,org.apache.tools.bzip2,CBZip2InputStream,Broken Hierarchy
ant-ANT_15_B1,org.apache.tools.bzip2,CBZip2InputStream,Insufficient Modularization
ant-ANT_15_B1,org.apache.tools.bzip2,CBZip2OutputStream,Unutilized Abstraction
ant-ANT_15_B1,org.apache.tools.bzip2,CBZip2OutputStream,Broken Hierarchy
ant-ANT_15_B1,org.apache.tools.bzip2,CBZip2OutputStream,Insufficient Modularization
ant-ANT_15_B1,org.apache.tools.bzip2,StackElem,Unnecessary Abstraction
ant-ANT_15_B1,org.apache.tools.bzip2,StackElem,Unutilized Abstraction
ant-ANT_15_B1,org.apache.tools.bzip2,CRC,Deficient Encapsulation
ant-ANT_15_B1,org.apache.tools.mail,ErrorInQuitException,Unutilized Abstraction
ant-ANT_15_B1,org.apache.tools.mail,MailMessage,Deficient Encapsulation
ant-ANT_15_B1,org.apache.tools.mail,MailPrintStream,Unutilized Abstraction
ant-ANT_15_B1,org.apache.tools.tar,TarBuffer,Deficient Encapsulation
ant-ANT_15_B1,org.apache.tools.tar,TarConstants,Broken Modularization
ant-ANT_15_B1,org.apache.tools.tar,TarEntry,Broken Hierarchy
ant-ANT_15_B1,org.apache.tools.tar,TarEntry,Insufficient Modularization
ant-ANT_15_B1,org.apache.tools.tar,TarOutputStream,Deficient Encapsulation
ant-ANT_15_B1,org.apache.tools.zip,AsiExtraField,Broken Hierarchy
ant-ANT_15_B1,org.apache.tools.zip,UnixStat,Unutilized Abstraction
ant-ANT_15_B1,org.apache.tools.zip,UnixStat,Broken Modularization
ant-ANT_15_B1,org.apache.tools.zip,ZipOutputStream,Deficient Encapsulation
ant-ANT_15_B1,org.apache.tools.zip,AsiExtraFieldTest,Unutilized Abstraction
ant-ANT_15_B1,org.apache.tools.zip,AsiExtraFieldTest,Broken Hierarchy
ant-ANT_15_B1,org.apache.tools.zip,ExtraFieldUtilsTest,Unutilized Abstraction
ant-ANT_15_B1,org.apache.tools.zip,ExtraFieldUtilsTest,Unexploited Encapsulation
ant-ANT_15_B1,org.apache.tools.zip,ExtraFieldUtilsTest,Broken Hierarchy
ant-ANT_15_B1,org.apache.tools.zip,ExtraFieldUtilsTest,Missing Hierarchy
ant-ANT_15_B1,org.apache.tools.zip,ZipEntryTest,Unutilized Abstraction
ant-ANT_15_B1,org.apache.tools.zip,ZipLongTest,Unutilized Abstraction
ant-ANT_15_B1,org.apache.tools.zip,ZipShortTest,Unutilized Abstraction
ant-ANT_15_B1,org.apache.tools.ant.taskdefs.dir1,B,Unutilized Abstraction
ant-ANT_15_B1,org.example.junit,Output,Unutilized Abstraction
ant-ANT_15_B1,org.example.junit,ThreadedOutput,Unutilized Abstraction
ant-ANT_15_B1,org.example.tasks,TaskdefTestContainerTask,Unutilized Abstraction
ant-ANT_15_B1,org.example.tasks,TaskdefTestSimpleTask,Unutilized Abstraction
ant-ANT_15_B1,org.example.types,TypedefTestType,Unnecessary Abstraction
ant-ANT_15_B1,org.example.types,TypedefTestType,Unutilized Abstraction
