Project Name,Package Name,Type Name,NOF,NOPF,NOM,NOPM,LOC,WMC,NC,DIT,LCOM,FANIN,FANOUT
maven-maven-3.0-beta-2,org.apache.maven.settings,GlobalSettingsTest,0,0,1,1,19,1,0,0,-1.0,0,0
maven-maven-3.0-beta-2,org.apache.maven.settings,DefaultMavenSettingsBuilder,1,0,7,5,60,9,0,1,0.2857142857142857,0,4
maven-maven-3.0-beta-2,org.apache.maven.settings,MavenSettingsBuilder,4,0,5,0,39,5,1,0,-1.0,1,1
maven-maven-3.0-beta-2,org.apache.maven.settings,SettingsConfigurationException,2,0,5,5,25,5,0,0,0.6,0,0
maven-maven-3.0-beta-2,org.apache.maven.settings,SettingsUtils,0,0,6,3,121,17,0,0,-1.0,4,1
maven-maven-3.0-beta-2,org.apache.maven.settings,PomConstructionWithSettingsTest,5,0,7,3,65,8,0,0,0.0,1,7
maven-maven-3.0-beta-2,org.apache.maven.settings,SettingsUtilsTest,0,0,1,1,16,1,0,0,-1.0,0,1
maven-maven-3.0-beta-2,org.apache.maven.settings,RuntimeInfo,4,3,3,3,19,3,0,0,0.0,1,0
maven-maven-3.0-beta-2,org.apache.maven.artifact,Artifact,12,0,45,0,59,45,1,0,-1.0,153,5
maven-maven-3.0-beta-2,org.apache.maven.artifact,ArtifactUtils,0,0,12,11,111,31,0,0,-1.0,21,4
maven-maven-3.0-beta-2,org.apache.maven.artifact,DefaultArtifact,19,0,58,52,338,89,0,1,0.15517241379310345,2,6
maven-maven-3.0-beta-2,org.apache.maven.artifact,InvalidArtifactRTException,5,0,9,9,46,9,0,0,0.0,0,0
maven-maven-3.0-beta-2,org.apache.maven.artifact,UnknownRepositoryLayoutException,1,0,3,3,18,3,0,1,0.0,0,0
maven-maven-3.0-beta-2,org.apache.maven.artifact,AbstractArtifactComponentTestCase,2,0,23,0,133,30,0,0,0.08695652173913043,0,5
maven-maven-3.0-beta-2,org.apache.maven.artifact,ArtifactUtilsTest,0,0,4,3,36,4,0,0,-1.0,0,2
maven-maven-3.0-beta-2,org.apache.maven.artifact,DefaultArtifactTest,13,0,12,11,67,12,0,0,0.0,0,4
maven-maven-3.0-beta-2,org.apache.maven.artifact,DependencyResolutionRequiredException,0,0,1,1,11,1,0,0,-1.0,0,1
maven-maven-3.0-beta-2,org.apache.maven.artifact,InvalidRepositoryException,1,0,5,4,27,5,1,0,0.0,0,0
maven-maven-3.0-beta-2,org.apache.maven.artifact.handler,ArtifactHandler,1,0,7,0,14,7,2,0,-1.0,12,0
maven-maven-3.0-beta-2,org.apache.maven.artifact.handler,ArtifactHandlerMock,7,0,14,14,46,14,0,1,0.5,1,0
maven-maven-3.0-beta-2,org.apache.maven.artifact.handler,DefaultArtifactHandler,8,0,10,10,56,14,0,1,0.6,0,0
maven-maven-3.0-beta-2,org.apache.maven.artifact.metadata,ArtifactMetadata,0,0,1,0,3,1,1,0,-1.0,25,1
maven-maven-3.0-beta-2,org.apache.maven.artifact.metadata,TestMetadataSource,1,0,5,5,39,7,0,1,0.6,0,4
maven-maven-3.0-beta-2,org.apache.maven.artifact.metadata,AbstractArtifactMetadata,0,0,1,0,5,1,0,1,-1.0,0,1
maven-maven-3.0-beta-2,org.apache.maven.artifact.metadata,ArtifactMetadataRetrievalException,0,0,1,1,5,1,0,0,-1.0,0,1
maven-maven-3.0-beta-2,org.apache.maven.artifact.metadata,ArtifactMetadataSource,0,0,5,0,7,5,1,0,-1.0,7,3
maven-maven-3.0-beta-2,org.apache.maven.artifact.metadata,ResolutionGroup,0,0,2,2,8,2,0,0,-1.0,6,1
maven-maven-3.0-beta-2,org.apache.maven.artifact.repository,ArtifactRepository,0,0,26,0,37,26,2,0,-1.0,120,7
maven-maven-3.0-beta-2,org.apache.maven.artifact.repository,ArtifactRepositoryPolicy,10,7,14,12,130,31,0,0,0.14285714285714285,23,1
maven-maven-3.0-beta-2,org.apache.maven.artifact.repository,Authentication,2,0,5,5,42,5,0,0,0.0,6,0
maven-maven-3.0-beta-2,org.apache.maven.artifact.repository,ArtifactRepositoryFactory,3,0,7,0,15,7,1,0,-1.0,6,2
maven-maven-3.0-beta-2,org.apache.maven.artifact.repository,DefaultArtifactRepository,6,0,24,24,133,29,0,1,0.3333333333333333,0,7
maven-maven-3.0-beta-2,org.apache.maven.artifact.repository,DefaultArtifactRepositoryFactory,3,0,9,7,47,12,0,1,0.0,0,8
maven-maven-3.0-beta-2,org.apache.maven.artifact.repository,MavenArtifactRepositoryTest,1,0,3,3,22,3,0,0,0.6666666666666666,0,1
maven-maven-3.0-beta-2,org.apache.maven.artifact.repository,MavenArtifactRepositorySubclass,1,0,2,2,9,2,0,2,0.0,1,0
maven-maven-3.0-beta-2,org.apache.maven.artifact.repository,DefaultRepositoryRequest,6,0,15,15,86,17,0,1,0.2,3,6
maven-maven-3.0-beta-2,org.apache.maven.artifact.repository,MavenArtifactRepository,9,0,35,31,218,52,1,1,0.2857142857142857,1,8
maven-maven-3.0-beta-2,org.apache.maven.artifact.repository,RepositoryCache,0,0,2,0,20,2,0,0,-1.0,14,1
maven-maven-3.0-beta-2,org.apache.maven.artifact.repository,RepositoryRequest,0,0,12,0,72,12,1,0,-1.0,34,3
maven-maven-3.0-beta-2,org.apache.maven.artifact.repository.layout,ArtifactRepositoryLayout,1,0,4,0,10,4,3,0,-1.0,14,3
maven-maven-3.0-beta-2,org.apache.maven.artifact.repository.layout,ArtifactRepositoryLayout2,0,0,1,0,3,1,0,1,-1.0,0,1
maven-maven-3.0-beta-2,org.apache.maven.artifact.repository.layout,FlatRepositoryLayout,2,0,5,4,34,7,0,1,0.6,0,4
maven-maven-3.0-beta-2,org.apache.maven.artifact.repository.layout,DefaultRepositoryLayout,3,0,6,4,47,10,0,1,0.3333333333333333,0,4
maven-maven-3.0-beta-2,org.apache.maven.artifact.repository.metadata,RepositoryMetadataStoreException,0,0,2,2,13,2,0,0,-1.0,0,0
maven-maven-3.0-beta-2,org.apache.maven.artifact.repository.metadata,DefaultRepositoryMetadataManager,8,0,19,7,388,71,0,1,0.15789473684210525,0,11
maven-maven-3.0-beta-2,org.apache.maven.artifact.repository.metadata,CacheKey,4,0,6,2,65,17,0,0,0.3333333333333333,2,4
maven-maven-3.0-beta-2,org.apache.maven.artifact.repository.metadata,CacheRecord,2,0,1,0,8,1,0,0,0.0,1,2
maven-maven-3.0-beta-2,org.apache.maven.artifact.repository.metadata,GroupRepositoryMetadata,1,0,12,12,58,15,0,2,0.75,0,1
maven-maven-3.0-beta-2,org.apache.maven.artifact.repository.metadata,MetadataUtils,0,0,1,1,12,2,0,0,-1.0,2,0
maven-maven-3.0-beta-2,org.apache.maven.artifact.repository.metadata,RepositoryMetadataReadException,0,0,2,2,13,2,0,0,-1.0,0,0
maven-maven-3.0-beta-2,org.apache.maven.artifact.repository.metadata,SnapshotArtifactRepositoryMetadata,1,0,12,12,47,12,0,2,0.25,1,2
maven-maven-3.0-beta-2,org.apache.maven.artifact.repository.metadata,AbstractRepositoryMetadata,1,0,15,11,129,22,3,1,0.5333333333333333,1,7
maven-maven-3.0-beta-2,org.apache.maven.artifact.repository.metadata,ArtifactRepositoryMetadata,1,0,13,12,58,17,0,2,0.5384615384615384,0,5
maven-maven-3.0-beta-2,org.apache.maven.artifact.repository.metadata,RepositoryMetadata,3,0,7,0,47,7,1,0,-1.0,11,1
maven-maven-3.0-beta-2,org.apache.maven.artifact.repository.metadata,RepositoryMetadataDeploymentException,0,0,2,2,13,2,0,0,-1.0,0,0
maven-maven-3.0-beta-2,org.apache.maven.artifact.repository.metadata,RepositoryMetadataInstallationException,0,0,2,2,13,2,0,0,-1.0,0,0
maven-maven-3.0-beta-2,org.apache.maven.artifact.repository.metadata,RepositoryMetadataManager,0,0,5,0,18,5,1,0,-1.0,4,4
maven-maven-3.0-beta-2,org.apache.maven.artifact.repository.metadata,RepositoryMetadataResolutionException,0,0,2,2,13,2,0,0,-1.0,0,0
maven-maven-3.0-beta-2,org.apache.maven.artifact.resolver,AbstractArtifactResolutionException,10,0,18,10,198,31,2,0,0.0,2,4
maven-maven-3.0-beta-2,org.apache.maven.artifact.resolver,ArtifactNotFoundException,1,0,6,3,26,6,0,1,0.6666666666666666,2,1
maven-maven-3.0-beta-2,org.apache.maven.artifact.resolver,ArtifactResolutionException,0,0,6,6,24,6,2,1,-1.0,6,1
maven-maven-3.0-beta-2,org.apache.maven.artifact.resolver,CyclicDependencyException,1,0,2,2,15,2,0,2,0.0,2,1
maven-maven-3.0-beta-2,org.apache.maven.artifact.resolver,MultipleArtifactsNotFoundException,2,0,5,4,59,7,0,2,0.0,2,2
maven-maven-3.0-beta-2,org.apache.maven.artifact.resolver,ArtifactCollector,0,0,1,0,3,1,1,0,-1.0,1,4
maven-maven-3.0-beta-2,org.apache.maven.artifact.resolver,ArtifactResolver,1,0,10,0,16,10,1,0,-1.0,4,5
maven-maven-3.0-beta-2,org.apache.maven.artifact.resolver,DebugResolutionListener,3,0,15,15,83,22,0,1,0.13333333333333333,0,2
maven-maven-3.0-beta-2,org.apache.maven.artifact.resolver,DefaultArtifactCollector,0,0,0,0,2,0,0,1,-1.0,0,0
maven-maven-3.0-beta-2,org.apache.maven.artifact.resolver,DefaultArtifactResolver,20,0,24,17,359,63,0,1,0.125,2,22
maven-maven-3.0-beta-2,org.apache.maven.artifact.resolver,DaemonThreadCreator,3,0,1,1,13,1,0,0,0.0,1,0
maven-maven-3.0-beta-2,org.apache.maven.artifact.resolver,ResolveTask,6,0,2,2,35,2,0,0,0.0,0,4
maven-maven-3.0-beta-2,org.apache.maven.artifact.resolver,ResolutionListenerForDepMgmt,0,0,3,0,8,3,1,0,-1.0,1,1
maven-maven-3.0-beta-2,org.apache.maven.artifact.resolver,UnresolvedArtifacts,3,0,4,4,23,4,0,0,0.0,0,1
maven-maven-3.0-beta-2,org.apache.maven.artifact.resolver,WarningResolutionListener,1,0,12,12,33,12,0,1,1.0,0,2
maven-maven-3.0-beta-2,org.apache.maven.artifact.resolver,ArtifactResolutionExceptionTest,1,0,1,1,21,1,0,0,0.0,0,1
maven-maven-3.0-beta-2,org.apache.maven.artifact.resolver,ArtifactResolverTest,2,0,17,12,129,21,0,0,0.4117647058823529,0,7
maven-maven-3.0-beta-2,org.apache.maven.artifact.resolver,DefaultArtifactResolverTest,2,0,5,2,47,9,0,0,0.6,0,4
maven-maven-3.0-beta-2,org.apache.maven.artifact.resolver,TestFileWagon,2,0,5,3,34,8,0,0,0.0,0,1
maven-maven-3.0-beta-2,org.apache.maven.artifact.resolver,TestTransferListener,1,0,2,2,9,2,0,0,0.0,1,0
maven-maven-3.0-beta-2,org.apache.maven.artifact.resolver,ArtifactResolutionRequest,17,0,38,38,177,41,0,0,0.2894736842105263,20,7
maven-maven-3.0-beta-2,org.apache.maven.artifact.resolver,ArtifactResolutionResult,10,0,33,32,172,42,0,0,0.18181818181818182,16,3
maven-maven-3.0-beta-2,org.apache.maven.artifact.resolver,DefaultResolutionErrorHandler,0,0,2,1,28,8,0,1,-1.0,0,2
maven-maven-3.0-beta-2,org.apache.maven.artifact.resolver,ResolutionErrorHandler,0,0,1,0,6,1,1,0,-1.0,6,2
maven-maven-3.0-beta-2,org.apache.maven.artifact.resolver,ResolutionListener,15,0,11,0,41,11,2,0,-1.0,2,2
maven-maven-3.0-beta-2,org.apache.maven.artifact.resolver,ResolutionNode,8,0,18,17,136,33,0,0,0.0,12,4
maven-maven-3.0-beta-2,org.apache.maven.artifact.resolver.filter,ArtifactFilter,0,0,1,0,7,1,7,0,-1.0,34,1
maven-maven-3.0-beta-2,org.apache.maven.artifact.resolver.filter,InversionArtifactFilter,1,0,4,4,24,6,0,1,0.0,1,3
maven-maven-3.0-beta-2,org.apache.maven.artifact.resolver.filter,OrArtifactFilter,1,0,6,6,39,10,0,1,0.0,2,3
maven-maven-3.0-beta-2,org.apache.maven.artifact.resolver.filter,TypeArtifactFilter,1,0,4,4,27,6,0,1,0.0,1,2
maven-maven-3.0-beta-2,org.apache.maven.artifact.resolver.filter,AndArtifactFilterTest,0,0,3,2,23,3,0,0,-1.0,0,2
maven-maven-3.0-beta-2,org.apache.maven.artifact.resolver.filter,FilterHashEqualsTest,0,0,1,1,16,1,0,0,-1.0,0,1
maven-maven-3.0-beta-2,org.apache.maven.artifact.resolver.filter,OrArtifactFilterTest,0,0,3,2,23,3,0,0,-1.0,0,2
maven-maven-3.0-beta-2,org.apache.maven.artifact.resolver.filter,ScopeArtifactFilterTest,0,0,6,5,49,6,0,0,-1.0,0,2
maven-maven-3.0-beta-2,org.apache.maven.artifact.resolver.filter,AbstractScopeArtifactFilter,5,0,2,1,61,12,2,1,0.0,0,1
maven-maven-3.0-beta-2,org.apache.maven.artifact.resolver.filter,AndArtifactFilter,1,0,7,7,45,11,0,1,0.0,3,3
maven-maven-3.0-beta-2,org.apache.maven.artifact.resolver.filter,CumulativeScopeArtifactFilter,1,0,7,5,58,13,0,2,0.0,2,1
maven-maven-3.0-beta-2,org.apache.maven.artifact.resolver.filter,ExcludesArtifactFilter,0,0,2,2,14,2,0,2,-1.0,0,1
maven-maven-3.0-beta-2,org.apache.maven.artifact.resolver.filter,ExclusionSetFilter,1,0,5,5,39,9,0,1,0.0,1,2
maven-maven-3.0-beta-2,org.apache.maven.artifact.resolver.filter,IncludesArtifactFilter,1,0,5,5,39,9,1,1,0.0,2,2
maven-maven-3.0-beta-2,org.apache.maven.artifact.resolver.filter,ScopeArtifactFilter,1,0,5,4,33,7,0,2,0.4,3,1
maven-maven-3.0-beta-2,org.apache.maven.artifact.versioning,ArtifactVersion,0,0,6,0,13,6,1,0,-1.0,11,0
maven-maven-3.0-beta-2,org.apache.maven.artifact.versioning,ComparableVersion,14,1,27,21,265,62,0,0,0.2962962962962963,3,5
maven-maven-3.0-beta-2,org.apache.maven.artifact.versioning,Item,3,0,3,0,8,3,3,0,-1.0,5,1
maven-maven-3.0-beta-2,org.apache.maven.artifact.versioning,IntegerItem,3,1,6,5,38,10,0,1,0.3333333333333333,2,2
maven-maven-3.0-beta-2,org.apache.maven.artifact.versioning,StringItem,5,0,6,6,67,14,0,1,0.3333333333333333,2,2
maven-maven-3.0-beta-2,org.apache.maven.artifact.versioning,ListItem,0,0,5,4,62,16,0,1,-1.0,1,1
maven-maven-3.0-beta-2,org.apache.maven.artifact.versioning,DefaultArtifactVersion,6,0,12,11,143,30,0,1,0.0,4,2
maven-maven-3.0-beta-2,org.apache.maven.artifact.versioning,InvalidVersionSpecificationException,0,0,1,1,10,1,0,0,-1.0,5,0
maven-maven-3.0-beta-2,org.apache.maven.artifact.versioning,OverConstrainedVersionException,0,0,2,2,13,2,0,0,-1.0,0,1
maven-maven-3.0-beta-2,org.apache.maven.artifact.versioning,Restriction,5,1,10,9,127,33,0,0,0.0,3,3
maven-maven-3.0-beta-2,org.apache.maven.artifact.versioning,VersionRange,2,0,17,14,341,75,0,0,0.17647058823529413,28,4
maven-maven-3.0-beta-2,org.apache.maven.artifact.versioning,ComparableVersionTest,2,0,10,6,131,14,0,0,0.0,0,1
maven-maven-3.0-beta-2,org.apache.maven.artifact.versioning,DefaultArtifactVersionTest,0,0,11,7,130,11,0,0,-1.0,0,1
maven-maven-3.0-beta-2,org.apache.maven.artifact.versioning,VersionRangeTest,8,0,10,9,603,10,0,0,0.7,0,4
maven-maven-3.0-beta-2,org.apache.maven.artifact.versioning,ManagedVersionMap,0,0,2,2,20,5,0,0,-1.0,1,0
maven-maven-3.0-beta-2,org.apache.maven.repository,Proxy,11,3,16,16,124,16,0,0,0.5,7,0
maven-maven-3.0-beta-2,org.apache.maven.repository,DefaultMirrorSelector,2,0,5,1,106,24,0,1,0.0,2,2
maven-maven-3.0-beta-2,org.apache.maven.repository,MavenArtifactMetadata,8,1,15,15,59,15,0,0,0.2,3,0
maven-maven-3.0-beta-2,org.apache.maven.repository,MetadataGraph,2,0,6,6,54,8,0,0,0.3333333333333333,1,2
maven-maven-3.0-beta-2,org.apache.maven.repository,MetadataGraphNode,3,0,6,6,56,10,0,0,0.3333333333333333,2,2
maven-maven-3.0-beta-2,org.apache.maven.repository,MetadataResolutionRequest,10,0,23,23,109,23,0,0,0.34782608695652173,2,2
maven-maven-3.0-beta-2,org.apache.maven.repository,MetadataResolutionResult,13,0,33,32,171,42,0,0,0.2727272727272727,0,4
maven-maven-3.0-beta-2,org.apache.maven.repository,MirrorSelector,0,0,1,0,13,1,1,0,-1.0,3,1
maven-maven-3.0-beta-2,org.apache.maven.repository,UserLocalArtifactRepository,1,0,6,6,24,6,0,1,0.3333333333333333,0,3
maven-maven-3.0-beta-2,org.apache.maven.repository,VersionNotFoundException,4,0,6,5,33,6,0,0,0.0,1,3
maven-maven-3.0-beta-2,org.apache.maven.repository,LegacyRepositoryLayout,1,0,5,4,35,7,0,0,0.6,0,4
maven-maven-3.0-beta-2,org.apache.maven.repository,LegacyRepositorySystemTest,2,0,6,2,77,6,0,0,0.0,0,6
maven-maven-3.0-beta-2,org.apache.maven.repository,MirrorProcessorTest,2,0,14,8,151,14,0,0,0.14285714285714285,0,4
maven-maven-3.0-beta-2,org.apache.maven.repository,ArtifactDoesNotExistException,0,0,2,2,8,2,0,0,-1.0,0,0
maven-maven-3.0-beta-2,org.apache.maven.repository,ArtifactTransferEvent,16,7,21,21,224,43,0,0,0.23809523809523808,6,2
maven-maven-3.0-beta-2,org.apache.maven.repository,ArtifactTransferFailedException,0,0,2,2,8,2,0,0,-1.0,0,0
maven-maven-3.0-beta-2,org.apache.maven.repository,ArtifactTransferListener,0,0,6,0,8,6,0,0,-1.0,17,1
maven-maven-3.0-beta-2,org.apache.maven.repository,ArtifactTransferResource,0,0,5,0,31,5,0,0,-1.0,4,0
maven-maven-3.0-beta-2,org.apache.maven.repository,DefaultLocalRepositoryMaintainerEvent,3,0,8,8,35,8,0,1,0.0,0,2
maven-maven-3.0-beta-2,org.apache.maven.repository,DelegatingLocalArtifactRepository,3,0,17,17,90,25,0,0,0.0,4,5
maven-maven-3.0-beta-2,org.apache.maven.repository,LocalArtifactRepository,1,1,2,2,5,2,1,0,1.0,3,1
maven-maven-3.0-beta-2,org.apache.maven.repository,LocalRepositoryMaintainer,0,0,2,0,16,2,0,0,-1.0,2,1
maven-maven-3.0-beta-2,org.apache.maven.repository,LocalRepositoryMaintainerEvent,0,0,7,0,41,7,1,0,-1.0,3,0
maven-maven-3.0-beta-2,org.apache.maven.repository,LocalRepositoryNotAccessibleException,0,0,2,2,13,2,0,0,-1.0,0,0
maven-maven-3.0-beta-2,org.apache.maven.repository,RepositorySystem,6,0,19,0,56,19,1,0,-1.0,26,5
maven-maven-3.0-beta-2,org.apache.maven.repository,LegacyRepositoryLayout,1,0,5,4,35,7,0,0,1.0,0,4
maven-maven-3.0-beta-2,org.apache.maven.repository,TestArtifactHandler,2,0,9,9,36,9,0,0,0.5555555555555556,0,0
maven-maven-3.0-beta-2,org.apache.maven.repository,TestRepositorySystem,1,0,20,19,128,32,0,1,0.7,0,8
maven-maven-3.0-beta-2,org.apache.maven.repository.legacy.metadata,ArtifactMetadata,0,0,11,0,46,11,1,0,-1.0,3,2
maven-maven-3.0-beta-2,org.apache.maven.repository.legacy.metadata,AbstractArtifactMetadata,1,0,5,4,28,5,0,1,0.4,0,1
maven-maven-3.0-beta-2,org.apache.maven.repository.legacy.metadata,ArtifactMetadataRetrievalException,1,0,5,5,33,5,0,0,0.8,0,1
maven-maven-3.0-beta-2,org.apache.maven.repository.legacy.metadata,ArtifactMetadataSource,0,0,4,0,27,4,0,0,-1.0,0,3
maven-maven-3.0-beta-2,org.apache.maven.repository.legacy.metadata,DefaultMetadataResolutionRequest,6,0,25,25,110,28,0,1,0.12,0,6
maven-maven-3.0-beta-2,org.apache.maven.repository.legacy.metadata,MetadataResolutionRequest,0,0,18,0,78,18,1,0,-1.0,9,3
maven-maven-3.0-beta-2,org.apache.maven.repository.legacy.metadata,ResolutionGroup,5,0,7,7,32,7,0,0,0.0,0,1
maven-maven-3.0-beta-2,org.apache.maven.artifact.deployer,ArtifactDeployer,1,0,2,0,23,2,1,0,-1.0,1,2
maven-maven-3.0-beta-2,org.apache.maven.artifact.deployer,ArtifactDeploymentException,0,0,3,3,15,3,0,0,-1.0,0,0
maven-maven-3.0-beta-2,org.apache.maven.artifact.deployer,DefaultArtifactDeployer,5,0,4,2,59,10,0,1,0.0,0,10
maven-maven-3.0-beta-2,org.apache.maven.artifact.deployer,ArtifactDeployerTest,1,0,3,1,25,3,0,0,0.6666666666666666,0,3
maven-maven-3.0-beta-2,org.apache.maven.artifact.deployer,SimpleArtifactMetadataSource,0,0,4,4,17,4,0,0,-1.0,0,3
maven-maven-3.0-beta-2,org.apache.maven.artifact.installer,ArtifactInstallationException,0,0,3,3,15,3,0,0,-1.0,0,0
maven-maven-3.0-beta-2,org.apache.maven.artifact.installer,ArtifactInstaller,1,0,2,0,25,2,1,0,-1.0,1,2
maven-maven-3.0-beta-2,org.apache.maven.artifact.installer,DefaultArtifactInstaller,3,0,2,2,48,6,0,1,0.0,0,6
maven-maven-3.0-beta-2,org.apache.maven.artifact.installer,ArtifactInstallerTest,1,0,3,1,21,3,0,0,0.6666666666666666,0,2
maven-maven-3.0-beta-2,org.apache.maven.artifact.manager,DefaultWagonManager,5,0,5,5,75,17,0,1,0.4,0,9
maven-maven-3.0-beta-2,org.apache.maven.artifact.manager,WagonConfigurationException,0,0,2,2,11,2,0,0,-1.0,0,0
maven-maven-3.0-beta-2,org.apache.maven.artifact.manager,WagonManager,0,0,5,0,15,5,1,0,-1.0,0,2
maven-maven-3.0-beta-2,org.apache.maven.execution,DefaultRuntimeInformation,3,0,2,2,35,4,0,1,0.0,0,1
maven-maven-3.0-beta-2,org.apache.maven.execution,RuntimeInformation,0,0,1,0,8,1,1,0,-1.0,0,0
maven-maven-3.0-beta-2,org.apache.maven.execution,AbstractExecutionListener,0,0,17,17,40,17,0,1,-1.0,0,1
maven-maven-3.0-beta-2,org.apache.maven.execution,BuildFailure,1,0,2,2,27,2,0,1,0.0,0,1
maven-maven-3.0-beta-2,org.apache.maven.execution,BuildSuccess,0,0,1,1,14,1,0,1,-1.0,1,1
maven-maven-3.0-beta-2,org.apache.maven.execution,BuildSummary,2,0,3,2,40,4,2,0,0.0,3,1
maven-maven-3.0-beta-2,org.apache.maven.execution,DefaultMavenExecutionRequest,40,0,97,97,613,149,0,1,0.09278350515463918,2,8
maven-maven-3.0-beta-2,org.apache.maven.execution,DefaultMavenExecutionRequestPopulator,1,0,10,3,116,26,0,1,0.2,0,3
maven-maven-3.0-beta-2,org.apache.maven.execution,DefaultMavenExecutionResult,5,0,11,11,53,13,0,1,0.36363636363636365,1,3
maven-maven-3.0-beta-2,org.apache.maven.execution,ExecutionEvent,0,0,4,0,30,4,0,0,-1.0,11,0
maven-maven-3.0-beta-2,org.apache.maven.execution,ExecutionListener,0,0,17,0,23,17,1,0,-1.0,3,1
maven-maven-3.0-beta-2,org.apache.maven.execution,MavenExecutionRequest,14,0,91,0,134,91,1,0,-1.0,24,6
maven-maven-3.0-beta-2,org.apache.maven.execution,MavenExecutionRequestPopulationException,0,0,3,3,14,3,0,0,-1.0,0,0
maven-maven-3.0-beta-2,org.apache.maven.execution,MavenExecutionRequestPopulator,0,0,2,0,21,2,1,0,-1.0,2,1
maven-maven-3.0-beta-2,org.apache.maven.execution,MavenExecutionResult,0,0,11,0,25,11,1,0,-1.0,8,3
maven-maven-3.0-beta-2,org.apache.maven.execution,MavenSession,11,0,40,39,202,46,0,0,0.175,77,8
maven-maven-3.0-beta-2,org.apache.maven.execution,ProjectDependencyGraph,0,0,3,0,25,3,0,0,-1.0,8,1
maven-maven-3.0-beta-2,org.apache.maven.execution,ReactorManager,12,6,19,17,101,27,0,0,0.15789473684210525,2,5
maven-maven-3.0-beta-2,org.apache.maven.execution,SessionRepositoryCache,1,0,2,2,13,2,0,0,0.0,0,1
maven-maven-3.0-beta-2,org.apache.maven.execution,SettingsAdapter,2,0,11,11,46,12,0,0,0.18181818181818182,0,2
maven-maven-3.0-beta-2,org.apache.maven.execution,DefaultMavenExecutionTest,0,0,1,1,11,1,0,0,-1.0,0,2
maven-maven-3.0-beta-2,org.apache.maven.execution,ProjectSorterTest,0,0,20,12,207,20,0,0,-1.0,1,2
maven-maven-3.0-beta-2,org.apache.maven.profiles,DefaultMavenProfilesBuilder,1,0,1,1,32,2,0,1,0.0,0,0
maven-maven-3.0-beta-2,org.apache.maven.profiles,DefaultProfileManager,7,0,16,16,110,27,0,1,0.1875,0,3
maven-maven-3.0-beta-2,org.apache.maven.profiles,MavenProfilesBuilder,1,0,1,0,8,1,1,0,-1.0,0,0
maven-maven-3.0-beta-2,org.apache.maven.profiles,ProfileManager,0,0,12,0,14,12,1,0,-1.0,3,0
maven-maven-3.0-beta-2,org.apache.maven.profiles,ProfilesConversionUtils,0,0,4,1,74,14,0,0,-1.0,1,1
maven-maven-3.0-beta-2,org.apache.maven.profiles.activation,DetectedProfileActivator,0,0,2,1,6,2,3,1,-1.0,0,0
maven-maven-3.0-beta-2,org.apache.maven.profiles.activation,FileProfileActivator,1,0,3,2,43,7,0,2,0.6666666666666666,0,0
maven-maven-3.0-beta-2,org.apache.maven.profiles.activation,JdkPrefixProfileActivator,1,0,5,1,40,8,0,2,0.4,0,2
maven-maven-3.0-beta-2,org.apache.maven.profiles.activation,OperatingSystemProfileActivator,0,0,7,2,87,19,0,1,-1.0,0,0
maven-maven-3.0-beta-2,org.apache.maven.profiles.activation,ProfileActivationException,1,0,2,2,9,2,0,0,1.0,0,0
maven-maven-3.0-beta-2,org.apache.maven.profiles.activation,ProfileActivator,1,0,2,0,5,2,2,0,-1.0,0,0
maven-maven-3.0-beta-2,org.apache.maven.profiles.activation,SystemPropertyProfileActivator,1,0,3,2,50,10,0,2,0.6666666666666666,0,0
maven-maven-3.0-beta-2,org.apache.maven.project,DefaultMavenProjectBuilder,3,0,11,10,119,20,0,1,0.0,0,12
maven-maven-3.0-beta-2,org.apache.maven.project,InvalidProjectModelException,1,0,5,5,32,5,0,1,0.6,0,1
maven-maven-3.0-beta-2,org.apache.maven.project,MavenProjectBuilder,0,0,9,0,11,9,1,0,-1.0,0,4
maven-maven-3.0-beta-2,org.apache.maven.project,MissingRepositoryElementException,0,0,2,2,8,2,0,0,-1.0,0,0
maven-maven-3.0-beta-2,org.apache.maven.project,ModelUtils,0,0,7,5,192,47,0,0,-1.0,3,1
maven-maven-3.0-beta-2,org.apache.maven.project,ProjectUtils,0,0,6,3,47,9,0,0,-1.0,1,6
maven-maven-3.0-beta-2,org.apache.maven.project,AbstractMavenProjectTestCase,2,0,9,0,74,13,3,0,0.2222222222222222,2,6
maven-maven-3.0-beta-2,org.apache.maven.project,EmptyLifecycleExecutor,0,0,6,5,44,8,0,0,-1.0,0,2
maven-maven-3.0-beta-2,org.apache.maven.project,ModelUtilsTest,0,0,17,15,374,19,0,0,-1.0,0,1
maven-maven-3.0-beta-2,org.apache.maven.project,ProjectClasspathTest,1,0,6,2,77,8,0,1,0.5,1,4
maven-maven-3.0-beta-2,org.apache.maven.project,TestArtifactResolver,1,0,0,0,3,0,0,0,-1.0,0,1
maven-maven-3.0-beta-2,org.apache.maven.project,TestMavenRepositorySystem,1,0,0,0,3,0,0,0,-1.0,0,1
maven-maven-3.0-beta-2,org.apache.maven.project,TestProjectBuilder,0,0,2,2,24,4,0,2,-1.0,0,5
maven-maven-3.0-beta-2,org.apache.maven.project,DefaultMavenProjectHelper,1,0,6,6,54,8,0,1,0.5,0,4
maven-maven-3.0-beta-2,org.apache.maven.project,DefaultModelBuildingListener,5,0,3,3,65,7,0,0,0.0,2,5
maven-maven-3.0-beta-2,org.apache.maven.project,DefaultProjectBuilder,11,0,14,5,260,33,1,1,0.14285714285714285,2,19
maven-maven-3.0-beta-2,org.apache.maven.project,InterimResult,6,0,1,0,15,1,0,0,0.0,1,3
maven-maven-3.0-beta-2,org.apache.maven.project,DefaultProjectBuilderConfiguration,0,0,6,6,26,6,0,2,-1.0,0,2
maven-maven-3.0-beta-2,org.apache.maven.project,DefaultProjectBuildingHelper,10,0,4,3,163,27,0,1,0.5,0,16
maven-maven-3.0-beta-2,org.apache.maven.project,DefaultProjectBuildingRequest,20,0,42,42,224,52,1,1,0.23809523809523808,0,5
maven-maven-3.0-beta-2,org.apache.maven.project,DefaultProjectBuildingResult,5,0,7,7,53,8,0,1,0.0,0,2
maven-maven-3.0-beta-2,org.apache.maven.project,DefaultProjectRealmCache,3,0,7,7,47,11,0,1,0.2857142857142857,0,4
maven-maven-3.0-beta-2,org.apache.maven.project,CacheKey,2,0,3,3,21,5,0,0,0.0,6,1
maven-maven-3.0-beta-2,org.apache.maven.project,DuplicateArtifactAttachmentException,3,0,4,3,25,4,0,0,0.0,2,3
maven-maven-3.0-beta-2,org.apache.maven.project,DuplicateProjectException,3,0,6,6,40,6,0,0,0.3333333333333333,0,0
maven-maven-3.0-beta-2,org.apache.maven.project,ExtensionDescriptor,2,0,5,4,38,9,0,0,0.6,6,0
maven-maven-3.0-beta-2,org.apache.maven.project,ExtensionDescriptorBuilder,0,0,4,1,79,12,0,0,-1.0,2,1
maven-maven-3.0-beta-2,org.apache.maven.project,InvalidProjectVersionException,2,0,4,3,18,4,0,1,0.0,1,2
maven-maven-3.0-beta-2,org.apache.maven.project,MavenProject,44,3,173,159,1209,303,0,0,0.05202312138728324,115,10
maven-maven-3.0-beta-2,org.apache.maven.project,MavenProjectHelper,1,0,5,0,8,5,1,0,-1.0,1,1
maven-maven-3.0-beta-2,org.apache.maven.project,ProjectBuilder,0,0,5,0,47,5,1,0,-1.0,10,3
maven-maven-3.0-beta-2,org.apache.maven.project,ProjectBuilderConfiguration,0,0,17,0,26,17,1,1,-1.0,5,2
maven-maven-3.0-beta-2,org.apache.maven.project,ProjectBuildingException,3,0,10,7,85,14,2,0,0.0,4,2
maven-maven-3.0-beta-2,org.apache.maven.project,ProjectBuildingHelper,0,0,3,0,29,3,2,0,-1.0,2,3
maven-maven-3.0-beta-2,org.apache.maven.project,ProjectBuildingRequest,0,0,41,0,86,41,2,0,-1.0,18,4
maven-maven-3.0-beta-2,org.apache.maven.project,ProjectBuildingResult,0,0,5,0,31,5,1,0,-1.0,2,0
maven-maven-3.0-beta-2,org.apache.maven.project,ProjectRealmCache,2,2,5,1,24,5,1,0,-1.0,4,3
maven-maven-3.0-beta-2,org.apache.maven.project,CacheRecord,2,2,1,1,8,1,0,0,0.0,2,1
maven-maven-3.0-beta-2,org.apache.maven.project,ProjectSorter,4,0,12,9,133,35,0,0,0.0,4,3
maven-maven-3.0-beta-2,org.apache.maven.project,ReactorModelCache,6,0,5,5,45,7,0,0,0.0,1,1
maven-maven-3.0-beta-2,org.apache.maven.project,CacheKey,5,0,3,3,32,5,0,0,0.0,0,1
maven-maven-3.0-beta-2,org.apache.maven.project,ReactorModelPool,5,0,6,6,47,8,0,0,0.0,2,1
maven-maven-3.0-beta-2,org.apache.maven.project,CacheKey,4,0,4,4,34,6,0,0,0.0,0,1
maven-maven-3.0-beta-2,org.apache.maven.project,RepositoryModelResolver,7,0,5,4,91,12,0,0,0.4,0,8
maven-maven-3.0-beta-2,org.apache.maven.project,AbstractMavenProjectTestCase,2,0,9,0,74,13,0,0,0.4444444444444444,0,6
maven-maven-3.0-beta-2,org.apache.maven.project,DefaultMavenProjectBuilderTest,2,0,8,6,72,13,0,1,0.0,0,6
maven-maven-3.0-beta-2,org.apache.maven.project,EmptyLifecycleExecutor,0,0,6,5,44,8,0,0,-1.0,0,2
maven-maven-3.0-beta-2,org.apache.maven.project,EmptyProjectBuildingHelper,0,0,3,3,19,4,0,1,-1.0,0,3
maven-maven-3.0-beta-2,org.apache.maven.project,ExtensionDescriptorBuilderTest,1,0,5,2,39,5,0,0,0.0,0,2
maven-maven-3.0-beta-2,org.apache.maven.project,MavenProjectTest,0,0,7,7,77,7,0,1,-1.0,0,1
maven-maven-3.0-beta-2,org.apache.maven.project,PomConstructionTest,6,0,133,122,1170,141,0,0,0.924812030075188,1,7
maven-maven-3.0-beta-2,org.apache.maven.project,ProjectBuilderTest,0,0,2,1,13,2,0,0,-1.0,0,2
maven-maven-3.0-beta-2,org.apache.maven.project,TestMetadataSource,0,0,1,1,9,2,0,0,-1.0,0,3
maven-maven-3.0-beta-2,org.apache.maven.project.inheritance,DefaultModelInheritanceAssembler,0,0,18,5,394,107,0,1,-1.0,1,2
maven-maven-3.0-beta-2,org.apache.maven.project.inheritance,ModelInheritanceAssembler,1,0,4,0,12,4,1,0,-1.0,0,0
maven-maven-3.0-beta-2,org.apache.maven.project.inheritance,AbstractProjectInheritanceTestCase,0,0,4,0,19,4,0,0,-1.0,0,0
maven-maven-3.0-beta-2,org.apache.maven.project.interpolation,AbstractStringBasedModelInterpolator,5,0,17,8,206,34,2,1,0.29411764705882354,0,2
maven-maven-3.0-beta-2,org.apache.maven.project.interpolation,BuildTimestampValueSource,3,0,2,2,22,4,0,0,0.0,0,0
maven-maven-3.0-beta-2,org.apache.maven.project.interpolation,ModelInterpolationException,2,0,6,6,29,6,0,0,0.5,1,0
maven-maven-3.0-beta-2,org.apache.maven.project.interpolation,ModelInterpolator,3,0,4,0,18,4,1,0,-1.0,0,1
maven-maven-3.0-beta-2,org.apache.maven.project.interpolation,PathTranslatingPostProcessor,4,0,2,2,22,3,0,0,0.0,0,1
maven-maven-3.0-beta-2,org.apache.maven.project.interpolation,RegexBasedModelInterpolator,0,0,4,3,18,4,0,2,-1.0,0,1
maven-maven-3.0-beta-2,org.apache.maven.project.interpolation,StringSearchModelInterpolator,8,0,11,5,221,47,0,2,0.5454545454545454,2,5
maven-maven-3.0-beta-2,org.apache.maven.project.interpolation,InterpolateObjectAction,6,0,6,2,189,41,0,0,0.0,1,1
maven-maven-3.0-beta-2,org.apache.maven.project.path,DefaultPathTranslator,1,0,6,4,117,29,0,1,0.6666666666666666,0,0
maven-maven-3.0-beta-2,org.apache.maven.project.path,DefaultPathTranslatorTest,0,0,2,2,12,2,0,0,-1.0,0,0
maven-maven-3.0-beta-2,org.apache.maven.project.path,PathTranslator,1,0,4,0,11,4,1,0,-1.0,5,0
maven-maven-3.0-beta-2,org.apache.maven.project.validation,DefaultModelValidator,2,0,3,3,25,4,0,1,0.6666666666666666,0,5
maven-maven-3.0-beta-2,org.apache.maven.project.validation,SimpleModelProblemCollector,1,0,2,2,11,3,0,0,0.0,1,2
maven-maven-3.0-beta-2,org.apache.maven.project.validation,ModelValidationResult,2,0,7,7,40,9,0,0,0.0,3,0
maven-maven-3.0-beta-2,org.apache.maven.project.validation,ModelValidator,1,0,1,0,9,1,1,0,-1.0,0,0
maven-maven-3.0-beta-2,org.apache.maven.reporting,MavenReportException,0,0,2,2,14,2,0,0,-1.0,0,0
maven-maven-3.0-beta-2,org.apache.maven.repository.legacy,ChecksumFailedException,0,0,2,2,13,2,0,0,-1.0,0,0
maven-maven-3.0-beta-2,org.apache.maven.repository.legacy,DefaultUpdateCheckManager,3,1,16,7,235,41,0,1,0.1875,1,6
maven-maven-3.0-beta-2,org.apache.maven.repository.legacy,DefaultWagonManager,5,0,19,10,416,61,0,1,0.10526315789473684,1,6
maven-maven-3.0-beta-2,org.apache.maven.repository.legacy,LegacyRepositorySystem,9,0,29,24,335,73,0,0,0.2413793103448276,1,23
maven-maven-3.0-beta-2,org.apache.maven.repository.legacy,MavenArtifact,3,0,7,7,43,11,0,0,0.0,0,0
maven-maven-3.0-beta-2,org.apache.maven.repository.legacy,TransferListenerAdapter,3,0,10,7,100,17,0,1,0.2,3,3
maven-maven-3.0-beta-2,org.apache.maven.repository.legacy,UpdateCheckManager,0,0,5,0,7,5,1,0,-1.0,3,3
maven-maven-3.0-beta-2,org.apache.maven.repository.legacy,WagonConfigurationException,3,0,4,4,21,4,0,0,0.0,0,0
maven-maven-3.0-beta-2,org.apache.maven.repository.legacy,WagonManager,0,0,10,0,12,10,1,0,-1.0,6,4
maven-maven-3.0-beta-2,org.apache.maven.repository.legacy,DefaultUpdateCheckManagerTest,1,0,9,7,116,9,0,0,0.2222222222222222,0,5
maven-maven-3.0-beta-2,org.apache.maven.repository.legacy,DefaultWagonManagerTest,5,1,22,13,234,22,0,0,0.22727272727272727,0,12
maven-maven-3.0-beta-2,org.apache.maven.repository.legacy,TransferListener,1,1,1,1,6,1,1,0,0.0,5,0
maven-maven-3.0-beta-2,org.apache.maven.repository.legacy,ArtifactRepositoryLayoutStub,0,0,4,4,14,4,0,0,-1.0,0,3
maven-maven-3.0-beta-2,org.apache.maven.repository.legacy,LegacyRepositorySystemTest,1,0,4,2,32,4,0,0,0.0,0,3
maven-maven-3.0-beta-2,org.apache.maven.repository.legacy,PerLookupWagon,0,0,1,1,8,1,0,1,-1.0,0,0
maven-maven-3.0-beta-2,org.apache.maven.repository.legacy,StringWagon,1,0,7,6,36,8,0,0,0.7142857142857143,1,0
maven-maven-3.0-beta-2,org.apache.maven.repository.legacy,WagonA,0,0,1,1,11,1,0,1,-1.0,0,0
maven-maven-3.0-beta-2,org.apache.maven.repository.legacy,WagonB,0,0,1,1,11,1,0,1,-1.0,0,0
maven-maven-3.0-beta-2,org.apache.maven.repository.legacy,WagonC,0,0,1,1,11,1,0,1,-1.0,0,0
maven-maven-3.0-beta-2,org.apache.maven.repository.legacy,WagonMock,1,0,2,2,18,2,4,0,0.0,0,0
maven-maven-3.0-beta-2,org.apache.maven.repository.legacy.repository,ArtifactRepositoryFactory,2,0,7,0,14,7,1,0,-1.0,1,2
maven-maven-3.0-beta-2,org.apache.maven.repository.legacy.repository,DefaultArtifactRepositoryFactory,3,0,8,7,59,14,0,1,0.25,0,3
maven-maven-3.0-beta-2,org.apache.maven.repository.legacy.resolver,DefaultLegacyArtifactCollector,3,0,12,4,417,78,0,1,0.0,0,19
maven-maven-3.0-beta-2,org.apache.maven.repository.legacy.resolver,LegacyArtifactCollector,0,0,3,0,10,3,1,0,-1.0,1,5
maven-maven-3.0-beta-2,org.apache.maven.repository.legacy.resolver,DefaultArtifactCollectorTest,9,0,65,43,564,79,0,0,0.09230769230769231,1,12
maven-maven-3.0-beta-2,org.apache.maven.repository.legacy.resolver,ArtifactSpec,2,0,5,3,23,6,0,0,0.0,3,2
maven-maven-3.0-beta-2,org.apache.maven.repository.legacy.resolver,Source,2,0,9,6,73,16,0,0,0.0,1,7
maven-maven-3.0-beta-2,org.apache.maven.repository.legacy.resolver.conflict,ConflictResolver,1,0,1,0,17,1,4,0,-1.0,3,1
maven-maven-3.0-beta-2,org.apache.maven.repository.legacy.resolver.conflict,ConflictResolverFactory,1,0,1,0,20,1,1,0,-1.0,0,0
maven-maven-3.0-beta-2,org.apache.maven.repository.legacy.resolver.conflict,ConflictResolverNotFoundException,1,0,1,1,19,1,0,0,0.0,0,0
maven-maven-3.0-beta-2,org.apache.maven.repository.legacy.resolver.conflict,DefaultConflictResolver,0,0,0,0,9,0,0,2,-1.0,0,0
maven-maven-3.0-beta-2,org.apache.maven.repository.legacy.resolver.conflict,DefaultConflictResolverFactory,1,0,2,2,24,2,0,1,0.0,0,1
maven-maven-3.0-beta-2,org.apache.maven.repository.legacy.resolver.conflict,FarthestConflictResolver,0,0,1,1,11,1,0,1,-1.0,0,1
maven-maven-3.0-beta-2,org.apache.maven.repository.legacy.resolver.conflict,NearestConflictResolver,0,0,1,1,12,1,1,1,-1.0,0,1
maven-maven-3.0-beta-2,org.apache.maven.repository.legacy.resolver.conflict,NewestConflictResolver,0,0,1,1,19,1,0,1,-1.0,0,2
maven-maven-3.0-beta-2,org.apache.maven.repository.legacy.resolver.conflict,OldestConflictResolver,0,0,1,1,19,1,0,1,-1.0,0,2
maven-maven-3.0-beta-2,org.apache.maven.repository.legacy.resolver.conflict,AbstractConflictResolverTest,7,0,10,1,58,10,4,0,0.0,0,5
maven-maven-3.0-beta-2,org.apache.maven.repository.legacy.resolver.conflict,FarthestConflictResolverTest,0,0,5,5,45,5,0,1,-1.0,0,1
maven-maven-3.0-beta-2,org.apache.maven.repository.legacy.resolver.conflict,NearestConflictResolverTest,0,0,5,5,45,5,0,1,-1.0,0,1
maven-maven-3.0-beta-2,org.apache.maven.repository.legacy.resolver.conflict,NewestConflictResolverTest,0,0,5,5,45,5,0,1,-1.0,0,1
maven-maven-3.0-beta-2,org.apache.maven.repository.legacy.resolver.conflict,OldestConflictResolverTest,0,0,5,5,45,5,0,1,-1.0,0,1
maven-maven-3.0-beta-2,org.apache.maven.repository.legacy.resolver.transform,AbstractVersionTransformation,2,0,4,1,58,10,3,1,0.5,0,6
maven-maven-3.0-beta-2,org.apache.maven.repository.legacy.resolver.transform,ArtifactTransformation,1,0,4,0,34,4,1,0,-1.0,0,3
maven-maven-3.0-beta-2,org.apache.maven.repository.legacy.resolver.transform,ArtifactTransformationManager,1,0,5,0,34,5,1,0,-1.0,4,3
maven-maven-3.0-beta-2,org.apache.maven.repository.legacy.resolver.transform,DefaultArtifactTransformationManager,1,0,5,5,29,9,0,1,0.0,0,3
maven-maven-3.0-beta-2,org.apache.maven.repository.legacy.resolver.transform,LatestArtifactTransformation,0,0,4,3,24,6,0,2,-1.0,0,3
maven-maven-3.0-beta-2,org.apache.maven.repository.legacy.resolver.transform,ReleaseArtifactTransformation,0,0,5,3,42,8,0,2,-1.0,0,4
maven-maven-3.0-beta-2,org.apache.maven.repository.legacy.resolver.transform,SnapshotTransformation,3,0,7,5,81,14,0,2,0.42857142857142855,1,5
maven-maven-3.0-beta-2,org.apache.maven.repository.metadata,ArtifactMetadata,13,0,43,43,197,46,0,0,0.11627906976744186,12,1
maven-maven-3.0-beta-2,org.apache.maven.repository.metadata,ClasspathContainer,2,0,10,10,68,17,0,0,0.0,4,2
maven-maven-3.0-beta-2,org.apache.maven.repository.metadata,ClasspathTransformation,1,0,1,0,15,1,1,0,-1.0,2,1
maven-maven-3.0-beta-2,org.apache.maven.repository.metadata,DefaultClasspathTransformation,4,0,4,2,75,14,0,1,0.75,0,7
maven-maven-3.0-beta-2,org.apache.maven.repository.metadata,ClasspathGraphVisitor,3,0,3,1,42,10,0,0,0.6666666666666666,1,5
maven-maven-3.0-beta-2,org.apache.maven.repository.metadata,DefaultGraphConflictResolutionPolicy,2,0,1,1,30,4,0,1,0.0,0,2
maven-maven-3.0-beta-2,org.apache.maven.repository.metadata,DefaultGraphConflictResolver,1,0,4,1,123,27,0,1,0.0,0,5
maven-maven-3.0-beta-2,org.apache.maven.repository.metadata,GraphConflictResolutionException,1,0,4,4,18,4,0,0,1.0,0,0
maven-maven-3.0-beta-2,org.apache.maven.repository.metadata,GraphConflictResolutionPolicy,1,0,1,0,9,1,1,0,-1.0,2,1
maven-maven-3.0-beta-2,org.apache.maven.repository.metadata,GraphConflictResolver,1,0,1,0,16,1,1,0,-1.0,3,1
maven-maven-3.0-beta-2,org.apache.maven.repository.metadata,MetadataGraph,9,2,33,24,314,73,0,0,0.09090909090909091,9,5
maven-maven-3.0-beta-2,org.apache.maven.repository.metadata,MetadataGraphEdge,8,0,20,19,99,23,0,0,0.0,8,2
maven-maven-3.0-beta-2,org.apache.maven.repository.metadata,MetadataGraphTransformationException,1,0,4,4,17,4,0,0,1.0,0,0
maven-maven-3.0-beta-2,org.apache.maven.repository.metadata,MetadataGraphVertex,3,0,13,12,115,28,0,0,0.0,8,2
maven-maven-3.0-beta-2,org.apache.maven.repository.metadata,MetadataResolution,2,0,6,6,32,6,0,0,0.0,0,1
maven-maven-3.0-beta-2,org.apache.maven.repository.metadata,MetadataResolutionException,0,0,4,4,13,4,0,0,-1.0,0,0
maven-maven-3.0-beta-2,org.apache.maven.repository.metadata,MetadataResolutionRequest,3,0,8,8,33,8,0,0,0.25,1,2
maven-maven-3.0-beta-2,org.apache.maven.repository.metadata,MetadataResolutionResult,3,0,10,10,89,25,0,0,0.2,0,5
maven-maven-3.0-beta-2,org.apache.maven.repository.metadata,MetadataRetrievalException,1,0,5,5,24,5,0,0,0.8,0,1
maven-maven-3.0-beta-2,org.apache.maven.repository.metadata,MetadataSource,1,0,1,0,9,1,0,0,-1.0,0,2
maven-maven-3.0-beta-2,org.apache.maven.repository.metadata,MetadataTreeNode,4,0,15,15,71,19,0,0,0.2,4,3
maven-maven-3.0-beta-2,org.apache.maven.repository.metadata,DefaultClasspathTransformationTest,6,0,4,3,53,4,0,0,0.0,0,5
maven-maven-3.0-beta-2,org.apache.maven.repository.metadata,DefaultGraphConflictResolutionPolicyTest,4,0,2,1,24,2,0,0,0.0,0,2
maven-maven-3.0-beta-2,org.apache.maven.repository.metadata,DefaultGraphConflictResolverTest,7,0,4,3,74,4,0,0,0.0,0,3
maven-maven-3.0-beta-2,org.apache.maven.repository.metadata,TestMetadataSource,1,0,4,4,36,6,0,0,0.75,0,4
maven-maven-3.0-beta-2,org.apache.maven.usability.plugin,ExpressionDocumentationException,1,0,2,2,9,2,0,0,1.0,0,0
maven-maven-3.0-beta-2,org.apache.maven.usability.plugin,ExpressionDocumenter,3,0,3,1,67,9,0,0,0.0,1,1
maven-maven-3.0-beta-2,org.apache.maven.artifact.factory,DefaultArtifactFactoryTest,0,0,1,1,15,1,0,0,-1.0,0,3
maven-maven-3.0-beta-2,org.apache.maven.artifact.factory,ArtifactFactory,1,0,12,0,15,12,1,0,-1.0,14,1
maven-maven-3.0-beta-2,org.apache.maven.artifact.factory,DefaultArtifactFactory,1,0,15,12,72,22,0,1,0.13333333333333333,0,4
maven-maven-3.0-beta-2,org.apache.maven.artifact.testutils,MockManager,1,0,3,3,18,5,0,0,0.0,0,0
maven-maven-3.0-beta-2,org.apache.maven.artifact.testutils,TestFileManager,7,1,14,11,99,19,0,0,0.21428571428571427,0,0
maven-maven-3.0-beta-2,org.apache.maven.artifact.transform,TransformationManagerTest,0,0,1,1,13,1,0,0,-1.0,0,1
maven-maven-3.0-beta-2,org.apache.maven.profiles.manager,DefaultProfileManagerTest,0,0,6,6,95,6,0,0,-1.0,0,1
maven-maven-3.0-beta-2,org.apache.maven.project.inheritance.t00,ProjectInheritanceTest,0,0,1,1,17,1,0,0,-1.0,0,1
maven-maven-3.0-beta-2,org.apache.maven.project.inheritance.t01,ProjectInheritanceTest,0,0,1,1,19,1,0,0,-1.0,0,1
maven-maven-3.0-beta-2,org.apache.maven.project.inheritance.t02,ProjectInheritanceTest,0,0,1,1,61,5,0,0,-1.0,0,1
maven-maven-3.0-beta-2,org.apache.maven.project.inheritance.t03,ProjectInheritanceTest,0,0,1,1,16,1,0,0,-1.0,0,1
maven-maven-3.0-beta-2,org.apache.maven.project.inheritance.t04,ProjectInheritanceTest,0,0,1,1,26,2,0,0,-1.0,0,2
maven-maven-3.0-beta-2,org.apache.maven.project.inheritance.t05,ProjectInheritanceTest,0,0,1,1,25,2,0,0,-1.0,0,2
maven-maven-3.0-beta-2,org.apache.maven.project.inheritance.t06,ProjectInheritanceTest,0,0,1,1,26,2,0,0,-1.0,0,2
maven-maven-3.0-beta-2,org.apache.maven.project.inheritance.t07,ProjectInheritanceTest,0,0,1,1,27,2,0,0,-1.0,0,2
maven-maven-3.0-beta-2,org.apache.maven.project.inheritance.t08,ProjectInheritanceTest,0,0,1,1,27,2,0,0,-1.0,0,2
maven-maven-3.0-beta-2,org.apache.maven.project.inheritance.t09,ProjectInheritanceTest,0,0,2,2,48,2,0,0,-1.0,0,1
maven-maven-3.0-beta-2,org.apache.maven.project.inheritance.t10,ProjectInheritanceTest,0,0,1,1,31,1,0,0,-1.0,0,2
maven-maven-3.0-beta-2,org.apache.maven.project.inheritance.t11,ProjectInheritanceTest,0,0,1,1,18,1,0,0,-1.0,0,1
maven-maven-3.0-beta-2,org.apache.maven.project.inheritance.t12,ProjectInheritanceTest,0,0,1,1,18,1,0,0,-1.0,0,1
maven-maven-3.0-beta-2,org.apache.maven.project.inheritance.t12scm,ProjectInheritanceTest,0,0,2,2,39,2,0,0,-1.0,0,1
maven-maven-3.0-beta-2,org.apache.maven.repository.ideworkspace,IdeWorkspaceRepositoryTest,2,0,4,2,38,4,0,0,0.0,0,6
maven-maven-3.0-beta-2,org.apache.maven.repository.ideworkspace,TestIdeWorkspaceRepository,4,4,2,2,16,3,0,0,1.0,1,2
maven-maven-3.0-beta-2,org.apache.maven,AbstractMavenLifecycleParticipant,0,0,2,2,15,2,1,0,-1.0,2,1
maven-maven-3.0-beta-2,org.apache.maven,ArtifactFilterManager,0,0,3,0,15,3,1,0,-1.0,1,0
maven-maven-3.0-beta-2,org.apache.maven,ArtifactFilterManagerDelegate,0,0,2,0,4,2,0,0,-1.0,1,0
maven-maven-3.0-beta-2,org.apache.maven,BuildFailureException,0,0,2,2,13,2,2,0,-1.0,0,0
maven-maven-3.0-beta-2,org.apache.maven,DefaultArtifactFilterManager,3,0,5,4,79,7,0,1,0.0,0,1
maven-maven-3.0-beta-2,org.apache.maven,DefaultMaven,6,0,12,1,329,59,0,1,0.0,0,18
maven-maven-3.0-beta-2,org.apache.maven,DefaultProjectDependenciesResolver,2,0,7,4,74,15,0,1,0.42857142857142855,0,8
maven-maven-3.0-beta-2,org.apache.maven,DefaultProjectDependencyGraph,1,0,8,5,66,19,0,0,0.0,0,2
maven-maven-3.0-beta-2,org.apache.maven,DuplicateProjectException,1,0,2,2,23,2,0,1,0.0,0,0
maven-maven-3.0-beta-2,org.apache.maven,FilteredProjectDependencyGraph,3,0,6,5,48,11,0,0,0.0,0,2
maven-maven-3.0-beta-2,org.apache.maven,InternalErrorException,0,0,1,1,9,1,0,1,-1.0,0,0
maven-maven-3.0-beta-2,org.apache.maven,Maven,1,0,1,0,7,1,1,0,-1.0,3,1
maven-maven-3.0-beta-2,org.apache.maven,MavenExecutionException,1,0,4,4,21,4,3,0,0.5,0,1
maven-maven-3.0-beta-2,org.apache.maven,MissingModuleException,2,0,3,3,15,3,0,1,0.0,0,0
maven-maven-3.0-beta-2,org.apache.maven,ProjectBuildFailureException,1,0,3,3,17,3,0,1,0.6666666666666666,0,1
maven-maven-3.0-beta-2,org.apache.maven,ProjectCycleException,0,0,1,1,8,1,0,1,-1.0,1,0
maven-maven-3.0-beta-2,org.apache.maven,ProjectDependenciesResolver,0,0,4,0,37,4,1,0,-1.0,2,2
maven-maven-3.0-beta-2,org.apache.maven,ReactorArtifactRepository,3,0,14,8,168,41,0,0,0.2857142857142857,1,4
maven-maven-3.0-beta-2,org.apache.maven,AbstractCoreMavenComponentTestCase,4,0,28,16,165,33,3,0,0.2857142857142857,0,7
maven-maven-3.0-beta-2,org.apache.maven,ProjectBuilder,1,0,11,11,58,13,0,0,0.0,1,2
maven-maven-3.0-beta-2,org.apache.maven,PluginBuilder,1,0,5,5,33,7,0,0,0.4,0,1
maven-maven-3.0-beta-2,org.apache.maven,MavenLifecycleParticipantTest,1,0,5,3,46,5,0,1,0.8,0,6
maven-maven-3.0-beta-2,org.apache.maven,InjectDependencyLifecycleListener,0,0,2,2,20,2,0,1,-1.0,0,2
maven-maven-3.0-beta-2,org.apache.maven,MavenTest,2,0,4,1,19,4,0,1,0.75,0,2
maven-maven-3.0-beta-2,org.apache.maven,ProjectDependenciesResolverTest,1,0,5,2,34,5,0,1,0.4,0,4
maven-maven-3.0-beta-2,org.apache.maven,App,0,0,1,1,8,1,0,0,-1.0,0,0
maven-maven-3.0-beta-2,org.apache.maven,AppTest,0,0,3,3,24,3,0,0,-1.0,0,0
maven-maven-3.0-beta-2,org.apache.maven.artifact.handler.manager,ArtifactHandlerManager,1,0,2,0,9,2,1,0,-1.0,2,0
maven-maven-3.0-beta-2,org.apache.maven.artifact.handler.manager,DefaultArtifactHandlerManager,1,0,3,3,20,4,0,1,0.0,0,1
maven-maven-3.0-beta-2,org.apache.maven.artifact.repository.metadata.io,DefaultMetadataReader,0,0,4,3,47,7,0,1,-1.0,0,0
maven-maven-3.0-beta-2,org.apache.maven.artifact.repository.metadata.io,MetadataParseException,2,0,4,4,52,4,0,0,0.0,0,0
maven-maven-3.0-beta-2,org.apache.maven.artifact.repository.metadata.io,MetadataReader,1,0,3,0,37,3,1,0,-1.0,2,0
maven-maven-3.0-beta-2,org.apache.maven.classrealm,ArtifactClassRealmConstituent,1,0,8,8,30,8,0,1,0.0,0,1
maven-maven-3.0-beta-2,org.apache.maven.classrealm,ClassRealmConstituent,0,0,6,0,36,6,1,0,-1.0,1,0
maven-maven-3.0-beta-2,org.apache.maven.classrealm,ClassRealmManager,0,0,4,0,34,4,1,0,-1.0,2,0
maven-maven-3.0-beta-2,org.apache.maven.classrealm,ClassRealmManagerDelegate,0,0,1,0,7,1,0,0,-1.0,1,1
maven-maven-3.0-beta-2,org.apache.maven.classrealm,ClassRealmRequest,0,0,4,0,27,4,1,0,-1.0,2,0
maven-maven-3.0-beta-2,org.apache.maven.classrealm,DefaultClassRealmManager,3,0,14,4,191,36,0,1,0.0,1,5
maven-maven-3.0-beta-2,org.apache.maven.classrealm,DefaultClassRealmRequest,4,0,5,5,27,5,0,1,0.0,0,0
maven-maven-3.0-beta-2,org.apache.maven.exception,DefaultExceptionHandler,0,0,8,1,141,41,0,1,-1.0,0,4
maven-maven-3.0-beta-2,org.apache.maven.exception,ExceptionHandler,0,0,1,0,3,1,1,0,-1.0,4,0
maven-maven-3.0-beta-2,org.apache.maven.exception,ExceptionSummary,4,0,6,6,27,6,0,0,0.0,2,0
maven-maven-3.0-beta-2,org.apache.maven.lifecycle,DefaultLifecycleExecutor,7,0,7,6,46,8,0,1,0.8571428571428571,1,13
maven-maven-3.0-beta-2,org.apache.maven.lifecycle,DefaultLifecycles,3,1,6,6,58,12,0,0,0.3333333333333333,8,1
maven-maven-3.0-beta-2,org.apache.maven.lifecycle,DefaultSchedules,1,0,5,4,45,10,0,0,0.4,2,4
maven-maven-3.0-beta-2,org.apache.maven.lifecycle,LifeCyclePluginAnalyzer,0,0,1,0,6,1,0,0,-1.0,2,0
maven-maven-3.0-beta-2,org.apache.maven.lifecycle,Lifecycle,3,0,6,6,27,6,0,0,0.3333333333333333,5,0
maven-maven-3.0-beta-2,org.apache.maven.lifecycle,LifecycleExecutionException,1,0,9,8,59,12,0,0,0.4444444444444444,1,3
maven-maven-3.0-beta-2,org.apache.maven.lifecycle,LifecycleExecutor,1,0,5,0,15,5,1,0,-1.0,2,2
maven-maven-3.0-beta-2,org.apache.maven.lifecycle,LifecycleNotFoundException,1,0,2,2,22,2,0,0,0.0,0,0
maven-maven-3.0-beta-2,org.apache.maven.lifecycle,LifecyclePhaseNotFoundException,1,0,2,2,23,2,0,0,0.0,0,0
maven-maven-3.0-beta-2,org.apache.maven.lifecycle,MavenExecutionPlan,5,0,14,12,108,27,0,0,0.0,14,5
maven-maven-3.0-beta-2,org.apache.maven.lifecycle,MissingProjectException,0,0,1,1,13,1,0,0,-1.0,0,0
maven-maven-3.0-beta-2,org.apache.maven.lifecycle,NoGoalSpecifiedException,0,0,1,1,13,1,0,0,-1.0,0,0
maven-maven-3.0-beta-2,org.apache.maven.lifecycle,Schedule,6,0,17,17,77,21,0,0,0.11764705882352941,6,1
maven-maven-3.0-beta-2,org.apache.maven.lifecycle,Scheduling,2,0,8,8,47,14,0,0,0.25,2,1
maven-maven-3.0-beta-2,org.apache.maven.lifecycle,DefaultLifecyclesTest,1,0,3,1,21,3,0,0,0.0,1,2
maven-maven-3.0-beta-2,org.apache.maven.lifecycle,DefaultSchedulesTest,1,0,3,2,21,3,0,0,0.6666666666666666,0,4
maven-maven-3.0-beta-2,org.apache.maven.lifecycle,LifecycleExecutorSubModulesTest,7,0,4,1,40,4,0,0,0.5,0,8
maven-maven-3.0-beta-2,org.apache.maven.lifecycle,LifecycleExecutorTest,4,0,15,10,163,17,0,0,0.2,0,13
maven-maven-3.0-beta-2,org.apache.maven.lifecycle,MavenExecutionPlanTest,0,0,6,6,39,6,0,0,-1.0,0,5
maven-maven-3.0-beta-2,org.apache.maven.lifecycle,MojoExecutionXPathContainer,2,0,5,5,28,5,0,0,0.0,0,1
maven-maven-3.0-beta-2,org.apache.maven.lifecycle.internal,BuildListCalculator,0,0,1,1,25,4,0,0,-1.0,4,3
maven-maven-3.0-beta-2,org.apache.maven.lifecycle.internal,BuildLogItem,10,0,18,10,125,26,0,0,0.1111111111111111,5,3
maven-maven-3.0-beta-2,org.apache.maven.lifecycle.internal,DependencyLogEntry,5,0,8,3,44,10,0,0,0.25,0,3
maven-maven-3.0-beta-2,org.apache.maven.lifecycle.internal,BuilderCommon,5,0,6,6,73,14,0,0,0.8333333333333334,10,11
maven-maven-3.0-beta-2,org.apache.maven.lifecycle.internal,ConcurrencyDependencyGraph,3,0,6,5,51,10,0,0,0.0,3,3
maven-maven-3.0-beta-2,org.apache.maven.lifecycle.internal,ConcurrentBuildLogger,3,0,4,4,59,10,0,0,0.0,2,3
maven-maven-3.0-beta-2,org.apache.maven.lifecycle.internal,CurrentPhaseForThread,1,0,2,2,13,2,0,0,0.0,2,0
maven-maven-3.0-beta-2,org.apache.maven.lifecycle.internal,DefaultExecutionEvent,3,0,5,5,26,5,0,0,0.0,0,2
maven-maven-3.0-beta-2,org.apache.maven.lifecycle.internal,DefaultExecutionEventCatapult,0,0,1,1,67,19,0,1,-1.0,0,4
maven-maven-3.0-beta-2,org.apache.maven.lifecycle.internal,DependencyContext,6,0,11,11,54,13,0,0,0.18181818181818182,6,3
maven-maven-3.0-beta-2,org.apache.maven.lifecycle.internal,ExecutionEventCatapult,0,0,1,0,7,1,1,0,-1.0,6,3
maven-maven-3.0-beta-2,org.apache.maven.lifecycle.internal,ExecutionPlanItem,3,0,10,10,41,10,0,0,0.2,7,3
maven-maven-3.0-beta-2,org.apache.maven.lifecycle.internal,GoalTask,1,0,2,2,13,2,0,0,0.0,2,0
maven-maven-3.0-beta-2,org.apache.maven.lifecycle.internal,LifecycleDebugLogger,1,0,8,7,89,20,0,0,0.25,4,8
maven-maven-3.0-beta-2,org.apache.maven.lifecycle.internal,LifecycleDependencyResolver,3,0,11,5,104,20,0,0,0.2727272727272727,7,9
maven-maven-3.0-beta-2,org.apache.maven.lifecycle.internal,LifecycleExecutionPlanCalculator,0,0,2,0,8,2,1,0,-1.0,6,3
maven-maven-3.0-beta-2,org.apache.maven.lifecycle.internal,LifecycleExecutionPlanCalculatorImpl,6,0,18,5,330,78,0,1,0.1111111111111111,2,16
maven-maven-3.0-beta-2,org.apache.maven.lifecycle.internal,LifecycleModuleBuilder,3,0,2,2,40,3,0,0,0.0,3,10
maven-maven-3.0-beta-2,org.apache.maven.lifecycle.internal,LifecyclePluginAnalyzerImpl,3,0,3,2,72,15,0,0,0.6666666666666666,0,3
maven-maven-3.0-beta-2,org.apache.maven.lifecycle.internal,LifecyclePluginResolver,1,0,3,3,34,9,0,0,0.6666666666666666,3,4
maven-maven-3.0-beta-2,org.apache.maven.lifecycle.internal,LifecycleStarter,10,0,2,1,83,10,0,0,0.0,2,18
maven-maven-3.0-beta-2,org.apache.maven.lifecycle.internal,LifecycleTask,1,0,3,3,16,3,0,0,0.0,0,0
maven-maven-3.0-beta-2,org.apache.maven.lifecycle.internal,LifecycleTaskSegmentCalculator,0,0,2,0,11,2,1,0,-1.0,6,1
maven-maven-3.0-beta-2,org.apache.maven.lifecycle.internal,LifecycleTaskSegmentCalculatorImpl,2,0,5,4,61,14,0,1,0.4,1,6
maven-maven-3.0-beta-2,org.apache.maven.lifecycle.internal,LifecycleThreadedBuilder,2,0,5,3,75,12,0,0,0.4,1,8
maven-maven-3.0-beta-2,org.apache.maven.lifecycle.internal,LifecycleWeaveBuilder,7,0,18,8,249,57,0,0,0.2777777777777778,4,24
maven-maven-3.0-beta-2,org.apache.maven.lifecycle.internal,ArtifactLink,2,0,2,1,13,2,0,0,0.0,0,1
maven-maven-3.0-beta-2,org.apache.maven.lifecycle.internal,MojoDescriptorCreator,3,0,9,5,104,22,0,0,0.3333333333333333,6,11
maven-maven-3.0-beta-2,org.apache.maven.lifecycle.internal,MojoExecutor,3,0,6,4,139,18,0,0,0.3333333333333333,5,12
maven-maven-3.0-beta-2,org.apache.maven.lifecycle.internal,PhaseRecorder,2,0,3,3,33,8,0,0,0.0,4,2
maven-maven-3.0-beta-2,org.apache.maven.lifecycle.internal,ProjectBuildList,1,0,10,9,73,18,0,0,0.0,13,4
maven-maven-3.0-beta-2,org.apache.maven.lifecycle.internal,ProjectIndex,2,0,3,3,25,4,0,0,0.0,4,2
maven-maven-3.0-beta-2,org.apache.maven.lifecycle.internal,ProjectSegment,5,0,7,7,39,7,0,0,0.0,9,4
maven-maven-3.0-beta-2,org.apache.maven.lifecycle.internal,ReactorBuildStatus,3,0,6,6,31,8,0,0,0.0,4,3
maven-maven-3.0-beta-2,org.apache.maven.lifecycle.internal,ReactorContext,4,0,5,5,29,5,0,0,0.0,6,3
maven-maven-3.0-beta-2,org.apache.maven.lifecycle.internal,TaskSegment,2,0,5,5,26,5,0,0,0.0,14,0
maven-maven-3.0-beta-2,org.apache.maven.lifecycle.internal,ThreadConfigurationService,2,0,5,3,49,9,0,0,0.0,2,0
maven-maven-3.0-beta-2,org.apache.maven.lifecycle.internal,ThreadLockedArtifact,3,0,50,48,170,52,0,0,0.0,1,7
maven-maven-3.0-beta-2,org.apache.maven.lifecycle.internal,ThreadOutputMuxer,12,1,37,31,277,43,0,0,0.7027027027027027,3,2
maven-maven-3.0-beta-2,org.apache.maven.lifecycle.internal,ConsolePrinter,2,1,3,2,46,6,0,0,0.0,0,1
maven-maven-3.0-beta-2,org.apache.maven.lifecycle.internal,ThreadBoundPrintStream,0,0,26,25,168,26,0,0,-1.0,0,0
maven-maven-3.0-beta-2,org.apache.maven.lifecycle.internal,BuildListCalculatorTest,0,0,2,1,17,2,0,0,-1.0,1,7
maven-maven-3.0-beta-2,org.apache.maven.lifecycle.internal,BuilderCommonTest,0,0,5,5,25,5,0,0,-1.0,1,9
maven-maven-3.0-beta-2,org.apache.maven.lifecycle.internal,ConcurrencyDependencyGraphTest,0,0,2,2,37,2,0,0,-1.0,0,4
maven-maven-3.0-beta-2,org.apache.maven.lifecycle.internal,ConcurrentBuildLoggerTest,0,0,1,1,30,1,0,0,-1.0,0,11
maven-maven-3.0-beta-2,org.apache.maven.lifecycle.internal,ExecutionPlanItemTest,0,0,5,5,26,5,0,0,-1.0,1,4
maven-maven-3.0-beta-2,org.apache.maven.lifecycle.internal,LifecycleExecutionPlanCalculatorTest,0,0,3,3,26,3,0,0,-1.0,2,11
maven-maven-3.0-beta-2,org.apache.maven.lifecycle.internal,LifecycleTaskSegmentCalculatorImplTest,0,0,2,1,20,2,0,0,-1.0,1,7
maven-maven-3.0-beta-2,org.apache.maven.lifecycle.internal,LifecycleWeaveBuilderTest,0,0,7,2,56,7,0,0,-1.0,1,16
maven-maven-3.0-beta-2,org.apache.maven.lifecycle.internal,PhaseRecorderTest,0,0,1,1,17,1,0,0,-1.0,0,5
maven-maven-3.0-beta-2,org.apache.maven.lifecycle.internal,ProjectBuildListTest,0,0,1,1,13,1,0,0,-1.0,0,4
maven-maven-3.0-beta-2,org.apache.maven.lifecycle.internal,ThreadConfigurationServiceTest,0,0,1,1,10,1,0,0,-1.0,0,1
maven-maven-3.0-beta-2,org.apache.maven.lifecycle.internal,ThreadOutputMuxerTest,6,0,5,3,76,8,0,0,0.4,0,5
maven-maven-3.0-beta-2,org.apache.maven.lifecycle.internal,Outputter,3,0,2,1,16,2,0,0,0.0,0,2
maven-maven-3.0-beta-2,org.apache.maven.lifecycle.mapping,DefaultLifecycleMapping,3,0,4,3,53,11,0,1,0.5,0,1
maven-maven-3.0-beta-2,org.apache.maven.lifecycle.mapping,Lifecycle,3,0,4,4,40,4,0,0,0.5,2,0
maven-maven-3.0-beta-2,org.apache.maven.lifecycle.mapping,LifecycleMapping,1,0,3,0,6,3,1,0,-1.0,1,0
maven-maven-3.0-beta-2,org.apache.maven.model.plugin,DefaultLifecycleBindingsInjector,3,0,4,2,77,15,0,1,0.75,0,4
maven-maven-3.0-beta-2,org.apache.maven.model.plugin,LifecycleBindingsMerger,1,0,3,1,56,12,0,0,0.6666666666666666,1,0
maven-maven-3.0-beta-2,org.apache.maven.model.plugin,DefaultPluginConfigurationExpander,0,0,2,1,28,7,0,1,-1.0,0,2
maven-maven-3.0-beta-2,org.apache.maven.model.plugin,DefaultReportConfigurationExpander,0,0,1,1,21,5,0,1,-1.0,0,2
maven-maven-3.0-beta-2,org.apache.maven.model.plugin,DefaultReportingConverter,0,0,7,1,125,30,0,1,-1.0,0,2
maven-maven-3.0-beta-2,org.apache.maven.model.plugin,LifecycleBindingsInjector,0,0,1,0,13,1,1,0,-1.0,1,2
maven-maven-3.0-beta-2,org.apache.maven.model.plugin,PluginConfigurationExpander,0,0,1,0,13,1,1,0,-1.0,1,2
maven-maven-3.0-beta-2,org.apache.maven.model.plugin,ReportConfigurationExpander,0,0,1,0,13,1,1,0,-1.0,1,2
maven-maven-3.0-beta-2,org.apache.maven.model.plugin,ReportingConverter,0,0,1,0,13,1,1,0,-1.0,1,2
maven-maven-3.0-beta-2,org.apache.maven.monitor.event,EventDispatcher,0,0,4,0,9,4,0,0,-1.0,1,1
maven-maven-3.0-beta-2,org.apache.maven.monitor.event,EventMonitor,0,0,3,0,8,3,0,0,-1.0,1,0
maven-maven-3.0-beta-2,org.apache.maven.plugin,BuildPluginManager,0,0,4,0,9,4,1,0,-1.0,5,4
maven-maven-3.0-beta-2,org.apache.maven.plugin,CycleDetectedInPluginGraphException,1,0,2,2,15,2,0,0,0.0,0,0
maven-maven-3.0-beta-2,org.apache.maven.plugin,DebugConfigurationListener,1,0,4,3,45,9,0,0,0.0,0,0
maven-maven-3.0-beta-2,org.apache.maven.plugin,DefaultBuildPluginManager,3,0,4,4,94,6,0,1,0.0,1,9
maven-maven-3.0-beta-2,org.apache.maven.plugin,DefaultExtensionRealmCache,6,0,7,7,60,12,0,1,0.42857142857142855,0,4
maven-maven-3.0-beta-2,org.apache.maven.plugin,CacheKey,5,0,3,3,34,6,0,0,0.0,8,1
maven-maven-3.0-beta-2,org.apache.maven.plugin,DefaultPluginArtifactsCache,5,0,12,7,115,24,0,1,0.25,2,6
maven-maven-3.0-beta-2,org.apache.maven.plugin,CacheKey,4,0,3,3,30,5,0,0,0.0,0,4
maven-maven-3.0-beta-2,org.apache.maven.plugin,DefaultPluginDescriptorCache,6,0,16,8,125,27,0,1,0.4375,1,9
maven-maven-3.0-beta-2,org.apache.maven.plugin,CacheKey,5,0,10,4,75,18,0,1,0.5,0,4
maven-maven-3.0-beta-2,org.apache.maven.plugin,DefaultPluginRealmCache,7,0,12,7,121,24,0,1,0.25,2,6
maven-maven-3.0-beta-2,org.apache.maven.plugin,CacheKey,6,0,3,3,36,5,0,0,0.0,0,4
maven-maven-3.0-beta-2,org.apache.maven.plugin,ExtensionRealmCache,2,2,5,1,24,5,1,0,-1.0,1,3
maven-maven-3.0-beta-2,org.apache.maven.plugin,CacheRecord,2,2,1,1,8,1,0,0,0.0,6,1
maven-maven-3.0-beta-2,org.apache.maven.plugin,InvalidPluginDescriptorException,1,0,2,1,15,3,0,0,0.0,1,1
maven-maven-3.0-beta-2,org.apache.maven.plugin,InvalidPluginException,0,0,3,3,16,3,0,0,-1.0,1,2
maven-maven-3.0-beta-2,org.apache.maven.plugin,LegacySupport,0,0,2,0,16,2,0,0,-1.0,10,1
maven-maven-3.0-beta-2,org.apache.maven.plugin,MavenPluginManager,0,0,5,0,44,5,0,0,-1.0,2,5
maven-maven-3.0-beta-2,org.apache.maven.plugin,MavenPluginValidator,3,0,4,4,29,8,0,0,0.0,1,2
maven-maven-3.0-beta-2,org.apache.maven.plugin,MojoExecution,8,0,22,22,130,28,0,0,0.13636363636363635,34,1
maven-maven-3.0-beta-2,org.apache.maven.plugin,PluginArtifactsCache,1,1,5,1,22,5,1,0,-1.0,1,4
maven-maven-3.0-beta-2,org.apache.maven.plugin,CacheRecord,1,1,1,1,6,1,0,0,0.0,0,0
maven-maven-3.0-beta-2,org.apache.maven.plugin,PluginConfigurationException,2,0,5,5,33,5,1,0,0.0,0,1
maven-maven-3.0-beta-2,org.apache.maven.plugin,PluginContainerException,1,0,6,6,30,6,0,1,0.0,0,1
maven-maven-3.0-beta-2,org.apache.maven.plugin,PluginDescriptorCache,0,0,4,0,15,4,1,0,-1.0,1,3
maven-maven-3.0-beta-2,org.apache.maven.plugin,Key,0,0,0,0,5,0,1,0,-1.0,2,0
maven-maven-3.0-beta-2,org.apache.maven.plugin,PluginDescriptorParsingException,1,0,2,1,23,5,0,0,0.0,1,1
maven-maven-3.0-beta-2,org.apache.maven.plugin,PluginExecutionException,1,0,6,5,38,8,0,1,0.0,1,4
maven-maven-3.0-beta-2,org.apache.maven.plugin,PluginLoaderException,1,0,14,14,60,14,0,0,0.21428571428571427,0,8
maven-maven-3.0-beta-2,org.apache.maven.plugin,PluginManager,1,0,8,0,21,8,0,0,-1.0,0,4
maven-maven-3.0-beta-2,org.apache.maven.plugin,PluginManagerException,5,0,17,13,111,17,2,0,0.0,1,4
maven-maven-3.0-beta-2,org.apache.maven.plugin,PluginNotFoundException,1,0,3,3,19,3,0,0,0.0,1,1
maven-maven-3.0-beta-2,org.apache.maven.plugin,PluginParameterException,2,0,6,4,59,14,0,1,0.0,1,3
maven-maven-3.0-beta-2,org.apache.maven.plugin,PluginParameterExpressionEvaluator,5,0,8,6,242,53,0,0,0.0,1,7
maven-maven-3.0-beta-2,org.apache.maven.plugin,PluginRealmCache,2,2,5,1,24,5,1,0,-1.0,1,4
maven-maven-3.0-beta-2,org.apache.maven.plugin,CacheRecord,2,2,1,1,8,1,0,0,0.0,0,0
maven-maven-3.0-beta-2,org.apache.maven.plugin,PluginResolutionException,1,0,2,2,15,2,0,0,0.0,0,1
maven-maven-3.0-beta-2,org.apache.maven.plugin,PluginManagerTest,1,0,15,10,96,17,0,0,0.6666666666666666,0,7
maven-maven-3.0-beta-2,org.apache.maven.plugin,PluginParameterExpressionEvaluatorTest,2,0,25,17,212,27,0,0,0.08,1,11
maven-maven-3.0-beta-2,org.apache.maven.plugin,AbstractMojo,2,0,4,4,47,5,0,1,0.5,0,1
maven-maven-3.0-beta-2,org.apache.maven.plugin,AbstractMojoExecutionException,2,0,4,4,20,4,2,0,1.0,0,0
maven-maven-3.0-beta-2,org.apache.maven.plugin,ContextEnabled,0,0,2,0,15,2,1,0,-1.0,0,0
maven-maven-3.0-beta-2,org.apache.maven.plugin,Mojo,1,0,3,0,26,3,1,0,-1.0,2,1
maven-maven-3.0-beta-2,org.apache.maven.plugin,MojoExecutionException,0,0,4,4,40,4,0,1,-1.0,0,0
maven-maven-3.0-beta-2,org.apache.maven.plugin,MojoFailureException,0,0,3,3,33,3,0,1,-1.0,1,0
maven-maven-3.0-beta-2,org.apache.maven.plugin,MojoNotFoundException,2,0,4,3,36,9,0,0,0.0,1,3
maven-maven-3.0-beta-2,org.apache.maven.plugin.internal,DefaultLegacySupport,1,0,2,2,18,3,0,0,0.0,0,1
maven-maven-3.0-beta-2,org.apache.maven.plugin.internal,DefaultMavenPluginManager,7,0,11,5,328,48,0,0,0.0,0,16
maven-maven-3.0-beta-2,org.apache.maven.plugin.internal,DefaultPluginDependenciesResolver,3,0,3,2,76,8,0,1,0.0,0,9
maven-maven-3.0-beta-2,org.apache.maven.plugin.internal,DefaultPluginManager,5,0,8,8,116,9,0,0,0.25,0,14
maven-maven-3.0-beta-2,org.apache.maven.plugin.internal,PluginDependenciesResolver,0,0,2,0,24,2,1,0,-1.0,2,3
maven-maven-3.0-beta-2,org.apache.maven.plugin.internal,PluginDependencyResolutionListener,4,0,15,13,73,25,0,0,0.6,1,3
maven-maven-3.0-beta-2,org.apache.maven.plugin.internal,ValidatingConfigurationListener,3,0,5,4,41,11,0,0,0.0,1,1
maven-maven-3.0-beta-2,org.apache.maven.plugin.prefix,DefaultPluginPrefixRequest,4,0,21,21,109,23,0,1,0.0,0,6
maven-maven-3.0-beta-2,org.apache.maven.plugin.prefix,NoPluginFoundForPrefixException,3,0,2,1,27,6,0,0,0.0,1,2
maven-maven-3.0-beta-2,org.apache.maven.plugin.prefix,PluginPrefixRequest,0,0,16,0,94,16,1,0,-1.0,5,3
maven-maven-3.0-beta-2,org.apache.maven.plugin.prefix,PluginPrefixResolver,0,0,1,0,13,1,0,0,-1.0,2,1
maven-maven-3.0-beta-2,org.apache.maven.plugin.prefix,PluginPrefixResult,0,0,3,0,21,3,0,0,-1.0,3,0
maven-maven-3.0-beta-2,org.apache.maven.plugin.prefix.internal,DefaultPluginPrefixResolver,4,0,7,1,165,35,0,0,0.0,0,7
maven-maven-3.0-beta-2,org.apache.maven.plugin.prefix.internal,DefaultPluginPrefixResult,3,0,9,9,38,9,0,0,0.2222222222222222,0,1
maven-maven-3.0-beta-2,org.apache.maven.plugin.version,DefaultPluginVersionRequest,4,0,22,22,115,23,0,1,0.09090909090909091,0,6
maven-maven-3.0-beta-2,org.apache.maven.plugin.version,PluginVersionNotFoundException,2,0,3,3,15,3,0,0,0.0,1,0
maven-maven-3.0-beta-2,org.apache.maven.plugin.version,PluginVersionRequest,0,0,16,0,94,16,1,0,-1.0,7,3
maven-maven-3.0-beta-2,org.apache.maven.plugin.version,PluginVersionResolutionException,3,0,7,6,48,11,0,0,0.0,2,2
maven-maven-3.0-beta-2,org.apache.maven.plugin.version,PluginVersionResolver,0,0,1,0,13,1,0,0,-1.0,5,1
maven-maven-3.0-beta-2,org.apache.maven.plugin.version,PluginVersionResult,0,0,2,0,16,2,0,0,-1.0,1,0
maven-maven-3.0-beta-2,org.apache.maven.plugin.version.internal,DefaultPluginVersionResolver,3,0,8,1,130,28,0,0,0.25,0,6
maven-maven-3.0-beta-2,org.apache.maven.plugin.version.internal,DefaultPluginVersionResult,2,0,6,6,25,6,0,0,0.5,1,1
maven-maven-3.0-beta-2,org.apache.maven.project.artifact,ActiveProjectArtifact,2,0,50,50,341,58,0,0,0.0,0,7
maven-maven-3.0-beta-2,org.apache.maven.project.artifact,ArtifactWithDependencies,0,0,2,0,4,2,2,0,-1.0,0,0
maven-maven-3.0-beta-2,org.apache.maven.project.artifact,AttachedArtifact,1,0,23,23,79,24,0,0,0.5652173913043478,0,5
maven-maven-3.0-beta-2,org.apache.maven.project.artifact,DefaultMavenMetadataCache,13,0,23,12,189,42,0,1,0.08695652173913043,2,8
maven-maven-3.0-beta-2,org.apache.maven.project.artifact,CacheKey,5,0,3,3,38,6,0,0,0.0,3,5
maven-maven-3.0-beta-2,org.apache.maven.project.artifact,CacheRecord,7,0,7,6,61,13,0,0,0.0,1,3
maven-maven-3.0-beta-2,org.apache.maven.project.artifact,DefaultMetadataSource,0,0,0,0,6,0,0,1,-1.0,0,0
maven-maven-3.0-beta-2,org.apache.maven.project.artifact,InvalidDependencyVersionException,1,0,3,2,18,3,0,0,0.0,2,3
maven-maven-3.0-beta-2,org.apache.maven.project.artifact,MavenMetadataCache,0,0,3,0,5,3,1,0,-1.0,1,3
maven-maven-3.0-beta-2,org.apache.maven.project.artifact,MavenMetadataSource,10,0,19,7,385,74,1,0,0.0,2,22
maven-maven-3.0-beta-2,org.apache.maven.project.artifact,ProjectRelocation,3,0,0,0,5,0,0,0,-1.0,1,2
maven-maven-3.0-beta-2,org.apache.maven.project.artifact,PluginArtifact,1,0,10,10,38,10,0,1,0.9,0,1
maven-maven-3.0-beta-2,org.apache.maven.project.artifact,PluginArtifactHandler,0,0,7,7,23,7,0,0,-1.0,0,0
maven-maven-3.0-beta-2,org.apache.maven.project.artifact,ProjectArtifact,1,0,11,11,42,11,0,1,0.7272727272727273,0,1
maven-maven-3.0-beta-2,org.apache.maven.project.artifact,PomArtifactHandler,0,0,7,7,23,7,0,0,-1.0,0,0
maven-maven-3.0-beta-2,org.apache.maven.project.artifact,ProjectArtifactMetadata,1,0,12,11,54,13,0,0,0.5,1,5
maven-maven-3.0-beta-2,org.apache.maven.project.artifact,DefaultMavenMetadataCacheTest,1,0,3,1,30,3,0,0,0.0,0,4
maven-maven-3.0-beta-2,org.apache.maven.project.artifact,MavenMetadataSourceTest,1,0,3,1,13,3,0,0,0.6666666666666666,0,1
maven-maven-3.0-beta-2,org.apache.maven.properties.internal,EnvironmentUtils,1,0,1,1,25,4,0,0,0.0,2,0
maven-maven-3.0-beta-2,org.apache.maven.toolchain,DefaultToolchain,5,1,7,4,46,10,0,2,0.0,0,1
maven-maven-3.0-beta-2,org.apache.maven.toolchain,DefaultToolchainManager,2,0,3,2,42,7,1,1,0.0,1,5
maven-maven-3.0-beta-2,org.apache.maven.toolchain,DefaultToolchainManagerPrivate,1,0,2,2,35,8,0,2,1.0,0,4
maven-maven-3.0-beta-2,org.apache.maven.toolchain,DefaultToolchainsBuilder,1,0,1,1,26,3,0,1,0.0,0,0
maven-maven-3.0-beta-2,org.apache.maven.toolchain,MisconfiguredToolchainException,0,0,2,2,11,2,0,0,-1.0,0,0
maven-maven-3.0-beta-2,org.apache.maven.toolchain,RequirementMatcher,0,0,1,0,6,1,2,0,-1.0,2,0
maven-maven-3.0-beta-2,org.apache.maven.toolchain,RequirementMatcherFactory,2,0,7,4,43,8,0,0,0.7142857142857143,2,2
maven-maven-3.0-beta-2,org.apache.maven.toolchain,ExactMatcher,1,0,2,1,9,2,0,1,0.0,0,0
maven-maven-3.0-beta-2,org.apache.maven.toolchain,VersionMatcher,1,0,2,1,21,3,0,1,0.0,0,2
maven-maven-3.0-beta-2,org.apache.maven.toolchain,Toolchain,0,0,2,0,13,2,2,0,-1.0,0,0
maven-maven-3.0-beta-2,org.apache.maven.toolchain,ToolchainFactory,0,0,2,0,13,2,0,0,-1.0,2,0
maven-maven-3.0-beta-2,org.apache.maven.toolchain,ToolchainManager,1,0,1,0,10,1,1,0,-1.0,0,1
maven-maven-3.0-beta-2,org.apache.maven.toolchain,ToolchainManagerPrivate,0,0,2,0,14,2,1,0,-1.0,0,2
maven-maven-3.0-beta-2,org.apache.maven.toolchain,ToolchainPrivate,0,0,2,0,13,2,1,1,-1.0,2,0
maven-maven-3.0-beta-2,org.apache.maven.toolchain,ToolchainsBuilder,0,0,1,0,13,1,1,0,-1.0,1,0
maven-maven-3.0-beta-2,org.apache.maven.toolchain,RequirementMatcherFactoryTest,0,0,3,3,33,3,0,0,-1.0,0,2
maven-maven-3.0-beta-2,org.apache.maven.toolchain.java,DefaultJavaToolChain,2,1,6,5,36,9,0,1,0.3333333333333333,2,1
maven-maven-3.0-beta-2,org.apache.maven.toolchain.java,DefaultJavaToolchainFactory,1,0,4,3,48,10,0,0,0.75,0,2
maven-maven-3.0-beta-2,org.apache.maven.toolchain.java,JavaToolChain,0,0,0,0,6,0,1,0,-1.0,0,0
maven-maven-3.0-beta-2,org.apache.maven.lifecycle.internal.stub,BuildPluginManagerStub,0,0,4,4,16,4,0,0,-1.0,0,5
maven-maven-3.0-beta-2,org.apache.maven.lifecycle.internal.stub,CompletionServiceStub,2,0,7,7,38,9,0,0,0.5714285714285714,0,1
maven-maven-3.0-beta-2,org.apache.maven.lifecycle.internal.stub,DefaultLifecyclesStub,0,0,2,2,20,3,0,0,-1.0,3,2
maven-maven-3.0-beta-2,org.apache.maven.lifecycle.internal.stub,DefaultSchedulesStub,0,0,2,2,11,2,0,0,-1.0,3,1
maven-maven-3.0-beta-2,org.apache.maven.lifecycle.internal.stub,ExecutionEventCatapultStub,0,0,1,1,7,1,0,0,-1.0,0,2
maven-maven-3.0-beta-2,org.apache.maven.lifecycle.internal.stub,LifeCyclePluginAnalyzerStub,0,0,2,1,33,4,0,0,-1.0,0,0
maven-maven-3.0-beta-2,org.apache.maven.lifecycle.internal.stub,LifecycleExecutionPlanCalculatorStub,16,16,10,8,96,13,0,0,0.3,5,11
maven-maven-3.0-beta-2,org.apache.maven.lifecycle.internal.stub,LifecycleTaskSegmentCalculatorStub,3,3,2,2,33,6,0,0,1.0,0,2
maven-maven-3.0-beta-2,org.apache.maven.lifecycle.internal.stub,LoggerStub,0,0,19,19,51,19,0,0,-1.0,1,0
maven-maven-3.0-beta-2,org.apache.maven.lifecycle.internal.stub,MojoExecutorStub,1,1,3,3,22,4,0,0,0.6666666666666666,3,7
maven-maven-3.0-beta-2,org.apache.maven.lifecycle.internal.stub,PluginPrefixResolverStub,0,0,4,4,19,4,0,0,-1.0,0,1
maven-maven-3.0-beta-2,org.apache.maven.lifecycle.internal.stub,PluginVersionResolverStub,0,0,3,3,16,3,0,0,-1.0,0,1
maven-maven-3.0-beta-2,org.apache.maven.lifecycle.internal.stub,ProjectDependenciesResolverStub,0,0,4,4,17,4,0,0,-1.0,0,2
maven-maven-3.0-beta-2,org.apache.maven.lifecycle.internal.stub,ProjectDependencyGraphStub,9,7,13,7,111,18,0,0,0.0,13,6
maven-maven-3.0-beta-2,org.apache.maven.lifecycle.internal.stub,Dependency,2,0,3,0,18,5,0,0,0.0,0,1
maven-maven-3.0-beta-2,org.apache.maven.lifecycle.internal.stub,ProjectDependencyGraphStubTest,0,0,4,4,27,4,0,0,-1.0,0,1
maven-maven-3.0-beta-2,org.apache.maven.project.canonical,CanonicalProjectBuilderTest,0,0,1,1,33,3,0,0,-1.0,0,1
maven-maven-3.0-beta-2,org.apache.maven.project.harness,PomTestWrapper,3,0,9,9,49,11,0,0,0.0,2,1
maven-maven-3.0-beta-2,org.apache.maven.project.harness,Xpp3DomAttributeIterator,5,0,4,4,38,7,0,0,0.0,0,0
maven-maven-3.0-beta-2,org.apache.maven.project.harness,Xpp3DomAttributePointer,1,0,11,11,41,11,0,0,0.6363636363636364,0,0
maven-maven-3.0-beta-2,org.apache.maven.project.harness,Xpp3DomNodeIterator,8,0,6,4,89,21,0,0,0.0,0,0
maven-maven-3.0-beta-2,org.apache.maven.project.harness,Xpp3DomNodePointer,1,0,14,13,75,20,0,0,0.42857142857142855,1,1
maven-maven-3.0-beta-2,org.apache.maven.project.harness,Xpp3DomPointerFactory,0,0,3,3,22,5,0,0,-1.0,0,0
maven-maven-3.0-beta-2,org.apache.maven.lifecycle.test,App,0,0,1,1,8,1,0,0,-1.0,0,0
maven-maven-3.0-beta-2,org.apache.maven.lifecycle.test,AppTest,0,0,3,3,24,3,0,0,-1.0,0,0
maven-maven-3.0-beta-2,org.apache.maven.embedder,App,0,0,1,1,8,1,0,0,-1.0,0,0
maven-maven-3.0-beta-2,org.apache.maven.embedder,AppTest,0,0,3,3,24,3,0,0,-1.0,0,0
maven-maven-3.0-beta-2,org.apache.maven.cli,AbstractMavenTransferListener,2,0,13,6,77,22,3,0,0.0,0,2
maven-maven-3.0-beta-2,org.apache.maven.cli,BatchModeMavenTransferListener,0,0,1,1,5,1,0,1,-1.0,0,0
maven-maven-3.0-beta-2,org.apache.maven.cli,CLIManager,31,30,4,3,138,14,0,0,0.0,1,0
maven-maven-3.0-beta-2,org.apache.maven.cli,CLIReportingUtils,3,3,7,2,109,20,0,0,0.5714285714285714,2,1
maven-maven-3.0-beta-2,org.apache.maven.cli,ConsoleMavenTransferListener,2,0,5,2,56,10,0,1,0.4,0,2
maven-maven-3.0-beta-2,org.apache.maven.cli,ExecutionEventLogger,2,0,18,11,182,41,0,0,0.1111111111111111,1,7
maven-maven-3.0-beta-2,org.apache.maven.cli,MavenCli,29,8,25,8,556,112,0,0,0.08,1,19
maven-maven-3.0-beta-2,org.apache.maven.cli,CliRequest,13,0,1,0,20,1,0,0,0.0,1,1
maven-maven-3.0-beta-2,org.apache.maven.cli,ExitException,1,1,1,1,6,1,0,0,0.0,0,0
maven-maven-3.0-beta-2,org.apache.maven.cli,MavenLoggerManager,3,0,12,10,75,18,0,0,0.25,0,0
maven-maven-3.0-beta-2,org.apache.maven.cli,PrintStreamLogger,6,0,9,9,78,21,0,0,0.2222222222222222,1,0
maven-maven-3.0-beta-2,org.apache.maven.cli,QuietMavenTransferListener,0,0,2,1,11,2,0,1,-1.0,0,1
maven-maven-3.0-beta-2,org.plugin,TestPlugin,1,0,3,3,17,3,0,0,0.6666666666666666,0,1
maven-maven-3.0-beta-2,org.plugin,TestPlugin,1,0,3,3,16,3,0,0,0.6666666666666666,0,1
maven-maven-3.0-beta-2,org.plugin,TestPlugin,1,0,3,3,15,3,0,0,0.6666666666666666,0,1
maven-maven-3.0-beta-2,org.plugin,TestPlugin,1,0,3,3,15,3,0,0,0.6666666666666666,0,1
maven-maven-3.0-beta-2,org.plugin,TestPlugin,2,0,3,3,20,3,0,0,0.6666666666666666,0,1
maven-maven-3.0-beta-2,org.plugin,TestPlugin,3,0,3,3,27,3,0,0,0.6666666666666666,0,3
maven-maven-3.0-beta-2,org.plugin,ComponentOne,1,0,0,0,3,0,0,0,-1.0,2,1
maven-maven-3.0-beta-2,org.plugin,ComponentTwo,1,0,0,0,3,0,0,0,-1.0,1,1
maven-maven-3.0-beta-2,org.plugin,TestPlugin,2,0,3,3,19,3,0,0,0.6666666666666666,0,2
maven-maven-3.0-beta-2,org.plugin,TestPlugin,1,0,3,3,15,3,0,0,0.6666666666666666,0,1
maven-maven-3.0-beta-2,org.plugin,TestPlugin,1,0,3,3,17,3,0,0,0.6666666666666666,0,1
maven-maven-3.0-beta-2,org.plugin,TestPlugin,2,0,3,3,19,3,0,0,0.6666666666666666,0,1
maven-maven-3.0-beta-2,org.plugin,TestPlugin,1,0,3,3,15,3,0,0,0.6666666666666666,0,1
maven-maven-3.0-beta-2,org.plugin,TestPlugin,1,0,3,3,15,3,0,0,0.6666666666666666,0,1
maven-maven-3.0-beta-2,org.plugin,TestPlugin,2,0,3,3,21,3,0,0,0.6666666666666666,0,2
maven-maven-3.0-beta-2,org.apache.maven.test.error.mojoFailure,App,0,0,1,1,8,1,0,0,-1.0,0,0
maven-maven-3.0-beta-2,org.apache.maven.test.error.mojoFailure,AppTest,0,0,3,3,24,3,0,0,-1.0,0,0
maven-maven-3.0-beta-2,org.apache.maven.test.error.mojoFailure,App,0,0,1,1,8,1,0,0,-1.0,0,0
maven-maven-3.0-beta-2,org.apache.maven.test.error.mojoFailure,AppTest,0,0,3,3,24,3,0,0,-1.0,0,0
maven-maven-3.0-beta-2,org.apache.maven.test.error.mojoFailure,App,0,0,1,1,9,1,0,0,-1.0,0,0
maven-maven-3.0-beta-2,org.apache.maven.test.error.mojoFailure,AppTest,0,0,3,3,24,3,0,0,-1.0,0,0
maven-maven-3.0-beta-2,org.ext,App,0,0,1,1,8,1,0,0,-1.0,0,0
maven-maven-3.0-beta-2,org.ext,App,0,0,1,1,8,1,0,0,-1.0,0,0
maven-maven-3.0-beta-2,org.test,App,0,0,1,1,8,1,0,0,-1.0,0,0
maven-maven-3.0-beta-2,org.test,AppTest,0,0,3,3,24,3,0,0,-1.0,0,0
maven-maven-3.0-beta-2,org.codehaus.m2eclipse,App,0,0,1,1,8,1,0,0,-1.0,0,0
maven-maven-3.0-beta-2,org.codehaus.m2eclipse,AppTest,0,0,3,3,24,3,0,0,-1.0,0,0
maven-maven-3.0-beta-2,org.apache.maven.model.building,AbstractModelBuildingListener,0,0,1,1,8,1,0,1,-1.0,0,1
maven-maven-3.0-beta-2,org.apache.maven.model.building,DefaultModelBuilder,17,0,37,20,554,104,0,1,0.10810810810810811,1,33
maven-maven-3.0-beta-2,org.apache.maven.model.building,DefaultModelBuilderFactory,0,0,24,2,110,25,0,0,-1.0,0,7
maven-maven-3.0-beta-2,org.apache.maven.model.building,StubLifecycleBindingsInjector,0,0,1,1,4,1,0,0,-1.0,0,2
maven-maven-3.0-beta-2,org.apache.maven.model.building,DefaultModelBuildingEvent,3,0,4,4,23,4,0,1,0.0,0,2
maven-maven-3.0-beta-2,org.apache.maven.model.building,DefaultModelBuildingRequest,15,0,32,32,193,42,0,1,0.09375,2,5
maven-maven-3.0-beta-2,org.apache.maven.model.building,DefaultModelBuildingResult,6,0,14,14,88,20,0,1,0.14285714285714285,1,0
maven-maven-3.0-beta-2,org.apache.maven.model.building,DefaultModelProblem,7,0,10,10,82,12,0,1,0.0,0,1
maven-maven-3.0-beta-2,org.apache.maven.model.building,DefaultModelProblemCollector,5,0,14,12,90,22,0,1,0.0,1,3
maven-maven-3.0-beta-2,org.apache.maven.model.building,DefaultModelProcessor,2,0,6,6,24,6,0,1,0.3333333333333333,1,2
maven-maven-3.0-beta-2,org.apache.maven.model.building,FileModelSource,1,0,5,5,33,6,0,1,0.0,0,0
maven-maven-3.0-beta-2,org.apache.maven.model.building,FilterModelBuildingRequest,1,0,31,31,115,31,0,1,0.0,0,5
maven-maven-3.0-beta-2,org.apache.maven.model.building,ModelBuilder,0,0,2,0,21,2,1,0,-1.0,2,2
maven-maven-3.0-beta-2,org.apache.maven.model.building,ModelBuildingEvent,0,0,3,0,21,3,1,0,-1.0,5,0
maven-maven-3.0-beta-2,org.apache.maven.model.building,ModelBuildingEventCatapult,1,0,2,1,18,2,0,0,-1.0,1,2
maven-maven-3.0-beta-2,org.apache.maven.model.building,ModelBuildingException,3,0,5,4,66,8,0,0,0.0,2,2
maven-maven-3.0-beta-2,org.apache.maven.model.building,ModelBuildingListener,0,0,1,0,11,1,1,0,-1.0,5,1
maven-maven-3.0-beta-2,org.apache.maven.model.building,ModelBuildingRequest,5,0,30,0,191,30,2,0,-1.0,47,4
maven-maven-3.0-beta-2,org.apache.maven.model.building,ModelBuildingResult,0,0,7,0,43,7,1,0,-1.0,5,0
maven-maven-3.0-beta-2,org.apache.maven.model.building,ModelCache,0,0,2,0,24,2,0,0,-1.0,4,0
maven-maven-3.0-beta-2,org.apache.maven.model.building,ModelCacheTag,2,0,12,8,66,12,0,0,-1.0,2,2
maven-maven-3.0-beta-2,org.apache.maven.model.building,ModelData,6,0,16,16,128,16,0,0,0.1875,2,0
maven-maven-3.0-beta-2,org.apache.maven.model.building,ModelProblem,0,0,7,0,45,7,1,0,-1.0,10,0
maven-maven-3.0-beta-2,org.apache.maven.model.building,ModelProblemCollector,0,0,1,0,14,1,2,0,-1.0,38,1
maven-maven-3.0-beta-2,org.apache.maven.model.building,ModelProblemUtils,0,0,5,1,95,19,0,0,-1.0,8,2
maven-maven-3.0-beta-2,org.apache.maven.model.building,ModelProcessor,1,0,0,0,3,0,1,0,-1.0,4,0
maven-maven-3.0-beta-2,org.apache.maven.model.building,ModelSource,0,0,2,0,16,2,3,0,-1.0,8,0
maven-maven-3.0-beta-2,org.apache.maven.model.building,StringModelSource,2,0,6,6,40,6,0,1,0.0,0,0
maven-maven-3.0-beta-2,org.apache.maven.model.building,UrlModelSource,1,0,5,5,33,6,0,1,0.0,0,0
maven-maven-3.0-beta-2,org.apache.maven.model.building,DefaultModelBuilderFactoryTest,0,0,2,1,19,2,0,0,-1.0,0,3
maven-maven-3.0-beta-2,org.apache.maven.model.building,SimpleProblemCollector,3,0,4,4,31,7,0,1,0.0,4,0
maven-maven-3.0-beta-2,org.apache.maven.model.composition,DefaultDependencyManagementImporter,0,0,1,1,30,7,0,1,-1.0,0,2
maven-maven-3.0-beta-2,org.apache.maven.model.composition,DependencyManagementImporter,0,0,1,0,14,1,1,0,-1.0,1,2
maven-maven-3.0-beta-2,org.apache.maven.model.inheritance,DefaultInheritanceAssembler,1,0,5,1,122,24,0,1,0.8,0,4
maven-maven-3.0-beta-2,org.apache.maven.model.inheritance,InheritanceModelMerger,0,0,3,0,81,17,0,0,-1.0,1,0
maven-maven-3.0-beta-2,org.apache.maven.model.inheritance,InheritanceAssembler,0,0,1,0,14,1,1,0,-1.0,1,2
maven-maven-3.0-beta-2,org.apache.maven.model.interpolation,AbstractStringBasedModelInterpolator,8,0,13,6,145,27,1,1,0.3076923076923077,1,4
maven-maven-3.0-beta-2,org.apache.maven.model.interpolation,BuildTimestampValueSource,3,0,2,2,22,4,0,0,0.0,0,0
maven-maven-3.0-beta-2,org.apache.maven.model.interpolation,ModelInterpolator,0,0,1,0,15,1,1,0,-1.0,3,2
maven-maven-3.0-beta-2,org.apache.maven.model.interpolation,PathTranslatingPostProcessor,4,0,2,2,24,4,0,0,0.0,0,1
maven-maven-3.0-beta-2,org.apache.maven.model.interpolation,ProblemDetectingValueSource,4,0,4,4,33,6,0,0,0.0,0,1
maven-maven-3.0-beta-2,org.apache.maven.model.interpolation,StringSearchModelInterpolator,7,0,10,3,202,42,0,2,0.5,3,4
maven-maven-3.0-beta-2,org.apache.maven.model.interpolation,InterpolateObjectAction,5,0,7,2,178,39,0,0,0.0,1,2
maven-maven-3.0-beta-2,org.apache.maven.model.interpolation,UrlNormalizingPostProcessor,2,0,2,2,26,3,0,0,0.0,0,1
maven-maven-3.0-beta-2,org.apache.maven.model.interpolation,AbstractModelInterpolatorTest,1,0,21,15,233,22,1,0,0.14285714285714285,0,5
maven-maven-3.0-beta-2,org.apache.maven.model.interpolation,StringSearchModelInterpolatorTest,9,1,24,17,287,26,0,1,0.16666666666666666,0,10
maven-maven-3.0-beta-2,org.apache.maven.model.interpolation,ObjectWithStringArrayField,1,0,1,1,6,1,0,0,0.0,1,0
maven-maven-3.0-beta-2,org.apache.maven.model.interpolation,ObjectWithListField,1,0,1,1,6,1,0,0,0.0,1,0
maven-maven-3.0-beta-2,org.apache.maven.model.interpolation,ObjectWithMapField,1,0,1,1,6,1,0,0,0.0,1,0
maven-maven-3.0-beta-2,org.apache.maven.model.interpolation,ObjectWithMixedProtection,4,0,3,1,20,3,0,0,0.0,1,0
maven-maven-3.0-beta-2,org.apache.maven.model.interpolation,ClassWithFinalField,1,1,0,0,3,0,0,0,-1.0,0,0
maven-maven-3.0-beta-2,org.apache.maven.model.io,DefaultModelReader,0,0,6,3,57,10,0,1,-1.0,0,0
maven-maven-3.0-beta-2,org.apache.maven.model.io,DefaultModelWriter,0,0,3,3,49,10,0,1,-1.0,0,0
maven-maven-3.0-beta-2,org.apache.maven.model.io,ModelParseException,2,0,4,4,52,4,0,0,0.0,1,0
maven-maven-3.0-beta-2,org.apache.maven.model.io,ModelReader,2,0,3,0,41,3,1,0,-1.0,2,0
maven-maven-3.0-beta-2,org.apache.maven.model.io,ModelWriter,0,0,3,0,30,3,1,0,-1.0,0,0
maven-maven-3.0-beta-2,org.apache.maven.model.locator,DefaultModelLocator,0,0,1,1,9,1,0,1,-1.0,0,0
maven-maven-3.0-beta-2,org.apache.maven.model.locator,ModelLocator,0,0,1,0,12,1,1,0,-1.0,1,0
maven-maven-3.0-beta-2,org.apache.maven.model.management,DefaultDependencyManagementInjector,1,0,4,2,42,10,0,1,1.0,0,3
maven-maven-3.0-beta-2,org.apache.maven.model.management,ManagementModelMerger,0,0,3,1,32,9,0,0,-1.0,2,0
maven-maven-3.0-beta-2,org.apache.maven.model.management,DefaultPluginManagementInjector,1,0,4,2,60,14,0,1,1.0,0,3
maven-maven-3.0-beta-2,org.apache.maven.model.management,ManagementModelMerger,0,0,3,1,50,13,0,0,-1.0,0,0
maven-maven-3.0-beta-2,org.apache.maven.model.management,DependencyManagementInjector,0,0,1,0,13,1,1,0,-1.0,1,2
maven-maven-3.0-beta-2,org.apache.maven.model.management,PluginManagementInjector,0,0,1,0,13,1,1,0,-1.0,1,2
maven-maven-3.0-beta-2,org.apache.maven.model.merge,MavenModelMerger,2,1,39,0,356,99,0,1,0.7692307692307693,1,0
maven-maven-3.0-beta-2,org.apache.maven.model.merge,ModelMerger,0,0,204,1,1851,526,1,0,-1.0,0,0
maven-maven-3.0-beta-2,org.apache.maven.model.normalization,DefaultModelNormalizer,1,0,4,3,54,14,0,1,0.75,0,3
maven-maven-3.0-beta-2,org.apache.maven.model.normalization,DuplicateMerger,0,0,1,1,5,1,0,0,-1.0,1,0
maven-maven-3.0-beta-2,org.apache.maven.model.normalization,ModelNormalizer,0,0,2,0,20,2,1,0,-1.0,1,2
maven-maven-3.0-beta-2,org.apache.maven.model.path,DefaultModelPathTranslator,1,0,3,2,45,10,0,1,0.0,0,2
maven-maven-3.0-beta-2,org.apache.maven.model.path,DefaultModelUrlNormalizer,1,0,3,2,33,7,0,1,0.0,0,2
maven-maven-3.0-beta-2,org.apache.maven.model.path,DefaultPathTranslator,0,0,1,1,23,4,0,1,-1.0,0,0
maven-maven-3.0-beta-2,org.apache.maven.model.path,DefaultUrlNormalizer,0,0,1,1,24,5,0,1,-1.0,0,0
maven-maven-3.0-beta-2,org.apache.maven.model.path,ModelPathTranslator,0,0,1,0,13,1,1,0,-1.0,1,1
maven-maven-3.0-beta-2,org.apache.maven.model.path,ModelUrlNormalizer,0,0,1,0,12,1,1,0,-1.0,1,1
maven-maven-3.0-beta-2,org.apache.maven.model.path,PathTranslator,0,0,1,0,13,1,1,0,-1.0,7,0
maven-maven-3.0-beta-2,org.apache.maven.model.path,UrlNormalizer,0,0,1,0,12,1,1,0,-1.0,5,0
maven-maven-3.0-beta-2,org.apache.maven.model.path,DefaultUrlNormalizerTest,1,0,7,4,35,7,0,0,0.0,0,1
maven-maven-3.0-beta-2,org.apache.maven.model.profile,DefaultProfileActivationContext,5,0,12,12,119,18,0,1,0.4166666666666667,3,0
maven-maven-3.0-beta-2,org.apache.maven.model.profile,DefaultProfileInjector,1,0,5,3,85,19,0,1,1.0,0,3
maven-maven-3.0-beta-2,org.apache.maven.model.profile,ProfileModelMerger,0,0,4,2,67,15,0,0,-1.0,1,0
maven-maven-3.0-beta-2,org.apache.maven.model.profile,DefaultProfileSelector,1,0,4,2,60,14,0,1,0.0,1,3
maven-maven-3.0-beta-2,org.apache.maven.model.profile,ProfileActivationContext,0,0,5,0,31,5,1,0,-1.0,8,0
maven-maven-3.0-beta-2,org.apache.maven.model.profile,ProfileInjector,0,0,1,0,14,1,1,0,-1.0,1,2
maven-maven-3.0-beta-2,org.apache.maven.model.profile,ProfileSelector,0,0,1,0,14,1,1,0,-1.0,2,2
maven-maven-3.0-beta-2,org.apache.maven.model.profile.activation,FileProfileActivator,1,0,3,3,66,12,0,1,0.6666666666666666,0,3
maven-maven-3.0-beta-2,org.apache.maven.model.profile.activation,JdkVersionProfileActivator,2,0,8,2,107,28,0,1,0.0,1,4
maven-maven-3.0-beta-2,org.apache.maven.model.profile.activation,RangeValue,2,0,2,1,11,2,0,0,0.0,1,0
maven-maven-3.0-beta-2,org.apache.maven.model.profile.activation,OperatingSystemProfileActivator,0,0,6,1,92,20,0,1,-1.0,0,2
maven-maven-3.0-beta-2,org.apache.maven.model.profile.activation,ProfileActivator,0,0,1,0,14,1,4,0,-1.0,2,2
maven-maven-3.0-beta-2,org.apache.maven.model.profile.activation,PropertyProfileActivator,0,0,1,1,54,10,0,1,-1.0,0,2
maven-maven-3.0-beta-2,org.apache.maven.model.profile.activation,AbstractProfileActivatorTest,3,0,5,1,34,6,2,0,0.4,0,4
maven-maven-3.0-beta-2,org.apache.maven.model.profile.activation,JdkVersionProfileActivatorTest,0,0,10,8,105,10,0,1,-1.0,0,0
maven-maven-3.0-beta-2,org.apache.maven.model.profile.activation,PropertyProfileActivatorTest,0,0,13,11,85,13,0,1,-1.0,0,0
maven-maven-3.0-beta-2,org.apache.maven.model.resolution,InvalidRepositoryException,1,0,3,3,36,3,0,0,0.0,0,0
maven-maven-3.0-beta-2,org.apache.maven.model.resolution,ModelResolver,0,0,3,0,26,3,0,0,-1.0,5,0
maven-maven-3.0-beta-2,org.apache.maven.model.resolution,UnresolvableModelException,3,0,5,5,66,5,0,0,0.0,0,0
maven-maven-3.0-beta-2,org.apache.maven.model.superpom,DefaultSuperPomProvider,2,0,2,2,33,4,0,1,0.0,0,1
maven-maven-3.0-beta-2,org.apache.maven.model.superpom,SuperPomProvider,0,0,1,0,12,1,1,0,-1.0,1,0
maven-maven-3.0-beta-2,org.apache.maven.model.validation,DefaultModelValidator,4,0,27,2,435,108,0,1,0.07407407407407407,2,3
maven-maven-3.0-beta-2,org.apache.maven.model.validation,ModelValidator,0,0,2,0,21,2,1,0,-1.0,3,2
maven-maven-3.0-beta-2,org.apache.maven.model.validation,DefaultModelValidatorTest,1,0,48,39,272,48,0,0,0.0,0,4
maven-maven-3.0-beta-2,org.apache.maven.model,ActivationFileTest,0,0,4,4,21,4,0,0,-1.0,0,0
maven-maven-3.0-beta-2,org.apache.maven.model,ActivationOSTest,0,0,4,4,21,4,0,0,-1.0,0,0
maven-maven-3.0-beta-2,org.apache.maven.model,ActivationPropertyTest,0,0,4,4,21,4,0,0,-1.0,0,0
maven-maven-3.0-beta-2,org.apache.maven.model,ActivationTest,0,0,4,4,21,4,0,0,-1.0,0,0
maven-maven-3.0-beta-2,org.apache.maven.model,BuildTest,0,0,4,4,21,4,0,0,-1.0,0,0
maven-maven-3.0-beta-2,org.apache.maven.model,CiManagementTest,0,0,4,4,21,4,0,0,-1.0,0,0
maven-maven-3.0-beta-2,org.apache.maven.model,ContributorTest,0,0,4,4,21,4,0,0,-1.0,0,0
maven-maven-3.0-beta-2,org.apache.maven.model,DependencyManagementTest,0,0,4,4,21,4,0,0,-1.0,0,0
maven-maven-3.0-beta-2,org.apache.maven.model,DependencyTest,0,0,4,4,21,4,0,0,-1.0,0,0
maven-maven-3.0-beta-2,org.apache.maven.model,DeploymentRepositoryTest,0,0,4,4,21,4,0,0,-1.0,0,0
maven-maven-3.0-beta-2,org.apache.maven.model,DeveloperTest,0,0,4,4,21,4,0,0,-1.0,0,0
maven-maven-3.0-beta-2,org.apache.maven.model,DistributionManagementTest,0,0,4,4,21,4,0,0,-1.0,0,0
maven-maven-3.0-beta-2,org.apache.maven.model,ExclusionTest,0,0,4,4,21,4,0,0,-1.0,0,0
maven-maven-3.0-beta-2,org.apache.maven.model,ExtensionTest,0,0,4,4,21,4,0,0,-1.0,0,0
maven-maven-3.0-beta-2,org.apache.maven.model,IssueManagementTest,0,0,4,4,21,4,0,0,-1.0,0,0
maven-maven-3.0-beta-2,org.apache.maven.model,LicenseTest,0,0,4,4,21,4,0,0,-1.0,0,0
maven-maven-3.0-beta-2,org.apache.maven.model,MailingListTest,0,0,4,4,21,4,0,0,-1.0,0,0
maven-maven-3.0-beta-2,org.apache.maven.model,ModelTest,0,0,4,4,21,4,0,0,-1.0,0,0
maven-maven-3.0-beta-2,org.apache.maven.model,NotifierTest,0,0,4,4,21,4,0,0,-1.0,0,0
maven-maven-3.0-beta-2,org.apache.maven.model,OrganizationTest,0,0,4,4,21,4,0,0,-1.0,0,0
maven-maven-3.0-beta-2,org.apache.maven.model,ParentTest,0,0,4,4,21,4,0,0,-1.0,0,0
maven-maven-3.0-beta-2,org.apache.maven.model,PluginConfigurationTest,0,0,4,4,21,4,0,0,-1.0,0,0
maven-maven-3.0-beta-2,org.apache.maven.model,PluginContainerTest,0,0,4,4,21,4,0,0,-1.0,0,0
maven-maven-3.0-beta-2,org.apache.maven.model,PluginExecutionTest,0,0,4,4,21,4,0,0,-1.0,0,0
maven-maven-3.0-beta-2,org.apache.maven.model,PluginManagementTest,0,0,4,4,21,4,0,0,-1.0,0,0
maven-maven-3.0-beta-2,org.apache.maven.model,PluginTest,0,0,4,4,21,4,0,0,-1.0,0,0
maven-maven-3.0-beta-2,org.apache.maven.model,PrerequisitesTest,0,0,4,4,21,4,0,0,-1.0,0,0
maven-maven-3.0-beta-2,org.apache.maven.model,ProfileTest,0,0,4,4,21,4,0,0,-1.0,0,0
maven-maven-3.0-beta-2,org.apache.maven.model,RelocationTest,0,0,4,4,21,4,0,0,-1.0,0,0
maven-maven-3.0-beta-2,org.apache.maven.model,ReportPluginTest,0,0,4,4,21,4,0,0,-1.0,0,0
maven-maven-3.0-beta-2,org.apache.maven.model,ReportSetTest,0,0,4,4,21,4,0,0,-1.0,0,0
maven-maven-3.0-beta-2,org.apache.maven.model,ReportingTest,0,0,4,4,21,4,0,0,-1.0,0,0
maven-maven-3.0-beta-2,org.apache.maven.model,RepositoryPolicyTest,0,0,4,4,21,4,0,0,-1.0,0,0
maven-maven-3.0-beta-2,org.apache.maven.model,RepositoryTest,0,0,4,4,21,4,0,0,-1.0,0,0
maven-maven-3.0-beta-2,org.apache.maven.model,ResourceTest,0,0,4,4,21,4,0,0,-1.0,0,0
maven-maven-3.0-beta-2,org.apache.maven.model,ScmTest,0,0,4,4,21,4,0,0,-1.0,0,0
maven-maven-3.0-beta-2,org.apache.maven.model,SiteTest,0,0,4,4,21,4,0,0,-1.0,0,0
maven-maven-3.0-beta-2,org.apache.maven.monitor.logging,DefaultLog,1,0,18,17,65,19,0,0,0.0,0,0
maven-maven-3.0-beta-2,org.apache.maven.plugin.descriptor,DuplicateMojoDescriptorException,0,0,1,1,5,1,0,1,-1.0,0,0
maven-maven-3.0-beta-2,org.apache.maven.plugin.descriptor,DuplicateParameterException,0,0,1,1,5,1,0,1,-1.0,0,0
maven-maven-3.0-beta-2,org.apache.maven.plugin.descriptor,InvalidParameterException,0,0,2,2,11,2,0,1,-1.0,0,0
maven-maven-3.0-beta-2,org.apache.maven.plugin.descriptor,InvalidPluginDescriptorException,0,0,2,2,8,2,3,0,-1.0,0,0
maven-maven-3.0-beta-2,org.apache.maven.plugin.descriptor,MojoDescriptor,26,3,58,57,493,72,0,0,0.39655172413793105,24,4
maven-maven-3.0-beta-2,org.apache.maven.plugin.descriptor,Parameter,12,0,28,28,109,28,0,0,0.42857142857142855,4,1
maven-maven-3.0-beta-2,org.apache.maven.plugin.descriptor,PluginDescriptor,16,0,41,40,220,53,0,0,0.3170731707317073,26,4
maven-maven-3.0-beta-2,org.apache.maven.plugin.descriptor,PluginDescriptorBuilder,0,0,4,4,165,29,0,0,-1.0,1,3
maven-maven-3.0-beta-2,org.apache.maven.plugin.descriptor,Requirement,2,0,5,5,33,5,0,0,0.4,1,0
maven-maven-3.0-beta-2,org.apache.maven.plugin.descriptor,PluginDescriptorBuilderTest,0,0,2,1,73,2,0,0,-1.0,0,3
maven-maven-3.0-beta-2,org.apache.maven.plugin.logging,Log,0,0,16,0,86,16,1,0,-1.0,15,0
maven-maven-3.0-beta-2,org.apache.maven.plugin.logging,SystemStreamLog,0,0,19,16,123,19,0,1,-1.0,0,0
maven-maven-3.0-beta-2,org.apache.maven.plugin.lifecycle,LifecycleXpp3ReaderTest,0,0,1,1,9,1,0,0,-1.0,0,0
maven-maven-3.0-beta-2,org.apache.maven.settings.building,DefaultSettingsBuilder,4,0,8,5,125,17,0,1,0.25,1,8
maven-maven-3.0-beta-2,org.apache.maven.settings.building,DefaultSettingsBuilderFactory,0,0,4,1,26,4,0,0,-1.0,0,1
maven-maven-3.0-beta-2,org.apache.maven.settings.building,DefaultSettingsBuildingRequest,4,0,8,8,56,12,0,1,0.5,1,0
maven-maven-3.0-beta-2,org.apache.maven.settings.building,DefaultSettingsBuildingResult,2,0,3,3,18,3,0,1,0.0,0,0
maven-maven-3.0-beta-2,org.apache.maven.settings.building,DefaultSettingsProblem,6,0,9,9,86,17,0,1,0.0,0,0
maven-maven-3.0-beta-2,org.apache.maven.settings.building,DefaultSettingsProblemCollector,2,0,4,4,26,5,0,1,0.0,1,2
maven-maven-3.0-beta-2,org.apache.maven.settings.building,SettingsBuilder,0,0,1,0,13,1,1,0,-1.0,3,1
maven-maven-3.0-beta-2,org.apache.maven.settings.building,SettingsBuildingException,1,0,3,2,42,5,0,0,0.0,1,1
maven-maven-3.0-beta-2,org.apache.maven.settings.building,SettingsBuildingRequest,0,0,8,0,50,8,1,0,-1.0,4,0
maven-maven-3.0-beta-2,org.apache.maven.settings.building,SettingsBuildingResult,0,0,2,0,16,2,1,0,-1.0,2,0
maven-maven-3.0-beta-2,org.apache.maven.settings.building,SettingsProblem,0,0,7,0,45,7,1,0,-1.0,3,0
maven-maven-3.0-beta-2,org.apache.maven.settings.building,SettingsProblemCollector,0,0,1,0,15,1,1,0,-1.0,3,1
maven-maven-3.0-beta-2,org.apache.maven.settings.building,DefaultSettingsBuilderFactoryTest,0,0,2,1,18,2,0,0,-1.0,0,3
maven-maven-3.0-beta-2,org.apache.maven.settings.crypto,DefaultSettingsDecrypter,1,0,2,1,42,4,0,1,1.0,0,1
maven-maven-3.0-beta-2,org.apache.maven.settings.crypto,DefaultSettingsDecryptionRequest,2,0,8,8,55,10,0,1,0.25,0,0
maven-maven-3.0-beta-2,org.apache.maven.settings.crypto,DefaultSettingsDecryptionResult,3,0,6,6,29,6,0,1,0.0,0,0
maven-maven-3.0-beta-2,org.apache.maven.settings.crypto,SettingsDecrypter,0,0,1,0,12,1,1,0,-1.0,2,1
maven-maven-3.0-beta-2,org.apache.maven.settings.crypto,SettingsDecryptionRequest,0,0,4,0,28,4,1,0,-1.0,3,0
maven-maven-3.0-beta-2,org.apache.maven.settings.crypto,SettingsDecryptionResult,0,0,5,0,31,5,1,0,-1.0,2,0
maven-maven-3.0-beta-2,org.apache.maven.settings.io,DefaultSettingsReader,0,0,4,3,47,7,0,1,-1.0,0,0
maven-maven-3.0-beta-2,org.apache.maven.settings.io,DefaultSettingsWriter,0,0,3,3,49,10,0,1,-1.0,0,0
maven-maven-3.0-beta-2,org.apache.maven.settings.io,SettingsParseException,2,0,4,4,52,4,0,0,0.0,1,0
maven-maven-3.0-beta-2,org.apache.maven.settings.io,SettingsReader,1,0,3,0,37,3,1,0,-1.0,1,0
maven-maven-3.0-beta-2,org.apache.maven.settings.io,SettingsWriter,0,0,3,0,30,3,1,0,-1.0,1,0
maven-maven-3.0-beta-2,org.apache.maven.settings.merge,MavenSettingsMerger,0,0,3,1,75,16,0,0,-1.0,2,1
maven-maven-3.0-beta-2,org.apache.maven.settings.validation,DefaultSettingsValidator,3,0,6,1,107,28,0,1,0.0,1,1
maven-maven-3.0-beta-2,org.apache.maven.settings.validation,SettingsValidator,0,0,1,0,12,1,1,0,-1.0,1,1
maven-maven-3.0-beta-2,org.apache.maven.settings.validation,DefaultSettingsValidatorTest,2,1,7,4,81,7,0,0,0.0,0,2
maven-maven-3.0-beta-2,org.apache.maven.settings.validation,SimpleProblemCollector,1,1,1,1,6,1,0,0,0.0,1,0
