Project Name,Package Name,Type Name,NOF,NOPF,NOM,NOPM,LOC,WMC,NC,DIT,LCOM,FANIN,FANOUT
ant-ANT_14_B2,(default package),Bootstrap,0,0,3,1,78,11,0,0,-1.0,1,0
ant-ANT_14_B2,(default package),Bootstrap2,3,0,9,1,191,28,0,0,0.7777777777777778,0,1
ant-ANT_14_B2,(default package),ant,0,0,1,1,5,1,0,0,-1.0,0,1
ant-ANT_14_B2,(default package),Junk1,1,1,1,1,9,2,0,0,0.0,0,0
ant-ANT_14_B2,(default package),Junk1,1,1,1,1,9,2,0,0,0.0,0,0
ant-ANT_14_B2,(default package),Junk1,1,1,1,1,9,2,0,0,0.0,0,0
ant-ANT_14_B2,(default package),Junk1,1,1,1,1,9,2,0,0,0.0,0,0
ant-ANT_14_B2,(default package),Junk1,1,1,1,1,5,1,0,0,0.0,0,0
ant-ANT_14_B2,(default package),Junk1,1,1,1,1,9,2,0,0,0.0,0,0
ant-ANT_14_B2,(default package),Junk1,1,1,1,1,9,2,0,0,0.0,0,0
ant-ANT_14_B2,(default package),Junk1,1,1,1,1,9,2,0,0,0.0,0,0
ant-ANT_14_B2,(default package),Junk1,1,1,1,1,9,2,0,0,0.0,0,0
ant-ANT_14_B2,(default package),Junk1,1,1,1,1,9,2,0,0,0.0,0,0
ant-ANT_14_B2,(default package),Junk1,1,1,1,1,9,2,0,0,0.0,0,0
ant-ANT_14_B2,(default package),Junk1,1,1,1,1,9,2,0,0,0.0,0,0
ant-ANT_14_B2,(default package),Junk1,1,1,1,1,9,2,0,0,0.0,0,0
ant-ANT_14_B2,(default package),Junk1,1,1,1,1,9,2,0,0,0.0,0,0
ant-ANT_14_B2,(default package),Junk1,1,1,1,1,9,2,0,0,0.0,0,0
ant-ANT_14_B2,(default package),Junk1,1,1,1,1,9,2,0,0,0.0,0,0
ant-ANT_14_B2,(default package),Junk1,1,1,1,1,9,2,0,0,0.0,0,0
ant-ANT_14_B2,(default package),Junk1,1,1,1,1,9,2,0,0,0.0,0,0
ant-ANT_14_B2,org.apache.ant.buildtarget,BuildTargetTask,2,0,3,3,45,5,0,0,0.0,0,0
ant-ANT_14_B2,org.apache.ant.echo,EchoTask,1,0,2,2,23,2,0,0,0.0,0,0
ant-ANT_14_B2,org.apache.ant,AbstractTask,1,0,3,3,56,8,0,0,1.0,0,1
ant-ANT_14_B2,org.apache.ant,AntException,4,0,11,8,90,11,0,0,0.5454545454545454,6,3
ant-ANT_14_B2,org.apache.ant,AntFrontEnd,3,3,8,8,58,8,0,0,0.875,3,3
ant-ANT_14_B2,org.apache.ant,Project,9,0,20,20,164,20,0,0,0.25,7,4
ant-ANT_14_B2,org.apache.ant,ProjectBuilder,15,0,8,6,223,35,0,0,0.25,0,6
ant-ANT_14_B2,org.apache.ant,BuilderHandlerBase,12,0,5,3,166,31,0,0,0.0,0,4
ant-ANT_14_B2,org.apache.ant,Target,3,0,6,6,51,6,0,0,0.5,6,1
ant-ANT_14_B2,org.apache.ant,Task,2,0,7,7,47,7,0,0,0.2857142857142857,10,0
ant-ANT_14_B2,org.apache.ant,TaskManager,3,0,8,1,124,18,0,0,0.25,2,2
ant-ANT_14_B2,org.apache.ant,AntException,0,0,2,2,8,2,0,0,-1.0,0,0
ant-ANT_14_B2,org.apache.ant.cli,CLIFrontEnd,4,0,13,10,204,32,0,0,0.0,1,0
ant-ANT_14_B2,org.apache.ant.cli,Main,0,0,1,1,28,2,0,0,-1.0,0,1
ant-ANT_14_B2,org.apache.tools.ant,AntException,1,0,6,6,32,8,0,0,0.3333333333333333,0,0
ant-ANT_14_B2,org.apache.tools.ant,AntSecurityManager,0,0,2,2,17,2,0,0,-1.0,0,0
ant-ANT_14_B2,org.apache.tools.ant,BuildEvent,11,4,12,12,110,12,0,0,0.25,14,5
ant-ANT_14_B2,org.apache.tools.ant,BuildException,1,0,5,5,36,5,0,0,0.4,4,0
ant-ANT_14_B2,org.apache.tools.ant,BuildListener,0,0,9,9,51,9,4,0,-1.0,3,1
ant-ANT_14_B2,org.apache.tools.ant,ExitException,1,0,2,2,13,2,0,0,0.0,0,0
ant-ANT_14_B2,org.apache.tools.ant,Import,3,0,5,5,26,5,0,0,0.0,2,1
ant-ANT_14_B2,org.apache.tools.ant,Importer,0,0,1,1,7,1,0,0,-1.0,1,1
ant-ANT_14_B2,org.apache.tools.ant,Load,2,0,5,5,30,5,0,1,0.0,0,0
ant-ANT_14_B2,org.apache.tools.ant,Project,7,0,16,15,146,24,0,0,0.125,156,4
ant-ANT_14_B2,org.apache.tools.ant,Target,5,0,9,8,53,10,0,0,0.0,16,3
ant-ANT_14_B2,org.apache.tools.ant,Task,3,0,7,4,28,7,3,0,0.5714285714285714,27,3
ant-ANT_14_B2,org.apache.tools.ant,TaskData,4,0,14,7,188,26,0,0,0.0,2,2
ant-ANT_14_B2,org.apache.tools.ant,TaskProxy,4,0,7,7,37,7,0,0,0.2857142857142857,3,2
ant-ANT_14_B2,org.apache.tools.ant,Workspace,6,1,31,15,351,56,0,0,0.0,6,10
ant-ANT_14_B2,org.apache.tools.ant,AntClassLoader,18,0,40,26,669,92,0,1,0.25,9,3
ant-ANT_14_B2,org.apache.tools.ant,ResourceEnumeration,3,0,4,2,61,5,0,0,0.0,0,0
ant-ANT_14_B2,org.apache.tools.ant,BuildEvent,6,0,11,11,86,11,0,0,0.2727272727272727,0,3
ant-ANT_14_B2,org.apache.tools.ant,BuildException,2,0,14,14,117,16,0,0,0.2857142857142857,0,1
ant-ANT_14_B2,org.apache.tools.ant,BuildListener,0,0,7,7,42,7,0,0,-1.0,0,1
ant-ANT_14_B2,org.apache.tools.ant,BuildLogger,0,0,4,4,26,4,1,1,-1.0,1,0
ant-ANT_14_B2,org.apache.tools.ant,Constants,0,0,0,0,6,0,0,0,-1.0,0,0
ant-ANT_14_B2,org.apache.tools.ant,DefaultLogger,7,0,12,11,99,20,1,2,0.3333333333333333,2,3
ant-ANT_14_B2,org.apache.tools.ant,DemuxOutputStream,5,0,7,4,75,12,0,0,0.0,0,1
ant-ANT_14_B2,org.apache.tools.ant,DesirableFilter,0,0,1,1,37,9,0,0,-1.0,0,0
ant-ANT_14_B2,org.apache.tools.ant,DirectoryScanner,11,0,22,14,623,127,0,1,0.09090909090909091,37,1
ant-ANT_14_B2,org.apache.tools.ant,ExitException,1,0,2,2,17,2,0,0,0.0,0,0
ant-ANT_14_B2,org.apache.tools.ant,FileScanner,0,0,13,13,69,13,1,0,-1.0,3,0
ant-ANT_14_B2,org.apache.tools.ant,IntrospectionHelper,8,0,42,38,475,84,0,1,0.6666666666666666,6,7
ant-ANT_14_B2,org.apache.tools.ant,NestedCreator,0,0,1,1,3,1,0,0,-1.0,1,0
ant-ANT_14_B2,org.apache.tools.ant,NestedStorer,0,0,1,1,3,1,0,0,-1.0,1,0
ant-ANT_14_B2,org.apache.tools.ant,AttributeSetter,0,0,1,1,3,1,0,0,-1.0,1,1
ant-ANT_14_B2,org.apache.tools.ant,Launcher,0,0,6,2,115,18,0,0,-1.0,1,2
ant-ANT_14_B2,org.apache.tools.ant,Location,4,1,4,3,44,6,0,0,0.5,6,1
ant-ANT_14_B2,org.apache.tools.ant,Main,13,1,16,3,521,67,0,0,0.0,1,6
ant-ANT_14_B2,org.apache.tools.ant,NoBannerLogger,1,0,3,3,23,5,0,3,0.0,0,1
ant-ANT_14_B2,org.apache.tools.ant,PathTokenizer,3,0,3,3,48,7,0,0,0.0,3,0
ant-ANT_14_B2,org.apache.tools.ant,Project,31,12,75,63,638,119,0,0,0.26666666666666666,0,10
ant-ANT_14_B2,org.apache.tools.ant,ProjectComponent,1,0,4,4,38,5,1,0,0.0,0,1
ant-ANT_14_B2,org.apache.tools.ant,ProjectHelper,20,0,43,33,607,110,0,0,0.13953488372093023,10,9
ant-ANT_14_B2,org.apache.tools.ant,AbstractHandler,1,0,5,4,28,6,5,0,0.6,0,0
ant-ANT_14_B2,org.apache.tools.ant,RootHandler,0,0,3,3,49,8,0,0,-1.0,0,1
ant-ANT_14_B2,org.apache.tools.ant,ProjectHandler,0,0,7,3,87,22,0,1,-1.0,0,0
ant-ANT_14_B2,org.apache.tools.ant,TargetHandler,1,0,3,3,66,15,0,1,0.6666666666666666,0,1
ant-ANT_14_B2,org.apache.tools.ant,TaskHandler,4,0,5,4,66,10,0,1,0.0,0,5
ant-ANT_14_B2,org.apache.tools.ant,NestedElementHandler,5,0,4,4,68,9,0,1,0.0,0,4
ant-ANT_14_B2,org.apache.tools.ant,DataTypeHandler,3,0,5,5,46,7,0,1,0.4,0,3
ant-ANT_14_B2,org.apache.tools.ant,RuntimeConfigurable,5,0,10,8,76,12,0,0,0.0,8,3
ant-ANT_14_B2,org.apache.tools.ant,Target,7,0,20,17,102,25,0,1,0.3,0,5
ant-ANT_14_B2,org.apache.tools.ant,Task,6,0,19,15,141,23,0,1,0.6842105263157895,0,5
ant-ANT_14_B2,org.apache.tools.ant,TaskAdapter,1,0,3,3,48,5,0,1,0.0,1,1
ant-ANT_14_B2,org.apache.tools.ant,TaskContainer,0,0,1,0,11,1,1,0,-1.0,2,1
ant-ANT_14_B2,org.apache.tools.ant,UnknownElement,3,0,8,6,90,16,0,1,0.0,2,5
ant-ANT_14_B2,org.apache.tools.ant,XmlLogger,17,0,10,8,190,32,0,1,0.3,0,6
ant-ANT_14_B2,org.apache.tools.ant,TimedElement,2,0,0,0,4,0,0,0,-1.0,1,0
ant-ANT_14_B2,org.apache.tools.ant,DirectoryScannerTest,0,0,2,2,48,8,0,0,-1.0,0,1
ant-ANT_14_B2,org.apache.tools.ant,IncludeTest,0,0,6,6,29,6,0,0,-1.0,0,0
ant-ANT_14_B2,org.apache.tools.ant,IntrospectionHelperTest,2,1,38,38,362,39,0,0,0.8947368421052632,0,2
ant-ANT_14_B2,org.apache.tools.ant,ProjectTest,2,0,5,4,54,5,0,0,0.4,0,1
ant-ANT_14_B2,org.apache.tools.ant.cmdline,DefaultLogger,1,0,10,10,40,11,0,0,0.6,0,0
ant-ANT_14_B2,org.apache.tools.ant.cmdline,Main,0,0,4,1,95,12,0,0,-1.0,2,1
ant-ANT_14_B2,org.apache.tools.ant.tasks,Copy,2,0,5,5,33,6,0,0,0.0,0,0
ant-ANT_14_B2,org.apache.tools.ant.tasks,Echo,1,0,3,3,12,3,0,0,0.0,0,0
ant-ANT_14_B2,org.apache.tools.ant.tasks,Fileset,1,0,4,3,30,9,0,0,0.0,1,0
ant-ANT_14_B2,org.apache.tools.ant.tasks,Jar,3,0,7,7,65,11,0,0,0.0,0,0
ant-ANT_14_B2,org.apache.tools.ant.tasks,Javac,4,0,7,7,67,12,0,0,0.0,0,1
ant-ANT_14_B2,org.apache.tools.ant.tasks,JavacLoader,0,0,2,1,18,2,0,0,-1.0,0,0
ant-ANT_14_B2,org.apache.tools.ant.tasks,SetVariable,2,0,5,5,19,5,0,0,0.0,0,0
ant-ANT_14_B2,org.apache.tools.ant.xml,ProjectHandler,6,0,24,21,221,46,0,0,0.08333333333333333,7,1
ant-ANT_14_B2,org.apache.tools.ant.xml,RootHandler,0,0,2,2,16,3,0,0,-1.0,0,1
ant-ANT_14_B2,org.apache.tools.ant.xml,ProjectElemHandler,0,0,3,3,41,10,0,0,-1.0,0,1
ant-ANT_14_B2,org.apache.tools.ant.xml,TargetElemHandler,1,0,4,3,58,11,0,0,0.5,0,1
ant-ANT_14_B2,org.apache.tools.ant.xml,ImportElemHandler,0,0,3,3,32,7,0,0,-1.0,0,1
ant-ANT_14_B2,org.apache.tools.ant.xml,TaskElemHandler,1,0,3,3,30,6,0,0,0.6666666666666666,0,1
ant-ANT_14_B2,org.apache.tools.ant.xml,XmlExporter,0,0,4,3,34,7,0,0,-1.0,0,0
ant-ANT_14_B2,org.apache.tools.ant.xml,XmlImporter,2,0,5,2,114,11,0,0,0.0,1,2
ant-ANT_14_B2,org.apache.ant.engine,AntEngineListener,0,0,7,0,9,7,1,0,-1.0,2,2
ant-ANT_14_B2,org.apache.ant.engine,AntEvent,1,0,4,4,16,4,0,0,0.5,3,1
ant-ANT_14_B2,org.apache.ant.engine,DefaultEngineListener,7,0,15,13,75,18,0,1,0.13333333333333333,0,2
ant-ANT_14_B2,org.apache.ant.engine,HierarchicalHashtable,1,0,8,8,46,13,0,0,0.375,2,1
ant-ANT_14_B2,org.apache.ant.engine,TaskEngine,0,0,10,0,27,10,1,0,-1.0,7,2
ant-ANT_14_B2,org.apache.ant.engine,TaskEngineImpl,6,0,23,11,242,55,0,1,0.13043478260869565,1,5
ant-ANT_14_B2,org.apache.ant.tasks,BaseTask,4,0,19,18,93,29,0,1,0.42105263157894735,0,2
ant-ANT_14_B2,org.apache.ant.tasks,Task,4,4,13,0,62,13,1,0,-1.0,3,2
ant-ANT_14_B2,org.apache.ant.tasks.build,Project,2,0,8,8,36,10,0,0,0.625,0,2
ant-ANT_14_B2,org.apache.ant.tasks.build,Target,3,0,10,10,44,12,0,0,0.6,0,2
ant-ANT_14_B2,org.apache.ant.tasks.util,Property,2,0,6,6,25,7,0,0,0.3333333333333333,1,1
ant-ANT_14_B2,org.apache.ant.tasks.util,PropertyDump,0,0,2,2,13,3,0,0,-1.0,1,1
ant-ANT_14_B2,org.apache.ant.test,SimpleTest,1,0,3,2,64,3,0,0,0.6666666666666666,1,8
ant-ANT_14_B2,org.apache.ant.bootstrap,BootstrapLoader,3,1,10,3,174,25,0,0,0.0,1,1
ant-ANT_14_B2,org.apache.ant.component.core,AntAspectHandler,1,0,2,2,12,2,0,0,0.0,0,0
ant-ANT_14_B2,org.apache.ant.component.core,Echo,4,0,7,7,89,13,0,0,0.2857142857142857,0,1
ant-ANT_14_B2,org.apache.ant.component.core,EchoLevel,0,0,1,1,5,1,0,0,-1.0,1,0
ant-ANT_14_B2,org.apache.ant.component.core,EnumeratedAttributeConverter,1,0,2,2,17,3,0,0,1.0,0,0
ant-ANT_14_B2,org.apache.ant.component.core,FileConverter,1,0,2,2,21,3,0,0,0.0,0,0
ant-ANT_14_B2,org.apache.ant.component.core,Property,5,0,15,12,123,28,0,0,0.2,0,0
ant-ANT_14_B2,org.apache.ant.component.core,URLConverter,1,0,2,2,25,2,0,0,0.0,0,0
ant-ANT_14_B2,org.apache.ant.component.thread,Parallel,1,0,2,2,15,3,0,0,0.0,0,0
ant-ANT_14_B2,org.apache.ant.component.thread,Sequential,1,0,2,2,15,3,0,0,0.0,0,0
ant-ANT_14_B2,org.apache.ant.core.config,ComponentManager,1,1,1,1,60,6,0,0,0.0,0,1
ant-ANT_14_B2,org.apache.ant.core.execution,AbstractAspectHandler,1,0,4,3,16,4,0,1,0.75,0,1
ant-ANT_14_B2,org.apache.ant.core.execution,AbstractTask,1,0,4,3,27,4,1,1,0.0,0,2
ant-ANT_14_B2,org.apache.ant.core.execution,AntConverter,0,0,1,0,7,1,0,1,-1.0,0,1
ant-ANT_14_B2,org.apache.ant.core.execution,AntLibrary,3,0,6,6,60,6,0,0,0.5,1,3
ant-ANT_14_B2,org.apache.ant.core.execution,AspectDefinition,5,0,5,5,60,6,0,0,0.0,2,0
ant-ANT_14_B2,org.apache.ant.core.execution,AspectHandler,0,0,3,0,9,3,1,0,-1.0,1,1
ant-ANT_14_B2,org.apache.ant.core.execution,BuildEvent,17,12,8,8,84,8,0,0,0.0,3,0
ant-ANT_14_B2,org.apache.ant.core.execution,BuildEventSupport,1,0,10,10,46,11,0,0,0.0,2,2
ant-ANT_14_B2,org.apache.ant.core.execution,BuildListener,0,0,1,0,7,1,0,0,-1.0,2,1
ant-ANT_14_B2,org.apache.ant.core.execution,ClassIntrospectionException,1,0,7,7,72,9,0,0,0.2857142857142857,0,0
ant-ANT_14_B2,org.apache.ant.core.execution,ClassIntrospector,6,0,29,27,334,54,0,0,0.5517241379310345,2,4
ant-ANT_14_B2,org.apache.ant.core.execution,NestedCreator,0,0,1,1,3,1,0,0,-1.0,1,0
ant-ANT_14_B2,org.apache.ant.core.execution,AttributeSetter,0,0,1,1,3,1,0,0,-1.0,1,0
ant-ANT_14_B2,org.apache.ant.core.execution,ConversionException,1,0,7,7,72,9,0,0,0.2857142857142857,0,0
ant-ANT_14_B2,org.apache.ant.core.execution,Converter,0,0,1,0,10,1,1,0,-1.0,2,0
ant-ANT_14_B2,org.apache.ant.core.execution,ConverterDefinition,6,0,6,6,75,8,0,0,0.0,2,0
ant-ANT_14_B2,org.apache.ant.core.execution,ExecutionContext,3,0,5,5,35,5,0,0,0.0,5,2
ant-ANT_14_B2,org.apache.ant.core.execution,ExecutionException,0,0,6,6,53,6,0,0,-1.0,0,0
ant-ANT_14_B2,org.apache.ant.core.execution,ExecutionFrame,12,0,38,28,675,95,0,0,0.0,3,13
ant-ANT_14_B2,org.apache.ant.core.execution,InputProvider,0,0,1,0,11,1,0,0,-1.0,0,0
ant-ANT_14_B2,org.apache.ant.core.execution,Task,0,0,2,0,8,2,1,0,-1.0,2,1
ant-ANT_14_B2,org.apache.ant.core.execution,TaskAdapter,2,0,2,2,32,3,0,2,0.0,0,0
ant-ANT_14_B2,org.apache.ant.core.execution,TaskContainer,0,0,1,0,10,1,0,0,-1.0,1,1
ant-ANT_14_B2,org.apache.ant.core.execution,TaskDefinition,5,0,5,5,61,6,0,0,0.0,2,0
ant-ANT_14_B2,org.apache.ant.core.model,BuildElement,3,0,7,7,84,11,3,0,0.42857142857142855,0,0
ant-ANT_14_B2,org.apache.ant.core.model,Project,7,0,15,15,152,17,0,1,0.4666666666666667,1,3
ant-ANT_14_B2,org.apache.ant.core.model,ProjectModelException,0,0,6,6,53,6,0,0,-1.0,0,0
ant-ANT_14_B2,org.apache.ant.core.model,Target,3,0,6,6,59,6,0,1,0.5,1,1
ant-ANT_14_B2,org.apache.ant.core.model,TaskElement,4,0,9,9,89,9,0,1,0.4444444444444444,3,1
ant-ANT_14_B2,org.apache.ant.core.support,AntClassLoader,2,0,9,7,76,17,0,0,0.5555555555555556,1,0
ant-ANT_14_B2,org.apache.ant.core.support,AntException,2,0,12,12,122,15,2,0,0.16666666666666666,0,1
ant-ANT_14_B2,org.apache.ant.core.support,AntLocator,0,0,10,8,201,28,0,0,-1.0,1,3
ant-ANT_14_B2,org.apache.ant.core.support,ConfigException,0,0,6,6,53,6,0,1,-1.0,0,1
ant-ANT_14_B2,org.apache.ant.core.support,Constants,3,3,0,0,13,0,0,0,-1.0,1,0
ant-ANT_14_B2,org.apache.ant.core.support,PropertyNames,2,2,0,0,4,0,0,0,-1.0,0,0
ant-ANT_14_B2,org.apache.ant.core.support,Defaults,1,1,0,0,3,0,0,0,-1.0,0,0
ant-ANT_14_B2,org.apache.ant.core.support,Location,4,1,7,6,87,10,0,0,0.2857142857142857,3,1
ant-ANT_14_B2,org.apache.ant.core.support,LocationException,0,0,3,3,28,3,0,1,-1.0,0,0
ant-ANT_14_B2,org.apache.ant.core.types,AbstractScanner,5,0,10,2,394,89,1,1,0.0,1,2
ant-ANT_14_B2,org.apache.ant.core.types,DataType,2,0,9,3,59,12,2,0,0.6666666666666666,0,0
ant-ANT_14_B2,org.apache.ant.core.types,DirectoryScanner,8,0,7,5,170,27,0,2,0.0,0,0
ant-ANT_14_B2,org.apache.ant.core.types,EnumeratedAttribute,1,0,4,4,47,8,0,0,0.0,0,0
ant-ANT_14_B2,org.apache.ant.core.types,FileSet,8,0,18,17,201,44,0,1,0.0,0,2
ant-ANT_14_B2,org.apache.ant.core.types,FileSetScanner,0,0,2,0,15,2,1,0,-1.0,1,0
ant-ANT_14_B2,org.apache.ant.core.types,PatternSet,6,0,18,12,235,46,0,1,0.1111111111111111,3,2
ant-ANT_14_B2,org.apache.ant.core.types,NameEntry,1,0,2,2,12,2,0,0,0.0,1,0
ant-ANT_14_B2,org.apache.ant.core.xml,AntLibParser,10,3,8,8,157,21,0,0,0.0,1,2
ant-ANT_14_B2,org.apache.ant.core.xml,AntLibRootHandler,6,0,7,7,118,20,0,1,0.0,1,1
ant-ANT_14_B2,org.apache.ant.core.xml,AttributeValidator,0,0,2,2,39,7,0,0,-1.0,3,1
ant-ANT_14_B2,org.apache.ant.core.xml,ElementHandler,3,0,5,2,37,5,5,0,0.0,0,0
ant-ANT_14_B2,org.apache.ant.core.xml,RootHandler,3,0,5,3,54,5,3,0,0.4,0,0
ant-ANT_14_B2,org.apache.ant.core.xml,XMLProjectParser,15,3,24,23,547,57,0,0,0.20833333333333334,4,8
ant-ANT_14_B2,org.apache.ant.core.xml,ProjectRootHandler,1,0,3,3,44,5,0,1,0.6666666666666666,2,1
ant-ANT_14_B2,org.apache.ant.core.xml,IncludeRootHandler,1,0,2,2,38,4,0,1,0.0,2,0
ant-ANT_14_B2,org.apache.ant.core.xml,ProjectHandler,2,0,4,4,108,12,0,1,0.0,2,5
ant-ANT_14_B2,org.apache.ant.core.xml,ImportHandler,5,2,4,4,113,11,0,1,0.5,2,1
ant-ANT_14_B2,org.apache.ant.core.xml,IncludeHandler,2,1,2,2,78,7,0,1,1.0,2,1
ant-ANT_14_B2,org.apache.ant.core.xml,TargetHandler,1,0,3,3,61,10,0,1,0.0,2,2
ant-ANT_14_B2,org.apache.ant.core.xml,TaskElementHandler,1,0,4,4,55,6,0,1,0.0,4,2
ant-ANT_14_B2,org.apache.ant.core.xml,NoProjectReadException,0,0,0,0,5,0,0,0,-1.0,0,0
ant-ANT_14_B2,org.apache.ant.frontend,BuildLogger,0,0,3,3,21,3,1,0,-1.0,1,0
ant-ANT_14_B2,org.apache.ant.frontend,Commandline,8,1,6,2,211,21,0,0,0.0,1,2
ant-ANT_14_B2,org.apache.ant.frontend,DefaultLogger,7,0,7,6,118,24,0,1,0.0,1,1
ant-ANT_14_B2,org.apache.ant.frontend,EmbedTest,0,0,0,0,6,0,0,0,-1.0,0,0
ant-ANT_14_B2,org.apache.ant.frontend,Launcher,0,0,1,1,17,1,0,0,-1.0,1,1
ant-ANT_14_B2,org.apache.ant.frontend,RemoteLauncher,0,0,1,1,26,1,0,0,-1.0,0,0
ant-ANT_14_B2,org.apache.myrmidon,Constants,3,0,0,0,9,0,0,0,-1.0,1,0
ant-ANT_14_B2,org.apache.myrmidon.api,AbstractTask,1,0,5,4,38,5,0,1,0.8,0,1
ant-ANT_14_B2,org.apache.myrmidon.api,DefaultTaskContext,0,0,11,10,132,19,0,1,-1.0,1,3
ant-ANT_14_B2,org.apache.myrmidon.api,JavaVersion,4,4,1,0,18,1,0,0,0.0,2,1
ant-ANT_14_B2,org.apache.myrmidon.api,Task,1,0,1,0,12,1,1,0,-1.0,8,0
ant-ANT_14_B2,org.apache.myrmidon.api,TaskContext,6,0,8,0,60,8,1,0,-1.0,10,1
ant-ANT_14_B2,org.apache.myrmidon.api,ScopeEnum,0,0,1,0,8,1,0,0,-1.0,2,0
ant-ANT_14_B2,org.apache.myrmidon.api,TaskException,0,0,2,2,21,2,0,0,-1.0,3,0
ant-ANT_14_B2,org.apache.myrmidon.aspects,AbstractAspectHandler,5,0,14,8,59,14,1,1,0.21428571428571427,0,2
ant-ANT_14_B2,org.apache.myrmidon.aspects,AspectHandler,1,0,8,0,16,8,1,0,-1.0,3,2
ant-ANT_14_B2,org.apache.myrmidon.aspects,NoopAspectHandler,0,0,0,0,6,0,0,2,-1.0,0,0
ant-ANT_14_B2,org.apache.myrmidon.components.aspect,AspectManager,1,0,4,0,11,4,1,0,-1.0,3,1
ant-ANT_14_B2,org.apache.myrmidon.components.aspect,DefaultAspectManager,3,0,14,13,88,24,0,1,0.14285714285714285,0,3
ant-ANT_14_B2,org.apache.myrmidon.components.builder,ATIProjectBuilder,5,0,6,1,117,20,0,2,0.0,0,1
ant-ANT_14_B2,org.apache.myrmidon.components.builder,DefaultProjectBuilder,4,0,9,1,201,35,1,1,0.0,0,4
ant-ANT_14_B2,org.apache.myrmidon.components.builder,ProjectBuilder,1,0,1,0,15,1,1,0,-1.0,1,0
ant-ANT_14_B2,org.apache.myrmidon.components.builder,ReactorPIHandler,2,0,5,5,24,5,0,0,0.4,1,0
ant-ANT_14_B2,org.apache.myrmidon.components.builder,StopParsingException,0,0,1,1,9,1,0,0,-1.0,0,0
ant-ANT_14_B2,org.apache.myrmidon.components.configurer,Configurer,1,0,2,0,24,2,1,0,-1.0,3,0
ant-ANT_14_B2,org.apache.myrmidon.components.configurer,DefaultConfigurer,4,0,17,3,258,56,0,1,0.11764705882352941,0,1
ant-ANT_14_B2,org.apache.myrmidon.components.converter,ConverterRegistry,1,0,2,0,21,2,1,0,-1.0,4,0
ant-ANT_14_B2,org.apache.myrmidon.components.converter,DefaultConverterRegistry,1,0,2,2,20,4,0,1,0.0,0,0
ant-ANT_14_B2,org.apache.myrmidon.components.converter,DefaultMasterConverter,3,0,2,2,55,6,0,1,0.0,0,4
ant-ANT_14_B2,org.apache.myrmidon.components.converter,MasterConverter,1,0,0,0,7,0,1,0,-1.0,3,0
ant-ANT_14_B2,org.apache.myrmidon.components.deployer,DefaultDeployer,4,0,12,5,161,23,0,1,0.16666666666666666,1,6
ant-ANT_14_B2,org.apache.myrmidon.components.deployer,Deployer,1,0,3,0,15,3,1,0,-1.0,3,0
ant-ANT_14_B2,org.apache.myrmidon.components.deployer,Deployment,3,1,4,3,48,5,0,0,0.0,1,0
ant-ANT_14_B2,org.apache.myrmidon.components.deployer,DeploymentException,0,0,2,2,21,2,0,0,-1.0,0,0
ant-ANT_14_B2,org.apache.myrmidon.components.embeddor,DefaultEmbeddor,15,0,22,7,308,38,0,1,0.13636363636363635,0,13
ant-ANT_14_B2,org.apache.myrmidon.components.embeddor,Embeddor,1,0,2,0,18,2,1,0,-1.0,2,0
ant-ANT_14_B2,org.apache.myrmidon.components.executor,AspectAwareExecutor,3,0,14,2,167,30,1,2,0.0,0,3
ant-ANT_14_B2,org.apache.myrmidon.components.executor,DefaultExecutionFrame,4,0,7,7,37,7,0,1,0.42857142857142855,1,2
ant-ANT_14_B2,org.apache.myrmidon.components.executor,DefaultExecutor,1,0,9,2,95,14,1,1,0.0,0,5
ant-ANT_14_B2,org.apache.myrmidon.components.executor,ExecutionFrame,0,0,4,0,10,4,1,0,-1.0,5,0
ant-ANT_14_B2,org.apache.myrmidon.components.executor,Executor,1,0,1,0,13,1,1,0,-1.0,4,1
ant-ANT_14_B2,org.apache.myrmidon.components.executor,PrintingExecutor,0,0,2,0,40,7,0,3,-1.0,0,1
ant-ANT_14_B2,org.apache.myrmidon.components.model,DefaultProject,6,0,14,14,122,16,0,1,0.42857142857142855,1,3
ant-ANT_14_B2,org.apache.myrmidon.components.model,Project,2,0,8,0,50,8,1,0,-1.0,6,0
ant-ANT_14_B2,org.apache.myrmidon.components.model,Target,3,0,4,4,45,7,0,0,0.0,3,1
ant-ANT_14_B2,org.apache.myrmidon.components.model,TypeLib,3,0,5,5,43,7,0,0,0.4,2,0
ant-ANT_14_B2,org.apache.myrmidon.components.role,DefaultRoleManager,4,0,7,6,101,12,0,1,0.42857142857142855,0,1
ant-ANT_14_B2,org.apache.myrmidon.components.role,RoleManager,1,0,2,0,23,2,1,0,-1.0,4,0
ant-ANT_14_B2,org.apache.myrmidon.components.type,DefaultTypeFactory,4,0,8,6,56,10,0,1,0.375,3,0
ant-ANT_14_B2,org.apache.myrmidon.components.type,DefaultTypeManager,2,0,8,5,62,12,0,1,0.375,1,3
ant-ANT_14_B2,org.apache.myrmidon.components.type,MultiSourceTypeFactory,3,0,6,4,55,9,0,1,0.0,2,2
ant-ANT_14_B2,org.apache.myrmidon.components.type,TypeException,0,0,2,2,21,2,0,0,-1.0,0,0
ant-ANT_14_B2,org.apache.myrmidon.components.type,TypeFactory,0,0,1,0,14,1,2,0,-1.0,9,0
ant-ANT_14_B2,org.apache.myrmidon.components.type,TypeManager,1,0,3,0,10,3,1,0,-1.0,11,1
ant-ANT_14_B2,org.apache.myrmidon.components.workspace,DefaultWorkspace,9,0,16,6,243,32,0,1,0.0,0,15
ant-ANT_14_B2,org.apache.myrmidon.components.workspace,LogTargetToListenerAdapter,1,0,2,2,26,3,0,0,0.0,0,1
ant-ANT_14_B2,org.apache.myrmidon.components.workspace,ProjectEntry,3,0,5,5,25,5,0,0,0.4,1,2
ant-ANT_14_B2,org.apache.myrmidon.components.workspace,ProjectListenerSupport,1,0,10,10,105,21,0,0,0.0,1,1
ant-ANT_14_B2,org.apache.myrmidon.components.workspace,Workspace,1,0,3,0,25,3,1,0,-1.0,3,2
ant-ANT_14_B2,org.apache.myrmidon.converter,AbstractConverter,2,0,3,2,42,5,0,1,0.0,0,0
ant-ANT_14_B2,org.apache.myrmidon.converter,Converter,1,0,1,0,16,1,1,0,-1.0,3,0
ant-ANT_14_B2,org.apache.myrmidon.converter,ConverterException,0,0,2,2,21,2,0,0,-1.0,0,0
ant-ANT_14_B2,org.apache.myrmidon.framework,AbstractContainerTask,3,0,8,1,87,9,1,0,0.25,0,3
ant-ANT_14_B2,org.apache.myrmidon.framework,AbstractTypeDef,5,0,8,5,57,10,0,0,0.0,0,3
ant-ANT_14_B2,org.apache.myrmidon.framework,Condition,2,0,5,5,46,8,0,0,0.0,4,0
ant-ANT_14_B2,org.apache.myrmidon.framework,DataType,1,0,0,0,7,0,1,0,-1.0,2,0
ant-ANT_14_B2,org.apache.myrmidon.framework,Pattern,2,0,7,6,61,9,0,1,0.0,0,1
ant-ANT_14_B2,org.apache.myrmidon.framework,TypeInstanceTask,4,0,5,5,62,10,0,1,0.0,0,4
ant-ANT_14_B2,org.apache.myrmidon.frontends,CLIMain,21,0,10,1,249,38,0,0,0.2,1,8
ant-ANT_14_B2,org.apache.myrmidon.launcher,Main,0,0,3,1,72,10,0,0,-1.0,1,1
ant-ANT_14_B2,org.apache.myrmidon.libs.ant1,Ant1Project,2,0,24,11,105,29,0,0,0.4583333333333333,1,5
ant-ANT_14_B2,org.apache.myrmidon.libs.ant1,Ant1Tasklib,3,0,4,4,31,5,0,0,0.75,0,2
ant-ANT_14_B2,org.apache.myrmidon.libs.ant1,Ant1TypeFactory,0,0,5,5,25,6,0,0,-1.0,1,0
ant-ANT_14_B2,org.apache.myrmidon.libs.ant1,TaskAdapter,2,0,5,3,34,5,0,0,0.0,0,2
ant-ANT_14_B2,org.apache.myrmidon.libs.core,Echo,1,0,2,2,13,2,0,0,0.0,0,0
ant-ANT_14_B2,org.apache.myrmidon.libs.core,Property,4,0,6,6,65,12,0,0,0.0,0,4
ant-ANT_14_B2,org.apache.myrmidon.libs.core,StringToByteConverter,0,0,2,2,17,2,0,0,-1.0,0,0
ant-ANT_14_B2,org.apache.myrmidon.libs.core,StringToClassConverter,0,0,2,2,17,2,0,0,-1.0,0,0
ant-ANT_14_B2,org.apache.myrmidon.libs.core,StringToDoubleConverter,0,0,2,2,17,2,0,0,-1.0,0,0
ant-ANT_14_B2,org.apache.myrmidon.libs.core,StringToFileConverter,0,0,2,2,18,2,0,0,-1.0,0,1
ant-ANT_14_B2,org.apache.myrmidon.libs.core,StringToFloatConverter,0,0,2,2,17,2,0,0,-1.0,0,0
ant-ANT_14_B2,org.apache.myrmidon.libs.core,StringToIntegerConverter,0,0,2,2,17,2,0,0,-1.0,0,0
ant-ANT_14_B2,org.apache.myrmidon.libs.core,StringToLongConverter,0,0,2,2,17,2,0,0,-1.0,0,0
ant-ANT_14_B2,org.apache.myrmidon.libs.core,StringToShortConverter,0,0,2,2,17,2,0,0,-1.0,0,0
ant-ANT_14_B2,org.apache.myrmidon.libs.core,StringToURLConverter,0,0,2,2,17,2,0,0,-1.0,0,0
ant-ANT_14_B2,org.apache.myrmidon.libs.runtime,ConverterDef,6,0,6,6,52,10,0,0,0.0,0,4
ant-ANT_14_B2,org.apache.myrmidon.libs.runtime,Facility,4,0,4,4,51,7,0,0,0.0,0,4
ant-ANT_14_B2,org.apache.myrmidon.libs.runtime,Import,2,0,3,3,25,4,0,0,0.0,0,1
ant-ANT_14_B2,org.apache.myrmidon.libs.runtime,TypeDef,1,0,2,1,13,2,0,0,0.0,0,0
ant-ANT_14_B2,org.apache.myrmidon.libs.selftest,ConfigurationTest,1,0,2,2,20,3,0,0,0.0,0,0
ant-ANT_14_B2,org.apache.myrmidon.libs.selftest,ContentTest,0,0,2,2,11,2,0,0,-1.0,0,0
ant-ANT_14_B2,org.apache.myrmidon.libs.selftest,PrimitiveTypesTest,0,0,14,14,47,14,0,0,-1.0,0,0
ant-ANT_14_B2,org.apache.myrmidon.libs.selftest,SubElementTest,0,0,4,4,20,4,0,0,-1.0,0,1
ant-ANT_14_B2,org.apache.myrmidon.libs.selftest,Beep,0,0,1,1,5,1,0,0,-1.0,1,0
ant-ANT_14_B2,org.apache.myrmidon.listeners,DefaultProjectListener,1,0,11,8,71,12,0,1,0.36363636363636365,0,0
ant-ANT_14_B2,org.apache.myrmidon.listeners,ProjectListener,0,0,8,0,43,8,1,0,-1.0,5,0
ant-ANT_14_B2,org.apache.tools.ant.listener,Log4jListener,2,0,8,8,105,26,0,0,0.0,0,0
ant-ANT_14_B2,org.apache.tools.ant.taskdefs,Ant,7,0,12,8,167,34,0,0,0.0,1,1
ant-ANT_14_B2,org.apache.tools.ant.taskdefs,AntStructure,6,0,8,2,166,24,0,0,0.25,0,1
ant-ANT_14_B2,org.apache.tools.ant.taskdefs,Available,9,0,17,13,157,40,0,0,0.0,1,2
ant-ANT_14_B2,org.apache.tools.ant.taskdefs,CVSPass,5,0,6,5,87,12,0,0,0.0,0,0
ant-ANT_14_B2,org.apache.tools.ant.taskdefs,CallTarget,4,0,7,5,59,11,0,0,0.0,0,1
ant-ANT_14_B2,org.apache.tools.ant.taskdefs,Chmod,3,0,16,14,114,20,0,2,0.375,0,1
ant-ANT_14_B2,org.apache.tools.ant.taskdefs,CompileTask,1,0,3,3,40,5,0,2,0.6666666666666666,0,2
ant-ANT_14_B2,org.apache.tools.ant.taskdefs,ConditionTask,2,0,3,3,39,6,0,0,0.0,0,1
ant-ANT_14_B2,org.apache.tools.ant.taskdefs,Copy,15,0,20,14,269,51,1,0,0.0,0,2
ant-ANT_14_B2,org.apache.tools.ant.taskdefs,Copydir,6,0,7,6,64,14,0,1,0.2857142857142857,0,0
ant-ANT_14_B2,org.apache.tools.ant.taskdefs,Copyfile,4,0,5,5,47,10,0,0,0.0,0,0
ant-ANT_14_B2,org.apache.tools.ant.taskdefs,Cvs,12,0,14,14,192,31,0,0,0.0,0,4
ant-ANT_14_B2,org.apache.tools.ant.taskdefs,Definer,6,0,13,10,126,26,2,0,0.0,0,2
ant-ANT_14_B2,org.apache.tools.ant.taskdefs,Delete,8,0,18,16,270,51,0,1,0.0,0,2
ant-ANT_14_B2,org.apache.tools.ant.taskdefs,Deltree,1,0,3,2,50,11,0,0,0.0,0,0
ant-ANT_14_B2,org.apache.tools.ant.taskdefs,DependSet,4,0,6,6,150,31,0,1,0.3333333333333333,0,2
ant-ANT_14_B2,org.apache.tools.ant.taskdefs,Ear,2,0,7,4,58,11,0,3,0.5714285714285714,0,1
ant-ANT_14_B2,org.apache.tools.ant.taskdefs,Echo,4,0,7,7,89,13,0,0,0.2857142857142857,1,1
ant-ANT_14_B2,org.apache.tools.ant.taskdefs,EchoLevel,0,0,1,1,5,1,0,0,-1.0,1,0
ant-ANT_14_B2,org.apache.tools.ant.taskdefs,Exec,12,0,12,9,146,27,0,0,0.0,2,1
ant-ANT_14_B2,org.apache.tools.ant.taskdefs,StreamPumper,5,0,3,3,39,6,0,0,0.0,0,1
ant-ANT_14_B2,org.apache.tools.ant.taskdefs,ExecTask,13,0,21,13,240,39,1,0,0.0,3,2
ant-ANT_14_B2,org.apache.tools.ant.taskdefs,Execute,17,1,32,24,490,67,0,0,0.125,17,7
ant-ANT_14_B2,org.apache.tools.ant.taskdefs,CommandLauncher,0,0,2,2,30,4,3,0,-1.0,5,2
ant-ANT_14_B2,org.apache.tools.ant.taskdefs,Java11CommandLauncher,0,0,1,1,18,3,0,1,-1.0,0,2
ant-ANT_14_B2,org.apache.tools.ant.taskdefs,Java13CommandLauncher,1,0,2,2,36,5,0,1,0.0,0,2
ant-ANT_14_B2,org.apache.tools.ant.taskdefs,CommandLauncherProxy,1,0,2,1,15,2,3,1,0.0,0,2
ant-ANT_14_B2,org.apache.tools.ant.taskdefs,WinNTCommandLauncher,0,0,2,1,32,4,0,2,-1.0,0,2
ant-ANT_14_B2,org.apache.tools.ant.taskdefs,MacCommandLauncher,0,0,2,1,23,3,0,2,-1.0,0,2
ant-ANT_14_B2,org.apache.tools.ant.taskdefs,ScriptCommandLauncher,1,0,2,1,35,6,0,2,0.0,0,2
ant-ANT_14_B2,org.apache.tools.ant.taskdefs,ExecuteJava,3,0,5,5,71,10,0,0,0.4,1,5
ant-ANT_14_B2,org.apache.tools.ant.taskdefs,ExecuteOn,10,0,15,9,251,43,2,1,0.13333333333333333,0,4
ant-ANT_14_B2,org.apache.tools.ant.taskdefs,FileDirBoth,0,0,1,1,8,1,0,0,-1.0,1,0
ant-ANT_14_B2,org.apache.tools.ant.taskdefs,ExecuteStreamHandler,0,0,5,5,29,5,2,0,-1.0,4,0
ant-ANT_14_B2,org.apache.tools.ant.taskdefs,ExecuteWatchdog,5,0,8,7,126,14,0,0,0.0,4,0
ant-ANT_14_B2,org.apache.tools.ant.taskdefs,Exit,1,0,3,3,24,4,0,0,0.0,0,0
ant-ANT_14_B2,org.apache.tools.ant.taskdefs,Expand,3,0,5,4,113,16,0,1,0.0,0,1
ant-ANT_14_B2,org.apache.tools.ant.taskdefs,Filter,3,0,5,4,37,8,0,0,0.0,0,0
ant-ANT_14_B2,org.apache.tools.ant.taskdefs,FixCRLF,39,0,45,38,697,119,0,1,0.17777777777777778,0,5
ant-ANT_14_B2,org.apache.tools.ant.taskdefs,OneLiner,10,0,27,26,164,38,0,0,0.1111111111111111,1,0
ant-ANT_14_B2,org.apache.tools.ant.taskdefs,BufferLine,5,0,19,19,67,19,0,0,0.21052631578947367,0,0
ant-ANT_14_B2,org.apache.tools.ant.taskdefs,AddAsisRemove,0,0,1,1,8,1,0,0,-1.0,1,0
ant-ANT_14_B2,org.apache.tools.ant.taskdefs,CrLf,0,0,1,1,8,1,0,0,-1.0,1,0
ant-ANT_14_B2,org.apache.tools.ant.taskdefs,GUnzip,2,0,3,3,74,13,0,0,0.0,0,0
ant-ANT_14_B2,org.apache.tools.ant.taskdefs,GZip,2,0,5,3,65,10,0,0,0.0,0,0
ant-ANT_14_B2,org.apache.tools.ant.taskdefs,GenerateKey,17,0,21,21,220,43,0,0,0.23809523809523808,0,3
ant-ANT_14_B2,org.apache.tools.ant.taskdefs,DnameParam,2,0,4,4,16,4,0,0,0.5,2,0
ant-ANT_14_B2,org.apache.tools.ant.taskdefs,DistinguishedName,3,0,4,4,43,8,0,0,0.0,1,1
ant-ANT_14_B2,org.apache.tools.ant.taskdefs,Get,5,0,7,6,151,28,0,0,0.0,0,1
ant-ANT_14_B2,org.apache.tools.ant.taskdefs,Jar,4,0,14,5,220,33,2,2,0.42857142857142855,0,2
ant-ANT_14_B2,org.apache.tools.ant.taskdefs,Java,6,0,25,20,269,43,0,0,0.0,6,3
ant-ANT_14_B2,org.apache.tools.ant.taskdefs,Javac,19,0,45,42,393,67,1,1,0.3111111111111111,3,2
ant-ANT_14_B2,org.apache.tools.ant.taskdefs,JavacOutputStream,3,0,4,1,48,7,0,0,0.0,0,0
ant-ANT_14_B2,org.apache.tools.ant.taskdefs,Javadoc,40,0,113,102,829,206,0,0,0.17699115044247787,0,11
ant-ANT_14_B2,org.apache.tools.ant.taskdefs,DocletParam,2,0,4,4,16,4,0,0,0.5,2,0
ant-ANT_14_B2,org.apache.tools.ant.taskdefs,DocletInfo,3,0,8,8,42,10,0,0,0.375,1,1
ant-ANT_14_B2,org.apache.tools.ant.taskdefs,PackageName,1,0,3,3,12,3,0,0,0.0,2,0
ant-ANT_14_B2,org.apache.tools.ant.taskdefs,SourceFile,1,0,2,2,9,2,0,0,0.0,1,0
ant-ANT_14_B2,org.apache.tools.ant.taskdefs,Html,1,0,2,2,9,2,0,0,0.0,2,0
ant-ANT_14_B2,org.apache.tools.ant.taskdefs,AccessType,0,0,1,1,5,1,0,0,-1.0,1,0
ant-ANT_14_B2,org.apache.tools.ant.taskdefs,LinkArgument,3,0,7,7,25,7,0,0,0.5714285714285714,1,0
ant-ANT_14_B2,org.apache.tools.ant.taskdefs,GroupArgument,2,0,7,7,40,10,0,0,0.42857142857142855,1,2
ant-ANT_14_B2,org.apache.tools.ant.taskdefs,JavadocOutputStream,1,0,3,0,28,8,0,1,0.6666666666666666,0,1
ant-ANT_14_B2,org.apache.tools.ant.taskdefs,Jikes,3,0,2,0,76,6,0,0,0.0,0,2
ant-ANT_14_B2,org.apache.tools.ant.taskdefs,JikesOutputParser,7,0,12,5,91,20,0,1,0.3333333333333333,1,0
ant-ANT_14_B2,org.apache.tools.ant.taskdefs,KeySubst,4,0,7,7,119,14,0,0,0.0,1,1
ant-ANT_14_B2,org.apache.tools.ant.taskdefs,LogOutputStream,4,0,7,4,62,10,1,0,0.0,1,2
ant-ANT_14_B2,org.apache.tools.ant.taskdefs,LogStreamHandler,0,0,2,2,25,2,0,2,-1.0,1,1
ant-ANT_14_B2,org.apache.tools.ant.taskdefs,Manifest,14,6,31,31,465,77,0,0,0.1935483870967742,2,3
ant-ANT_14_B2,org.apache.tools.ant.taskdefs,Attribute,2,0,11,11,111,16,0,0,0.18181818181818182,3,1
ant-ANT_14_B2,org.apache.tools.ant.taskdefs,Section,3,0,11,11,160,31,0,0,0.0,2,2
ant-ANT_14_B2,org.apache.tools.ant.taskdefs,ManifestException,0,0,1,1,13,1,0,0,-1.0,0,0
ant-ANT_14_B2,org.apache.tools.ant.taskdefs,MatchingTask,2,0,13,12,118,18,12,0,0.0,0,1
ant-ANT_14_B2,org.apache.tools.ant.taskdefs,Mkdir,1,0,2,2,26,6,0,0,0.0,1,0
ant-ANT_14_B2,org.apache.tools.ant.taskdefs,Move,0,0,5,1,150,33,0,1,-1.0,0,1
ant-ANT_14_B2,org.apache.tools.ant.taskdefs,Parallel,4,0,5,4,97,15,0,0,0.4,0,2
ant-ANT_14_B2,org.apache.tools.ant.taskdefs,TaskThread,3,0,3,2,27,3,0,0,0.0,0,1
ant-ANT_14_B2,org.apache.tools.ant.taskdefs,Patch,3,0,8,8,85,16,0,0,0.0,0,2
ant-ANT_14_B2,org.apache.tools.ant.taskdefs,PathConvert,11,0,15,12,199,36,0,0,0.0,0,2
ant-ANT_14_B2,org.apache.tools.ant.taskdefs,MapEntry,2,0,3,3,41,6,0,0,0.0,1,0
ant-ANT_14_B2,org.apache.tools.ant.taskdefs,Property,8,0,25,19,231,53,0,0,0.0,1,3
ant-ANT_14_B2,org.apache.tools.ant.taskdefs,PumpStreamHandler,4,0,13,8,73,13,1,1,0.23076923076923078,0,0
ant-ANT_14_B2,org.apache.tools.ant.taskdefs,Recorder,7,0,8,7,133,17,0,0,0.25,0,4
ant-ANT_14_B2,org.apache.tools.ant.taskdefs,ActionChoices,1,0,1,1,9,1,0,0,0.0,1,0
ant-ANT_14_B2,org.apache.tools.ant.taskdefs,VerbosityLevelChoices,1,0,1,1,9,1,0,0,0.0,1,0
ant-ANT_14_B2,org.apache.tools.ant.taskdefs,RecorderEntry,6,0,16,13,129,23,0,0,0.1875,2,1
ant-ANT_14_B2,org.apache.tools.ant.taskdefs,Rename,3,0,4,4,52,9,0,0,0.0,0,0
ant-ANT_14_B2,org.apache.tools.ant.taskdefs,Replace,14,0,26,23,312,59,0,1,0.07692307692307693,0,4
ant-ANT_14_B2,org.apache.tools.ant.taskdefs,NestedString,1,0,2,2,9,2,0,0,0.0,1,0
ant-ANT_14_B2,org.apache.tools.ant.taskdefs,Replacefilter,3,0,8,8,61,17,0,0,0.0,1,0
ant-ANT_14_B2,org.apache.tools.ant.taskdefs,Rmic,18,0,42,39,374,64,0,1,0.21428571428571427,1,4
ant-ANT_14_B2,org.apache.tools.ant.taskdefs,SQLExec,27,2,30,25,514,79,0,0,0.06666666666666667,0,7
ant-ANT_14_B2,org.apache.tools.ant.taskdefs,DelimiterType,2,2,1,1,7,1,0,0,0.0,1,0
ant-ANT_14_B2,org.apache.tools.ant.taskdefs,OnError,0,0,1,1,8,1,0,0,-1.0,1,0
ant-ANT_14_B2,org.apache.tools.ant.taskdefs,Transaction,2,0,3,2,25,5,0,0,0.0,1,1
ant-ANT_14_B2,org.apache.tools.ant.taskdefs,SendEmail,6,0,8,8,126,19,0,0,0.25,0,1
ant-ANT_14_B2,org.apache.tools.ant.taskdefs,Sequential,1,0,2,2,26,3,1,0,0.0,0,1
ant-ANT_14_B2,org.apache.tools.ant.taskdefs,SignJar,13,0,17,14,206,46,0,0,0.0,0,2
ant-ANT_14_B2,org.apache.tools.ant.taskdefs,Sleep,5,0,10,9,116,12,0,0,0.2,0,1
ant-ANT_14_B2,org.apache.tools.ant.taskdefs,StreamPumper,4,0,2,2,38,3,0,0,0.0,0,0
ant-ANT_14_B2,org.apache.tools.ant.taskdefs,Tar,16,5,16,14,229,46,0,1,0.3125,0,3
ant-ANT_14_B2,org.apache.tools.ant.taskdefs,TarFileSet,4,0,9,9,45,10,0,0,0.6666666666666666,1,2
ant-ANT_14_B2,org.apache.tools.ant.taskdefs,TaskOutputStream,3,0,3,1,40,5,0,0,0.0,0,0
ant-ANT_14_B2,org.apache.tools.ant.taskdefs,Taskdef,0,0,1,0,9,1,0,1,-1.0,1,0
ant-ANT_14_B2,org.apache.tools.ant.taskdefs,Touch,5,0,8,6,114,21,0,0,0.0,3,2
ant-ANT_14_B2,org.apache.tools.ant.taskdefs,Transform,0,0,0,0,6,0,0,2,-1.0,0,0
ant-ANT_14_B2,org.apache.tools.ant.taskdefs,Tstamp,8,0,9,9,129,26,0,0,0.3333333333333333,0,1
ant-ANT_14_B2,org.apache.tools.ant.taskdefs,CustomFormat,7,0,7,7,95,23,0,0,0.2857142857142857,1,0
ant-ANT_14_B2,org.apache.tools.ant.taskdefs,Typedef,0,0,1,0,9,1,0,1,-1.0,0,0
ant-ANT_14_B2,org.apache.tools.ant.taskdefs,Untar,3,0,4,4,100,13,0,0,0.0,0,1
ant-ANT_14_B2,org.apache.tools.ant.taskdefs,UpToDate,5,0,9,7,100,16,0,1,0.0,1,1
ant-ANT_14_B2,org.apache.tools.ant.taskdefs,War,2,0,9,6,64,13,0,3,0.6666666666666666,0,1
ant-ANT_14_B2,org.apache.tools.ant.taskdefs,XSLTLiaison,1,1,3,3,32,3,0,0,-1.0,2,0
ant-ANT_14_B2,org.apache.tools.ant.taskdefs,XSLTProcess,15,0,25,18,310,52,0,1,0.08,0,5
ant-ANT_14_B2,org.apache.tools.ant.taskdefs,Param,2,0,4,4,18,6,0,0,0.5,1,0
ant-ANT_14_B2,org.apache.tools.ant.taskdefs,Zip,13,0,27,11,502,92,1,1,0.07407407407407407,1,5
ant-ANT_14_B2,org.apache.tools.ant.taskdefs,WhenEmpty,0,0,1,1,8,1,0,0,-1.0,1,0
ant-ANT_14_B2,org.apache.tools.ant.taskdefs,AntStructureTest,0,0,3,3,14,3,0,1,-1.0,0,0
ant-ANT_14_B2,org.apache.tools.ant.taskdefs,AntTest,0,0,8,8,29,8,0,1,-1.0,0,0
ant-ANT_14_B2,org.apache.tools.ant.taskdefs,AvailableTest,0,0,20,20,81,20,0,1,-1.0,0,0
ant-ANT_14_B2,org.apache.tools.ant.taskdefs,CVSPassTest,4,0,9,8,72,11,0,1,0.6666666666666666,0,0
ant-ANT_14_B2,org.apache.tools.ant.taskdefs,CopyTest,0,0,5,5,29,7,0,1,-1.0,0,0
ant-ANT_14_B2,org.apache.tools.ant.taskdefs,CopydirTest,0,0,8,8,33,9,0,1,-1.0,0,0
ant-ANT_14_B2,org.apache.tools.ant.taskdefs,CopyfileTest,0,0,9,9,39,10,0,1,-1.0,0,0
ant-ANT_14_B2,org.apache.tools.ant.taskdefs,DeleteTest,0,0,5,5,20,5,0,1,-1.0,0,0
ant-ANT_14_B2,org.apache.tools.ant.taskdefs,DeltreeTest,0,0,4,4,17,4,0,1,-1.0,0,0
ant-ANT_14_B2,org.apache.tools.ant.taskdefs,DependSetTest,0,0,8,8,34,9,0,1,-1.0,0,0
ant-ANT_14_B2,org.apache.tools.ant.taskdefs,EchoTest,0,0,5,5,20,5,0,1,-1.0,0,0
ant-ANT_14_B2,org.apache.tools.ant.taskdefs,ExecuteWatchdogTest,3,0,12,7,107,18,0,0,0.4166666666666667,0,2
ant-ANT_14_B2,org.apache.tools.ant.taskdefs,TimeProcess,0,0,1,1,9,2,0,0,-1.0,0,0
ant-ANT_14_B2,org.apache.tools.ant.taskdefs,FailTest,0,0,4,4,17,4,0,1,-1.0,0,0
ant-ANT_14_B2,org.apache.tools.ant.taskdefs,FilterTest,0,0,11,10,64,12,0,1,-1.0,0,0
ant-ANT_14_B2,org.apache.tools.ant.taskdefs,FixCrLfTest,0,0,14,14,91,18,0,1,-1.0,0,0
ant-ANT_14_B2,org.apache.tools.ant.taskdefs,GUnzipTest,0,0,5,5,29,7,0,1,-1.0,0,0
ant-ANT_14_B2,org.apache.tools.ant.taskdefs,GetTest,0,0,8,8,36,9,0,1,-1.0,0,0
ant-ANT_14_B2,org.apache.tools.ant.taskdefs,GzipTest,0,0,7,7,30,8,0,1,-1.0,0,0
ant-ANT_14_B2,org.apache.tools.ant.taskdefs,JarTest,2,0,7,7,33,7,0,1,0.8571428571428571,0,0
ant-ANT_14_B2,org.apache.tools.ant.taskdefs,JavaTest,1,0,7,7,55,7,0,0,0.2857142857142857,0,1
ant-ANT_14_B2,org.apache.tools.ant.taskdefs,MkdirTest,0,0,5,5,27,6,0,1,-1.0,0,0
ant-ANT_14_B2,org.apache.tools.ant.taskdefs,PropertyTest,0,0,6,6,30,6,0,1,-1.0,0,0
ant-ANT_14_B2,org.apache.tools.ant.taskdefs,RenameTest,0,0,6,6,23,6,0,1,-1.0,0,0
ant-ANT_14_B2,org.apache.tools.ant.taskdefs,ReplaceTest,0,0,10,10,35,10,0,1,-1.0,0,0
ant-ANT_14_B2,org.apache.tools.ant.taskdefs,SleepTest,4,0,12,12,71,17,0,1,0.3333333333333333,0,1
ant-ANT_14_B2,org.apache.tools.ant.taskdefs,Timer,2,0,4,4,19,4,0,0,0.0,1,0
ant-ANT_14_B2,org.apache.tools.ant.taskdefs,TarTest,0,0,8,8,33,9,0,1,-1.0,0,0
ant-ANT_14_B2,org.apache.tools.ant.taskdefs,TaskdefTest,0,0,7,7,26,7,0,1,-1.0,0,0
ant-ANT_14_B2,org.apache.tools.ant.taskdefs,TaskdefTestContainerTask,0,0,1,1,4,1,0,1,-1.0,0,0
ant-ANT_14_B2,org.apache.tools.ant.taskdefs,TaskdefTestSimpleTask,2,0,5,4,20,5,0,0,0.6,0,2
ant-ANT_14_B2,org.apache.tools.ant.taskdefs,Echo,1,0,2,1,8,2,0,0,1.0,0,0
ant-ANT_14_B2,org.apache.tools.ant.taskdefs,TaskdefsTest,5,0,21,9,161,27,27,0,0.38095238095238093,0,0
ant-ANT_14_B2,org.apache.tools.ant.taskdefs,AntOutputStream,0,0,1,1,5,1,0,0,-1.0,0,0
ant-ANT_14_B2,org.apache.tools.ant.taskdefs,AntTestListener,0,0,7,7,47,8,0,0,-1.0,0,0
ant-ANT_14_B2,org.apache.tools.ant.taskdefs,UnzipTest,0,0,5,5,20,5,0,1,-1.0,0,0
ant-ANT_14_B2,org.apache.tools.ant.taskdefs,ZipTest,0,0,10,10,35,10,0,1,-1.0,0,0
ant-ANT_14_B2,org.apache.tools.ant.taskdefs.compilers,CompilerAdapter,0,0,2,2,15,2,1,0,-1.0,0,1
ant-ANT_14_B2,org.apache.tools.ant.taskdefs.compilers,CompilerAdapterFactory,0,0,3,1,72,11,0,0,-1.0,1,3
ant-ANT_14_B2,org.apache.tools.ant.taskdefs.compilers,DefaultCompilerAdapter,19,0,8,2,274,42,8,1,0.0,0,2
ant-ANT_14_B2,org.apache.tools.ant.taskdefs.compilers,Gcj,0,0,2,1,53,9,0,2,-1.0,0,1
ant-ANT_14_B2,org.apache.tools.ant.taskdefs.compilers,Javac12,0,0,1,1,41,2,0,2,-1.0,0,2
ant-ANT_14_B2,org.apache.tools.ant.taskdefs.compilers,Javac13,1,0,1,1,32,2,0,2,0.0,0,2
ant-ANT_14_B2,org.apache.tools.ant.taskdefs.compilers,JavacExternal,0,0,1,1,18,1,0,2,-1.0,0,1
ant-ANT_14_B2,org.apache.tools.ant.taskdefs.compilers,Jikes,0,0,1,1,83,17,0,2,-1.0,0,1
ant-ANT_14_B2,org.apache.tools.ant.taskdefs.compilers,Jvc,0,0,1,1,47,7,0,2,-1.0,0,1
ant-ANT_14_B2,org.apache.tools.ant.taskdefs.compilers,Kjc,0,0,2,1,67,11,0,2,-1.0,0,3
ant-ANT_14_B2,org.apache.tools.ant.taskdefs.compilers,Sj,0,0,1,1,17,1,0,2,-1.0,0,1
ant-ANT_14_B2,org.apache.tools.ant.taskdefs.condition,And,0,0,1,1,10,1,0,1,-1.0,1,0
ant-ANT_14_B2,org.apache.tools.ant.taskdefs.condition,Condition,0,0,1,1,11,1,5,0,-1.0,1,0
ant-ANT_14_B2,org.apache.tools.ant.taskdefs.condition,ConditionBase,3,0,13,10,104,15,3,0,0.15384615384615385,0,8
ant-ANT_14_B2,org.apache.tools.ant.taskdefs.condition,ConditionEnumeration,1,0,2,2,26,4,0,0,0.0,0,0
ant-ANT_14_B2,org.apache.tools.ant.taskdefs.condition,Equals,2,0,3,3,20,4,0,1,0.0,1,0
ant-ANT_14_B2,org.apache.tools.ant.taskdefs.condition,Not,0,0,1,1,16,3,0,1,-1.0,1,0
ant-ANT_14_B2,org.apache.tools.ant.taskdefs.condition,Or,0,0,1,1,10,1,0,1,-1.0,1,0
ant-ANT_14_B2,org.apache.tools.ant.taskdefs.condition,Os,1,0,2,2,31,7,0,1,0.0,1,0
ant-ANT_14_B2,org.apache.tools.ant.taskdefs.optional,ANTLR,5,0,9,6,98,19,0,0,0.0,0,1
ant-ANT_14_B2,org.apache.tools.ant.taskdefs.optional,Cab,10,0,15,7,206,34,0,0,0.0,0,2
ant-ANT_14_B2,org.apache.tools.ant.taskdefs.optional,IContract,28,0,33,30,522,76,0,0,0.2727272727272727,0,9
ant-ANT_14_B2,org.apache.tools.ant.taskdefs.optional,IContractPresenceDetector,0,0,7,7,22,8,0,0,-1.0,0,1
ant-ANT_14_B2,org.apache.tools.ant.taskdefs.optional,ClasspathHelper,1,0,4,4,22,5,0,0,0.75,1,2
ant-ANT_14_B2,org.apache.tools.ant.taskdefs.optional,Javah,13,0,21,18,228,47,0,0,0.14285714285714285,0,2
ant-ANT_14_B2,org.apache.tools.ant.taskdefs.optional,ClassArgument,1,0,3,3,12,3,0,0,0.6666666666666666,1,0
ant-ANT_14_B2,org.apache.tools.ant.taskdefs.optional,Native2Ascii,6,0,11,10,147,26,0,0,0.2727272727272727,0,4
ant-ANT_14_B2,org.apache.tools.ant.taskdefs.optional,ExtMapper,0,0,3,3,15,4,0,0,-1.0,0,0
ant-ANT_14_B2,org.apache.tools.ant.taskdefs.optional,NetRexxC,33,0,37,31,394,55,0,0,0.05405405405405406,0,2
ant-ANT_14_B2,org.apache.tools.ant.taskdefs.optional,PropertyFile,23,8,25,14,376,68,0,0,0.2,0,3
ant-ANT_14_B2,org.apache.tools.ant.taskdefs.optional,Entry,18,8,15,10,282,54,0,0,0.13333333333333333,1,2
ant-ANT_14_B2,org.apache.tools.ant.taskdefs.optional,Operation,5,5,2,2,28,6,0,0,1.0,2,0
ant-ANT_14_B2,org.apache.tools.ant.taskdefs.optional,Type,3,3,2,2,20,4,0,0,1.0,2,0
ant-ANT_14_B2,org.apache.tools.ant.taskdefs.optional,RenameExtensions,5,0,6,6,74,7,0,0,0.0,0,2
ant-ANT_14_B2,org.apache.tools.ant.taskdefs.optional,Rpm,8,0,9,9,142,20,0,0,0.0,0,2
ant-ANT_14_B2,org.apache.tools.ant.taskdefs.optional,Script,3,0,5,4,85,12,0,0,0.0,0,0
ant-ANT_14_B2,org.apache.tools.ant.taskdefs.optional,StyleBook,3,0,5,5,38,8,0,0,0.4,0,0
ant-ANT_14_B2,org.apache.tools.ant.taskdefs.optional,Test,2,0,9,9,42,10,0,0,0.7777777777777778,0,1
ant-ANT_14_B2,org.apache.tools.ant.taskdefs.optional,TestletEntry,1,0,2,2,9,2,0,0,0.0,1,0
ant-ANT_14_B2,org.apache.tools.ant.taskdefs.optional,TraXLiaison,4,0,5,4,78,8,0,0,0.0,0,0
ant-ANT_14_B2,org.apache.tools.ant.taskdefs.optional,XMLValidateTask,15,1,20,15,239,41,0,0,0.15,0,7
ant-ANT_14_B2,org.apache.tools.ant.taskdefs.optional,ValidatorErrorHandler,3,0,7,5,39,9,0,0,0.0,1,1
ant-ANT_14_B2,org.apache.tools.ant.taskdefs.optional,XalanLiaison,2,0,4,4,57,7,0,0,0.0,0,0
ant-ANT_14_B2,org.apache.tools.ant.taskdefs.optional,XslpLiaison,2,0,4,4,25,4,0,0,0.0,0,0
ant-ANT_14_B2,org.apache.tools.ant.taskdefs.optional,ANTLRTest,1,0,9,9,36,9,0,0,0.8888888888888888,0,0
ant-ANT_14_B2,org.apache.tools.ant.taskdefs.optional,CalcFileFilter,0,0,1,1,5,1,0,0,-1.0,0,0
ant-ANT_14_B2,org.apache.tools.ant.taskdefs.optional,AbstractXSLTLiaisonTest,1,0,7,3,54,7,3,0,0.2857142857142857,0,1
ant-ANT_14_B2,org.apache.tools.ant.taskdefs.optional,PvcsTest,0,0,8,8,29,8,0,0,-1.0,0,0
ant-ANT_14_B2,org.apache.tools.ant.taskdefs.optional,TraXLiaisonTest,0,0,3,3,25,3,0,1,-1.0,0,0
ant-ANT_14_B2,org.apache.tools.ant.taskdefs.optional,XalanLiaisonTest,0,0,3,2,25,3,0,1,-1.0,0,0
ant-ANT_14_B2,org.apache.tools.ant.taskdefs.optional,XslpLiaisonTest,0,0,2,1,12,2,0,1,-1.0,0,0
ant-ANT_14_B2,org.apache.tools.ant.taskdefs.optional.ccm,CCMCheck,5,2,9,8,94,13,3,1,0.2222222222222222,0,1
ant-ANT_14_B2,org.apache.tools.ant.taskdefs.optional.ccm,CCMCheckin,0,0,1,1,11,1,0,2,-1.0,0,0
ant-ANT_14_B2,org.apache.tools.ant.taskdefs.optional.ccm,CCMCheckinDefault,1,1,1,1,12,1,0,2,0.0,0,0
ant-ANT_14_B2,org.apache.tools.ant.taskdefs.optional.ccm,CCMCheckout,0,0,1,1,10,1,0,2,-1.0,0,0
ant-ANT_14_B2,org.apache.tools.ant.taskdefs.optional.ccm,CCMCreateTask,12,6,20,19,229,29,0,1,0.3,0,1
ant-ANT_14_B2,org.apache.tools.ant.taskdefs.optional.ccm,CCMReconfigure,6,3,9,8,98,13,0,1,0.2222222222222222,0,1
ant-ANT_14_B2,org.apache.tools.ant.taskdefs.optional.ccm,Continuus,8,5,6,3,80,7,3,0,0.5,0,3
ant-ANT_14_B2,org.apache.tools.ant.taskdefs.optional.clearcase,CCCheckin,13,7,16,13,194,26,0,1,0.0,0,1
ant-ANT_14_B2,org.apache.tools.ant.taskdefs.optional.clearcase,CCCheckout,18,10,22,17,271,36,0,1,0.0,0,1
ant-ANT_14_B2,org.apache.tools.ant.taskdefs.optional.clearcase,CCUnCheckout,3,2,4,3,60,7,0,1,0.0,0,1
ant-ANT_14_B2,org.apache.tools.ant.taskdefs.optional.clearcase,CCUpdate,13,7,15,13,189,23,0,1,0.0,0,1
ant-ANT_14_B2,org.apache.tools.ant.taskdefs.optional.clearcase,ClearCase,7,4,5,3,74,6,4,0,0.6,0,2
ant-ANT_14_B2,org.apache.tools.ant.taskdefs.optional.depend,ClassFile,3,0,3,3,62,7,0,0,0.0,3,1
ant-ANT_14_B2,org.apache.tools.ant.taskdefs.optional.depend,ClassFileIterator,0,0,1,1,3,1,2,0,-1.0,0,0
ant-ANT_14_B2,org.apache.tools.ant.taskdefs.optional.depend,ClassFileUtils,0,0,2,2,22,2,0,0,-1.0,2,0
ant-ANT_14_B2,org.apache.tools.ant.taskdefs.optional.depend,Depend,15,0,18,10,478,85,0,0,0.0,0,6
ant-ANT_14_B2,org.apache.tools.ant.taskdefs.optional.depend,ClassFileInfo,3,3,0,0,17,0,0,0,-1.0,1,0
ant-ANT_14_B2,org.apache.tools.ant.taskdefs.optional.depend,DirectoryIterator,3,0,3,2,91,11,0,1,0.0,0,1
ant-ANT_14_B2,org.apache.tools.ant.taskdefs.optional.depend,JarFileIterator,1,0,3,2,47,7,0,1,0.6666666666666666,0,1
ant-ANT_14_B2,org.apache.tools.ant.taskdefs.optional.depend.constantpool,ClassCPInfo,2,0,5,5,50,5,0,1,0.4,4,1
ant-ANT_14_B2,org.apache.tools.ant.taskdefs.optional.depend.constantpool,ConstantCPInfo,1,0,3,2,32,3,5,1,0.6666666666666666,1,0
ant-ANT_14_B2,org.apache.tools.ant.taskdefs.optional.depend.constantpool,ConstantPool,2,0,14,14,219,39,0,0,0.0,24,8
ant-ANT_14_B2,org.apache.tools.ant.taskdefs.optional.depend.constantpool,ConstantPoolEntry,14,11,7,7,156,18,7,0,0.2857142857142857,2,2
ant-ANT_14_B2,org.apache.tools.ant.taskdefs.optional.depend.constantpool,DoubleCPInfo,0,0,3,3,24,3,0,2,-1.0,0,0
ant-ANT_14_B2,org.apache.tools.ant.taskdefs.optional.depend.constantpool,FieldRefCPInfo,5,0,7,7,63,8,0,1,0.2857142857142857,1,3
ant-ANT_14_B2,org.apache.tools.ant.taskdefs.optional.depend.constantpool,FloatCPInfo,0,0,3,3,27,3,0,2,-1.0,0,0
ant-ANT_14_B2,org.apache.tools.ant.taskdefs.optional.depend.constantpool,IntegerCPInfo,0,0,3,3,27,3,0,2,-1.0,0,0
ant-ANT_14_B2,org.apache.tools.ant.taskdefs.optional.depend.constantpool,InterfaceMethodRefCPInfo,5,0,7,7,63,8,0,1,0.2857142857142857,1,3
ant-ANT_14_B2,org.apache.tools.ant.taskdefs.optional.depend.constantpool,LongCPInfo,0,0,3,3,27,3,0,2,-1.0,0,0
ant-ANT_14_B2,org.apache.tools.ant.taskdefs.optional.depend.constantpool,MethodRefCPInfo,5,0,7,7,63,8,0,1,0.2857142857142857,1,3
ant-ANT_14_B2,org.apache.tools.ant.taskdefs.optional.depend.constantpool,NameAndTypeCPInfo,4,0,6,6,54,7,0,1,0.3333333333333333,4,1
ant-ANT_14_B2,org.apache.tools.ant.taskdefs.optional.depend.constantpool,StringCPInfo,1,0,4,4,37,4,0,2,0.5,0,1
ant-ANT_14_B2,org.apache.tools.ant.taskdefs.optional.depend.constantpool,Utf8CPInfo,1,0,4,4,31,4,0,1,0.5,1,0
ant-ANT_14_B2,org.apache.tools.ant.taskdefs.optional.dotnet,CSharp,27,0,58,35,573,75,0,0,0.034482758620689655,0,2
ant-ANT_14_B2,org.apache.tools.ant.taskdefs.optional.dotnet,Ilasm,14,0,28,19,294,38,0,0,0.07142857142857142,0,3
ant-ANT_14_B2,org.apache.tools.ant.taskdefs.optional.dotnet,NetCommand,7,0,9,6,131,13,0,0,0.0,2,2
ant-ANT_14_B2,org.apache.tools.ant.taskdefs.optional.ejb,BorlandDeploymentTool,13,1,21,11,295,37,0,2,0.42857142857142855,1,5
ant-ANT_14_B2,org.apache.tools.ant.taskdefs.optional.ejb,BorlandGenerateClient,7,0,10,8,142,18,0,0,0.0,1,3
ant-ANT_14_B2,org.apache.tools.ant.taskdefs.optional.ejb,DDCreator,3,0,4,4,69,8,0,0,0.0,0,1
ant-ANT_14_B2,org.apache.tools.ant.taskdefs.optional.ejb,DDCreatorHelper,3,0,4,1,80,8,0,0,0.0,1,1
ant-ANT_14_B2,org.apache.tools.ant.taskdefs.optional.ejb,DescriptorHandler,27,0,11,10,219,36,0,0,0.0,4,0
ant-ANT_14_B2,org.apache.tools.ant.taskdefs.optional.ejb,EJBDeploymentTool,0,0,4,4,20,4,1,0,-1.0,1,2
ant-ANT_14_B2,org.apache.tools.ant.taskdefs.optional.ejb,EjbJar,20,14,25,24,304,37,0,0,0.12,4,12
ant-ANT_14_B2,org.apache.tools.ant.taskdefs.optional.ejb,DTDLocation,2,0,4,4,16,4,0,0,0.5,1,0
ant-ANT_14_B2,org.apache.tools.ant.taskdefs.optional.ejb,Config,10,10,0,0,45,0,0,0,-1.0,1,1
ant-ANT_14_B2,org.apache.tools.ant.taskdefs.optional.ejb,NamingScheme,4,4,1,1,9,1,0,0,0.0,2,0
ant-ANT_14_B2,org.apache.tools.ant.taskdefs.optional.ejb,Ejbc,6,1,8,8,105,13,0,0,0.0,0,1
ant-ANT_14_B2,org.apache.tools.ant.taskdefs.optional.ejb,EjbcHelper,7,0,6,1,162,19,0,0,0.0,1,1
ant-ANT_14_B2,org.apache.tools.ant.taskdefs.optional.ejb,GenericDeploymentTool,10,0,32,9,540,83,4,1,0.0,1,6
ant-ANT_14_B2,org.apache.tools.ant.taskdefs.optional.ejb,IPlanetDeploymentTool,8,0,12,6,177,24,0,2,0.3333333333333333,1,2
ant-ANT_14_B2,org.apache.tools.ant.taskdefs.optional.ejb,IPlanetEjbc,36,0,66,54,922,142,0,0,0.10606060606060606,3,5
ant-ANT_14_B2,org.apache.tools.ant.taskdefs.optional.ejb,EjbcException,0,0,1,1,13,1,0,0,-1.0,0,0
ant-ANT_14_B2,org.apache.tools.ant.taskdefs.optional.ejb,EjbcHandler,8,0,10,8,192,33,0,0,0.3,1,1
ant-ANT_14_B2,org.apache.tools.ant.taskdefs.optional.ejb,EjbInfo,9,0,30,26,258,48,0,0,0.0,2,1
ant-ANT_14_B2,org.apache.tools.ant.taskdefs.optional.ejb,Classname,3,0,7,7,72,9,0,0,0.0,2,0
ant-ANT_14_B2,org.apache.tools.ant.taskdefs.optional.ejb,RedirectOutput,1,0,2,2,36,3,0,0,0.0,1,0
ant-ANT_14_B2,org.apache.tools.ant.taskdefs.optional.ejb,IPlanetEjbcTask,7,0,13,9,178,24,0,0,0.0,0,2
ant-ANT_14_B2,org.apache.tools.ant.taskdefs.optional.ejb,InnerClassFilenameFilter,1,0,2,1,16,4,0,0,0.0,1,0
ant-ANT_14_B2,org.apache.tools.ant.taskdefs.optional.ejb,JbossDeploymentTool,3,0,2,0,37,4,0,2,1.0,1,0
ant-ANT_14_B2,org.apache.tools.ant.taskdefs.optional.ejb,WLRun,17,0,19,17,270,39,0,0,0.0,0,1
ant-ANT_14_B2,org.apache.tools.ant.taskdefs.optional.ejb,WLStop,6,0,8,8,106,12,0,0,0.0,0,1
ant-ANT_14_B2,org.apache.tools.ant.taskdefs.optional.ejb,WeblogicDeploymentTool,27,4,26,17,479,68,1,2,0.19230769230769232,1,4
ant-ANT_14_B2,org.apache.tools.ant.taskdefs.optional.ejb,WeblogicTOPLinkDeploymentTool,3,0,5,3,51,8,0,3,0.4,1,2
ant-ANT_14_B2,org.apache.tools.ant.taskdefs.optional.ide,VAJAntTool,1,0,3,3,62,5,0,0,0.0,2,5
ant-ANT_14_B2,org.apache.tools.ant.taskdefs.optional.ide,VAJAntToolGUI,44,0,74,24,1248,153,0,0,0.14864864864864866,3,7
ant-ANT_14_B2,org.apache.tools.ant.taskdefs.optional.ide,VAJBuildLogger,1,0,10,10,106,18,0,0,0.7,1,3
ant-ANT_14_B2,org.apache.tools.ant.taskdefs.optional.ide,PrivateEventHandler,0,0,11,11,100,32,0,0,-1.0,1,0
ant-ANT_14_B2,org.apache.tools.ant.taskdefs.optional.ide,VAJBuildInfo,8,0,23,17,249,32,0,0,0.13043478260869565,3,1
ant-ANT_14_B2,org.apache.tools.ant.taskdefs.optional.ide,VAJExport,7,0,13,12,119,16,0,0,0.0,0,4
ant-ANT_14_B2,org.apache.tools.ant.taskdefs.optional.ide,VAJImport,6,0,10,6,182,28,0,0,0.0,0,4
ant-ANT_14_B2,org.apache.tools.ant.taskdefs.optional.ide,VAJLoadProjects,5,0,13,13,146,27,0,0,0.23076923076923078,1,5
ant-ANT_14_B2,org.apache.tools.ant.taskdefs.optional.ide,VAJProjectDescription,3,0,8,8,38,10,0,0,0.375,1,0
ant-ANT_14_B2,org.apache.tools.ant.taskdefs.optional.ide,VAJUtil,1,0,2,2,36,6,0,0,1.0,5,1
ant-ANT_14_B2,org.apache.tools.ant.taskdefs.optional.ide,VAJWorkspaceScanner,2,0,6,5,119,21,0,0,0.3333333333333333,3,4
ant-ANT_14_B2,org.apache.tools.ant.taskdefs.optional.javacc,JJTree,16,0,16,16,113,23,0,0,0.0,0,5
ant-ANT_14_B2,org.apache.tools.ant.taskdefs.optional.javacc,JavaCC,25,0,26,25,159,35,0,0,0.0,0,5
ant-ANT_14_B2,org.apache.tools.ant.taskdefs.optional.jdepend,JDependTask,9,0,21,20,221,38,0,0,0.0,1,8
ant-ANT_14_B2,org.apache.tools.ant.taskdefs.optional.jlink,ConstantPool,14,0,1,0,50,14,0,0,0.0,0,0
ant-ANT_14_B2,org.apache.tools.ant.taskdefs.optional.jlink,ClassNameReader,0,0,1,1,20,2,0,0,-1.0,1,0
ant-ANT_14_B2,org.apache.tools.ant.taskdefs.optional.jlink,JlinkTask,5,0,10,7,108,20,0,0,0.0,0,2
ant-ANT_14_B2,org.apache.tools.ant.taskdefs.optional.jlink,jlink,5,0,16,8,260,47,0,0,0.0,2,2
ant-ANT_14_B2,org.apache.tools.ant.taskdefs.optional.jsp,WLJspc,6,0,8,6,163,24,0,0,0.0,0,4
ant-ANT_14_B2,org.apache.tools.ant.taskdefs.optional.junit,AggregateTransformer,8,2,11,8,135,17,0,0,0.18181818181818182,2,4
ant-ANT_14_B2,org.apache.tools.ant.taskdefs.optional.junit,Format,0,0,1,1,5,1,0,0,-1.0,1,0
ant-ANT_14_B2,org.apache.tools.ant.taskdefs.optional.junit,XalanExecutor,1,0,5,0,68,6,2,0,0.4,2,2
ant-ANT_14_B2,org.apache.tools.ant.taskdefs.optional.junit,Xalan2Executor,0,0,1,0,16,1,0,1,-1.0,0,0
ant-ANT_14_B2,org.apache.tools.ant.taskdefs.optional.junit,Xalan1Executor,0,0,1,0,16,1,0,1,-1.0,0,0
ant-ANT_14_B2,org.apache.tools.ant.taskdefs.optional.junit,BaseTest,9,0,15,15,73,16,2,0,0.6,0,1
ant-ANT_14_B2,org.apache.tools.ant.taskdefs.optional.junit,BatchTest,2,0,8,4,119,15,0,1,0.0,2,6
ant-ANT_14_B2,org.apache.tools.ant.taskdefs.optional.junit,BriefJUnitResultFormatter,7,0,15,11,158,21,0,1,0.2,0,1
ant-ANT_14_B2,org.apache.tools.ant.taskdefs.optional.junit,DOMUtil,0,0,8,7,158,29,0,0,-1.0,2,3
ant-ANT_14_B2,org.apache.tools.ant.taskdefs.optional.junit,NodeFilter,0,0,1,1,10,1,0,0,-1.0,1,0
ant-ANT_14_B2,org.apache.tools.ant.taskdefs.optional.junit,NodeListImpl,0,0,2,2,16,2,0,0,-1.0,1,0
ant-ANT_14_B2,org.apache.tools.ant.taskdefs.optional.junit,Enumerations,0,0,3,2,24,3,0,0,-1.0,2,0
ant-ANT_14_B2,org.apache.tools.ant.taskdefs.optional.junit,ArrayEnumeration,2,0,3,3,42,4,0,0,0.0,0,0
ant-ANT_14_B2,org.apache.tools.ant.taskdefs.optional.junit,CompoundEnumeration,2,0,3,3,41,6,0,0,0.0,0,0
ant-ANT_14_B2,org.apache.tools.ant.taskdefs.optional.junit,FormatterElement,5,0,11,8,120,16,0,0,0.18181818181818182,4,2
ant-ANT_14_B2,org.apache.tools.ant.taskdefs.optional.junit,TypeAttribute,0,0,1,1,8,1,0,0,-1.0,1,0
ant-ANT_14_B2,org.apache.tools.ant.taskdefs.optional.junit,JUnitResultFormatter,0,0,5,5,26,5,5,0,-1.0,2,1
ant-ANT_14_B2,org.apache.tools.ant.taskdefs.optional.junit,JUnitTask,9,0,33,21,400,62,0,0,0.09090909090909091,0,13
ant-ANT_14_B2,org.apache.tools.ant.taskdefs.optional.junit,SummaryAttribute,0,0,2,2,11,2,0,0,-1.0,1,0
ant-ANT_14_B2,org.apache.tools.ant.taskdefs.optional.junit,JUnitTest,7,0,18,17,105,21,0,1,0.5,11,2
ant-ANT_14_B2,org.apache.tools.ant.taskdefs.optional.junit,JUnitTestRunner,14,3,18,11,267,40,1,0,0.16666666666666666,3,4
ant-ANT_14_B2,org.apache.tools.ant.taskdefs.optional.junit,PlainJUnitResultFormatter,8,0,12,11,139,18,0,1,0.16666666666666666,0,1
ant-ANT_14_B2,org.apache.tools.ant.taskdefs.optional.junit,SummaryJUnitResultFormatter,5,0,12,12,108,16,0,1,0.5833333333333334,1,1
ant-ANT_14_B2,org.apache.tools.ant.taskdefs.optional.junit,XMLConstants,18,18,0,0,80,0,2,0,-1.0,0,0
ant-ANT_14_B2,org.apache.tools.ant.taskdefs.optional.junit,XMLJUnitResultFormatter,5,0,14,11,160,22,0,1,0.14285714285714285,1,2
ant-ANT_14_B2,org.apache.tools.ant.taskdefs.optional.junit,XMLResultAggregator,6,2,11,5,185,19,0,1,0.0,1,6
ant-ANT_14_B2,org.apache.tools.ant.taskdefs.optional.junit,JUnitTestRunnerTest,2,0,28,24,116,29,0,0,0.75,1,5
ant-ANT_14_B2,org.apache.tools.ant.taskdefs.optional.junit,TestRunner,1,0,2,0,10,2,0,1,0.0,1,2
ant-ANT_14_B2,org.apache.tools.ant.taskdefs.optional.junit,ResultFormatter,1,0,11,10,32,12,0,1,0.9090909090909091,2,1
ant-ANT_14_B2,org.apache.tools.ant.taskdefs.optional.junit,NoTestCase,0,0,0,0,2,0,0,0,-1.0,0,0
ant-ANT_14_B2,org.apache.tools.ant.taskdefs.optional.junit,InvalidTestCase,0,0,1,1,6,1,0,0,-1.0,0,0
ant-ANT_14_B2,org.apache.tools.ant.taskdefs.optional.junit,NoSuiteTestCase,0,0,2,2,7,2,2,0,-1.0,0,0
ant-ANT_14_B2,org.apache.tools.ant.taskdefs.optional.junit,SuiteTestCase,0,0,2,2,8,2,0,1,-1.0,0,0
ant-ANT_14_B2,org.apache.tools.ant.taskdefs.optional.junit,InvalidSuiteTestCase,0,0,2,2,8,2,0,1,-1.0,0,0
ant-ANT_14_B2,org.apache.tools.ant.taskdefs.optional.metamata,AbstractMetamataTask,7,0,21,8,233,34,2,0,0.23809523809523808,1,3
ant-ANT_14_B2,org.apache.tools.ant.taskdefs.optional.metamata,MAudit,8,0,11,6,115,21,0,1,0.45454545454545453,1,2
ant-ANT_14_B2,org.apache.tools.ant.taskdefs.optional.metamata,Violation,2,0,0,0,7,0,0,0,-1.0,1,0
ant-ANT_14_B2,org.apache.tools.ant.taskdefs.optional.metamata,MAuditStreamHandler,5,0,10,5,152,19,0,0,0.3,1,3
ant-ANT_14_B2,org.apache.tools.ant.taskdefs.optional.metamata,MMetrics,4,0,10,4,153,21,0,1,0.3,0,1
ant-ANT_14_B2,org.apache.tools.ant.taskdefs.optional.metamata,MMetricsStreamHandler,12,0,14,7,218,27,0,0,0.2857142857142857,0,4
ant-ANT_14_B2,org.apache.tools.ant.taskdefs.optional.metamata,ElementEntry,2,0,3,2,17,3,0,0,0.0,1,0
ant-ANT_14_B2,org.apache.tools.ant.taskdefs.optional.metamata,MetricsElement,5,0,7,6,58,10,0,0,0.2857142857142857,1,0
ant-ANT_14_B2,org.apache.tools.ant.taskdefs.optional.metamata,MParse,10,0,21,12,268,41,0,0,0.0,1,5
ant-ANT_14_B2,org.apache.tools.ant.taskdefs.optional.net,FTP,26,0,31,19,597,108,0,0,0.0,0,2
ant-ANT_14_B2,org.apache.tools.ant.taskdefs.optional.net,FTPDirectoryScanner,1,0,3,2,90,18,0,0,0.0,0,0
ant-ANT_14_B2,org.apache.tools.ant.taskdefs.optional.net,MimeMail,11,0,16,15,244,30,0,0,0.1875,0,3
ant-ANT_14_B2,org.apache.tools.ant.taskdefs.optional.net,TelnetTask,11,0,21,20,232,35,0,0,0.14285714285714285,0,3
ant-ANT_14_B2,org.apache.tools.ant.taskdefs.optional.net,TelnetSubTask,1,0,3,3,15,3,2,0,0.6666666666666666,1,1
ant-ANT_14_B2,org.apache.tools.ant.taskdefs.optional.net,TelnetWrite,1,0,2,2,12,2,0,1,0.0,0,1
ant-ANT_14_B2,org.apache.tools.ant.taskdefs.optional.net,TelnetRead,1,0,3,3,21,4,0,1,0.0,0,1
ant-ANT_14_B2,org.apache.tools.ant.taskdefs.optional.net,AntTelnetClient,0,0,3,3,61,9,0,0,-1.0,4,1
ant-ANT_14_B2,org.apache.tools.ant.taskdefs.optional.perforce,P4Base,8,0,8,6,118,16,9,0,0.375,1,2
ant-ANT_14_B2,org.apache.tools.ant.taskdefs.optional.perforce,P4Change,2,0,5,5,56,18,0,1,0.4,0,1
ant-ANT_14_B2,org.apache.tools.ant.taskdefs.optional.perforce,P4Counter,5,5,5,5,57,10,0,1,0.0,0,1
ant-ANT_14_B2,org.apache.tools.ant.taskdefs.optional.perforce,P4Edit,1,1,2,2,15,4,0,1,0.0,0,0
ant-ANT_14_B2,org.apache.tools.ant.taskdefs.optional.perforce,P4Handler,0,0,2,2,8,2,1,0,-1.0,4,0
ant-ANT_14_B2,org.apache.tools.ant.taskdefs.optional.perforce,P4HandlerAdapter,4,0,7,7,39,9,1,1,0.2857142857142857,0,0
ant-ANT_14_B2,org.apache.tools.ant.taskdefs.optional.perforce,P4Have,0,0,1,1,9,1,0,1,-1.0,0,0
ant-ANT_14_B2,org.apache.tools.ant.taskdefs.optional.perforce,P4Label,3,0,8,8,79,15,0,1,0.5,0,1
ant-ANT_14_B2,org.apache.tools.ant.taskdefs.optional.perforce,P4OutputHandler,0,0,1,1,7,1,0,0,-1.0,0,0
ant-ANT_14_B2,org.apache.tools.ant.taskdefs.optional.perforce,P4Reopen,1,0,2,2,11,5,0,1,0.0,0,0
ant-ANT_14_B2,org.apache.tools.ant.taskdefs.optional.perforce,P4Revert,2,0,3,3,17,6,0,1,0.0,0,0
ant-ANT_14_B2,org.apache.tools.ant.taskdefs.optional.perforce,P4Submit,1,1,3,3,23,4,0,1,0.6666666666666666,0,0
ant-ANT_14_B2,org.apache.tools.ant.taskdefs.optional.perforce,P4Sync,2,0,3,3,26,7,0,1,0.0,0,0
ant-ANT_14_B2,org.apache.tools.ant.taskdefs.optional.perforce,SimpleP4OutputHandler,1,0,2,2,13,4,0,2,0.0,0,1
ant-ANT_14_B2,org.apache.tools.ant.taskdefs.optional.pvcs,Pvcs,13,0,26,22,334,51,0,0,0.0,0,5
ant-ANT_14_B2,org.apache.tools.ant.taskdefs.optional.pvcs,PvcsProject,1,0,3,3,15,3,0,0,0.6666666666666666,1,0
ant-ANT_14_B2,org.apache.tools.ant.taskdefs.optional.scm,AntStarTeamCheckOut,22,6,41,31,791,118,0,0,0.04878048780487805,1,1
ant-ANT_14_B2,org.apache.tools.ant.taskdefs.optional.sitraka,CovMerge,4,0,10,6,147,19,0,0,0.2,0,4
ant-ANT_14_B2,org.apache.tools.ant.taskdefs.optional.sitraka,CovReport,13,0,20,17,244,42,0,0,0.2,0,8
ant-ANT_14_B2,org.apache.tools.ant.taskdefs.optional.sitraka,ReportFormat,0,0,1,1,5,1,0,0,-1.0,1,0
ant-ANT_14_B2,org.apache.tools.ant.taskdefs.optional.sitraka,ReportType,0,0,1,1,5,1,0,0,-1.0,1,0
ant-ANT_14_B2,org.apache.tools.ant.taskdefs.optional.sitraka,Reference,2,0,3,2,48,8,0,0,0.0,1,4
ant-ANT_14_B2,org.apache.tools.ant.taskdefs.optional.sitraka,Coverage,20,0,32,27,328,56,0,0,0.3125,0,13
ant-ANT_14_B2,org.apache.tools.ant.taskdefs.optional.sitraka,Javavm,0,0,1,1,5,1,0,0,-1.0,1,0
ant-ANT_14_B2,org.apache.tools.ant.taskdefs.optional.sitraka,Finalsnapshot,0,0,1,1,5,1,0,0,-1.0,0,0
ant-ANT_14_B2,org.apache.tools.ant.taskdefs.optional.sitraka,Recordfromstart,0,0,1,1,5,1,0,0,-1.0,1,0
ant-ANT_14_B2,org.apache.tools.ant.taskdefs.optional.sitraka,CoverageStreamHandler,0,0,2,1,18,2,0,0,-1.0,0,2
ant-ANT_14_B2,org.apache.tools.ant.taskdefs.optional.sitraka,Filters,6,1,12,12,76,16,0,0,0.3333333333333333,1,2
ant-ANT_14_B2,org.apache.tools.ant.taskdefs.optional.sitraka,FilterElement,3,0,5,5,20,5,4,0,0.4,1,0
ant-ANT_14_B2,org.apache.tools.ant.taskdefs.optional.sitraka,Include,0,0,1,1,5,1,0,1,-1.0,2,0
ant-ANT_14_B2,org.apache.tools.ant.taskdefs.optional.sitraka,Exclude,0,0,1,1,5,1,0,1,-1.0,2,0
ant-ANT_14_B2,org.apache.tools.ant.taskdefs.optional.sitraka,ReportFilters,4,0,10,9,99,15,0,0,0.4,3,4
ant-ANT_14_B2,org.apache.tools.ant.taskdefs.optional.sitraka,FilterElement,2,0,4,4,24,4,0,0,0.5,0,1
ant-ANT_14_B2,org.apache.tools.ant.taskdefs.optional.sitraka,Include,0,0,0,0,5,0,0,1,-1.0,0,0
ant-ANT_14_B2,org.apache.tools.ant.taskdefs.optional.sitraka,Exclude,0,0,0,0,5,0,0,1,-1.0,0,0
ant-ANT_14_B2,org.apache.tools.ant.taskdefs.optional.sitraka,Socket,2,0,3,3,25,3,0,0,0.0,1,0
ant-ANT_14_B2,org.apache.tools.ant.taskdefs.optional.sitraka,StringUtil,0,0,2,1,29,4,0,0,-1.0,2,0
ant-ANT_14_B2,org.apache.tools.ant.taskdefs.optional.sitraka,Triggers,7,0,8,8,75,13,0,0,0.375,1,1
ant-ANT_14_B2,org.apache.tools.ant.taskdefs.optional.sitraka,Method,4,0,5,5,34,8,0,0,0.0,1,0
ant-ANT_14_B2,org.apache.tools.ant.taskdefs.optional.sitraka,XMLReport,7,0,22,7,398,57,0,0,0.13636363636363635,3,4
ant-ANT_14_B2,org.apache.tools.ant.taskdefs.optional.sitraka.bytecode,ClassFile,11,0,14,14,109,19,0,0,0.0,3,7
ant-ANT_14_B2,org.apache.tools.ant.taskdefs.optional.sitraka.bytecode,ClassPathLoader,3,1,11,11,117,18,0,0,0.45454545454545453,4,2
ant-ANT_14_B2,org.apache.tools.ant.taskdefs.optional.sitraka.bytecode,FileLoader,0,0,2,2,13,2,3,0,-1.0,1,0
ant-ANT_14_B2,org.apache.tools.ant.taskdefs.optional.sitraka.bytecode,LoaderEnumeration,1,0,2,2,25,6,0,0,0.0,0,0
ant-ANT_14_B2,org.apache.tools.ant.taskdefs.optional.sitraka.bytecode,NullLoader,1,0,4,2,18,4,0,1,0.75,0,1
ant-ANT_14_B2,org.apache.tools.ant.taskdefs.optional.sitraka.bytecode,JarLoader,1,0,3,2,30,5,0,1,0.0,0,2
ant-ANT_14_B2,org.apache.tools.ant.taskdefs.optional.sitraka.bytecode,DirectoryLoader,1,0,5,3,77,11,0,1,0.0,1,3
ant-ANT_14_B2,org.apache.tools.ant.taskdefs.optional.sitraka.bytecode,DirectoryFilter,0,0,1,1,9,1,0,0,-1.0,0,0
ant-ANT_14_B2,org.apache.tools.ant.taskdefs.optional.sitraka.bytecode,ClassFilter,0,0,1,1,8,1,0,0,-1.0,0,0
ant-ANT_14_B2,org.apache.tools.ant.taskdefs.optional.sitraka.bytecode,FieldInfo,8,0,10,10,56,10,0,0,0.0,1,2
ant-ANT_14_B2,org.apache.tools.ant.taskdefs.optional.sitraka.bytecode,FieldInfoList,2,0,6,6,37,8,0,0,0.0,1,2
ant-ANT_14_B2,org.apache.tools.ant.taskdefs.optional.sitraka.bytecode,InterfaceList,2,0,6,6,44,10,0,0,0.0,1,0
ant-ANT_14_B2,org.apache.tools.ant.taskdefs.optional.sitraka.bytecode,MethodInfo,8,0,15,15,90,19,0,0,0.0,2,1
ant-ANT_14_B2,org.apache.tools.ant.taskdefs.optional.sitraka.bytecode,MethodInfoList,2,0,5,5,55,7,0,0,0.0,1,2
ant-ANT_14_B2,org.apache.tools.ant.taskdefs.optional.sitraka.bytecode,Utils,13,13,22,21,354,59,0,0,0.22727272727272727,4,1
ant-ANT_14_B2,org.apache.tools.ant.taskdefs.optional.sitraka.bytecode.attributes,AttributeInfo,13,11,4,2,78,14,11,0,0.5,3,1
ant-ANT_14_B2,org.apache.tools.ant.taskdefs.optional.sitraka.bytecode.attributes,AttributeInfoList,2,0,5,5,33,8,0,0,0.0,1,2
ant-ANT_14_B2,org.apache.tools.ant.taskdefs.optional.sitraka.bytecode.attributes,Code,11,0,13,13,74,14,0,1,0.3076923076923077,0,4
ant-ANT_14_B2,org.apache.tools.ant.taskdefs.optional.sitraka.bytecode.attributes,ExceptionInfo,5,0,6,6,28,6,0,0,0.3333333333333333,0,1
ant-ANT_14_B2,org.apache.tools.ant.taskdefs.optional.sitraka.bytecode.attributes,ConstantValue,1,0,3,2,20,4,0,1,0.6666666666666666,0,1
ant-ANT_14_B2,org.apache.tools.ant.taskdefs.optional.sitraka.bytecode.attributes,Deprecated,0,0,1,1,9,1,0,1,-1.0,0,1
ant-ANT_14_B2,org.apache.tools.ant.taskdefs.optional.sitraka.bytecode.attributes,Exceptions,0,0,1,1,9,1,0,1,-1.0,0,1
ant-ANT_14_B2,org.apache.tools.ant.taskdefs.optional.sitraka.bytecode.attributes,InnerClasses,0,0,1,1,9,1,0,1,-1.0,0,1
ant-ANT_14_B2,org.apache.tools.ant.taskdefs.optional.sitraka.bytecode.attributes,LineNumberTable,2,0,5,4,28,6,0,1,0.4,1,1
ant-ANT_14_B2,org.apache.tools.ant.taskdefs.optional.sitraka.bytecode.attributes,LocalVariableTable,2,0,8,7,39,9,0,1,0.25,0,1
ant-ANT_14_B2,org.apache.tools.ant.taskdefs.optional.sitraka.bytecode.attributes,SourceDir,1,0,3,2,17,3,0,1,0.6666666666666666,0,1
ant-ANT_14_B2,org.apache.tools.ant.taskdefs.optional.sitraka.bytecode.attributes,SourceFile,1,0,3,2,17,3,0,1,0.6666666666666666,0,1
ant-ANT_14_B2,org.apache.tools.ant.taskdefs.optional.sitraka.bytecode.attributes,Synthetic,0,0,1,1,9,1,0,1,-1.0,0,1
ant-ANT_14_B2,org.apache.tools.ant.taskdefs.optional.sitraka.bytecode.attributes,Unknown,0,0,1,1,9,1,0,1,-1.0,0,1
ant-ANT_14_B2,org.apache.tools.ant.taskdefs.optional.sound,AntSoundPlayer,6,0,14,11,151,21,0,0,0.7142857142857143,1,0
ant-ANT_14_B2,org.apache.tools.ant.taskdefs.optional.sound,SoundTask,5,0,11,11,98,15,0,0,0.5454545454545454,0,2
ant-ANT_14_B2,org.apache.tools.ant.taskdefs.optional.sound,BuildAlert,3,0,6,6,61,8,0,0,0.5,1,0
ant-ANT_14_B2,org.apache.tools.ant.taskdefs.optional.vss,MSVSS,24,19,8,7,162,14,5,0,0.5,0,2
ant-ANT_14_B2,org.apache.tools.ant.taskdefs.optional.vss,MSVSSCHECKIN,5,0,11,11,139,23,0,1,0.0,0,2
ant-ANT_14_B2,org.apache.tools.ant.taskdefs.optional.vss,MSVSSCHECKOUT,6,0,11,11,151,27,0,1,0.0,0,2
ant-ANT_14_B2,org.apache.tools.ant.taskdefs.optional.vss,MSVSSGET,8,0,15,15,184,33,0,1,0.0,0,2
ant-ANT_14_B2,org.apache.tools.ant.taskdefs.optional.vss,MSVSSHISTORY,14,4,18,12,262,43,0,1,0.16666666666666666,0,2
ant-ANT_14_B2,org.apache.tools.ant.taskdefs.optional.vss,BriefCodediffNofile,0,0,1,1,5,1,0,0,-1.0,1,0
ant-ANT_14_B2,org.apache.tools.ant.taskdefs.optional.vss,MSVSSLABEL,5,1,10,10,129,22,0,1,0.0,0,1
ant-ANT_14_B2,org.apache.tools.ant.taskdefs.rmic,DefaultRmicAdapter,3,0,17,8,275,51,3,1,0.29411764705882354,0,1
ant-ANT_14_B2,org.apache.tools.ant.taskdefs.rmic,RmicFileNameMapper,0,0,4,3,81,12,0,0,-1.0,0,1
ant-ANT_14_B2,org.apache.tools.ant.taskdefs.rmic,KaffeRmic,0,0,1,1,30,2,0,2,-1.0,0,2
ant-ANT_14_B2,org.apache.tools.ant.taskdefs.rmic,RmicAdapter,0,0,4,4,24,4,1,0,-1.0,0,1
ant-ANT_14_B2,org.apache.tools.ant.taskdefs.rmic,RmicAdapterFactory,0,0,3,1,67,7,0,0,-1.0,1,2
ant-ANT_14_B2,org.apache.tools.ant.taskdefs.rmic,SunRmic,0,0,1,1,38,2,0,2,-1.0,0,3
ant-ANT_14_B2,org.apache.tools.ant.taskdefs.rmic,WLRmic,0,0,3,3,39,4,0,2,-1.0,0,2
ant-ANT_14_B2,org.apache.tools.ant.types,Commandline,5,0,24,23,257,51,0,0,0.08333333333333333,41,3
ant-ANT_14_B2,org.apache.tools.ant.types,Argument,1,0,5,5,40,5,0,0,0.0,2,2
ant-ANT_14_B2,org.apache.tools.ant.types,Marker,2,0,2,1,23,4,0,0,0.0,0,1
ant-ANT_14_B2,org.apache.tools.ant.types,CommandlineJava,8,0,31,29,242,47,0,0,0.12903225806451613,9,6
ant-ANT_14_B2,org.apache.tools.ant.types,SysProperties,1,0,5,5,50,9,0,1,0.8,2,2
ant-ANT_14_B2,org.apache.tools.ant.types,DataType,3,0,9,4,99,14,7,0,0.4444444444444444,0,2
ant-ANT_14_B2,org.apache.tools.ant.types,Description,1,0,2,2,17,2,0,1,0.0,0,1
ant-ANT_14_B2,org.apache.tools.ant.types,EnumeratedAttribute,1,0,5,5,44,9,3,0,0.4,2,0
ant-ANT_14_B2,org.apache.tools.ant.types,Environment,3,0,11,11,55,14,1,0,0.2727272727272727,4,2
ant-ANT_14_B2,org.apache.tools.ant.types,Variable,2,0,8,8,32,9,0,0,0.25,1,1
ant-ANT_14_B2,org.apache.tools.ant.types,FileList,2,0,8,6,83,19,0,1,0.25,3,3
ant-ANT_14_B2,org.apache.tools.ant.types,FileSet,4,0,18,16,194,41,1,1,0.1111111111111111,12,6
ant-ANT_14_B2,org.apache.tools.ant.types,FilterSet,7,2,25,22,285,42,0,1,0.2,3,3
ant-ANT_14_B2,org.apache.tools.ant.types,Filter,2,0,6,6,57,6,0,0,0.3333333333333333,1,0
ant-ANT_14_B2,org.apache.tools.ant.types,FiltersFile,0,0,2,2,19,2,0,0,-1.0,0,0
ant-ANT_14_B2,org.apache.tools.ant.types,FilterSetCollection,1,0,5,5,41,8,0,0,0.4,2,1
ant-ANT_14_B2,org.apache.tools.ant.types,Mapper,7,0,14,13,176,32,0,1,0.21428571428571427,3,5
ant-ANT_14_B2,org.apache.tools.ant.types,MapperType,1,0,3,3,20,3,0,1,0.6666666666666666,1,0
ant-ANT_14_B2,org.apache.tools.ant.types,Path,4,1,27,23,334,69,0,1,0.0,33,7
ant-ANT_14_B2,org.apache.tools.ant.types,PathElement,1,0,3,3,15,3,0,0,0.0,1,1
ant-ANT_14_B2,org.apache.tools.ant.types,PatternSet,7,0,27,20,309,67,0,1,0.1111111111111111,5,5
ant-ANT_14_B2,org.apache.tools.ant.types,NameEntry,3,0,7,6,50,12,0,0,0.0,1,1
ant-ANT_14_B2,org.apache.tools.ant.types,Reference,1,0,5,5,30,7,0,0,0.4,12,1
ant-ANT_14_B2,org.apache.tools.ant.types,ZipFileSet,4,0,8,8,83,12,0,2,0.375,3,2
ant-ANT_14_B2,org.apache.tools.ant.types,ZipScanner,1,0,5,5,53,7,0,0,0.8,1,0
ant-ANT_14_B2,org.apache.tools.ant.types,CommandlineJavaTest,1,0,3,3,42,3,0,0,0.6666666666666666,0,2
ant-ANT_14_B2,org.apache.tools.ant.types,CommandlineTest,0,0,3,3,63,4,0,0,-1.0,0,1
ant-ANT_14_B2,org.apache.tools.ant.types,EnumeratedAttributeTest,1,0,5,5,55,7,0,0,0.6,0,1
ant-ANT_14_B2,org.apache.tools.ant.types,TestNormal,0,0,1,1,5,1,0,1,-1.0,0,0
ant-ANT_14_B2,org.apache.tools.ant.types,TestNull,0,0,1,1,5,1,0,1,-1.0,0,0
ant-ANT_14_B2,org.apache.tools.ant.types,FileListTest,1,0,4,4,103,4,0,0,0.5,0,2
ant-ANT_14_B2,org.apache.tools.ant.types,FileSetTest,1,0,4,4,168,4,0,0,0.5,0,2
ant-ANT_14_B2,org.apache.tools.ant.types,FilterSetTest,2,0,6,5,60,11,0,0,0.5,0,1
ant-ANT_14_B2,org.apache.tools.ant.types,MapperTest,1,0,8,7,114,8,0,0,0.75,0,3
ant-ANT_14_B2,org.apache.tools.ant.types,TaskdefForCopyTest,0,0,3,2,11,3,0,0,-1.0,1,0
ant-ANT_14_B2,org.apache.tools.ant.types,PathTest,2,1,9,9,232,16,0,0,0.2222222222222222,0,2
ant-ANT_14_B2,org.apache.tools.ant.types,PatternSetTest,1,0,4,4,143,4,0,0,0.75,0,2
ant-ANT_14_B2,org.apache.tools.ant.util,DOMElementWriter,3,0,3,3,156,27,0,0,0.0,1,0
ant-ANT_14_B2,org.apache.tools.ant.util,FileNameMapper,0,0,3,3,19,3,5,0,-1.0,1,0
ant-ANT_14_B2,org.apache.tools.ant.util,FileUtils,2,0,14,12,280,47,0,0,0.7857142857142857,3,2
ant-ANT_14_B2,org.apache.tools.ant.util,FlatFileNameMapper,0,0,3,3,22,3,0,1,-1.0,0,0
ant-ANT_14_B2,org.apache.tools.ant.util,GlobPatternMapper,6,0,4,3,75,7,0,1,0.0,1,0
ant-ANT_14_B2,org.apache.tools.ant.util,IdentityMapper,0,0,3,3,22,3,0,1,-1.0,0,0
ant-ANT_14_B2,org.apache.tools.ant.util,MergingMapper,1,0,3,3,24,3,0,1,0.6666666666666666,0,0
ant-ANT_14_B2,org.apache.tools.ant.util,RegexpPatternMapper,3,0,5,4,65,10,0,1,0.0,0,1
ant-ANT_14_B2,org.apache.tools.ant.util,SourceFileScanner,1,0,3,3,84,14,0,0,0.0,0,3
ant-ANT_14_B2,org.apache.tools.ant.util,DOMElementWriterTest,1,0,3,3,39,3,0,0,0.6666666666666666,0,1
ant-ANT_14_B2,org.apache.tools.ant.util,FileUtilsTest,3,0,7,6,118,8,0,0,0.2857142857142857,0,1
ant-ANT_14_B2,org.apache.tools.ant.util,GlobPatternMapperTest,0,0,5,5,63,5,0,0,-1.0,0,1
ant-ANT_14_B2,org.apache.tools.ant.util.regexp,JakartaOroMatcher,3,0,4,4,46,6,0,1,0.0,0,0
ant-ANT_14_B2,org.apache.tools.ant.util.regexp,JakartaRegexpMatcher,2,0,4,4,45,6,0,1,0.0,0,0
ant-ANT_14_B2,org.apache.tools.ant.util.regexp,Jdk14RegexpMatcher,1,0,4,4,44,6,0,1,0.0,0,0
ant-ANT_14_B2,org.apache.tools.ant.util.regexp,RegexpMatcher,0,0,4,4,22,4,3,0,-1.0,2,0
ant-ANT_14_B2,org.apache.tools.ant.util.regexp,RegexpMatcherFactory,0,0,3,2,39,4,0,0,-1.0,0,0
ant-ANT_14_B2,org.apache.tools.ant.util.regexp,JakartaOroMatcherTest,0,0,2,2,12,2,0,1,-1.0,0,0
ant-ANT_14_B2,org.apache.tools.ant.util.regexp,JakartaRegexpMatcherTest,0,0,2,2,12,2,0,1,-1.0,0,0
ant-ANT_14_B2,org.apache.tools.ant.util.regexp,Jdk14RegexpMatcherTest,0,0,2,2,12,2,0,1,-1.0,0,0
ant-ANT_14_B2,org.apache.tools.ant.util.regexp,RegexpMatcherTest,0,0,4,4,54,4,3,0,-1.0,0,1
ant-ANT_14_B2,org.apache.tools.mail,MailMessage,8,0,27,10,218,45,0,0,0.07407407407407407,2,2
ant-ANT_14_B2,org.apache.tools.mail,MailPrintStream,1,0,5,3,34,9,0,0,0.4,0,0
ant-ANT_14_B2,org.apache.tools.mail,SmtpResponseReader,2,0,5,3,53,8,0,0,0.0,1,0
ant-ANT_14_B2,org.apache.tools.tar,TarBuffer,11,2,21,17,260,56,0,0,0.0,3,1
ant-ANT_14_B2,org.apache.tools.tar,TarConstants,24,24,0,0,103,0,1,0,-1.0,1,0
ant-ANT_14_B2,org.apache.tools.tar,TarEntry,15,0,31,30,416,46,0,1,0.0,3,2
ant-ANT_14_B2,org.apache.tools.tar,TarInputStream,8,0,16,16,238,41,0,0,0.375,0,2
ant-ANT_14_B2,org.apache.tools.tar,TarOutputStream,12,3,15,14,180,28,0,0,0.2,0,3
ant-ANT_14_B2,org.apache.tools.tar,TarUtils,0,0,7,7,137,20,0,0,-1.0,2,1
ant-ANT_14_B2,org.apache.tools.zip,AsiExtraField,7,0,19,18,211,23,0,1,0.15789473684210525,3,1
ant-ANT_14_B2,org.apache.tools.zip,ExtraFieldUtils,1,0,5,5,121,13,0,0,0.6,3,4
ant-ANT_14_B2,org.apache.tools.zip,UnixStat,7,7,0,0,42,0,3,0,-1.0,0,0
ant-ANT_14_B2,org.apache.tools.zip,UnrecognizedExtraField,3,0,9,9,57,11,0,1,0.2222222222222222,3,1
ant-ANT_14_B2,org.apache.tools.zip,ZipEntry,7,0,21,17,273,35,0,0,0.14285714285714285,3,4
ant-ANT_14_B2,org.apache.tools.zip,ZipExtraField,0,0,6,6,37,6,2,0,-1.0,4,0
ant-ANT_14_B2,org.apache.tools.zip,ZipLong,1,0,7,7,68,8,0,0,0.2857142857142857,2,0
ant-ANT_14_B2,org.apache.tools.zip,ZipOutputStream,21,2,16,10,407,35,0,0,0.125,1,3
ant-ANT_14_B2,org.apache.tools.zip,ZipShort,1,0,7,7,64,8,0,0,0.2857142857142857,5,0
ant-ANT_14_B2,org.apache.tools.zip,AsiExtraFieldTest,0,0,4,4,85,6,0,1,-1.0,0,1
ant-ANT_14_B2,org.apache.tools.zip,ExtraFieldUtilsTest,4,0,4,4,71,6,0,1,0.5,0,4
ant-ANT_14_B2,org.apache.tools.zip,ZipEntryTest,0,0,2,2,57,2,0,0,-1.0,0,4
ant-ANT_14_B2,org.apache.tools.zip,ZipLongTest,0,0,5,5,50,5,0,0,-1.0,0,1
ant-ANT_14_B2,org.apache.tools.zip,ZipShortTest,0,0,5,5,48,5,0,0,-1.0,0,1
