Project Name,Package Name,Type Name,NOF,NOPF,NOM,NOPM,LOC,WMC,NC,DIT,LCOM,FANIN,FANOUT
ant-ANT_154,(default package),Junk1,1,1,1,1,9,2,0,0,0.0,0,0
ant-ANT_154,(default package),Junk1,1,1,1,1,9,2,0,0,0.0,0,0
ant-ANT_154,(default package),Junk1,1,1,1,1,9,2,0,0,0.0,0,0
ant-ANT_154,(default package),Junk1,1,1,1,1,9,2,0,0,0.0,0,0
ant-ANT_154,(default package),Junk1,1,1,1,1,5,1,0,0,0.0,0,0
ant-ANT_154,(default package),Junk1,1,1,1,1,9,2,0,0,0.0,0,0
ant-ANT_154,(default package),Junk1,1,1,1,1,9,2,0,0,0.0,0,0
ant-ANT_154,(default package),Junk1,1,1,1,1,9,2,0,0,0.0,0,0
ant-ANT_154,(default package),Junk1,1,1,1,1,9,2,0,0,0.0,0,0
ant-ANT_154,(default package),Junk1,1,1,1,1,9,2,0,0,0.0,0,0
ant-ANT_154,(default package),Junk1,1,1,1,1,9,2,0,0,0.0,0,0
ant-ANT_154,(default package),Junk1,1,1,1,1,9,2,0,0,0.0,0,0
ant-ANT_154,(default package),Junk1,1,1,1,1,9,2,0,0,0.0,0,0
ant-ANT_154,(default package),Junk1,1,1,1,1,9,2,0,0,0.0,0,0
ant-ANT_154,(default package),Junk1,1,1,1,1,9,2,0,0,0.0,0,0
ant-ANT_154,(default package),Junk1,1,1,1,1,9,2,0,0,0.0,0,0
ant-ANT_154,(default package),Junk1,1,1,1,1,9,2,0,0,0.0,0,0
ant-ANT_154,(default package),Junk1,1,1,1,1,9,2,0,0,0.0,0,0
ant-ANT_154,(default package),A,1,0,0,0,3,0,0,0,-1.0,0,1
ant-ANT_154,(default package),B,0,0,0,0,2,0,0,0,-1.0,0,0
ant-ANT_154,(default package),C,0,0,0,0,2,0,0,0,-1.0,0,0
ant-ANT_154,(default package),D,0,0,0,0,2,0,0,0,-1.0,1,0
ant-ANT_154,(default package),A,0,0,0,0,4,0,0,0,-1.0,0,0
ant-ANT_154,(default package),Inner,0,0,0,0,2,0,0,0,-1.0,0,0
ant-ANT_154,(default package),B,0,0,0,0,2,0,0,0,-1.0,0,0
ant-ANT_154,(default package),A,0,0,0,0,6,0,0,0,-1.0,0,0
ant-ANT_154,(default package),Inner,0,0,0,0,4,0,0,0,-1.0,0,0
ant-ANT_154,(default package),Inner2,0,0,0,0,2,0,0,0,-1.0,0,0
ant-ANT_154,(default package),B,0,0,0,0,2,0,0,0,-1.0,0,0
ant-ANT_154,(default package),A,1,0,0,0,3,0,0,0,-1.0,0,0
ant-ANT_154,(default package),APrivate,0,0,0,0,2,0,0,0,-1.0,0,0
ant-ANT_154,(default package),B,0,0,0,0,2,0,0,0,-1.0,0,0
ant-ANT_154,test,Outer,0,0,0,0,4,0,0,0,-1.0,0,0
ant-ANT_154,test,Inner,0,0,0,0,2,0,0,0,-1.0,0,0
ant-ANT_154,org.apache.tools.ant,AntClassLoader,16,0,42,27,745,100,0,1,0.21428571428571427,18,5
ant-ANT_154,org.apache.tools.ant,ResourceEnumeration,3,0,4,2,61,5,0,0,0.0,0,0
ant-ANT_154,org.apache.tools.ant,BuildEvent,6,0,11,11,127,11,0,0,0.2727272727272727,27,3
ant-ANT_154,org.apache.tools.ant,BuildException,2,0,15,15,139,17,0,0,0.2,4,1
ant-ANT_154,org.apache.tools.ant,BuildListener,0,0,7,0,50,7,5,0,-1.0,4,1
ant-ANT_154,org.apache.tools.ant,BuildLogger,0,0,4,0,26,4,2,1,-1.0,1,0
ant-ANT_154,org.apache.tools.ant,DefaultLogger,7,1,15,12,215,26,1,2,0.3333333333333333,4,5
ant-ANT_154,org.apache.tools.ant,DemuxOutputStream,6,0,9,4,141,14,0,0,0.0,0,2
ant-ANT_154,org.apache.tools.ant,BufferInfo,2,0,0,0,13,0,0,0,-1.0,1,0
ant-ANT_154,org.apache.tools.ant,Diagnostics,0,0,12,6,227,24,0,0,-1.0,2,2
ant-ANT_154,org.apache.tools.ant,DirectoryScanner,18,0,33,22,573,82,0,1,0.15151515151515152,54,4
ant-ANT_154,org.apache.tools.ant,DynamicConfigurator,0,0,2,2,21,2,0,0,-1.0,1,0
ant-ANT_154,org.apache.tools.ant,ExitException,1,0,2,2,26,2,0,0,0.0,0,0
ant-ANT_154,org.apache.tools.ant,FileScanner,0,0,14,0,74,14,1,0,-1.0,3,0
ant-ANT_154,org.apache.tools.ant,IntrospectionHelper,9,0,37,29,546,79,0,1,0.5945945945945946,7,8
ant-ANT_154,org.apache.tools.ant,NestedCreator,0,0,1,0,6,1,0,0,-1.0,1,0
ant-ANT_154,org.apache.tools.ant,NestedStorer,0,0,1,0,6,1,0,0,-1.0,1,0
ant-ANT_154,org.apache.tools.ant,AttributeSetter,0,0,1,0,6,1,0,0,-1.0,1,1
ant-ANT_154,org.apache.tools.ant,Location,4,1,4,3,61,6,0,0,0.5,9,1
ant-ANT_154,org.apache.tools.ant,Main,16,1,17,3,679,85,0,0,0.0,2,9
ant-ANT_154,org.apache.tools.ant,NoBannerLogger,1,0,4,4,43,6,0,3,0.5,0,2
ant-ANT_154,org.apache.tools.ant,PathTokenizer,4,0,3,3,98,15,0,0,0.0,3,0
ant-ANT_154,org.apache.tools.ant,Project,34,12,91,78,1351,164,0,0,0.08791208791208792,276,13
ant-ANT_154,org.apache.tools.ant,ProjectComponent,1,0,5,5,46,6,1,0,0.4,1,1
ant-ANT_154,org.apache.tools.ant,ProjectHelper,2,2,13,12,283,39,0,0,0.46153846153846156,13,4
ant-ANT_154,org.apache.tools.ant,RuntimeConfigurable,6,0,12,9,135,15,0,0,0.0,8,3
ant-ANT_154,org.apache.tools.ant,Target,7,0,22,18,231,31,0,1,0.18181818181818182,12,3
ant-ANT_154,org.apache.tools.ant,Task,8,0,26,17,264,33,9,1,0.19230769230769232,36,7
ant-ANT_154,org.apache.tools.ant,TaskAdapter,1,0,4,4,89,8,0,2,0.5,1,1
ant-ANT_154,org.apache.tools.ant,TaskContainer,0,0,1,0,14,1,1,0,-1.0,2,1
ant-ANT_154,org.apache.tools.ant,UnknownElement,3,0,15,7,204,31,0,2,0.0,4,4
ant-ANT_154,org.apache.tools.ant,XmlLogger,20,0,15,12,347,43,0,2,0.3333333333333333,0,7
ant-ANT_154,org.apache.tools.ant,TimedElement,2,0,0,0,13,0,0,0,-1.0,1,0
ant-ANT_154,org.apache.tools.ant,AntClassLoaderTest,1,0,3,3,44,3,0,0,0.6666666666666666,0,3
ant-ANT_154,org.apache.tools.ant,BuildFileTest,6,0,34,9,334,41,4,0,0.2647058823529412,0,4
ant-ANT_154,org.apache.tools.ant,AntOutputStream,0,0,1,1,8,1,0,0,-1.0,0,0
ant-ANT_154,org.apache.tools.ant,AntTestListener,0,0,7,7,51,8,0,1,-1.0,0,2
ant-ANT_154,org.apache.tools.ant,DirectoryScannerTest,1,0,3,3,111,17,0,0,1.0,0,2
ant-ANT_154,org.apache.tools.ant,DummyTaskAbstract,0,0,3,3,7,3,0,2,-1.0,0,0
ant-ANT_154,org.apache.tools.ant,DummyTaskInterface,0,0,1,0,3,1,0,0,-1.0,0,0
ant-ANT_154,org.apache.tools.ant,DummyTaskOk,0,0,2,2,6,2,0,2,-1.0,1,0
ant-ANT_154,org.apache.tools.ant,DummyTaskOkNonTask,0,0,2,2,6,2,0,0,-1.0,1,0
ant-ANT_154,org.apache.tools.ant,DummyTaskWithNonPublicExecute,0,0,2,1,6,2,0,0,-1.0,0,0
ant-ANT_154,org.apache.tools.ant,DummyTaskWithNonVoidExecute,0,0,2,2,7,2,0,0,-1.0,1,0
ant-ANT_154,org.apache.tools.ant,DummyTaskWithoutDefaultConstructor,0,0,2,2,6,2,0,2,-1.0,0,0
ant-ANT_154,org.apache.tools.ant,DummyTaskWithoutExecute,0,0,2,2,6,2,0,0,-1.0,0,0
ant-ANT_154,org.apache.tools.ant,DummyTaskWithoutPublicConstructor,0,0,2,1,6,2,0,2,-1.0,0,0
ant-ANT_154,org.apache.tools.ant,ImmutableTest,0,0,9,9,41,9,0,1,-1.0,0,0
ant-ANT_154,org.apache.tools.ant,IncludeTest,0,0,10,10,69,10,0,1,-1.0,0,0
ant-ANT_154,org.apache.tools.ant,IntrospectionHelperTest,2,0,41,41,401,43,0,0,0.8780487804878049,0,3
ant-ANT_154,org.apache.tools.ant,MockBuildListener,2,0,10,10,36,11,0,1,0.7,1,2
ant-ANT_154,org.apache.tools.ant,ProjectTest,3,0,14,12,122,14,0,0,0.42857142857142855,0,7
ant-ANT_154,org.apache.tools.ant,DummyTaskPrivate,0,0,2,2,6,2,0,2,-1.0,0,0
ant-ANT_154,org.apache.tools.ant,DummyTaskProtected,0,0,2,2,6,2,0,2,-1.0,0,0
ant-ANT_154,org.apache.tools.ant,DummyTaskPackage,0,0,2,2,6,2,0,2,-1.0,0,0
ant-ANT_154,org.apache.tools.ant,PropertyExpansionTest,0,0,6,5,58,6,0,1,-1.0,0,0
ant-ANT_154,org.apache.tools.ant,TaskContainerTest,0,0,3,3,13,3,0,1,-1.0,0,0
ant-ANT_154,org.apache.tools.ant.filters,BaseFilterReader,2,0,10,5,129,19,4,0,0.8,0,2
ant-ANT_154,org.apache.tools.ant.filters,BaseParamFilterReader,1,0,4,3,39,4,9,1,0.75,0,1
ant-ANT_154,org.apache.tools.ant.filters,ChainableReader,0,0,1,1,12,1,12,0,-1.0,0,0
ant-ANT_154,org.apache.tools.ant.filters,ClassConstants,2,0,4,4,93,10,0,1,1.0,2,1
ant-ANT_154,org.apache.tools.ant.filters,ExpandProperties,1,0,4,4,64,8,0,1,1.0,2,2
ant-ANT_154,org.apache.tools.ant.filters,HeadFilter,3,0,7,5,90,13,0,2,0.42857142857142855,2,2
ant-ANT_154,org.apache.tools.ant.filters,LineContains,4,0,10,7,144,21,0,2,0.3,2,3
ant-ANT_154,org.apache.tools.ant.filters,Contains,1,0,2,2,23,2,0,0,0.0,1,0
ant-ANT_154,org.apache.tools.ant.filters,LineContainsRegExp,3,0,8,5,126,19,0,2,0.375,2,4
ant-ANT_154,org.apache.tools.ant.filters,PrefixLines,3,0,7,5,106,16,0,2,0.42857142857142855,2,2
ant-ANT_154,org.apache.tools.ant.filters,ReplaceTokens,11,0,17,11,266,38,0,2,0.29411764705882354,2,3
ant-ANT_154,org.apache.tools.ant.filters,Token,2,0,4,4,41,4,0,0,0.5,1,0
ant-ANT_154,org.apache.tools.ant.filters,StringInputStream,1,0,6,6,57,6,0,0,0.0,1,0
ant-ANT_154,org.apache.tools.ant.filters,StripJavaComments,2,0,4,4,86,15,0,1,1.0,2,1
ant-ANT_154,org.apache.tools.ant.filters,StripLineBreaks,3,0,7,5,97,14,0,2,0.42857142857142855,2,2
ant-ANT_154,org.apache.tools.ant.filters,StripLineComments,4,0,10,7,144,21,0,2,0.4,2,3
ant-ANT_154,org.apache.tools.ant.filters,Comment,1,0,2,2,23,2,0,0,0.0,1,0
ant-ANT_154,org.apache.tools.ant.filters,TabsToSpaces,4,0,7,5,101,14,0,2,0.42857142857142855,2,2
ant-ANT_154,org.apache.tools.ant.filters,TailFilter,7,0,7,5,140,20,0,2,0.42857142857142855,2,2
ant-ANT_154,org.apache.tools.ant.filters,LineContainsTest,0,0,4,4,20,4,0,0,-1.0,0,1
ant-ANT_154,org.apache.tools.ant.filters.util,ChainReaderHelper,4,3,7,7,143,23,0,0,0.42857142857142855,3,7
ant-ANT_154,org.apache.tools.ant.filters.util,JavaClassHelper,1,0,1,1,37,5,0,0,0.0,0,0
ant-ANT_154,org.apache.tools.ant.helper,ProjectHelperImpl,22,0,36,28,775,89,0,0,0.05555555555555555,8,12
ant-ANT_154,org.apache.tools.ant.helper,AbstractHandler,2,0,5,4,60,6,5,0,0.0,0,1
ant-ANT_154,org.apache.tools.ant.helper,RootHandler,1,0,4,4,65,9,0,0,0.0,0,2
ant-ANT_154,org.apache.tools.ant.helper,ProjectHandler,0,0,8,3,143,24,0,1,-1.0,0,1
ant-ANT_154,org.apache.tools.ant.helper,TargetHandler,1,0,3,3,81,14,0,1,0.6666666666666666,0,2
ant-ANT_154,org.apache.tools.ant.helper,TaskHandler,5,0,5,4,116,11,0,1,0.0,0,6
ant-ANT_154,org.apache.tools.ant.helper,NestedElementHandler,5,0,4,4,114,9,0,1,0.0,0,6
ant-ANT_154,org.apache.tools.ant.helper,DataTypeHandler,3,0,5,5,84,7,0,1,0.4,0,4
ant-ANT_154,org.apache.tools.ant.input,DefaultInputHandler,0,0,4,2,48,5,0,1,-1.0,0,1
ant-ANT_154,org.apache.tools.ant.input,InputHandler,0,0,1,0,12,1,2,0,-1.0,5,1
ant-ANT_154,org.apache.tools.ant.input,InputRequest,2,0,5,5,43,6,1,0,0.6,4,0
ant-ANT_154,org.apache.tools.ant.input,MultipleChoiceInputRequest,1,0,3,3,32,4,0,1,0.0,0,0
ant-ANT_154,org.apache.tools.ant.input,PropertyFileInputHandler,2,1,3,2,51,7,0,1,0.6666666666666666,1,1
ant-ANT_154,org.apache.tools.ant.listener,AnsiColorLogger,33,0,2,0,126,17,0,0,0.0,0,1
ant-ANT_154,org.apache.tools.ant.listener,CommonsLoggingListener,2,0,8,8,132,25,0,0,0.0,0,4
ant-ANT_154,org.apache.tools.ant.listener,Log4jListener,2,0,8,8,135,26,0,0,0.0,0,3
ant-ANT_154,org.apache.tools.ant.listener,MailLogger,1,0,4,1,109,11,0,0,0.0,0,5
ant-ANT_154,org.apache.tools.ant.taskdefs,AbstractCvsTask,21,1,40,31,497,81,1,0,0.05,1,7
ant-ANT_154,org.apache.tools.ant.taskdefs,Ant,11,0,22,17,416,65,0,0,0.13636363636363635,2,6
ant-ANT_154,org.apache.tools.ant.taskdefs,Reference,1,0,3,3,26,3,0,0,0.6666666666666666,17,0
ant-ANT_154,org.apache.tools.ant.taskdefs,AntStructure,6,0,8,2,184,24,0,0,0.25,0,1
ant-ANT_154,org.apache.tools.ant.taskdefs,Available,12,0,22,18,365,67,0,0,0.18181818181818182,1,7
ant-ANT_154,org.apache.tools.ant.taskdefs,FileDir,1,0,3,3,26,3,0,0,1.0,1,0
ant-ANT_154,org.apache.tools.ant.taskdefs,BUnzip2,1,0,2,0,76,10,0,1,1.0,0,1
ant-ANT_154,org.apache.tools.ant.taskdefs,BZip2,0,0,1,0,31,2,0,1,-1.0,0,1
ant-ANT_154,org.apache.tools.ant.taskdefs,Basename,3,0,4,4,47,8,0,0,0.0,0,0
ant-ANT_154,org.apache.tools.ant.taskdefs,BuildNumber,3,0,5,2,128,11,0,0,0.0,0,1
ant-ANT_154,org.apache.tools.ant.taskdefs,CVSPass,4,0,6,5,104,14,0,0,0.0,0,2
ant-ANT_154,org.apache.tools.ant.taskdefs,CallTarget,4,0,11,11,125,19,0,0,0.0,0,1
ant-ANT_154,org.apache.tools.ant.taskdefs,Checksum,12,0,14,11,332,48,0,1,0.0,1,3
ant-ANT_154,org.apache.tools.ant.taskdefs,Chmod,3,0,17,15,156,22,0,2,0.35294117647058826,0,5
ant-ANT_154,org.apache.tools.ant.taskdefs,Concat,5,0,12,9,302,44,0,0,0.16666666666666666,0,6
ant-ANT_154,org.apache.tools.ant.taskdefs,ConditionTask,2,0,3,3,48,7,0,0,0.0,0,2
ant-ANT_154,org.apache.tools.ant.taskdefs,Copy,19,0,27,20,381,66,1,0,0.07407407407407407,0,10
ant-ANT_154,org.apache.tools.ant.taskdefs,Copydir,6,0,7,6,65,14,0,1,0.2857142857142857,0,2
ant-ANT_154,org.apache.tools.ant.taskdefs,Copyfile,4,0,5,5,48,10,0,0,0.0,0,1
ant-ANT_154,org.apache.tools.ant.taskdefs,Cvs,0,0,1,1,16,1,0,1,-1.0,0,0
ant-ANT_154,org.apache.tools.ant.taskdefs,Definer,9,0,14,11,204,35,2,0,0.0,0,4
ant-ANT_154,org.apache.tools.ant.taskdefs,Delete,8,0,36,34,422,69,0,1,0.0,0,17
ant-ANT_154,org.apache.tools.ant.taskdefs,Deltree,1,0,3,2,59,11,0,0,0.0,0,0
ant-ANT_154,org.apache.tools.ant.taskdefs,DependSet,4,0,6,6,158,33,0,1,0.3333333333333333,0,5
ant-ANT_154,org.apache.tools.ant.taskdefs,Dirname,2,0,3,3,37,5,0,0,0.0,0,0
ant-ANT_154,org.apache.tools.ant.taskdefs,Ear,3,0,7,4,77,11,0,3,0.5714285714285714,0,4
ant-ANT_154,org.apache.tools.ant.taskdefs,Echo,4,0,7,7,94,13,0,0,0.2857142857142857,0,2
ant-ANT_154,org.apache.tools.ant.taskdefs,EchoLevel,0,0,1,1,8,1,0,0,-1.0,1,0
ant-ANT_154,org.apache.tools.ant.taskdefs,Exec,12,0,13,10,157,28,0,0,0.15384615384615385,2,2
ant-ANT_154,org.apache.tools.ant.taskdefs,StreamPumper,5,0,3,3,39,6,0,0,0.0,1,1
ant-ANT_154,org.apache.tools.ant.taskdefs,ExecTask,15,0,26,17,309,48,1,0,0.0,5,5
ant-ANT_154,org.apache.tools.ant.taskdefs,Execute,19,1,39,29,630,83,0,0,0.1282051282051282,30,9
ant-ANT_154,org.apache.tools.ant.taskdefs,CommandLauncher,0,0,2,2,30,4,3,0,-1.0,7,2
ant-ANT_154,org.apache.tools.ant.taskdefs,Java11CommandLauncher,0,0,1,1,18,3,0,1,-1.0,0,2
ant-ANT_154,org.apache.tools.ant.taskdefs,Java13CommandLauncher,1,0,2,2,36,5,0,1,0.0,0,2
ant-ANT_154,org.apache.tools.ant.taskdefs,CommandLauncherProxy,1,0,2,1,15,2,5,1,0.0,0,2
ant-ANT_154,org.apache.tools.ant.taskdefs,OS2CommandLauncher,0,0,2,1,34,4,0,2,-1.0,0,2
ant-ANT_154,org.apache.tools.ant.taskdefs,WinNTCommandLauncher,0,0,2,1,32,4,0,2,-1.0,0,2
ant-ANT_154,org.apache.tools.ant.taskdefs,MacCommandLauncher,0,0,2,1,23,3,0,2,-1.0,0,2
ant-ANT_154,org.apache.tools.ant.taskdefs,ScriptCommandLauncher,1,0,2,1,35,6,0,2,0.0,0,2
ant-ANT_154,org.apache.tools.ant.taskdefs,PerlScriptCommandLauncher,1,0,2,1,36,6,0,2,0.0,0,2
ant-ANT_154,org.apache.tools.ant.taskdefs,ExecuteJava,8,0,9,9,152,19,0,0,0.2222222222222222,2,7
ant-ANT_154,org.apache.tools.ant.taskdefs,ExecuteOn,11,0,16,10,278,46,2,1,0.125,0,9
ant-ANT_154,org.apache.tools.ant.taskdefs,FileDirBoth,0,0,1,1,11,1,0,0,-1.0,1,0
ant-ANT_154,org.apache.tools.ant.taskdefs,ExecuteStreamHandler,0,0,5,0,30,5,2,0,-1.0,10,0
ant-ANT_154,org.apache.tools.ant.taskdefs,ExecuteWatchdog,5,0,9,8,123,13,0,0,0.2222222222222222,4,1
ant-ANT_154,org.apache.tools.ant.taskdefs,Exit,3,0,7,5,62,12,0,0,0.0,0,0
ant-ANT_154,org.apache.tools.ant.taskdefs,Expand,5,0,8,6,185,34,1,0,0.0,0,5
ant-ANT_154,org.apache.tools.ant.taskdefs,Filter,3,0,5,4,51,8,0,0,0.0,0,1
ant-ANT_154,org.apache.tools.ant.taskdefs,FixCRLF,43,0,45,39,698,117,0,1,0.17777777777777778,0,7
ant-ANT_154,org.apache.tools.ant.taskdefs,OneLiner,12,0,27,26,177,41,0,0,0.1111111111111111,1,0
ant-ANT_154,org.apache.tools.ant.taskdefs,BufferLine,5,0,19,19,67,19,0,0,0.21052631578947367,0,0
ant-ANT_154,org.apache.tools.ant.taskdefs,AddAsisRemove,0,0,1,1,8,1,0,0,-1.0,1,0
ant-ANT_154,org.apache.tools.ant.taskdefs,CrLf,0,0,1,1,11,1,0,0,-1.0,1,0
ant-ANT_154,org.apache.tools.ant.taskdefs,GUnzip,1,0,2,0,60,7,0,1,1.0,0,0
ant-ANT_154,org.apache.tools.ant.taskdefs,GZip,0,0,1,0,30,2,0,1,-1.0,0,0
ant-ANT_154,org.apache.tools.ant.taskdefs,GenerateKey,15,0,21,21,276,43,0,0,0.23809523809523808,0,5
ant-ANT_154,org.apache.tools.ant.taskdefs,DnameParam,2,0,4,4,16,4,0,0,0.5,2,0
ant-ANT_154,org.apache.tools.ant.taskdefs,DistinguishedName,1,0,4,4,43,8,0,0,0.0,1,1
ant-ANT_154,org.apache.tools.ant.taskdefs,Get,8,1,10,10,243,38,0,0,0.3,1,3
ant-ANT_154,org.apache.tools.ant.taskdefs,Base64Converter,1,1,2,2,51,5,0,0,1.0,0,0
ant-ANT_154,org.apache.tools.ant.taskdefs,Input,3,0,6,6,63,8,0,0,0.3333333333333333,0,2
ant-ANT_154,org.apache.tools.ant.taskdefs,JDBCTask,11,0,24,19,291,39,1,0,0.08333333333333333,0,4
ant-ANT_154,org.apache.tools.ant.taskdefs,Jar,14,0,23,10,412,48,2,2,0.2608695652173913,0,7
ant-ANT_154,org.apache.tools.ant.taskdefs,FilesetManifestConfig,0,0,1,1,5,1,0,0,-1.0,1,0
ant-ANT_154,org.apache.tools.ant.taskdefs,Java,10,0,32,24,399,60,0,0,0.0,15,7
ant-ANT_154,org.apache.tools.ant.taskdefs,Javac,27,0,73,66,621,103,0,1,0.273972602739726,5,11
ant-ANT_154,org.apache.tools.ant.taskdefs,ImplementationSpecificArgument,0,0,1,1,8,1,0,0,-1.0,2,0
ant-ANT_154,org.apache.tools.ant.taskdefs,Javadoc,48,0,124,115,1392,233,0,0,0.16129032258064516,0,19
ant-ANT_154,org.apache.tools.ant.taskdefs,DocletParam,2,0,4,4,41,4,0,0,0.5,2,0
ant-ANT_154,org.apache.tools.ant.taskdefs,ExtensionInfo,2,0,6,6,64,8,1,0,0.3333333333333333,1,2
ant-ANT_154,org.apache.tools.ant.taskdefs,DocletInfo,1,0,2,2,26,2,0,1,0.0,1,1
ant-ANT_154,org.apache.tools.ant.taskdefs,PackageName,1,0,3,3,29,3,0,0,0.0,2,0
ant-ANT_154,org.apache.tools.ant.taskdefs,SourceFile,1,0,4,4,28,4,0,0,0.5,1,0
ant-ANT_154,org.apache.tools.ant.taskdefs,Html,1,0,2,2,23,2,0,0,0.0,2,0
ant-ANT_154,org.apache.tools.ant.taskdefs,AccessType,0,0,1,1,11,1,0,0,-1.0,1,0
ant-ANT_154,org.apache.tools.ant.taskdefs,LinkArgument,3,0,7,7,25,7,0,0,0.5714285714285714,1,0
ant-ANT_154,org.apache.tools.ant.taskdefs,TagArgument,4,0,6,6,115,20,0,0,0.3333333333333333,1,1
ant-ANT_154,org.apache.tools.ant.taskdefs,GroupArgument,2,0,7,7,39,10,0,0,0.42857142857142855,1,2
ant-ANT_154,org.apache.tools.ant.taskdefs,JavadocOutputStream,1,0,3,0,32,8,0,1,0.6666666666666666,0,1
ant-ANT_154,org.apache.tools.ant.taskdefs,Jikes,3,0,2,0,79,6,0,0,0.0,0,3
ant-ANT_154,org.apache.tools.ant.taskdefs,JikesOutputParser,7,0,12,5,109,20,0,1,0.3333333333333333,1,2
ant-ANT_154,org.apache.tools.ant.taskdefs,KeySubst,4,0,7,7,133,16,0,0,0.0,1,1
ant-ANT_154,org.apache.tools.ant.taskdefs,LoadFile,5,0,6,6,135,15,0,0,0.0,0,3
ant-ANT_154,org.apache.tools.ant.taskdefs,LoadProperties,2,0,3,3,94,11,0,0,0.0,0,3
ant-ANT_154,org.apache.tools.ant.taskdefs,LogOutputStream,4,0,7,4,69,10,1,0,0.0,2,2
ant-ANT_154,org.apache.tools.ant.taskdefs,LogStreamHandler,0,0,2,2,26,2,0,2,-1.0,3,1
ant-ANT_154,org.apache.tools.ant.taskdefs,Manifest,20,9,48,46,788,118,0,0,0.125,5,4
ant-ANT_154,org.apache.tools.ant.taskdefs,Attribute,3,0,16,15,189,29,0,0,0.125,3,2
ant-ANT_154,org.apache.tools.ant.taskdefs,Section,4,0,16,15,267,44,0,0,0.0,2,3
ant-ANT_154,org.apache.tools.ant.taskdefs,ManifestException,0,0,1,1,14,1,0,0,-1.0,0,0
ant-ANT_154,org.apache.tools.ant.taskdefs,ManifestTask,4,0,8,8,153,17,0,0,0.25,0,4
ant-ANT_154,org.apache.tools.ant.taskdefs,Mode,0,0,1,1,12,1,0,0,-1.0,1,0
ant-ANT_154,org.apache.tools.ant.taskdefs,MatchingTask,2,0,36,34,267,41,11,0,0.0,0,2
ant-ANT_154,org.apache.tools.ant.taskdefs,Mkdir,1,0,2,2,39,6,0,0,0.0,1,0
ant-ANT_154,org.apache.tools.ant.taskdefs,Move,0,0,5,1,182,37,0,1,-1.0,1,3
ant-ANT_154,org.apache.tools.ant.taskdefs,Pack,2,0,7,3,92,14,2,0,0.0,0,0
ant-ANT_154,org.apache.tools.ant.taskdefs,Parallel,4,0,5,4,105,15,0,0,0.4,0,3
ant-ANT_154,org.apache.tools.ant.taskdefs,TaskThread,3,0,3,2,34,3,0,0,0.0,0,1
ant-ANT_154,org.apache.tools.ant.taskdefs,Patch,4,0,9,9,115,20,0,0,0.0,0,3
ant-ANT_154,org.apache.tools.ant.taskdefs,PathConvert,12,0,19,16,313,45,0,0,0.15789473684210525,0,9
ant-ANT_154,org.apache.tools.ant.taskdefs,MapEntry,2,0,3,3,43,6,0,0,0.0,1,0
ant-ANT_154,org.apache.tools.ant.taskdefs,TargetOs,0,0,1,1,8,1,0,0,-1.0,1,0
ant-ANT_154,org.apache.tools.ant.taskdefs,ProcessDestroyer,1,0,4,4,49,5,0,0,0.5,1,0
ant-ANT_154,org.apache.tools.ant.taskdefs,Property,10,0,31,23,387,66,0,0,0.06451612903225806,1,5
ant-ANT_154,org.apache.tools.ant.taskdefs,PumpStreamHandler,4,0,13,8,74,13,1,1,0.23076923076923078,0,0
ant-ANT_154,org.apache.tools.ant.taskdefs,Recorder,8,0,9,8,145,18,0,0,0.2222222222222222,0,4
ant-ANT_154,org.apache.tools.ant.taskdefs,ActionChoices,1,0,1,1,9,1,0,0,0.0,1,0
ant-ANT_154,org.apache.tools.ant.taskdefs,VerbosityLevelChoices,1,0,1,1,9,1,0,0,0.0,1,0
ant-ANT_154,org.apache.tools.ant.taskdefs,RecorderEntry,6,0,16,13,138,24,0,0,0.125,2,5
ant-ANT_154,org.apache.tools.ant.taskdefs,Rename,3,0,4,4,53,9,0,0,0.0,0,1
ant-ANT_154,org.apache.tools.ant.taskdefs,Replace,17,0,28,25,398,61,0,1,0.10714285714285714,0,5
ant-ANT_154,org.apache.tools.ant.taskdefs,NestedString,1,0,2,2,12,2,0,0,0.0,1,0
ant-ANT_154,org.apache.tools.ant.taskdefs,Replacefilter,3,0,8,8,95,17,0,0,0.0,1,0
ant-ANT_154,org.apache.tools.ant.taskdefs,Rmic,20,0,48,45,456,73,0,1,0.20833333333333334,3,11
ant-ANT_154,org.apache.tools.ant.taskdefs,ImplementationSpecificArgument,0,0,1,1,11,1,0,0,-1.0,0,0
ant-ANT_154,org.apache.tools.ant.taskdefs,SQLExec,20,2,21,17,406,58,0,1,0.09523809523809523,1,6
ant-ANT_154,org.apache.tools.ant.taskdefs,DelimiterType,2,2,1,1,10,1,0,0,0.0,1,0
ant-ANT_154,org.apache.tools.ant.taskdefs,OnError,0,0,1,1,8,1,0,0,-1.0,1,0
ant-ANT_154,org.apache.tools.ant.taskdefs,Transaction,2,0,3,2,35,5,0,0,0.0,1,1
ant-ANT_154,org.apache.tools.ant.taskdefs,SendEmail,0,0,1,1,17,1,0,0,-1.0,0,0
ant-ANT_154,org.apache.tools.ant.taskdefs,Sequential,1,0,3,3,40,5,0,0,0.6666666666666666,0,1
ant-ANT_154,org.apache.tools.ant.taskdefs,SignJar,14,0,18,15,278,49,0,0,0.0,0,4
ant-ANT_154,org.apache.tools.ant.taskdefs,Sleep,5,0,10,9,116,12,0,0,0.2,0,1
ant-ANT_154,org.apache.tools.ant.taskdefs,StreamPumper,5,0,4,4,65,6,0,0,0.5,0,0
ant-ANT_154,org.apache.tools.ant.taskdefs,Tar,28,10,36,32,439,71,0,1,0.4166666666666667,0,11
ant-ANT_154,org.apache.tools.ant.taskdefs,TarFileSet,7,0,15,15,87,16,0,0,0.6,1,3
ant-ANT_154,org.apache.tools.ant.taskdefs,TarLongFileMode,6,5,7,7,34,7,0,0,0.8571428571428571,1,0
ant-ANT_154,org.apache.tools.ant.taskdefs,TarCompressionMethod,3,0,3,2,51,5,0,0,0.0,1,0
ant-ANT_154,org.apache.tools.ant.taskdefs,TaskOutputStream,3,0,3,1,43,5,0,0,0.0,0,1
ant-ANT_154,org.apache.tools.ant.taskdefs,Taskdef,0,0,1,0,14,1,0,1,-1.0,0,0
ant-ANT_154,org.apache.tools.ant.taskdefs,TempFile,4,0,5,5,67,7,0,0,0.0,0,1
ant-ANT_154,org.apache.tools.ant.taskdefs,Touch,5,0,8,6,125,23,0,0,0.0,0,5
ant-ANT_154,org.apache.tools.ant.taskdefs,Transform,0,0,0,0,7,0,0,2,-1.0,0,0
ant-ANT_154,org.apache.tools.ant.taskdefs,Tstamp,20,0,16,15,220,27,0,0,0.25,1,4
ant-ANT_154,org.apache.tools.ant.taskdefs,CustomFormat,8,0,9,9,125,18,0,0,0.2222222222222222,1,3
ant-ANT_154,org.apache.tools.ant.taskdefs,Unit,10,0,3,3,33,3,0,0,0.6666666666666666,3,0
ant-ANT_154,org.apache.tools.ant.taskdefs,Typedef,0,0,1,0,14,1,0,1,-1.0,0,0
ant-ANT_154,org.apache.tools.ant.taskdefs,Unpack,2,0,9,5,79,15,2,0,0.2222222222222222,0,0
ant-ANT_154,org.apache.tools.ant.taskdefs,Untar,4,0,5,3,101,11,0,1,0.4,0,5
ant-ANT_154,org.apache.tools.ant.taskdefs,UntarCompressionMethod,3,0,3,2,57,7,0,0,0.0,1,0
ant-ANT_154,org.apache.tools.ant.taskdefs,UpToDate,6,0,10,8,121,20,0,0,0.0,1,6
ant-ANT_154,org.apache.tools.ant.taskdefs,WaitFor,13,0,9,9,111,14,0,0,0.3333333333333333,0,2
ant-ANT_154,org.apache.tools.ant.taskdefs,Unit,8,0,3,3,30,3,0,0,0.6666666666666666,0,0
ant-ANT_154,org.apache.tools.ant.taskdefs,War,3,0,9,6,98,13,0,3,0.6666666666666666,0,4
ant-ANT_154,org.apache.tools.ant.taskdefs,XSLTLiaison,1,0,3,0,37,3,0,0,-1.0,2,0
ant-ANT_154,org.apache.tools.ant.taskdefs,XSLTLogger,0,0,1,0,9,1,1,0,-1.0,2,0
ant-ANT_154,org.apache.tools.ant.taskdefs,XSLTLoggerAware,0,0,1,0,6,1,0,0,-1.0,0,1
ant-ANT_154,org.apache.tools.ant.taskdefs,XSLTProcess,24,0,35,27,578,68,0,1,0.08571428571428572,0,11
ant-ANT_154,org.apache.tools.ant.taskdefs,Param,2,0,4,4,49,6,0,0,0.5,1,0
ant-ANT_154,org.apache.tools.ant.taskdefs,OutputProperty,2,0,4,4,40,4,0,0,0.5,1,0
ant-ANT_154,org.apache.tools.ant.taskdefs,XmlProperty,6,0,9,8,142,20,0,0,0.3333333333333333,0,1
ant-ANT_154,org.apache.tools.ant.taskdefs,Zip,22,0,38,23,737,118,1,1,0.10526315789473684,1,19
ant-ANT_154,org.apache.tools.ant.taskdefs,WhenEmpty,0,0,1,1,8,1,0,0,-1.0,2,0
ant-ANT_154,org.apache.tools.ant.taskdefs,Duplicate,0,0,1,1,8,1,0,0,-1.0,1,0
ant-ANT_154,org.apache.tools.ant.taskdefs,ArchiveState,2,0,3,2,18,3,0,0,0.0,1,1
ant-ANT_154,org.apache.tools.ant.taskdefs,AbstractCvsTaskTest,0,0,7,7,34,7,0,0,-1.0,0,0
ant-ANT_154,org.apache.tools.ant.taskdefs,AntStructureTest,0,0,3,3,14,3,0,0,-1.0,0,0
ant-ANT_154,org.apache.tools.ant.taskdefs,AntTest,14,0,63,52,333,79,0,0,0.6825396825396826,0,7
ant-ANT_154,org.apache.tools.ant.taskdefs,BasedirChecker,3,0,9,7,33,10,0,0,0.7777777777777778,1,1
ant-ANT_154,org.apache.tools.ant.taskdefs,ReferenceChecker,5,0,9,7,69,16,0,0,0.7777777777777778,1,2
ant-ANT_154,org.apache.tools.ant.taskdefs,InputHandlerChecker,2,0,10,7,42,11,0,0,0.0,1,2
ant-ANT_154,org.apache.tools.ant.taskdefs,PropertyChecker,4,0,9,7,35,10,0,0,0.7777777777777778,1,1
ant-ANT_154,org.apache.tools.ant.taskdefs,AvailableTest,0,0,28,28,112,28,0,0,-1.0,0,0
ant-ANT_154,org.apache.tools.ant.taskdefs,BUnzip2Test,0,0,4,4,20,4,0,0,-1.0,0,1
ant-ANT_154,org.apache.tools.ant.taskdefs,BZip2Test,0,0,5,5,25,5,0,0,-1.0,0,1
ant-ANT_154,org.apache.tools.ant.taskdefs,BasenameTest,0,0,11,11,50,11,0,0,-1.0,0,0
ant-ANT_154,org.apache.tools.ant.taskdefs,CVSPassTest,4,0,9,8,72,11,0,0,0.6666666666666666,0,0
ant-ANT_154,org.apache.tools.ant.taskdefs,ChecksumTest,0,0,8,7,41,8,0,0,-1.0,0,1
ant-ANT_154,org.apache.tools.ant.taskdefs,ConcatTest,2,0,9,9,83,12,0,0,0.7777777777777778,0,0
ant-ANT_154,org.apache.tools.ant.taskdefs,ConditionTest,0,0,41,41,139,41,0,0,-1.0,0,0
ant-ANT_154,org.apache.tools.ant.taskdefs,CopyTest,0,0,9,9,74,15,0,0,-1.0,0,2
ant-ANT_154,org.apache.tools.ant.taskdefs,CopydirTest,0,0,9,9,36,10,0,0,-1.0,0,0
ant-ANT_154,org.apache.tools.ant.taskdefs,CopyfileTest,0,0,9,9,39,10,0,0,-1.0,0,0
ant-ANT_154,org.apache.tools.ant.taskdefs,DeleteTest,0,0,6,6,23,6,0,0,-1.0,0,0
ant-ANT_154,org.apache.tools.ant.taskdefs,DeltreeTest,0,0,4,4,17,4,0,0,-1.0,0,0
ant-ANT_154,org.apache.tools.ant.taskdefs,DemuxOutputTask,4,0,3,1,39,7,0,0,0.0,1,0
ant-ANT_154,org.apache.tools.ant.taskdefs,DependSetTest,0,0,8,8,34,9,0,0,-1.0,0,0
ant-ANT_154,org.apache.tools.ant.taskdefs,DirnameTest,0,0,7,7,37,9,0,0,-1.0,0,0
ant-ANT_154,org.apache.tools.ant.taskdefs,DynamicTask,0,0,5,5,18,5,0,0,-1.0,0,0
ant-ANT_154,org.apache.tools.ant.taskdefs,Sub,0,0,2,2,8,2,0,0,-1.0,0,0
ant-ANT_154,org.apache.tools.ant.taskdefs,DynamicTest,0,0,3,3,15,3,0,0,-1.0,0,0
ant-ANT_154,org.apache.tools.ant.taskdefs,EchoTest,0,0,5,5,20,5,0,0,-1.0,0,0
ant-ANT_154,org.apache.tools.ant.taskdefs,ExecuteJavaTest,5,0,6,3,58,8,0,0,0.3333333333333333,1,5
ant-ANT_154,org.apache.tools.ant.taskdefs,ExecuteWatchdogTest,5,0,11,6,100,16,0,0,0.36363636363636365,0,2
ant-ANT_154,org.apache.tools.ant.taskdefs,FailTest,0,0,7,7,41,7,0,0,-1.0,0,0
ant-ANT_154,org.apache.tools.ant.taskdefs,FilterTest,0,0,13,12,71,14,0,0,-1.0,0,0
ant-ANT_154,org.apache.tools.ant.taskdefs,FixCrLfTest,0,0,17,17,106,22,0,0,-1.0,0,1
ant-ANT_154,org.apache.tools.ant.taskdefs,GUnzipTest,0,0,7,7,32,7,0,0,-1.0,0,1
ant-ANT_154,org.apache.tools.ant.taskdefs,GetTest,0,0,8,8,36,9,0,0,-1.0,0,0
ant-ANT_154,org.apache.tools.ant.taskdefs,GzipTest,0,0,9,9,37,9,0,0,-1.0,0,0
ant-ANT_154,org.apache.tools.ant.taskdefs,InitializeClassTest,0,0,4,4,31,4,0,0,-1.0,0,1
ant-ANT_154,org.apache.tools.ant.taskdefs,InputTest,1,0,8,7,40,10,0,0,0.25,0,2
ant-ANT_154,org.apache.tools.ant.taskdefs,JarTest,4,0,26,24,130,28,0,0,0.3076923076923077,0,1
ant-ANT_154,org.apache.tools.ant.taskdefs,JavaTest,1,0,17,17,104,24,0,0,0.8823529411764706,0,0
ant-ANT_154,org.apache.tools.ant.taskdefs,EntryPoint,0,0,1,1,28,5,0,0,-1.0,0,0
ant-ANT_154,org.apache.tools.ant.taskdefs,ExceptingEntryPoint,0,0,1,1,11,1,0,0,-1.0,0,0
ant-ANT_154,org.apache.tools.ant.taskdefs,JavacTest,2,0,7,7,137,9,0,0,0.2857142857142857,0,5
ant-ANT_154,org.apache.tools.ant.taskdefs,LoadFileTest,0,0,13,13,102,17,0,0,-1.0,0,0
ant-ANT_154,org.apache.tools.ant.taskdefs,LoadPropertiesTest,0,0,4,4,25,4,0,0,-1.0,0,0
ant-ANT_154,org.apache.tools.ant.taskdefs,ManifestTest,2,2,24,23,224,24,0,0,0.625,0,2
ant-ANT_154,org.apache.tools.ant.taskdefs,MkdirTest,0,0,5,5,27,6,0,0,-1.0,0,0
ant-ANT_154,org.apache.tools.ant.taskdefs,MoveTest,0,0,5,5,31,5,0,0,-1.0,0,1
ant-ANT_154,org.apache.tools.ant.taskdefs,ParallelTest,4,4,5,5,74,5,0,0,0.8,0,2
ant-ANT_154,org.apache.tools.ant.taskdefs,PropertyTest,0,0,8,8,44,8,0,0,-1.0,0,0
ant-ANT_154,org.apache.tools.ant.taskdefs,RenameTest,0,0,6,6,23,6,0,0,-1.0,0,0
ant-ANT_154,org.apache.tools.ant.taskdefs,ReplaceTest,0,0,10,10,35,10,0,0,-1.0,0,0
ant-ANT_154,org.apache.tools.ant.taskdefs,RmicTest,2,0,4,4,63,4,0,0,0.5,0,2
ant-ANT_154,org.apache.tools.ant.taskdefs,SQLExecTest,10,10,15,9,158,23,0,0,0.6,0,1
ant-ANT_154,org.apache.tools.ant.taskdefs,NullDriver,0,0,6,6,20,6,0,0,-1.0,0,0
ant-ANT_154,org.apache.tools.ant.taskdefs,SleepTest,5,0,12,12,72,17,0,0,0.3333333333333333,0,1
ant-ANT_154,org.apache.tools.ant.taskdefs,Timer,2,0,4,4,19,4,0,0,0.0,1,0
ant-ANT_154,org.apache.tools.ant.taskdefs,TStampTest,3,0,6,5,68,6,0,0,0.3333333333333333,0,3
ant-ANT_154,org.apache.tools.ant.taskdefs,TarTest,0,0,14,14,71,20,0,0,-1.0,0,0
ant-ANT_154,org.apache.tools.ant.taskdefs,TaskdefTest,0,0,12,12,45,12,0,0,-1.0,0,0
ant-ANT_154,org.apache.tools.ant.taskdefs,TaskdefsTest,0,0,1,1,9,1,0,0,-1.0,0,0
ant-ANT_154,org.apache.tools.ant.taskdefs,TestProcess,2,0,5,5,51,8,0,0,0.4,1,1
ant-ANT_154,org.apache.tools.ant.taskdefs,TestProcessShutdownHook,0,0,1,1,5,1,0,0,-1.0,0,0
ant-ANT_154,org.apache.tools.ant.taskdefs,TimeProcess,0,0,1,1,13,2,0,0,-1.0,0,0
ant-ANT_154,org.apache.tools.ant.taskdefs,TypedefTest,0,0,8,8,36,8,0,0,-1.0,0,0
ant-ANT_154,org.apache.tools.ant.taskdefs,UntarTest,0,0,10,10,49,10,0,0,-1.0,0,1
ant-ANT_154,org.apache.tools.ant.taskdefs,UnzipTest,0,0,8,8,34,8,0,0,-1.0,0,1
ant-ANT_154,org.apache.tools.ant.taskdefs,WarTest,1,1,4,4,22,4,0,0,1.0,0,0
ant-ANT_154,org.apache.tools.ant.taskdefs,XmlPropertyTest,0,0,3,3,18,3,0,0,-1.0,0,0
ant-ANT_154,org.apache.tools.ant.taskdefs,ZipTest,0,0,13,13,52,13,0,0,-1.0,0,0
ant-ANT_154,org.apache.tools.ant.taskdefs.compilers,CompilerAdapter,0,0,2,0,16,2,1,0,-1.0,2,1
ant-ANT_154,org.apache.tools.ant.taskdefs.compilers,CompilerAdapterFactory,0,0,4,1,100,16,0,0,-1.0,3,4
ant-ANT_154,org.apache.tools.ant.taskdefs.compilers,DefaultCompilerAdapter,23,0,16,2,346,52,8,1,0.0,0,8
ant-ANT_154,org.apache.tools.ant.taskdefs.compilers,Gcj,0,0,2,1,59,10,0,2,-1.0,0,3
ant-ANT_154,org.apache.tools.ant.taskdefs.compilers,Javac12,0,0,1,1,46,2,0,2,-1.0,0,2
ant-ANT_154,org.apache.tools.ant.taskdefs.compilers,Javac13,1,0,1,1,37,2,0,2,0.0,0,2
ant-ANT_154,org.apache.tools.ant.taskdefs.compilers,JavacExternal,0,0,1,1,19,1,0,2,-1.0,0,2
ant-ANT_154,org.apache.tools.ant.taskdefs.compilers,Jikes,0,0,1,1,95,19,0,2,-1.0,0,3
ant-ANT_154,org.apache.tools.ant.taskdefs.compilers,Jvc,0,0,1,1,53,7,0,2,-1.0,0,3
ant-ANT_154,org.apache.tools.ant.taskdefs.compilers,Kjc,0,0,2,1,78,12,0,2,-1.0,0,3
ant-ANT_154,org.apache.tools.ant.taskdefs.compilers,Sj,0,0,1,1,17,1,0,2,-1.0,0,2
ant-ANT_154,org.apache.tools.ant.taskdefs.condition,And,0,0,1,1,11,1,0,1,-1.0,1,0
ant-ANT_154,org.apache.tools.ant.taskdefs.condition,Condition,0,0,1,0,11,1,12,0,-1.0,2,0
ant-ANT_154,org.apache.tools.ant.taskdefs.condition,ConditionBase,1,0,17,15,128,17,3,0,0.0,0,15
ant-ANT_154,org.apache.tools.ant.taskdefs.condition,Contains,3,0,4,4,40,5,0,1,0.0,2,0
ant-ANT_154,org.apache.tools.ant.taskdefs.condition,Equals,4,0,5,5,41,7,0,1,0.0,2,0
ant-ANT_154,org.apache.tools.ant.taskdefs.condition,FilesMatch,3,0,3,3,48,4,0,1,0.0,1,1
ant-ANT_154,org.apache.tools.ant.taskdefs.condition,Http,2,0,3,3,45,6,0,1,0.0,1,1
ant-ANT_154,org.apache.tools.ant.taskdefs.condition,IsFalse,1,0,2,2,27,3,0,1,0.0,1,0
ant-ANT_154,org.apache.tools.ant.taskdefs.condition,IsSet,1,0,2,2,18,3,0,1,0.0,1,0
ant-ANT_154,org.apache.tools.ant.taskdefs.condition,IsTrue,1,0,2,2,27,3,0,1,0.0,1,0
ant-ANT_154,org.apache.tools.ant.taskdefs.condition,Not,0,0,1,1,17,3,0,1,-1.0,1,0
ant-ANT_154,org.apache.tools.ant.taskdefs.condition,Or,0,0,1,1,11,1,0,1,-1.0,1,0
ant-ANT_154,org.apache.tools.ant.taskdefs.condition,Os,8,0,12,12,142,25,0,1,0.16666666666666666,14,1
ant-ANT_154,org.apache.tools.ant.taskdefs.condition,Socket,2,0,3,3,31,5,0,1,0.0,1,1
ant-ANT_154,org.apache.tools.ant.taskdefs.condition,ContainsTest,0,0,2,2,18,2,0,0,-1.0,0,1
ant-ANT_154,org.apache.tools.ant.taskdefs.condition,EqualsTest,0,0,3,3,28,3,0,0,-1.0,0,1
ant-ANT_154,org.apache.tools.ant.taskdefs.cvslib,CVSEntry,4,0,9,4,41,9,0,0,0.0,3,0
ant-ANT_154,org.apache.tools.ant.taskdefs.cvslib,ChangeLogParser,14,0,10,1,172,23,0,0,0.0,3,1
ant-ANT_154,org.apache.tools.ant.taskdefs.cvslib,ChangeLogTask,7,0,14,9,257,32,0,0,0.0,0,10
ant-ANT_154,org.apache.tools.ant.taskdefs.cvslib,ChangeLogWriter,2,0,2,1,61,5,0,0,0.0,1,2
ant-ANT_154,org.apache.tools.ant.taskdefs.cvslib,CvsTagDiff,10,0,11,7,259,29,0,0,0.0,0,3
ant-ANT_154,org.apache.tools.ant.taskdefs.cvslib,CvsTagEntry,3,0,7,7,42,10,0,0,0.42857142857142855,1,0
ant-ANT_154,org.apache.tools.ant.taskdefs.cvslib,CvsUser,2,0,5,2,58,7,0,0,0.0,1,0
ant-ANT_154,org.apache.tools.ant.taskdefs.cvslib,RCSFile,3,0,5,0,30,6,0,0,0.4,1,0
ant-ANT_154,org.apache.tools.ant.taskdefs.cvslib,RedirectingOutputStream,1,0,2,1,23,2,0,0,0.0,0,1
ant-ANT_154,org.apache.tools.ant.taskdefs.cvslib,RedirectingStreamHandler,0,0,3,1,29,3,0,0,-1.0,1,1
ant-ANT_154,org.apache.tools.ant.taskdefs.email,EmailAddress,2,0,7,7,61,8,0,0,0.2857142857142857,3,0
ant-ANT_154,org.apache.tools.ant.taskdefs.email,EmailTask,18,4,23,23,356,44,0,0,0.0,0,7
ant-ANT_154,org.apache.tools.ant.taskdefs.email,Encoding,0,0,1,1,12,1,0,0,-1.0,1,0
ant-ANT_154,org.apache.tools.ant.taskdefs.email,Mailer,11,0,13,12,107,13,2,0,1.0,1,4
ant-ANT_154,org.apache.tools.ant.taskdefs.email,Message,4,0,9,9,89,11,0,0,0.3333333333333333,3,0
ant-ANT_154,org.apache.tools.ant.taskdefs.email,MimeMailer,0,0,2,1,75,8,0,1,-1.0,1,3
ant-ANT_154,org.apache.tools.ant.taskdefs.email,PlainMailer,0,0,2,1,79,11,1,1,-1.0,0,1
ant-ANT_154,org.apache.tools.ant.taskdefs.email,UUMailer,0,0,1,0,21,2,0,2,-1.0,0,0
ant-ANT_154,org.apache.tools.ant.taskdefs.optional,ANTLR,13,0,22,17,276,41,0,0,0.13636363636363635,0,4
ant-ANT_154,org.apache.tools.ant.taskdefs.optional,Cab,8,0,13,7,208,31,0,0,0.0,0,9
ant-ANT_154,org.apache.tools.ant.taskdefs.optional,EchoProperties,3,0,7,4,125,12,0,0,0.42857142857142855,0,1
ant-ANT_154,org.apache.tools.ant.taskdefs.optional,IContract,25,0,33,30,516,76,0,0,0.2727272727272727,0,9
ant-ANT_154,org.apache.tools.ant.taskdefs.optional,IContractPresenceDetector,0,0,7,7,23,8,0,0,-1.0,0,1
ant-ANT_154,org.apache.tools.ant.taskdefs.optional,ClasspathHelper,1,0,4,4,23,5,0,0,0.75,1,2
ant-ANT_154,org.apache.tools.ant.taskdefs.optional,Javah,12,0,21,18,261,47,0,0,0.14285714285714285,0,6
ant-ANT_154,org.apache.tools.ant.taskdefs.optional,ClassArgument,1,0,3,3,12,3,0,0,0.6666666666666666,1,0
ant-ANT_154,org.apache.tools.ant.taskdefs.optional,Native2Ascii,6,0,11,10,149,26,0,0,0.2727272727272727,0,6
ant-ANT_154,org.apache.tools.ant.taskdefs.optional,ExtMapper,0,0,3,3,15,4,0,0,-1.0,0,0
ant-ANT_154,org.apache.tools.ant.taskdefs.optional,NetRexxC,43,0,47,41,588,104,0,0,0.06382978723404255,0,4
ant-ANT_154,org.apache.tools.ant.taskdefs.optional,TraceAttr,0,0,1,1,5,1,0,0,-1.0,1,0
ant-ANT_154,org.apache.tools.ant.taskdefs.optional,VerboseAttr,0,0,1,1,5,1,0,0,-1.0,1,0
ant-ANT_154,org.apache.tools.ant.taskdefs.optional,PropertyFile,31,6,30,18,417,66,0,0,0.26666666666666666,2,5
ant-ANT_154,org.apache.tools.ant.taskdefs.optional,Entry,16,6,17,11,260,47,0,0,0.17647058823529413,1,4
ant-ANT_154,org.apache.tools.ant.taskdefs.optional,Operation,3,3,2,2,20,4,0,0,1.0,2,0
ant-ANT_154,org.apache.tools.ant.taskdefs.optional,Type,3,3,2,2,20,4,0,0,1.0,2,0
ant-ANT_154,org.apache.tools.ant.taskdefs.optional,Unit,10,0,3,3,35,3,0,0,0.6666666666666666,2,0
ant-ANT_154,org.apache.tools.ant.taskdefs.optional,RenameExtensions,5,0,6,6,75,7,0,0,0.0,0,3
ant-ANT_154,org.apache.tools.ant.taskdefs.optional,ReplaceRegExp,7,0,12,10,282,50,0,0,0.0,0,7
ant-ANT_154,org.apache.tools.ant.taskdefs.optional,Rpm,8,0,9,9,169,20,0,0,0.0,0,4
ant-ANT_154,org.apache.tools.ant.taskdefs.optional,Script,3,0,5,4,97,12,0,0,0.0,0,0
ant-ANT_154,org.apache.tools.ant.taskdefs.optional,StyleBook,4,0,6,6,62,10,0,0,0.3333333333333333,0,0
ant-ANT_154,org.apache.tools.ant.taskdefs.optional,Test,2,0,9,9,63,10,0,0,0.7777777777777778,0,1
ant-ANT_154,org.apache.tools.ant.taskdefs.optional,TestletEntry,1,0,2,2,15,2,0,0,0.0,1,0
ant-ANT_154,org.apache.tools.ant.taskdefs.optional,TraXLiaison,10,0,17,11,256,38,0,0,0.23529411764705882,2,2
ant-ANT_154,org.apache.tools.ant.taskdefs.optional,XMLValidateTask,15,0,24,18,298,46,0,0,0.125,0,10
ant-ANT_154,org.apache.tools.ant.taskdefs.optional,ValidatorErrorHandler,3,0,7,5,44,9,0,0,0.0,1,1
ant-ANT_154,org.apache.tools.ant.taskdefs.optional,XalanLiaison,2,0,4,4,58,7,0,0,0.0,0,0
ant-ANT_154,org.apache.tools.ant.taskdefs.optional,XslpLiaison,2,0,4,4,26,4,0,0,0.0,0,0
ant-ANT_154,org.apache.tools.ant.taskdefs.optional,ANTLRTest,1,0,16,16,80,16,0,0,0.875,0,0
ant-ANT_154,org.apache.tools.ant.taskdefs.optional,CalcFileFilter,0,0,1,1,5,1,0,0,-1.0,0,0
ant-ANT_154,org.apache.tools.ant.taskdefs.optional,HTMLFilter,0,0,1,1,5,1,0,0,-1.0,0,0
ant-ANT_154,org.apache.tools.ant.taskdefs.optional,AbstractXSLTLiaisonTest,1,0,7,3,60,8,3,0,0.2857142857142857,0,1
ant-ANT_154,org.apache.tools.ant.taskdefs.optional,BeanShellScriptTest,0,0,3,3,19,3,0,0,-1.0,0,0
ant-ANT_154,org.apache.tools.ant.taskdefs.optional,EchoPropertiesTest,5,0,15,11,88,17,0,0,0.2,0,0
ant-ANT_154,org.apache.tools.ant.taskdefs.optional,JspcTest,3,0,16,12,141,16,0,0,0.4375,0,3
ant-ANT_154,org.apache.tools.ant.taskdefs.optional,PropertyFileTest,20,0,9,5,96,9,0,0,0.3333333333333333,0,0
ant-ANT_154,org.apache.tools.ant.taskdefs.optional,PvcsTest,0,0,8,8,29,8,0,0,-1.0,0,0
ant-ANT_154,org.apache.tools.ant.taskdefs.optional,ReplaceRegExpTest,0,0,6,6,53,8,0,0,-1.0,0,1
ant-ANT_154,org.apache.tools.ant.taskdefs.optional,RhinoScriptTest,0,0,4,4,44,4,0,0,-1.0,0,0
ant-ANT_154,org.apache.tools.ant.taskdefs.optional,TraXLiaisonTest,0,0,7,7,66,10,0,1,-1.0,0,1
ant-ANT_154,org.apache.tools.ant.taskdefs.optional,WsdlToDotnetTest,1,0,12,12,84,12,0,0,1.0,0,0
ant-ANT_154,org.apache.tools.ant.taskdefs.optional,XalanLiaisonTest,0,0,4,3,31,5,0,1,-1.0,0,0
ant-ANT_154,org.apache.tools.ant.taskdefs.optional,XmlValidateTest,1,0,9,9,64,9,0,0,1.0,0,0
ant-ANT_154,org.apache.tools.ant.taskdefs.optional,XslpLiaisonTest,0,0,2,1,12,2,0,1,-1.0,0,0
ant-ANT_154,org.apache.tools.ant.taskdefs.optional,XsltTest,1,0,6,6,45,6,0,0,1.0,0,0
ant-ANT_154,org.apache.tools.ant.taskdefs.optional.ccm,CCMCheck,5,2,9,8,95,13,3,1,0.2222222222222222,0,2
ant-ANT_154,org.apache.tools.ant.taskdefs.optional.ccm,CCMCheckin,0,0,1,1,11,1,0,2,-1.0,0,0
ant-ANT_154,org.apache.tools.ant.taskdefs.optional.ccm,CCMCheckinDefault,1,1,1,1,13,1,0,2,0.0,0,0
ant-ANT_154,org.apache.tools.ant.taskdefs.optional.ccm,CCMCheckout,0,0,1,1,10,1,0,2,-1.0,0,0
ant-ANT_154,org.apache.tools.ant.taskdefs.optional.ccm,CCMCreateTask,12,6,20,19,229,29,0,1,0.3,0,2
ant-ANT_154,org.apache.tools.ant.taskdefs.optional.ccm,CCMReconfigure,6,3,9,8,98,13,0,1,0.2222222222222222,0,2
ant-ANT_154,org.apache.tools.ant.taskdefs.optional.ccm,Continuus,8,5,6,3,81,7,3,0,0.5,0,4
ant-ANT_154,org.apache.tools.ant.taskdefs.optional.clearcase,CCCheckin,13,7,16,13,192,26,0,1,0.0,0,2
ant-ANT_154,org.apache.tools.ant.taskdefs.optional.clearcase,CCCheckout,18,10,22,17,271,36,0,1,0.0,0,2
ant-ANT_154,org.apache.tools.ant.taskdefs.optional.clearcase,CCUnCheckout,3,2,4,3,60,7,0,1,0.0,0,2
ant-ANT_154,org.apache.tools.ant.taskdefs.optional.clearcase,CCUpdate,13,7,15,13,188,23,0,1,0.0,0,2
ant-ANT_154,org.apache.tools.ant.taskdefs.optional.clearcase,ClearCase,7,4,5,3,74,6,4,0,0.6,0,3
ant-ANT_154,org.apache.tools.ant.taskdefs.optional.depend,AntAnalyzer,0,0,3,1,98,16,0,0,-1.0,0,1
ant-ANT_154,org.apache.tools.ant.taskdefs.optional.depend,ClassFile,3,0,3,3,64,7,0,0,0.0,3,4
ant-ANT_154,org.apache.tools.ant.taskdefs.optional.depend,ClassFileIterator,0,0,1,0,11,1,2,0,-1.0,0,0
ant-ANT_154,org.apache.tools.ant.taskdefs.optional.depend,ClassFileUtils,0,0,2,2,22,2,0,0,-1.0,2,0
ant-ANT_154,org.apache.tools.ant.taskdefs.optional.depend,Depend,17,0,22,10,602,101,0,0,0.0,0,8
ant-ANT_154,org.apache.tools.ant.taskdefs.optional.depend,ClassFileInfo,4,0,0,0,22,0,0,0,-1.0,1,0
ant-ANT_154,org.apache.tools.ant.taskdefs.optional.depend,DirectoryIterator,3,0,3,2,91,11,0,1,0.0,0,1
ant-ANT_154,org.apache.tools.ant.taskdefs.optional.depend,JarFileIterator,1,0,3,2,65,7,0,1,0.6666666666666666,0,1
ant-ANT_154,org.apache.tools.ant.taskdefs.optional.depend,DependTest,2,2,13,12,103,14,0,0,0.6153846153846154,0,3
ant-ANT_154,org.apache.tools.ant.taskdefs.optional.depend.constantpool,ClassCPInfo,2,0,5,5,51,5,0,1,0.4,5,1
ant-ANT_154,org.apache.tools.ant.taskdefs.optional.depend.constantpool,ConstantCPInfo,1,0,3,2,32,3,5,1,0.6666666666666666,1,0
ant-ANT_154,org.apache.tools.ant.taskdefs.optional.depend.constantpool,ConstantPool,2,0,14,14,221,39,0,0,0.0,11,8
ant-ANT_154,org.apache.tools.ant.taskdefs.optional.depend.constantpool,ConstantPoolEntry,14,11,7,7,156,18,7,0,0.2857142857142857,3,2
ant-ANT_154,org.apache.tools.ant.taskdefs.optional.depend.constantpool,DoubleCPInfo,0,0,3,3,27,3,0,2,-1.0,0,0
ant-ANT_154,org.apache.tools.ant.taskdefs.optional.depend.constantpool,FieldRefCPInfo,5,0,7,7,90,8,0,1,0.2857142857142857,1,3
ant-ANT_154,org.apache.tools.ant.taskdefs.optional.depend.constantpool,FloatCPInfo,0,0,3,3,27,3,0,2,-1.0,0,0
ant-ANT_154,org.apache.tools.ant.taskdefs.optional.depend.constantpool,IntegerCPInfo,0,0,3,3,27,3,0,2,-1.0,0,0
ant-ANT_154,org.apache.tools.ant.taskdefs.optional.depend.constantpool,InterfaceMethodRefCPInfo,5,0,7,7,90,8,0,1,0.2857142857142857,1,3
ant-ANT_154,org.apache.tools.ant.taskdefs.optional.depend.constantpool,LongCPInfo,0,0,3,3,27,3,0,2,-1.0,0,0
ant-ANT_154,org.apache.tools.ant.taskdefs.optional.depend.constantpool,MethodRefCPInfo,5,0,7,7,90,8,0,1,0.2857142857142857,1,3
ant-ANT_154,org.apache.tools.ant.taskdefs.optional.depend.constantpool,NameAndTypeCPInfo,4,0,6,6,74,7,0,1,0.3333333333333333,4,1
ant-ANT_154,org.apache.tools.ant.taskdefs.optional.depend.constantpool,StringCPInfo,1,0,4,4,40,4,0,2,0.5,0,1
ant-ANT_154,org.apache.tools.ant.taskdefs.optional.depend.constantpool,Utf8CPInfo,1,0,4,4,38,4,0,1,0.5,1,0
ant-ANT_154,org.apache.tools.ant.taskdefs.optional.dotnet,CSharp,28,0,62,38,713,84,0,0,0.03225806451612903,0,4
ant-ANT_154,org.apache.tools.ant.taskdefs.optional.dotnet,Ilasm,14,0,28,19,329,38,0,0,0.07142857142857142,0,3
ant-ANT_154,org.apache.tools.ant.taskdefs.optional.dotnet,NetCommand,7,0,10,7,142,17,0,0,0.0,3,5
ant-ANT_154,org.apache.tools.ant.taskdefs.optional.dotnet,WsdlToDotnet,8,0,10,9,155,21,0,0,0.0,0,1
ant-ANT_154,org.apache.tools.ant.taskdefs.optional.ejb,BorlandDeploymentTool,17,1,24,12,359,45,0,2,0.3333333333333333,2,9
ant-ANT_154,org.apache.tools.ant.taskdefs.optional.ejb,BorlandGenerateClient,8,0,13,9,216,26,0,0,0.0,1,6
ant-ANT_154,org.apache.tools.ant.taskdefs.optional.ejb,DDCreator,3,0,4,4,69,8,0,0,0.0,0,3
ant-ANT_154,org.apache.tools.ant.taskdefs.optional.ejb,DDCreatorHelper,3,0,4,1,80,8,0,0,0.0,1,1
ant-ANT_154,org.apache.tools.ant.taskdefs.optional.ejb,DescriptorHandler,32,0,11,10,233,39,0,0,0.0,6,2
ant-ANT_154,org.apache.tools.ant.taskdefs.optional.ejb,EJBDeploymentTool,0,0,4,0,20,4,1,0,-1.0,1,2
ant-ANT_154,org.apache.tools.ant.taskdefs.optional.ejb,EjbJar,19,15,25,23,357,37,0,0,0.0,6,16
ant-ANT_154,org.apache.tools.ant.taskdefs.optional.ejb,DTDLocation,0,0,0,0,5,0,0,0,-1.0,1,0
ant-ANT_154,org.apache.tools.ant.taskdefs.optional.ejb,Config,11,11,0,0,49,0,0,0,-1.0,1,2
ant-ANT_154,org.apache.tools.ant.taskdefs.optional.ejb,NamingScheme,4,4,1,1,28,1,0,0,0.0,2,0
ant-ANT_154,org.apache.tools.ant.taskdefs.optional.ejb,Ejbc,6,1,8,8,108,13,0,0,0.0,0,3
ant-ANT_154,org.apache.tools.ant.taskdefs.optional.ejb,EjbcHelper,7,0,6,1,162,19,0,0,0.0,1,1
ant-ANT_154,org.apache.tools.ant.taskdefs.optional.ejb,GenericDeploymentTool,18,6,33,10,622,86,6,1,0.06060606060606061,1,9
ant-ANT_154,org.apache.tools.ant.taskdefs.optional.ejb,IPlanetDeploymentTool,8,0,12,6,178,24,0,2,0.3333333333333333,1,2
ant-ANT_154,org.apache.tools.ant.taskdefs.optional.ejb,IPlanetEjbc,37,0,69,57,956,149,0,0,0.10144927536231885,3,5
ant-ANT_154,org.apache.tools.ant.taskdefs.optional.ejb,EjbcException,0,0,1,1,13,1,0,0,-1.0,0,0
ant-ANT_154,org.apache.tools.ant.taskdefs.optional.ejb,EjbcHandler,8,0,10,8,195,34,0,0,0.3,1,1
ant-ANT_154,org.apache.tools.ant.taskdefs.optional.ejb,EjbInfo,10,0,33,29,286,54,0,0,0.0,2,1
ant-ANT_154,org.apache.tools.ant.taskdefs.optional.ejb,Classname,3,0,7,7,72,9,0,0,0.0,2,0
ant-ANT_154,org.apache.tools.ant.taskdefs.optional.ejb,RedirectOutput,1,0,2,2,36,3,0,0,0.0,1,0
ant-ANT_154,org.apache.tools.ant.taskdefs.optional.ejb,IPlanetEjbcTask,7,0,13,9,183,24,0,0,0.0,0,2
ant-ANT_154,org.apache.tools.ant.taskdefs.optional.ejb,InnerClassFilenameFilter,1,0,2,1,16,4,0,0,0.0,1,0
ant-ANT_154,org.apache.tools.ant.taskdefs.optional.ejb,JbossDeploymentTool,3,0,3,1,44,5,0,2,0.6666666666666666,1,1
ant-ANT_154,org.apache.tools.ant.taskdefs.optional.ejb,JonasDeploymentTool,32,0,27,15,534,69,0,2,0.07407407407407407,2,7
ant-ANT_154,org.apache.tools.ant.taskdefs.optional.ejb,WLRun,17,0,20,17,279,40,0,0,0.0,0,2
ant-ANT_154,org.apache.tools.ant.taskdefs.optional.ejb,WLStop,6,0,8,8,106,12,0,0,0.0,0,2
ant-ANT_154,org.apache.tools.ant.taskdefs.optional.ejb,WeblogicDeploymentTool,34,5,31,22,558,79,1,2,0.16129032258064516,1,8
ant-ANT_154,org.apache.tools.ant.taskdefs.optional.ejb,WeblogicTOPLinkDeploymentTool,3,0,5,3,51,8,0,3,0.4,1,2
ant-ANT_154,org.apache.tools.ant.taskdefs.optional.ejb,WebsphereDeploymentTool,27,2,33,23,585,81,0,2,0.18181818181818182,1,8
ant-ANT_154,org.apache.tools.ant.taskdefs.optional.ejb,DBVendor,0,0,1,1,9,1,0,0,-1.0,1,0
ant-ANT_154,org.apache.tools.ant.taskdefs.optional.extension,Compatibility,1,0,2,1,26,2,0,0,0.0,2,0
ant-ANT_154,org.apache.tools.ant.taskdefs.optional.extension,DeweyDecimal,1,0,10,10,140,25,0,0,0.0,4,1
ant-ANT_154,org.apache.tools.ant.taskdefs.optional.extension,Extension,21,14,22,16,463,57,0,0,0.18181818181818182,10,3
ant-ANT_154,org.apache.tools.ant.taskdefs.optional.extension,ExtensionAdapter,7,0,11,9,145,17,0,0,0.0,6,3
ant-ANT_154,org.apache.tools.ant.taskdefs.optional.extension,ExtensionResolver,0,0,1,0,15,1,0,0,-1.0,1,2
ant-ANT_154,org.apache.tools.ant.taskdefs.optional.extension,ExtensionSet,2,0,6,6,70,8,0,0,0.0,3,7
ant-ANT_154,org.apache.tools.ant.taskdefs.optional.extension,ExtensionUtil,0,0,6,0,116,15,0,0,-1.0,5,7
ant-ANT_154,org.apache.tools.ant.taskdefs.optional.extension,ExtraAttribute,2,0,5,3,51,7,0,0,0.0,1,0
ant-ANT_154,org.apache.tools.ant.taskdefs.optional.extension,JarLibAvailableTask,4,0,6,5,104,17,0,0,0.0,0,4
ant-ANT_154,org.apache.tools.ant.taskdefs.optional.extension,JarLibDisplayTask,2,0,4,3,67,10,0,0,0.0,0,3
ant-ANT_154,org.apache.tools.ant.taskdefs.optional.extension,JarLibManifestTask,7,0,12,6,195,22,0,0,0.16666666666666666,0,5
ant-ANT_154,org.apache.tools.ant.taskdefs.optional.extension,JarLibResolveTask,5,0,12,8,180,24,0,0,0.0,0,8
ant-ANT_154,org.apache.tools.ant.taskdefs.optional.extension,LibFileSet,3,0,6,3,64,6,0,0,0.5,2,0
ant-ANT_154,org.apache.tools.ant.taskdefs.optional.extension,LibraryDisplayer,0,0,5,0,104,17,0,0,-1.0,1,3
ant-ANT_154,org.apache.tools.ant.taskdefs.optional.extension,Specification,18,11,19,13,396,50,0,0,0.10526315789473684,2,3
ant-ANT_154,org.apache.tools.ant.taskdefs.optional.extension.resolvers,AntResolver,3,0,6,5,51,9,0,0,0.0,1,3
ant-ANT_154,org.apache.tools.ant.taskdefs.optional.extension.resolvers,LocationResolver,1,0,3,3,22,4,0,0,0.0,1,2
ant-ANT_154,org.apache.tools.ant.taskdefs.optional.extension.resolvers,URLResolver,3,0,7,5,66,13,0,0,0.0,1,3
ant-ANT_154,org.apache.tools.ant.taskdefs.optional.i18n,Translate,19,0,17,13,389,58,0,0,0.0,0,4
ant-ANT_154,org.apache.tools.ant.taskdefs.optional.ide,VAJAntTool,1,0,3,3,66,5,0,0,0.0,2,5
ant-ANT_154,org.apache.tools.ant.taskdefs.optional.ide,VAJAntToolGUI,45,0,73,22,1280,151,0,0,0.1506849315068493,2,9
ant-ANT_154,org.apache.tools.ant.taskdefs.optional.ide,VAJBuildLogger,1,0,9,9,96,15,0,0,0.7777777777777778,1,3
ant-ANT_154,org.apache.tools.ant.taskdefs.optional.ide,PrivateEventHandler,0,0,11,11,135,33,0,0,-1.0,1,0
ant-ANT_154,org.apache.tools.ant.taskdefs.optional.ide,VAJBuildInfo,11,0,35,28,359,45,0,0,0.14285714285714285,3,7
ant-ANT_154,org.apache.tools.ant.taskdefs.optional.ide,BuildInterruptedException,0,0,1,1,8,1,0,0,-1.0,0,0
ant-ANT_154,org.apache.tools.ant.taskdefs.optional.ide,InterruptedChecker,1,0,9,8,71,10,0,0,0.0,1,2
ant-ANT_154,org.apache.tools.ant.taskdefs.optional.ide,VAJExport,8,0,12,12,103,14,0,1,0.0,0,1
ant-ANT_154,org.apache.tools.ant.taskdefs.optional.ide,VAJExportServlet,2,2,1,0,14,1,0,1,0.0,1,0
ant-ANT_154,org.apache.tools.ant.taskdefs.optional.ide,VAJImport,6,0,10,9,100,15,0,1,0.3,0,2
ant-ANT_154,org.apache.tools.ant.taskdefs.optional.ide,LocalDirectoryScanner,0,0,2,2,12,2,0,0,-1.0,1,0
ant-ANT_154,org.apache.tools.ant.taskdefs.optional.ide,VAJImportServlet,0,0,1,0,12,1,0,1,-1.0,1,0
ant-ANT_154,org.apache.tools.ant.taskdefs.optional.ide,VAJLoad,1,0,2,2,32,3,1,1,0.0,0,1
ant-ANT_154,org.apache.tools.ant.taskdefs.optional.ide,VAJLoadProjects,0,0,0,0,7,0,0,2,-1.0,0,0
ant-ANT_154,org.apache.tools.ant.taskdefs.optional.ide,VAJLoadServlet,1,1,1,0,22,2,0,1,0.0,1,1
ant-ANT_154,org.apache.tools.ant.taskdefs.optional.ide,VAJLocalUtil,1,0,12,3,319,49,2,1,0.0,3,5
ant-ANT_154,org.apache.tools.ant.taskdefs.optional.ide,VAJProjectDescription,3,0,8,8,49,10,0,0,0.375,4,0
ant-ANT_154,org.apache.tools.ant.taskdefs.optional.ide,VAJRemoteUtil,2,0,7,5,125,17,0,1,0.0,0,6
ant-ANT_154,org.apache.tools.ant.taskdefs.optional.ide,VAJTask,3,0,4,3,39,6,3,0,0.75,2,2
ant-ANT_154,org.apache.tools.ant.taskdefs.optional.ide,VAJLocalToolUtil,0,0,1,1,8,1,0,2,-1.0,0,1
ant-ANT_154,org.apache.tools.ant.taskdefs.optional.ide,VAJToolsServlet,11,8,10,2,131,18,3,0,0.0,1,2
ant-ANT_154,org.apache.tools.ant.taskdefs.optional.ide,VAJLocalServletUtil,0,0,1,1,24,4,0,2,-1.0,0,0
ant-ANT_154,org.apache.tools.ant.taskdefs.optional.ide,VAJUtil,5,5,4,0,27,4,2,0,-1.0,2,0
ant-ANT_154,org.apache.tools.ant.taskdefs.optional.ide,VAJWorkspaceScanner,2,0,5,5,103,20,0,0,0.4,1,2
ant-ANT_154,org.apache.tools.ant.taskdefs.optional.j2ee,AbstractHotDeploymentTool,5,0,14,12,126,18,2,1,0.35714285714285715,0,2
ant-ANT_154,org.apache.tools.ant.taskdefs.optional.j2ee,GenericHotDeploymentTool,3,0,9,8,85,10,1,2,0.2222222222222222,1,2
ant-ANT_154,org.apache.tools.ant.taskdefs.optional.j2ee,HotDeploymentTool,5,5,3,3,43,3,3,0,-1.0,0,1
ant-ANT_154,org.apache.tools.ant.taskdefs.optional.j2ee,JonasHotDeploymentTool,7,0,7,6,146,22,0,3,0.0,1,2
ant-ANT_154,org.apache.tools.ant.taskdefs.optional.j2ee,ServerDeploy,3,0,8,8,80,8,0,0,0.5,4,3
ant-ANT_154,org.apache.tools.ant.taskdefs.optional.j2ee,WebLogicHotDeploymentTool,5,0,11,6,135,21,0,2,0.18181818181818182,1,2
ant-ANT_154,org.apache.tools.ant.taskdefs.optional.javacc,JJTree,16,0,16,16,154,22,0,0,0.0,0,6
ant-ANT_154,org.apache.tools.ant.taskdefs.optional.javacc,JavaCC,25,0,27,25,247,38,0,0,0.0,2,7
ant-ANT_154,org.apache.tools.ant.taskdefs.optional.jdepend,JDependTask,11,0,23,22,265,44,0,0,0.13043478260869565,1,9
ant-ANT_154,org.apache.tools.ant.taskdefs.optional.jdepend,FormatAttribute,1,0,1,1,6,1,0,0,0.0,1,0
ant-ANT_154,org.apache.tools.ant.taskdefs.optional.jlink,ConstantPool,14,0,1,0,50,14,0,0,0.0,0,0
ant-ANT_154,org.apache.tools.ant.taskdefs.optional.jlink,ClassNameReader,0,0,1,1,20,2,0,0,-1.0,1,0
ant-ANT_154,org.apache.tools.ant.taskdefs.optional.jlink,JlinkTask,5,0,10,7,109,20,0,0,0.0,0,3
ant-ANT_154,org.apache.tools.ant.taskdefs.optional.jlink,jlink,5,0,16,8,260,47,0,0,0.0,2,2
ant-ANT_154,org.apache.tools.ant.taskdefs.optional.jsp,Jasper41Mangler,0,0,3,2,62,9,0,1,-1.0,1,1
ant-ANT_154,org.apache.tools.ant.taskdefs.optional.jsp,JspC,18,0,43,37,426,70,0,0,0.23255813953488372,3,8
ant-ANT_154,org.apache.tools.ant.taskdefs.optional.jsp,WebAppParameter,1,0,2,2,21,2,0,0,0.0,1,0
ant-ANT_154,org.apache.tools.ant.taskdefs.optional.jsp,JspMangler,0,0,2,0,15,2,2,0,-1.0,3,0
ant-ANT_154,org.apache.tools.ant.taskdefs.optional.jsp,JspNameMangler,1,1,5,2,96,14,0,1,0.4,1,1
ant-ANT_154,org.apache.tools.ant.taskdefs.optional.jsp,WLJspc,6,0,8,6,163,24,0,0,0.0,0,4
ant-ANT_154,org.apache.tools.ant.taskdefs.optional.jsp.compilers,DefaultJspCompilerAdapter,2,0,8,4,82,12,1,1,0.75,0,3
ant-ANT_154,org.apache.tools.ant.taskdefs.optional.jsp.compilers,JasperC,1,0,4,3,89,9,0,2,0.5,0,6
ant-ANT_154,org.apache.tools.ant.taskdefs.optional.jsp.compilers,JspCompilerAdapter,0,0,4,0,25,4,1,0,-1.0,2,1
ant-ANT_154,org.apache.tools.ant.taskdefs.optional.jsp.compilers,JspCompilerAdapterFactory,0,0,4,2,60,6,0,0,-1.0,3,3
ant-ANT_154,org.apache.tools.ant.taskdefs.optional.junit,AggregateTransformer,9,2,12,8,146,18,0,0,0.25,2,5
ant-ANT_154,org.apache.tools.ant.taskdefs.optional.junit,Format,0,0,1,1,5,1,0,0,-1.0,1,0
ant-ANT_154,org.apache.tools.ant.taskdefs.optional.junit,BaseTest,10,0,17,17,80,18,2,0,0.5882352941176471,0,1
ant-ANT_154,org.apache.tools.ant.taskdefs.optional.junit,BatchTest,2,0,8,4,120,15,0,1,0.0,2,6
ant-ANT_154,org.apache.tools.ant.taskdefs.optional.junit,BriefJUnitResultFormatter,7,0,13,11,153,19,0,1,0.23076923076923078,0,2
ant-ANT_154,org.apache.tools.ant.taskdefs.optional.junit,DOMUtil,0,0,8,6,158,29,0,0,-1.0,2,3
ant-ANT_154,org.apache.tools.ant.taskdefs.optional.junit,NodeFilter,0,0,1,0,10,1,0,0,-1.0,1,0
ant-ANT_154,org.apache.tools.ant.taskdefs.optional.junit,NodeListImpl,0,0,2,2,16,2,0,0,-1.0,1,0
ant-ANT_154,org.apache.tools.ant.taskdefs.optional.junit,Enumerations,0,0,3,2,24,3,0,0,-1.0,2,0
ant-ANT_154,org.apache.tools.ant.taskdefs.optional.junit,ArrayEnumeration,2,0,3,3,42,4,0,0,0.0,0,0
ant-ANT_154,org.apache.tools.ant.taskdefs.optional.junit,CompoundEnumeration,2,0,3,3,41,6,0,0,0.0,0,0
ant-ANT_154,org.apache.tools.ant.taskdefs.optional.junit,FormatterElement,5,0,11,8,120,16,0,0,0.18181818181818182,4,2
ant-ANT_154,org.apache.tools.ant.taskdefs.optional.junit,TypeAttribute,0,0,1,1,8,1,0,0,-1.0,1,0
ant-ANT_154,org.apache.tools.ant.taskdefs.optional.junit,JUnitResultFormatter,0,0,5,0,26,5,5,0,-1.0,3,1
ant-ANT_154,org.apache.tools.ant.taskdefs.optional.junit,JUnitTask,14,0,43,30,569,83,0,0,0.11627906976744186,0,15
ant-ANT_154,org.apache.tools.ant.taskdefs.optional.junit,SummaryAttribute,0,0,2,2,12,2,0,0,-1.0,1,0
ant-ANT_154,org.apache.tools.ant.taskdefs.optional.junit,JUnitTest,7,0,19,18,121,22,0,1,0.47368421052631576,12,3
ant-ANT_154,org.apache.tools.ant.taskdefs.optional.junit,JUnitTestRunner,19,3,27,16,387,63,1,0,0.14814814814814814,6,7
ant-ANT_154,org.apache.tools.ant.taskdefs.optional.junit,TeeOutputStream,1,0,2,1,15,3,0,0,0.0,0,0
ant-ANT_154,org.apache.tools.ant.taskdefs.optional.junit,JUnitVersionHelper,1,0,1,1,49,3,0,0,0.0,3,0
ant-ANT_154,org.apache.tools.ant.taskdefs.optional.junit,PlainJUnitResultFormatter,8,0,12,11,151,19,0,1,0.16666666666666666,0,3
ant-ANT_154,org.apache.tools.ant.taskdefs.optional.junit,SummaryJUnitResultFormatter,5,0,12,12,108,16,0,1,0.5833333333333334,1,1
ant-ANT_154,org.apache.tools.ant.taskdefs.optional.junit,XMLConstants,18,0,0,0,80,0,2,0,-1.0,0,0
ant-ANT_154,org.apache.tools.ant.taskdefs.optional.junit,XMLJUnitResultFormatter,5,0,14,11,167,23,0,1,0.14285714285714285,1,4
ant-ANT_154,org.apache.tools.ant.taskdefs.optional.junit,XMLResultAggregator,6,2,11,5,199,21,0,1,0.0,1,7
ant-ANT_154,org.apache.tools.ant.taskdefs.optional.junit,Xalan1Executor,0,0,1,0,22,1,0,1,-1.0,0,0
ant-ANT_154,org.apache.tools.ant.taskdefs.optional.junit,Xalan2Executor,0,0,1,0,22,1,0,1,-1.0,0,0
ant-ANT_154,org.apache.tools.ant.taskdefs.optional.junit,XalanExecutor,1,0,5,0,76,6,2,0,0.4,2,3
ant-ANT_154,org.apache.tools.ant.taskdefs.optional.junit,JUnitClassLoaderTest,0,0,2,2,14,2,0,0,-1.0,0,0
ant-ANT_154,org.apache.tools.ant.taskdefs.optional.junit,JUnitReportTest,0,0,4,2,24,5,0,0,-1.0,0,0
ant-ANT_154,org.apache.tools.ant.taskdefs.optional.junit,JUnitTestRunnerTest,2,0,28,24,116,29,0,0,0.75,1,5
ant-ANT_154,org.apache.tools.ant.taskdefs.optional.junit,TestRunner,1,0,2,0,10,2,0,1,0.0,1,2
ant-ANT_154,org.apache.tools.ant.taskdefs.optional.junit,ResultFormatter,1,0,11,10,32,12,0,1,0.9090909090909091,2,1
ant-ANT_154,org.apache.tools.ant.taskdefs.optional.junit,NoTestCase,0,0,0,0,2,0,0,0,-1.0,0,0
ant-ANT_154,org.apache.tools.ant.taskdefs.optional.junit,InvalidTestCase,0,0,1,1,6,1,0,0,-1.0,0,0
ant-ANT_154,org.apache.tools.ant.taskdefs.optional.junit,NoSuiteTestCase,0,0,2,2,7,2,2,0,-1.0,0,0
ant-ANT_154,org.apache.tools.ant.taskdefs.optional.junit,SuiteTestCase,0,0,2,2,8,2,0,1,-1.0,0,0
ant-ANT_154,org.apache.tools.ant.taskdefs.optional.junit,InvalidSuiteTestCase,0,0,2,2,8,2,0,1,-1.0,0,0
ant-ANT_154,org.apache.tools.ant.taskdefs.optional.junit,JUnitVersionHelperTest,0,0,12,12,51,12,0,0,-1.0,0,1
ant-ANT_154,org.apache.tools.ant.taskdefs.optional.junit,Foo,0,0,2,2,7,2,4,0,-1.0,0,0
ant-ANT_154,org.apache.tools.ant.taskdefs.optional.junit,Foo1,0,0,1,1,5,1,0,1,-1.0,0,0
ant-ANT_154,org.apache.tools.ant.taskdefs.optional.junit,Foo2,0,0,1,1,5,1,0,1,-1.0,0,0
ant-ANT_154,org.apache.tools.ant.taskdefs.optional.junit,Foo3,0,0,0,0,2,0,0,1,-1.0,0,0
ant-ANT_154,org.apache.tools.ant.taskdefs.optional.junit,Foo4,0,0,1,1,5,1,0,1,-1.0,0,0
ant-ANT_154,org.apache.tools.ant.taskdefs.optional.metamata,AbstractMetamataTask,7,0,23,9,260,40,2,0,0.2608695652173913,0,10
ant-ANT_154,org.apache.tools.ant.taskdefs.optional.metamata,MAudit,12,0,16,12,199,35,0,1,0.25,1,4
ant-ANT_154,org.apache.tools.ant.taskdefs.optional.metamata,MAuditParser,5,0,2,0,48,4,0,0,0.0,2,3
ant-ANT_154,org.apache.tools.ant.taskdefs.optional.metamata,Violation,3,0,0,0,8,0,0,0,-1.0,1,0
ant-ANT_154,org.apache.tools.ant.taskdefs.optional.metamata,MAuditStreamHandler,7,0,10,5,167,16,0,0,0.2,1,6
ant-ANT_154,org.apache.tools.ant.taskdefs.optional.metamata,MMetrics,4,0,11,5,159,21,0,1,0.36363636363636365,0,4
ant-ANT_154,org.apache.tools.ant.taskdefs.optional.metamata,GranularityAttribute,0,0,1,1,8,1,0,0,-1.0,1,0
ant-ANT_154,org.apache.tools.ant.taskdefs.optional.metamata,MMetricsStreamHandler,12,0,14,7,218,27,0,0,0.2857142857142857,0,5
ant-ANT_154,org.apache.tools.ant.taskdefs.optional.metamata,ElementEntry,2,0,3,2,17,3,0,0,0.0,1,0
ant-ANT_154,org.apache.tools.ant.taskdefs.optional.metamata,MetricsElement,5,0,7,6,58,10,0,0,0.2857142857142857,1,0
ant-ANT_154,org.apache.tools.ant.taskdefs.optional.metamata,MParse,10,0,21,12,265,40,0,0,0.0,1,8
ant-ANT_154,org.apache.tools.ant.taskdefs.optional.metamata,MAuditParserTest,1,0,5,4,34,5,0,0,0.4,0,2
ant-ANT_154,org.apache.tools.ant.taskdefs.optional.net,FTP,31,0,38,24,713,130,0,0,0.05263157894736842,0,5
ant-ANT_154,org.apache.tools.ant.taskdefs.optional.net,FTPDirectoryScanner,1,0,3,2,93,19,0,0,0.0,0,0
ant-ANT_154,org.apache.tools.ant.taskdefs.optional.net,Action,1,0,2,2,31,8,0,0,1.0,1,0
ant-ANT_154,org.apache.tools.ant.taskdefs.optional.net,MimeMail,0,0,1,1,19,1,0,0,-1.0,0,0
ant-ANT_154,org.apache.tools.ant.taskdefs.optional.net,SetProxy,5,0,9,7,154,15,0,0,0.0,0,1
ant-ANT_154,org.apache.tools.ant.taskdefs.optional.net,TelnetTask,11,0,21,20,260,35,0,0,0.14285714285714285,0,3
ant-ANT_154,org.apache.tools.ant.taskdefs.optional.net,TelnetSubTask,1,0,3,3,21,3,2,0,0.6666666666666666,1,1
ant-ANT_154,org.apache.tools.ant.taskdefs.optional.net,TelnetWrite,1,0,2,2,15,2,0,1,0.0,0,1
ant-ANT_154,org.apache.tools.ant.taskdefs.optional.net,TelnetRead,1,0,3,3,24,4,0,1,0.0,0,1
ant-ANT_154,org.apache.tools.ant.taskdefs.optional.net,AntTelnetClient,0,0,3,3,65,9,0,0,-1.0,4,1
ant-ANT_154,org.apache.tools.ant.taskdefs.optional.perforce,P4Add,4,0,5,4,67,13,0,1,0.0,0,3
ant-ANT_154,org.apache.tools.ant.taskdefs.optional.perforce,P4Base,9,0,9,7,157,18,11,0,0.3333333333333333,1,4
ant-ANT_154,org.apache.tools.ant.taskdefs.optional.perforce,P4Change,2,0,6,6,83,21,0,1,0.3333333333333333,2,3
ant-ANT_154,org.apache.tools.ant.taskdefs.optional.perforce,P4Counter,5,5,5,5,69,10,0,1,0.0,0,2
ant-ANT_154,org.apache.tools.ant.taskdefs.optional.perforce,P4Delete,1,1,2,2,23,4,0,1,0.0,0,0
ant-ANT_154,org.apache.tools.ant.taskdefs.optional.perforce,P4Edit,1,1,2,2,23,4,0,1,0.0,0,0
ant-ANT_154,org.apache.tools.ant.taskdefs.optional.perforce,P4Handler,0,0,2,2,8,2,1,0,-1.0,4,0
ant-ANT_154,org.apache.tools.ant.taskdefs.optional.perforce,P4HandlerAdapter,5,0,10,10,60,12,1,1,0.2,0,0
ant-ANT_154,org.apache.tools.ant.taskdefs.optional.perforce,Reader,1,0,3,3,23,4,0,0,0.0,0,0
ant-ANT_154,org.apache.tools.ant.taskdefs.optional.perforce,P4Have,0,0,1,1,9,1,0,1,-1.0,0,0
ant-ANT_154,org.apache.tools.ant.taskdefs.optional.perforce,P4Label,3,0,8,8,91,15,0,1,0.5,0,2
ant-ANT_154,org.apache.tools.ant.taskdefs.optional.perforce,P4OutputHandler,0,0,1,1,7,1,0,0,-1.0,0,0
ant-ANT_154,org.apache.tools.ant.taskdefs.optional.perforce,P4Reopen,1,0,2,2,18,4,0,1,0.0,0,0
ant-ANT_154,org.apache.tools.ant.taskdefs.optional.perforce,P4Revert,2,0,3,3,33,6,0,1,0.0,0,0
ant-ANT_154,org.apache.tools.ant.taskdefs.optional.perforce,P4Submit,1,1,3,3,26,4,0,1,0.6666666666666666,0,1
ant-ANT_154,org.apache.tools.ant.taskdefs.optional.perforce,P4Sync,2,0,3,3,37,7,0,1,0.0,0,1
ant-ANT_154,org.apache.tools.ant.taskdefs.optional.perforce,SimpleP4OutputHandler,1,0,2,2,15,4,0,2,0.0,0,2
ant-ANT_154,org.apache.tools.ant.taskdefs.optional.perforce,P4ChangeTest,1,0,4,3,25,4,0,0,0.5,0,1
ant-ANT_154,org.apache.tools.ant.taskdefs.optional.pvcs,Pvcs,15,0,32,28,429,61,0,0,0.0,0,5
ant-ANT_154,org.apache.tools.ant.taskdefs.optional.pvcs,PvcsProject,1,0,3,3,21,3,0,0,0.6666666666666666,1,0
ant-ANT_154,org.apache.tools.ant.taskdefs.optional.scm,AntStarTeamCheckOut,20,3,43,29,645,81,0,0,0.046511627906976744,1,3
ant-ANT_154,org.apache.tools.ant.taskdefs.optional.sitraka,CovMerge,4,0,10,6,151,19,0,0,0.2,0,6
ant-ANT_154,org.apache.tools.ant.taskdefs.optional.sitraka,CovReport,13,0,20,17,259,42,0,0,0.2,2,11
ant-ANT_154,org.apache.tools.ant.taskdefs.optional.sitraka,ReportFormat,0,0,1,1,5,1,0,0,-1.0,1,0
ant-ANT_154,org.apache.tools.ant.taskdefs.optional.sitraka,ReportType,0,0,1,1,5,1,0,0,-1.0,1,0
ant-ANT_154,org.apache.tools.ant.taskdefs.optional.sitraka,Reference,2,0,3,2,48,8,0,0,0.0,1,5
ant-ANT_154,org.apache.tools.ant.taskdefs.optional.sitraka,Coverage,20,0,32,27,356,56,0,0,0.3125,0,13
ant-ANT_154,org.apache.tools.ant.taskdefs.optional.sitraka,Javavm,0,0,1,1,5,1,0,0,-1.0,1,0
ant-ANT_154,org.apache.tools.ant.taskdefs.optional.sitraka,Finalsnapshot,0,0,1,1,5,1,0,0,-1.0,0,0
ant-ANT_154,org.apache.tools.ant.taskdefs.optional.sitraka,Recordfromstart,0,0,1,1,5,1,0,0,-1.0,1,0
ant-ANT_154,org.apache.tools.ant.taskdefs.optional.sitraka,CoverageStreamHandler,0,0,2,1,18,2,0,0,-1.0,0,2
ant-ANT_154,org.apache.tools.ant.taskdefs.optional.sitraka,Filters,6,1,12,12,101,16,0,0,0.3333333333333333,1,2
ant-ANT_154,org.apache.tools.ant.taskdefs.optional.sitraka,FilterElement,3,0,5,5,36,5,4,0,0.4,1,0
ant-ANT_154,org.apache.tools.ant.taskdefs.optional.sitraka,Include,0,0,1,1,5,1,0,1,-1.0,2,0
ant-ANT_154,org.apache.tools.ant.taskdefs.optional.sitraka,Exclude,0,0,1,1,5,1,0,1,-1.0,2,0
ant-ANT_154,org.apache.tools.ant.taskdefs.optional.sitraka,ReportFilters,4,0,10,9,99,15,0,0,0.4,4,6
ant-ANT_154,org.apache.tools.ant.taskdefs.optional.sitraka,FilterElement,2,0,4,4,24,4,0,0,0.5,0,1
ant-ANT_154,org.apache.tools.ant.taskdefs.optional.sitraka,Include,0,0,0,0,5,0,0,1,-1.0,0,0
ant-ANT_154,org.apache.tools.ant.taskdefs.optional.sitraka,Exclude,0,0,0,0,5,0,0,1,-1.0,0,0
ant-ANT_154,org.apache.tools.ant.taskdefs.optional.sitraka,Socket,2,0,3,3,31,3,0,0,0.0,1,0
ant-ANT_154,org.apache.tools.ant.taskdefs.optional.sitraka,StringUtil,0,0,2,1,29,4,0,0,-1.0,2,0
ant-ANT_154,org.apache.tools.ant.taskdefs.optional.sitraka,Triggers,7,0,8,8,93,13,0,0,0.375,1,1
ant-ANT_154,org.apache.tools.ant.taskdefs.optional.sitraka,Method,4,0,5,5,49,8,0,0,0.0,1,0
ant-ANT_154,org.apache.tools.ant.taskdefs.optional.sitraka,XMLReport,8,0,21,6,380,56,0,0,0.23809523809523808,3,7
ant-ANT_154,org.apache.tools.ant.taskdefs.optional.sitraka,ClassFileTest,0,0,3,2,33,5,0,0,-1.0,0,3
ant-ANT_154,org.apache.tools.ant.taskdefs.optional.sitraka,ClassTest,0,0,3,3,14,3,0,0,-1.0,0,0
ant-ANT_154,org.apache.tools.ant.taskdefs.optional.sitraka,ClassPathLoaderTest,0,0,2,2,15,2,0,0,-1.0,0,1
ant-ANT_154,org.apache.tools.ant.taskdefs.optional.sitraka,XMLReportTest,0,0,4,2,47,5,0,0,-1.0,0,2
ant-ANT_154,org.apache.tools.ant.taskdefs.optional.sitraka.bytecode,ClassFile,4,0,7,7,82,14,0,0,0.0,4,4
ant-ANT_154,org.apache.tools.ant.taskdefs.optional.sitraka.bytecode,ClassPathLoader,3,1,10,8,109,17,0,0,0.5,5,1
ant-ANT_154,org.apache.tools.ant.taskdefs.optional.sitraka.bytecode,FileLoader,0,0,2,0,13,2,3,0,-1.0,1,0
ant-ANT_154,org.apache.tools.ant.taskdefs.optional.sitraka.bytecode,LoaderEnumeration,1,0,2,2,25,6,0,0,0.0,0,0
ant-ANT_154,org.apache.tools.ant.taskdefs.optional.sitraka.bytecode,NullLoader,1,0,4,2,18,4,0,1,0.75,0,1
ant-ANT_154,org.apache.tools.ant.taskdefs.optional.sitraka.bytecode,JarLoader,1,0,3,2,30,5,0,1,0.0,0,2
ant-ANT_154,org.apache.tools.ant.taskdefs.optional.sitraka.bytecode,DirectoryLoader,3,0,5,3,80,11,0,1,0.0,1,3
ant-ANT_154,org.apache.tools.ant.taskdefs.optional.sitraka.bytecode,DirectoryFilter,0,0,1,1,9,1,0,0,-1.0,0,0
ant-ANT_154,org.apache.tools.ant.taskdefs.optional.sitraka.bytecode,ClassFilter,0,0,1,1,8,1,0,0,-1.0,0,0
ant-ANT_154,org.apache.tools.ant.taskdefs.optional.sitraka.bytecode,MethodInfo,4,0,13,12,95,19,0,0,0.15384615384615385,3,3
ant-ANT_154,org.apache.tools.ant.taskdefs.optional.sitraka.bytecode,Utils,13,13,22,21,354,59,0,0,0.22727272727272727,4,2
ant-ANT_154,org.apache.tools.ant.taskdefs.optional.sitraka.bytecode.attributes,AttributeInfo,11,0,0,0,17,0,0,0,-1.0,2,0
ant-ANT_154,org.apache.tools.ant.taskdefs.optional.sos,SOS,16,0,33,32,303,41,4,0,0.5151515151515151,0,5
ant-ANT_154,org.apache.tools.ant.taskdefs.optional.sos,SOSCheckin,1,0,2,1,79,11,0,1,0.0,1,2
ant-ANT_154,org.apache.tools.ant.taskdefs.optional.sos,SOSCheckout,1,0,2,1,75,10,0,1,0.0,1,2
ant-ANT_154,org.apache.tools.ant.taskdefs.optional.sos,SOSCmd,26,0,0,0,32,0,0,0,-1.0,5,0
ant-ANT_154,org.apache.tools.ant.taskdefs.optional.sos,SOSGet,1,0,2,1,83,12,0,1,0.0,1,2
ant-ANT_154,org.apache.tools.ant.taskdefs.optional.sos,SOSLabel,1,0,2,1,63,9,0,1,0.0,1,2
ant-ANT_154,org.apache.tools.ant.taskdefs.optional.sos,SOSTest,18,0,14,12,514,46,0,0,0.14285714285714285,0,8
ant-ANT_154,org.apache.tools.ant.taskdefs.optional.sound,AntSoundPlayer,6,0,14,11,150,21,0,0,0.7142857142857143,1,2
ant-ANT_154,org.apache.tools.ant.taskdefs.optional.sound,SoundTask,5,0,11,11,114,18,0,0,0.5454545454545454,0,3
ant-ANT_154,org.apache.tools.ant.taskdefs.optional.sound,BuildAlert,3,0,6,6,71,11,0,0,0.5,1,1
ant-ANT_154,org.apache.tools.ant.taskdefs.optional.splash,SplashScreen,5,0,12,11,79,14,0,0,0.0,1,1
ant-ANT_154,org.apache.tools.ant.taskdefs.optional.splash,SplashTask,8,0,8,8,142,16,0,0,0.0,1,2
ant-ANT_154,org.apache.tools.ant.taskdefs.optional.splash,SplashScreenTest,0,0,1,1,26,1,0,0,-1.0,0,2
ant-ANT_154,org.apache.tools.ant.taskdefs.optional.starteam,StarTeamCheckin,4,0,15,7,225,33,0,2,0.5333333333333333,0,2
ant-ANT_154,org.apache.tools.ant.taskdefs.optional.starteam,CheckinMap,0,0,2,0,33,6,0,1,-1.0,0,2
ant-ANT_154,org.apache.tools.ant.taskdefs.optional.starteam,StarTeamCheckout,4,0,19,7,348,60,0,2,0.42105263157894735,0,2
ant-ANT_154,org.apache.tools.ant.taskdefs.optional.starteam,CheckoutMap,0,0,4,0,57,11,0,1,-1.0,0,1
ant-ANT_154,org.apache.tools.ant.taskdefs.optional.starteam,StarTeamLabel,6,0,7,6,97,10,0,1,0.2857142857142857,0,0
ant-ANT_154,org.apache.tools.ant.taskdefs.optional.starteam,StarTeamList,3,0,11,1,161,26,0,2,0.7272727272727273,1,3
ant-ANT_154,org.apache.tools.ant.taskdefs.optional.starteam,UnmatchedListingMap,0,0,2,0,42,8,0,1,-1.0,0,1
ant-ANT_154,org.apache.tools.ant.taskdefs.optional.starteam,StarTeamTask,7,0,21,14,229,27,2,0,0.0,0,1
ant-ANT_154,org.apache.tools.ant.taskdefs.optional.starteam,TreeBasedTask,10,2,36,14,407,56,3,1,0.3055555555555556,2,2
ant-ANT_154,org.apache.tools.ant.taskdefs.optional.starteam,UnmatchedFileMap,0,0,4,0,49,8,3,0,-1.0,5,1
ant-ANT_154,org.apache.tools.ant.taskdefs.optional.vss,MSVSS,27,22,8,7,175,14,8,0,0.5,0,3
ant-ANT_154,org.apache.tools.ant.taskdefs.optional.vss,MSVSSADD,5,0,11,11,125,20,0,1,0.0,0,2
ant-ANT_154,org.apache.tools.ant.taskdefs.optional.vss,MSVSSCHECKIN,5,0,11,11,143,23,0,1,0.0,0,2
ant-ANT_154,org.apache.tools.ant.taskdefs.optional.vss,MSVSSCHECKOUT,6,0,11,11,155,27,0,1,0.0,0,2
ant-ANT_154,org.apache.tools.ant.taskdefs.optional.vss,MSVSSCP,1,0,3,3,57,9,0,1,0.0,0,1
ant-ANT_154,org.apache.tools.ant.taskdefs.optional.vss,MSVSSCREATE,5,0,8,8,111,16,0,1,0.0,0,1
ant-ANT_154,org.apache.tools.ant.taskdefs.optional.vss,MSVSSGET,8,0,15,15,190,33,0,1,0.0,0,2
ant-ANT_154,org.apache.tools.ant.taskdefs.optional.vss,MSVSSHISTORY,14,4,18,12,263,43,0,1,0.16666666666666666,0,2
ant-ANT_154,org.apache.tools.ant.taskdefs.optional.vss,BriefCodediffNofile,0,0,1,1,5,1,0,0,-1.0,1,0
ant-ANT_154,org.apache.tools.ant.taskdefs.optional.vss,MSVSSLABEL,5,1,10,10,136,22,0,1,0.0,0,1
ant-ANT_154,org.apache.tools.ant.taskdefs.rmic,DefaultRmicAdapter,3,0,16,8,233,42,3,1,0.3125,0,6
ant-ANT_154,org.apache.tools.ant.taskdefs.rmic,RmicFileNameMapper,0,0,4,3,81,12,0,0,-1.0,0,1
ant-ANT_154,org.apache.tools.ant.taskdefs.rmic,KaffeRmic,0,0,1,1,30,2,0,2,-1.0,0,2
ant-ANT_154,org.apache.tools.ant.taskdefs.rmic,RmicAdapter,0,0,4,0,25,4,1,0,-1.0,1,1
ant-ANT_154,org.apache.tools.ant.taskdefs.rmic,RmicAdapterFactory,0,0,3,1,52,6,0,0,-1.0,2,2
ant-ANT_154,org.apache.tools.ant.taskdefs.rmic,SunRmic,0,0,1,1,39,2,0,2,-1.0,0,3
ant-ANT_154,org.apache.tools.ant.taskdefs.rmic,WLRmic,0,0,3,3,54,6,0,2,-1.0,0,3
ant-ANT_154,org.apache.tools.ant.types,AbstractFileSet,7,0,42,39,433,82,2,1,0.047619047619047616,2,23
ant-ANT_154,org.apache.tools.ant.types,AntFilterReader,3,0,9,9,91,18,0,1,0.0,3,4
ant-ANT_154,org.apache.tools.ant.types,Commandline,6,0,32,30,364,67,0,0,0.09375,73,4
ant-ANT_154,org.apache.tools.ant.types,Argument,1,0,5,5,43,6,0,0,0.0,2,2
ant-ANT_154,org.apache.tools.ant.types,Marker,2,0,2,1,23,4,0,0,0.0,0,1
ant-ANT_154,org.apache.tools.ant.types,CommandlineJava,8,0,32,31,274,48,0,0,0.125,14,7
ant-ANT_154,org.apache.tools.ant.types,SysProperties,1,0,5,5,59,10,0,1,0.8,2,2
ant-ANT_154,org.apache.tools.ant.types,DTDLocation,2,0,4,4,39,4,0,0,0.5,3,0
ant-ANT_154,org.apache.tools.ant.types,DataType,3,0,9,4,99,14,12,0,0.4444444444444444,0,2
ant-ANT_154,org.apache.tools.ant.types,Description,0,0,1,1,20,2,0,1,-1.0,0,0
ant-ANT_154,org.apache.tools.ant.types,DirSet,0,0,3,2,23,4,0,2,-1.0,6,1
ant-ANT_154,org.apache.tools.ant.types,EnumeratedAttribute,2,0,8,7,79,12,3,0,0.25,2,0
ant-ANT_154,org.apache.tools.ant.types,Environment,3,0,11,11,55,14,1,0,0.2727272727272727,9,2
ant-ANT_154,org.apache.tools.ant.types,Variable,2,0,8,8,32,9,0,0,0.25,1,1
ant-ANT_154,org.apache.tools.ant.types,FileList,2,0,8,6,84,19,0,1,0.25,7,3
ant-ANT_154,org.apache.tools.ant.types,FileSet,0,0,3,2,28,4,1,2,-1.0,48,1
ant-ANT_154,org.apache.tools.ant.types,FilterChain,1,0,15,15,69,17,0,1,0.0,5,15
ant-ANT_154,org.apache.tools.ant.types,FilterSet,7,2,26,23,296,46,0,1,0.19230769230769232,5,3
ant-ANT_154,org.apache.tools.ant.types,Filter,2,0,6,6,56,6,0,0,0.3333333333333333,1,0
ant-ANT_154,org.apache.tools.ant.types,FiltersFile,0,0,2,2,18,2,0,0,-1.0,0,0
ant-ANT_154,org.apache.tools.ant.types,FilterSetCollection,1,0,5,5,41,8,0,0,0.4,4,1
ant-ANT_154,org.apache.tools.ant.types,FlexInteger,1,0,3,3,26,3,0,0,0.0,1,0
ant-ANT_154,org.apache.tools.ant.types,Mapper,6,0,14,13,176,32,0,1,0.2857142857142857,10,6
ant-ANT_154,org.apache.tools.ant.types,MapperType,1,0,3,3,21,3,0,1,0.6666666666666666,1,0
ant-ANT_154,org.apache.tools.ant.types,Parameter,3,0,6,6,27,6,0,0,0.5,25,0
ant-ANT_154,org.apache.tools.ant.types,Parameterizable,0,0,1,0,7,1,0,0,-1.0,0,1
ant-ANT_154,org.apache.tools.ant.types,Path,3,1,30,25,439,85,0,1,0.0,78,10
ant-ANT_154,org.apache.tools.ant.types,PathElement,1,0,3,3,15,3,0,0,0.0,1,1
ant-ANT_154,org.apache.tools.ant.types,PatternSet,7,0,28,21,347,75,0,1,0.10714285714285714,7,4
ant-ANT_154,org.apache.tools.ant.types,NameEntry,3,0,7,6,50,12,0,0,0.0,1,1
ant-ANT_154,org.apache.tools.ant.types,Reference,1,0,5,5,30,7,0,0,0.4,14,1
ant-ANT_154,org.apache.tools.ant.types,RegularExpression,3,1,5,5,56,9,0,1,0.0,2,3
ant-ANT_154,org.apache.tools.ant.types,Resource,4,0,13,13,91,13,0,0,0.23076923076923078,5,0
ant-ANT_154,org.apache.tools.ant.types,ResourceFactory,0,0,1,0,13,1,0,0,-1.0,1,0
ant-ANT_154,org.apache.tools.ant.types,Substitution,2,1,4,4,45,7,0,1,0.0,1,1
ant-ANT_154,org.apache.tools.ant.types,XMLCatalog,3,0,21,10,356,51,0,1,0.09523809523809523,4,7
ant-ANT_154,org.apache.tools.ant.types,ZipFileSet,8,2,16,13,154,22,0,3,0.1875,5,5
ant-ANT_154,org.apache.tools.ant.types,ZipScanner,3,0,7,6,158,23,0,0,0.2857142857142857,2,1
ant-ANT_154,org.apache.tools.ant.types,AbstractFileSetTest,1,0,6,4,172,6,2,0,0.3333333333333333,0,2
ant-ANT_154,org.apache.tools.ant.types,CommandlineJavaTest,1,0,5,5,78,5,0,0,0.8,0,3
ant-ANT_154,org.apache.tools.ant.types,CommandlineTest,0,0,4,4,95,5,0,0,-1.0,0,1
ant-ANT_154,org.apache.tools.ant.types,DescriptionTest,0,0,7,7,29,7,0,0,-1.0,0,0
ant-ANT_154,org.apache.tools.ant.types,DirSetTest,0,0,3,2,38,3,0,1,-1.0,0,2
ant-ANT_154,org.apache.tools.ant.types,EnumeratedAttributeTest,1,0,5,5,55,7,0,0,0.6,0,1
ant-ANT_154,org.apache.tools.ant.types,TestNormal,0,0,1,1,5,1,0,1,-1.0,0,0
ant-ANT_154,org.apache.tools.ant.types,TestNull,0,0,1,1,5,1,0,1,-1.0,0,0
ant-ANT_154,org.apache.tools.ant.types,FileListTest,1,0,4,4,103,4,0,0,0.5,0,2
ant-ANT_154,org.apache.tools.ant.types,FileSetTest,0,0,2,1,12,2,0,1,-1.0,0,0
ant-ANT_154,org.apache.tools.ant.types,FilterSetTest,1,0,8,7,82,13,0,0,0.625,0,1
ant-ANT_154,org.apache.tools.ant.types,FlexIntegerTest,3,0,8,8,37,9,0,0,0.625,0,2
ant-ANT_154,org.apache.tools.ant.types,MapperTest,1,0,9,8,122,9,0,0,0.7777777777777778,0,3
ant-ANT_154,org.apache.tools.ant.types,TaskdefForCopyTest,0,0,4,3,14,4,0,0,-1.0,1,0
ant-ANT_154,org.apache.tools.ant.types,PathTest,3,2,15,15,446,43,0,0,0.13333333333333333,0,5
ant-ANT_154,org.apache.tools.ant.types,PatternSetTest,1,0,5,5,154,5,0,0,0.6,0,2
ant-ANT_154,org.apache.tools.ant.types,XMLCatalogBuildFileTest,0,0,7,7,31,7,0,0,-1.0,0,0
ant-ANT_154,org.apache.tools.ant.types,XMLCatalogTest,3,0,14,12,279,14,0,0,0.14285714285714285,0,5
ant-ANT_154,org.apache.tools.ant.types.optional.depend,ClassfileSet,3,0,9,8,112,14,0,0,0.3333333333333333,1,6
ant-ANT_154,org.apache.tools.ant.types.optional.depend,ClassRoot,1,0,2,2,23,2,0,0,0.0,1,0
ant-ANT_154,org.apache.tools.ant.types.optional.depend,DependScanner,5,1,15,15,153,20,0,0,0.6666666666666666,1,2
ant-ANT_154,org.apache.tools.ant.types.optional.depend,ClassFileSetTest,1,1,7,7,74,10,0,0,0.7142857142857143,0,3
ant-ANT_154,org.apache.tools.ant.types.selectors,AndSelector,0,0,3,3,40,6,1,3,-1.0,4,0
ant-ANT_154,org.apache.tools.ant.types.selectors,BaseExtendSelector,1,0,4,3,38,4,5,2,0.75,0,1
ant-ANT_154,org.apache.tools.ant.types.selectors,BaseSelector,1,0,6,6,53,9,5,1,0.5,1,0
ant-ANT_154,org.apache.tools.ant.types.selectors,BaseSelectorContainer,1,0,23,23,173,29,4,2,0.13043478260869565,0,16
ant-ANT_154,org.apache.tools.ant.types.selectors,ContainsSelector,4,2,7,7,112,18,0,3,0.2857142857142857,5,2
ant-ANT_154,org.apache.tools.ant.types.selectors,DateSelector,10,5,12,12,175,29,0,3,0.16666666666666666,5,4
ant-ANT_154,org.apache.tools.ant.types.selectors,TimeComparisons,0,0,1,1,8,1,0,0,-1.0,1,0
ant-ANT_154,org.apache.tools.ant.types.selectors,DependSelector,4,0,7,7,97,17,0,2,0.0,5,4
ant-ANT_154,org.apache.tools.ant.types.selectors,DepthSelector,4,4,7,7,114,19,0,3,0.2857142857142857,5,1
ant-ANT_154,org.apache.tools.ant.types.selectors,ExtendFileSelector,0,0,0,0,7,0,1,1,-1.0,0,0
ant-ANT_154,org.apache.tools.ant.types.selectors,ExtendSelector,4,0,10,10,131,22,0,2,0.2,4,5
ant-ANT_154,org.apache.tools.ant.types.selectors,FileSelector,0,0,1,1,16,1,2,0,-1.0,8,0
ant-ANT_154,org.apache.tools.ant.types.selectors,FilenameSelector,6,3,8,8,103,17,0,3,0.25,5,3
ant-ANT_154,org.apache.tools.ant.types.selectors,MajoritySelector,1,0,4,4,55,9,0,3,0.75,4,0
ant-ANT_154,org.apache.tools.ant.types.selectors,NoneSelector,0,0,3,3,40,6,1,3,-1.0,4,0
ant-ANT_154,org.apache.tools.ant.types.selectors,NotSelector,0,0,3,3,29,5,0,4,-1.0,4,0
ant-ANT_154,org.apache.tools.ant.types.selectors,OrSelector,0,0,3,3,40,6,0,3,-1.0,4,0
ant-ANT_154,org.apache.tools.ant.types.selectors,PresentSelector,4,0,8,8,108,19,0,2,0.375,5,3
ant-ANT_154,org.apache.tools.ant.types.selectors,FilePresence,0,0,1,1,8,1,0,0,-1.0,1,0
ant-ANT_154,org.apache.tools.ant.types.selectors,SelectSelector,0,0,9,8,83,16,0,4,-1.0,4,2
ant-ANT_154,org.apache.tools.ant.types.selectors,SelectorContainer,0,0,19,19,89,19,1,0,-1.0,0,16
ant-ANT_154,org.apache.tools.ant.types.selectors,SelectorScanner,0,0,3,2,22,3,0,0,-1.0,1,1
ant-ANT_154,org.apache.tools.ant.types.selectors,SelectorUtils,1,0,10,9,342,79,0,0,0.4,4,1
ant-ANT_154,org.apache.tools.ant.types.selectors,SizeSelector,7,3,10,10,169,33,0,3,0.4,5,3
ant-ANT_154,org.apache.tools.ant.types.selectors,ByteUnits,0,0,1,1,8,1,0,0,-1.0,1,0
ant-ANT_154,org.apache.tools.ant.types.selectors,SizeComparisons,0,0,1,1,8,1,0,0,-1.0,1,0
ant-ANT_154,org.apache.tools.ant.types.selectors,BaseSelectorTest,11,0,18,13,134,24,7,0,0.5,0,4
ant-ANT_154,org.apache.tools.ant.types.selectors,TaskdefForMakingBed,0,0,6,5,20,6,0,0,-1.0,1,0
ant-ANT_154,org.apache.tools.ant.types.selectors,ContainsSelectorTest,1,0,4,4,73,4,0,1,0.5,0,3
ant-ANT_154,org.apache.tools.ant.types.selectors,DateSelectorTest,1,0,4,4,178,5,0,1,0.5,0,4
ant-ANT_154,org.apache.tools.ant.types.selectors,DependSelectorTest,1,0,4,4,125,5,0,1,0.5,0,4
ant-ANT_154,org.apache.tools.ant.types.selectors,DepthSelectorTest,1,0,4,4,114,4,0,1,0.5,0,3
ant-ANT_154,org.apache.tools.ant.types.selectors,FilenameSelectorTest,1,0,4,4,80,4,0,1,0.5,0,3
ant-ANT_154,org.apache.tools.ant.types.selectors,PresentSelectorTest,1,0,4,4,111,5,0,1,0.5,0,4
ant-ANT_154,org.apache.tools.ant.types.selectors,SizeSelectorTest,1,0,4,4,154,4,0,1,0.5,0,3
ant-ANT_154,org.apache.tools.ant.util,CollectionUtils,0,0,2,2,55,12,0,0,-1.0,4,0
ant-ANT_154,org.apache.tools.ant.util,DOMElementWriter,3,0,6,6,214,39,0,0,0.0,2,0
ant-ANT_154,org.apache.tools.ant.util,DateUtils,10,4,7,5,118,10,0,0,0.8571428571428571,9,1
ant-ANT_154,org.apache.tools.ant.util,FileNameMapper,0,0,3,0,19,3,5,0,-1.0,12,0
ant-ANT_154,org.apache.tools.ant.util,FileUtils,4,0,28,26,570,98,0,0,0.7142857142857143,51,5
ant-ANT_154,org.apache.tools.ant.util,FlatFileNameMapper,0,0,3,3,22,3,0,1,-1.0,0,0
ant-ANT_154,org.apache.tools.ant.util,GlobPatternMapper,6,0,4,3,75,7,1,1,0.0,3,0
ant-ANT_154,org.apache.tools.ant.util,IdentityMapper,0,0,3,3,22,3,0,1,-1.0,0,0
ant-ANT_154,org.apache.tools.ant.util,JAXPUtils,2,0,7,5,110,10,0,0,0.2857142857142857,6,1
ant-ANT_154,org.apache.tools.ant.util,JavaEnvUtils,13,5,9,6,243,28,0,0,0.3333333333333333,35,2
ant-ANT_154,org.apache.tools.ant.util,KeepAliveOutputStream,0,0,2,2,14,2,0,0,-1.0,0,0
ant-ANT_154,org.apache.tools.ant.util,LoaderUtils,2,0,3,3,68,5,0,0,0.0,2,0
ant-ANT_154,org.apache.tools.ant.util,MergingMapper,1,0,3,3,24,3,0,1,0.6666666666666666,3,0
ant-ANT_154,org.apache.tools.ant.util,PackageNameMapper,0,0,1,0,15,1,0,2,-1.0,1,0
ant-ANT_154,org.apache.tools.ant.util,RegexpPatternMapper,3,0,5,4,65,10,0,1,0.0,0,1
ant-ANT_154,org.apache.tools.ant.util,ResourceUtils,0,0,1,1,61,10,0,0,-1.0,2,6
ant-ANT_154,org.apache.tools.ant.util,SourceFileScanner,3,0,4,4,61,7,0,0,0.0,7,5
ant-ANT_154,org.apache.tools.ant.util,StringUtils,1,1,4,4,67,6,0,0,0.75,22,1
ant-ANT_154,org.apache.tools.ant.util,TaskLogger,1,0,6,6,29,6,0,0,0.0,0,2
ant-ANT_154,org.apache.tools.ant.util,TimeoutObserver,0,0,1,0,9,1,0,0,-1.0,1,1
ant-ANT_154,org.apache.tools.ant.util,Watchdog,3,0,7,6,52,10,0,0,0.0,3,1
ant-ANT_154,org.apache.tools.ant.util,CollectionUtilsTest,0,0,3,3,72,3,0,0,-1.0,0,1
ant-ANT_154,org.apache.tools.ant.util,DOMElementWriterTest,1,0,5,5,65,5,0,0,0.4,0,1
ant-ANT_154,org.apache.tools.ant.util,DateUtilsTest,0,0,7,7,54,7,0,0,-1.0,0,1
ant-ANT_154,org.apache.tools.ant.util,FileUtilsTest,3,0,12,11,206,15,0,0,0.16666666666666666,0,2
ant-ANT_154,org.apache.tools.ant.util,GlobPatternMapperTest,0,0,5,5,63,5,0,0,-1.0,0,1
ant-ANT_154,org.apache.tools.ant.util,JAXPUtilsTest,0,0,2,2,21,3,0,0,-1.0,0,1
ant-ANT_154,org.apache.tools.ant.util,JavaEnvUtilsTest,0,0,4,4,78,11,0,0,-1.0,0,3
ant-ANT_154,org.apache.tools.ant.util,PackageNameMapperTest,0,0,3,2,16,3,0,0,-1.0,0,1
ant-ANT_154,org.apache.tools.ant.util,StringUtilsTest,0,0,4,4,33,4,0,0,-1.0,0,1
ant-ANT_154,org.apache.tools.ant.util.depend,AbstractAnalyzer,8,1,16,10,205,29,0,1,0.25,0,1
ant-ANT_154,org.apache.tools.ant.util.depend,DependencyAnalyzer,0,0,10,0,60,10,1,0,-1.0,3,1
ant-ANT_154,org.apache.tools.ant.util.depend.bcel,AncestorAnalyzer,0,0,3,1,85,14,0,0,-1.0,0,0
ant-ANT_154,org.apache.tools.ant.util.depend.bcel,DependencyVisitor,2,0,10,7,95,12,0,0,0.0,1,0
ant-ANT_154,org.apache.tools.ant.util.depend.bcel,FullAnalyzer,0,0,3,1,79,12,0,0,-1.0,0,1
ant-ANT_154,org.apache.tools.ant.util.facade,FacadeTaskHelper,4,0,9,9,81,9,0,0,0.2222222222222222,3,1
ant-ANT_154,org.apache.tools.ant.util.facade,ImplementationSpecificArgument,1,0,3,3,23,4,0,0,0.6666666666666666,2,1
ant-ANT_154,org.apache.tools.ant.util.facade,FacadeTaskHelperTest,0,0,3,3,35,3,0,0,-1.0,0,1
ant-ANT_154,org.apache.tools.ant.util.facade,ImplementationSpecificArgumentTest,0,0,2,2,32,2,0,0,-1.0,0,1
ant-ANT_154,org.apache.tools.ant.util.optional,NoExitSecurityManager,0,0,2,2,12,2,0,0,-1.0,0,0
ant-ANT_154,org.apache.tools.ant.util.regexp,JakartaOroMatcher,3,0,9,7,83,14,1,1,0.2222222222222222,0,1
ant-ANT_154,org.apache.tools.ant.util.regexp,JakartaOroRegexp,0,0,3,2,43,8,0,2,-1.0,0,1
ant-ANT_154,org.apache.tools.ant.util.regexp,JakartaRegexpMatcher,1,0,9,6,77,14,1,1,0.3333333333333333,0,1
ant-ANT_154,org.apache.tools.ant.util.regexp,JakartaRegexpRegexp,0,0,3,2,45,8,0,2,-1.0,0,1
ant-ANT_154,org.apache.tools.ant.util.regexp,Jdk14RegexpMatcher,1,0,9,7,85,14,1,1,0.2222222222222222,0,1
ant-ANT_154,org.apache.tools.ant.util.regexp,Jdk14RegexpRegexp,0,0,3,2,59,10,0,2,-1.0,0,1
ant-ANT_154,org.apache.tools.ant.util.regexp,Regexp,2,0,1,0,21,1,3,1,-1.0,4,0
ant-ANT_154,org.apache.tools.ant.util.regexp,RegexpFactory,0,0,4,3,64,7,0,1,-1.0,1,2
ant-ANT_154,org.apache.tools.ant.util.regexp,RegexpMatcher,4,0,6,0,51,6,4,0,-1.0,5,0
ant-ANT_154,org.apache.tools.ant.util.regexp,RegexpMatcherFactory,0,0,5,3,66,7,1,0,-1.0,1,1
ant-ANT_154,org.apache.tools.ant.util.regexp,RegexpUtil,0,0,2,2,12,2,0,0,-1.0,6,0
ant-ANT_154,org.apache.tools.ant.util.regexp,JakartaOroMatcherTest,0,0,2,2,12,2,0,1,-1.0,0,0
ant-ANT_154,org.apache.tools.ant.util.regexp,JakartaOroRegexpTest,0,0,2,2,12,2,0,2,-1.0,0,0
ant-ANT_154,org.apache.tools.ant.util.regexp,JakartaRegexpMatcherTest,0,0,5,4,36,5,0,1,-1.0,0,0
ant-ANT_154,org.apache.tools.ant.util.regexp,JakartaRegexpRegexpTest,0,0,5,4,36,5,0,2,-1.0,0,0
ant-ANT_154,org.apache.tools.ant.util.regexp,Jdk14RegexpMatcherTest,0,0,6,6,44,6,0,1,-1.0,0,0
ant-ANT_154,org.apache.tools.ant.util.regexp,Jdk14RegexpRegexpTest,0,0,6,6,44,6,0,2,-1.0,0,0
ant-ANT_154,org.apache.tools.ant.util.regexp,RegexpMatcherTest,2,1,19,14,129,19,4,0,0.10526315789473684,0,1
ant-ANT_154,org.apache.tools.ant.util.regexp,RegexpTest,2,0,6,6,33,6,3,1,0.5,0,1
ant-ANT_154,org.apache.tools.bzip2,BZip2Constants,11,0,0,0,17,0,2,0,-1.0,0,0
ant-ANT_154,org.apache.tools.bzip2,CBZip2InputStream,47,0,32,2,695,123,0,1,0.0,2,2
ant-ANT_154,org.apache.tools.bzip2,CBZip2OutputStream,45,0,33,6,1267,238,0,1,0.06060606060606061,2,2
ant-ANT_154,org.apache.tools.bzip2,StackElem,3,0,0,0,5,0,0,0,-1.0,0,0
ant-ANT_154,org.apache.tools.bzip2,CRC,2,1,6,1,30,7,0,0,0.0,3,1
ant-ANT_154,org.apache.tools.mail,ErrorInQuitException,0,0,1,1,10,1,0,0,-1.0,0,0
ant-ANT_154,org.apache.tools.mail,MailMessage,10,1,29,12,283,47,0,0,0.0,3,2
ant-ANT_154,org.apache.tools.mail,MailPrintStream,1,0,5,3,34,9,0,0,0.4,0,0
ant-ANT_154,org.apache.tools.mail,SmtpResponseReader,2,0,5,3,55,9,0,0,0.0,1,0
ant-ANT_154,org.apache.tools.tar,TarBuffer,11,2,21,17,260,56,0,0,0.0,3,1
ant-ANT_154,org.apache.tools.tar,TarConstants,24,0,0,0,103,0,1,0,-1.0,2,0
ant-ANT_154,org.apache.tools.tar,TarEntry,15,0,32,31,429,49,0,1,0.0,5,2
ant-ANT_154,org.apache.tools.tar,TarInputStream,9,0,16,16,240,41,0,0,0.375,1,2
ant-ANT_154,org.apache.tools.tar,TarOutputStream,12,3,15,14,189,28,0,0,0.2,1,3
ant-ANT_154,org.apache.tools.tar,TarUtils,0,0,7,7,136,20,0,0,-1.0,2,1
ant-ANT_154,org.apache.tools.zip,AsiExtraField,7,0,19,18,211,23,0,1,0.15789473684210525,3,1
ant-ANT_154,org.apache.tools.zip,ExtraFieldUtils,1,0,5,5,121,13,0,0,0.6,3,4
ant-ANT_154,org.apache.tools.zip,UnixStat,7,0,0,0,42,0,3,0,-1.0,1,0
ant-ANT_154,org.apache.tools.zip,UnrecognizedExtraField,3,0,9,9,57,11,0,1,0.2222222222222222,3,1
ant-ANT_154,org.apache.tools.zip,ZipEntry,10,0,23,19,292,37,0,0,0.13043478260869565,4,4
ant-ANT_154,org.apache.tools.zip,ZipExtraField,0,0,6,0,37,6,2,0,-1.0,4,0
ant-ANT_154,org.apache.tools.zip,ZipLong,1,0,7,7,68,8,0,0,0.2857142857142857,2,0
ant-ANT_154,org.apache.tools.zip,ZipOutputStream,22,2,16,10,414,36,0,0,0.125,5,3
ant-ANT_154,org.apache.tools.zip,ZipShort,1,0,7,7,64,8,0,0,0.2857142857142857,5,0
ant-ANT_154,org.apache.tools.zip,AsiExtraFieldTest,0,0,4,4,85,6,0,1,-1.0,0,1
ant-ANT_154,org.apache.tools.zip,ExtraFieldUtilsTest,4,0,4,4,71,6,0,1,0.5,0,4
ant-ANT_154,org.apache.tools.zip,ZipEntryTest,0,0,2,2,57,2,0,0,-1.0,0,4
ant-ANT_154,org.apache.tools.zip,ZipLongTest,0,0,5,5,50,5,0,0,-1.0,0,1
ant-ANT_154,org.apache.tools.zip,ZipShortTest,0,0,5,5,48,5,0,0,-1.0,0,1
ant-ANT_154,org.apache.tools.ant.taskdefs.dir1,B,0,0,1,1,9,1,0,0,-1.0,0,0
ant-ANT_154,org.apache.tools.ant.taskdefs.dir2,A,1,0,3,2,16,3,0,0,0.6666666666666666,1,1
ant-ANT_154,org.example.junit,Output,0,0,2,2,13,2,0,0,-1.0,0,0
ant-ANT_154,org.example.junit,ThreadedOutput,0,0,3,3,20,3,0,0,-1.0,0,0
ant-ANT_154,org.example.tasks,TaskdefTestContainerTask,0,0,1,1,4,1,0,0,-1.0,0,0
ant-ANT_154,org.example.tasks,TaskdefTestSimpleTask,2,0,5,4,20,5,0,0,0.6,0,2
ant-ANT_154,org.example.tasks,Echo,1,0,2,1,8,2,0,0,1.0,1,0
ant-ANT_154,org.example.types,TypedefTestType,0,0,0,0,2,0,0,0,-1.0,0,0
