Project Name,Package Name,Type Name,Code Smell
deeplearning4j-_old-0.4-rc3.4,org.deeplearning4j.cli.api.flags,BaseIOFlag,Unutilized Abstraction
deeplearning4j-_old-0.4-rc3.4,org.deeplearning4j.cli.api.flags,Computation,Unutilized Abstraction
deeplearning4j-_old-0.4-rc3.4,org.deeplearning4j.cli.api.flags,DistributedSystem,Unutilized Abstraction
deeplearning4j-_old-0.4-rc3.4,org.deeplearning4j.cli.api.flags,Input,Unutilized Abstraction
deeplearning4j-_old-0.4-rc3.4,org.deeplearning4j.cli.api.flags,Input,Broken Hierarchy
deeplearning4j-_old-0.4-rc3.4,org.deeplearning4j.cli.api.flags,Output,Unutilized Abstraction
deeplearning4j-_old-0.4-rc3.4,org.deeplearning4j.cli.api.flags,Output,Broken Hierarchy
deeplearning4j-_old-0.4-rc3.4,org.deeplearning4j.cli.api.flags.test,BaseFlagTest,Unutilized Abstraction
deeplearning4j-_old-0.4-rc3.4,org.deeplearning4j.cli.api.schemes,BaseScheme,Unutilized Abstraction
deeplearning4j-_old-0.4-rc3.4,org.deeplearning4j.cli.api.schemes,BaseScheme,Rebellious Hierarchy
deeplearning4j-_old-0.4-rc3.4,org.deeplearning4j.cli.api.schemes,Schemes,Unutilized Abstraction
deeplearning4j-_old-0.4-rc3.4,org.deeplearning4j.cli.files,FileRecordReaderFactory,Unutilized Abstraction
deeplearning4j-_old-0.4-rc3.4,org.deeplearning4j.cli.files,FileRecordWriterFactory,Unutilized Abstraction
deeplearning4j-_old-0.4-rc3.4,org.deeplearning4j.cli.files,FileScheme,Unutilized Abstraction
deeplearning4j-_old-0.4-rc3.4,org.deeplearning4j.cli.subcommands,BaseSubCommand,Unutilized Abstraction
deeplearning4j-_old-0.4-rc3.4,org.deeplearning4j.cli.subcommands,BaseSubCommand,Broken Hierarchy
deeplearning4j-_old-0.4-rc3.4,org.deeplearning4j.cli.subcommands,Predict,Unutilized Abstraction
deeplearning4j-_old-0.4-rc3.4,org.deeplearning4j.cli.subcommands,Predict,Broken Hierarchy
deeplearning4j-_old-0.4-rc3.4,org.deeplearning4j.cli.subcommands,Test,Unutilized Abstraction
deeplearning4j-_old-0.4-rc3.4,org.deeplearning4j.cli.subcommands,Test,Broken Hierarchy
deeplearning4j-_old-0.4-rc3.4,org.deeplearning4j.cli.subcommands,Train,Unutilized Abstraction
deeplearning4j-_old-0.4-rc3.4,org.deeplearning4j.cli.subcommands,Train,Deficient Encapsulation
deeplearning4j-_old-0.4-rc3.4,org.deeplearning4j.cli.subcommands,Train,Broken Hierarchy
deeplearning4j-_old-0.4-rc3.4,org.deeplearning4j.cli.subcommands,BaseSubCommandTest,Unutilized Abstraction
deeplearning4j-_old-0.4-rc3.4,org.deeplearning4j.cli.subcommands,DummySubCommand,Unutilized Abstraction
deeplearning4j-_old-0.4-rc3.4,org.deeplearning4j.cli.subcommands,DummySubCommand,Broken Hierarchy
deeplearning4j-_old-0.4-rc3.4,org.deeplearning4j.cli.subcommands,TrainTest,Unutilized Abstraction
deeplearning4j-_old-0.4-rc3.4,org.deeplearning4j.cli,TrainConfigTest,Unutilized Abstraction
deeplearning4j-_old-0.4-rc3.4,org.deeplearning4j.cli,TrainMultiLayerConfigTest,Unutilized Abstraction
deeplearning4j-_old-0.4-rc3.4,org.deeplearning4j.cli.flags,PropertiesFlagTest,Unutilized Abstraction
deeplearning4j-_old-0.4-rc3.4,org.deeplearning4j.cli.schemes,BaseSchemeTest,Unutilized Abstraction
deeplearning4j-_old-0.4-rc3.4,org.deeplearning4j.cli.schemes,FileSchemeTest,Unutilized Abstraction
deeplearning4j-_old-0.4-rc3.4,org.deeplearning4j.base,LFWLoader,Deficient Encapsulation
deeplearning4j-_old-0.4-rc3.4,org.deeplearning4j.base,MnistFetcher,Deficient Encapsulation
deeplearning4j-_old-0.4-rc3.4,org.deeplearning4j.berkeley,Counter,Cyclic-Dependent Modularization
deeplearning4j-_old-0.4-rc3.4,org.deeplearning4j.berkeley,Counter,Insufficient Modularization
deeplearning4j-_old-0.4-rc3.4,org.deeplearning4j.berkeley,CounterMap,Insufficient Modularization
deeplearning4j-_old-0.4-rc3.4,org.deeplearning4j.berkeley,PairIterator,Unutilized Abstraction
deeplearning4j-_old-0.4-rc3.4,org.deeplearning4j.berkeley,DefaultFactory,Unutilized Abstraction
deeplearning4j-_old-0.4-rc3.4,org.deeplearning4j.berkeley,Iterators,Insufficient Modularization
deeplearning4j-_old-0.4-rc3.4,org.deeplearning4j.berkeley,Transform,Unutilized Abstraction
deeplearning4j-_old-0.4-rc3.4,org.deeplearning4j.berkeley,IteratorIterator,Unutilized Abstraction
deeplearning4j-_old-0.4-rc3.4,org.deeplearning4j.berkeley,FilteredIterator,Unutilized Abstraction
deeplearning4j-_old-0.4-rc3.4,org.deeplearning4j.berkeley,TransformingIterator,Unutilized Abstraction
deeplearning4j-_old-0.4-rc3.4,org.deeplearning4j.berkeley,HashMapFactory,Unutilized Abstraction
deeplearning4j-_old-0.4-rc3.4,org.deeplearning4j.berkeley,IdentityHashMapFactory,Unutilized Abstraction
deeplearning4j-_old-0.4-rc3.4,org.deeplearning4j.berkeley,TreeMapFactory,Unutilized Abstraction
deeplearning4j-_old-0.4-rc3.4,org.deeplearning4j.berkeley,WeakHashMapFactory,Unutilized Abstraction
deeplearning4j-_old-0.4-rc3.4,org.deeplearning4j.berkeley,FirstComparator,Unutilized Abstraction
deeplearning4j-_old-0.4-rc3.4,org.deeplearning4j.berkeley,ReverseFirstComparator,Unutilized Abstraction
deeplearning4j-_old-0.4-rc3.4,org.deeplearning4j.berkeley,SecondComparator,Unutilized Abstraction
deeplearning4j-_old-0.4-rc3.4,org.deeplearning4j.berkeley,ReverseSecondComparator,Unutilized Abstraction
deeplearning4j-_old-0.4-rc3.4,org.deeplearning4j.berkeley,LexicographicPairComparator,Unutilized Abstraction
deeplearning4j-_old-0.4-rc3.4,org.deeplearning4j.berkeley,DefaultLexicographicPairComparator,Unutilized Abstraction
deeplearning4j-_old-0.4-rc3.4,org.deeplearning4j.berkeley,PriorityQueue,Unutilized Abstraction
deeplearning4j-_old-0.4-rc3.4,org.deeplearning4j.berkeley,PriorityQueue,Cyclic-Dependent Modularization
deeplearning4j-_old-0.4-rc3.4,org.deeplearning4j.berkeley,PriorityQueueInterface,Unutilized Abstraction
deeplearning4j-_old-0.4-rc3.4,org.deeplearning4j.berkeley,SloppyMath,Deficient Encapsulation
deeplearning4j-_old-0.4-rc3.4,org.deeplearning4j.berkeley,SloppyMath,Insufficient Modularization
deeplearning4j-_old-0.4-rc3.4,org.deeplearning4j.berkeley,StringUtils,Insufficient Modularization
deeplearning4j-_old-0.4-rc3.4,org.deeplearning4j.clustering,ClusterSet,Unutilized Abstraction
deeplearning4j-_old-0.4-rc3.4,org.deeplearning4j.clustering,ClusteringAlgorithm,Unutilized Abstraction
deeplearning4j-_old-0.4-rc3.4,org.deeplearning4j.clustering.algorithm,BaseClusteringAlgorithm,Unutilized Abstraction
deeplearning4j-_old-0.4-rc3.4,org.deeplearning4j.clustering.algorithm,ClusteringAlgorithm,Unutilized Abstraction
deeplearning4j-_old-0.4-rc3.4,org.deeplearning4j.clustering.algorithm.condition,VarianceVariationCondition,Unutilized Abstraction
deeplearning4j-_old-0.4-rc3.4,org.deeplearning4j.clustering.algorithm.strategy,BaseClusteringStrategy,Unutilized Abstraction
deeplearning4j-_old-0.4-rc3.4,org.deeplearning4j.clustering.algorithm.strategy,FixedClusterCountStrategy,Unutilized Abstraction
deeplearning4j-_old-0.4-rc3.4,org.deeplearning4j.clustering.algorithm.strategy,FixedClusterCountStrategy,Deficient Encapsulation
deeplearning4j-_old-0.4-rc3.4,org.deeplearning4j.clustering.algorithm.strategy,FixedClusterCountStrategy,Broken Hierarchy
deeplearning4j-_old-0.4-rc3.4,org.deeplearning4j.clustering.algorithm.strategy,OptimisationStrategy,Unutilized Abstraction
deeplearning4j-_old-0.4-rc3.4,org.deeplearning4j.clustering.algorithm.strategy,OptimisationStrategy,Deficient Encapsulation
deeplearning4j-_old-0.4-rc3.4,org.deeplearning4j.clustering.algorithm.strategy,OptimisationStrategy,Broken Hierarchy
deeplearning4j-_old-0.4-rc3.4,org.deeplearning4j.clustering.cluster,ClusterSet,Insufficient Modularization
deeplearning4j-_old-0.4-rc3.4,org.deeplearning4j.clustering.cluster,ClusterUtils,Insufficient Modularization
deeplearning4j-_old-0.4-rc3.4,org.deeplearning4j.clustering.kdtree,KDTree,Deficient Encapsulation
deeplearning4j-_old-0.4-rc3.4,org.deeplearning4j.clustering.kdtree,KDTreeTest,Unutilized Abstraction
deeplearning4j-_old-0.4-rc3.4,org.deeplearning4j.clustering.kmeans,KMeansClustering,Unutilized Abstraction
deeplearning4j-_old-0.4-rc3.4,org.deeplearning4j.clustering.quadtree,QuadTree,Insufficient Modularization
deeplearning4j-_old-0.4-rc3.4,org.deeplearning4j.clustering.quadtree,QuadTreeTest,Unutilized Abstraction
deeplearning4j-_old-0.4-rc3.4,org.deeplearning4j.clustering.sptree,SpTree,Deficient Encapsulation
deeplearning4j-_old-0.4-rc3.4,org.deeplearning4j.clustering.sptree,SpTree,Insufficient Modularization
deeplearning4j-_old-0.4-rc3.4,org.deeplearning4j.clustering.sptree,SPTreeTest,Unutilized Abstraction
deeplearning4j-_old-0.4-rc3.4,org.deeplearning4j.clustering.vptree,VPTree,Insufficient Modularization
deeplearning4j-_old-0.4-rc3.4,org.deeplearning4j.clustering.vptree,VpTreeNodeTest,Unutilized Abstraction
deeplearning4j-_old-0.4-rc3.4,org.deeplearning4j.datasets.canova,RecordReaderDataSetIterator,Unutilized Abstraction
deeplearning4j-_old-0.4-rc3.4,org.deeplearning4j.datasets.canova,RecordReaderDataSetIterator,Insufficient Modularization
deeplearning4j-_old-0.4-rc3.4,org.deeplearning4j.datasets.canova,RecordReaderDataSetiteratorTest,Unutilized Abstraction
deeplearning4j-_old-0.4-rc3.4,org.deeplearning4j.datasets.creator,DataSetIteratorFactory,Unutilized Abstraction
deeplearning4j-_old-0.4-rc3.4,org.deeplearning4j.datasets.creator,MnistDataSetCreator,Unutilized Abstraction
deeplearning4j-_old-0.4-rc3.4,org.deeplearning4j.datasets.fetchers,BaseDataFetcher,Unutilized Abstraction
deeplearning4j-_old-0.4-rc3.4,org.deeplearning4j.datasets.fetchers,CSVDataFetcher,Unutilized Abstraction
deeplearning4j-_old-0.4-rc3.4,org.deeplearning4j.datasets.fetchers,CSVDataFetcher,Broken Hierarchy
deeplearning4j-_old-0.4-rc3.4,org.deeplearning4j.datasets.fetchers,CurvesDataFetcher,Unutilized Abstraction
deeplearning4j-_old-0.4-rc3.4,org.deeplearning4j.datasets.fetchers,CurvesDataFetcher,Deficient Encapsulation
deeplearning4j-_old-0.4-rc3.4,org.deeplearning4j.datasets.fetchers,IrisDataFetcher,Unutilized Abstraction
deeplearning4j-_old-0.4-rc3.4,org.deeplearning4j.datasets.fetchers,IrisDataFetcher,Deficient Encapsulation
deeplearning4j-_old-0.4-rc3.4,org.deeplearning4j.datasets.fetchers,IrisDataFetcher,Broken Hierarchy
deeplearning4j-_old-0.4-rc3.4,org.deeplearning4j.datasets.fetchers,LFWDataFetcher,Unutilized Abstraction
deeplearning4j-_old-0.4-rc3.4,org.deeplearning4j.datasets.fetchers,LFWDataFetcher,Deficient Encapsulation
deeplearning4j-_old-0.4-rc3.4,org.deeplearning4j.datasets.fetchers,MnistDataFetcher,Unutilized Abstraction
deeplearning4j-_old-0.4-rc3.4,org.deeplearning4j.datasets.fetchers,MnistDataFetcher,Deficient Encapsulation
deeplearning4j-_old-0.4-rc3.4,org.deeplearning4j.datasets.fetchers,IrisDataFetcherTest,Unutilized Abstraction
deeplearning4j-_old-0.4-rc3.4,org.deeplearning4j.datasets.iterator,BaseDatasetIterator,Unutilized Abstraction
deeplearning4j-_old-0.4-rc3.4,org.deeplearning4j.datasets.iterator,BaseDatasetIterator,Broken Hierarchy
deeplearning4j-_old-0.4-rc3.4,org.deeplearning4j.datasets.iterator,CSVDataSetIterator,Unutilized Abstraction
deeplearning4j-_old-0.4-rc3.4,org.deeplearning4j.datasets.iterator,CSVDataSetIterator,Broken Hierarchy
deeplearning4j-_old-0.4-rc3.4,org.deeplearning4j.datasets.iterator,CurvesDataSetIterator,Unutilized Abstraction
deeplearning4j-_old-0.4-rc3.4,org.deeplearning4j.datasets.iterator,CurvesDataSetIterator,Broken Hierarchy
deeplearning4j-_old-0.4-rc3.4,org.deeplearning4j.datasets.iterator,DataSetIterator,Unnecessary Abstraction
deeplearning4j-_old-0.4-rc3.4,org.deeplearning4j.datasets.iterator,DataSetPreProcessor,Unnecessary Abstraction
deeplearning4j-_old-0.4-rc3.4,org.deeplearning4j.datasets.iterator,MovingWindowBaseDataSetIterator,Unutilized Abstraction
deeplearning4j-_old-0.4-rc3.4,org.deeplearning4j.datasets.iterator,MovingWindowBaseDataSetIterator,Broken Hierarchy
deeplearning4j-_old-0.4-rc3.4,org.deeplearning4j.datasets.iterator,MultipleEpochsIterator,Unutilized Abstraction
deeplearning4j-_old-0.4-rc3.4,org.deeplearning4j.datasets.iterator,MultipleEpochsIterator,Broken Hierarchy
deeplearning4j-_old-0.4-rc3.4,org.deeplearning4j.datasets.iterator,ReconstructionDataSetIterator,Unutilized Abstraction
deeplearning4j-_old-0.4-rc3.4,org.deeplearning4j.datasets.iterator,ReconstructionDataSetIterator,Broken Hierarchy
deeplearning4j-_old-0.4-rc3.4,org.deeplearning4j.datasets.iterator,SamplingDataSetIterator,Unutilized Abstraction
deeplearning4j-_old-0.4-rc3.4,org.deeplearning4j.datasets.iterator,SamplingDataSetIterator,Broken Hierarchy
deeplearning4j-_old-0.4-rc3.4,org.deeplearning4j.datasets.iterator,CSVDataSetIteratorTest,Unutilized Abstraction
deeplearning4j-_old-0.4-rc3.4,org.deeplearning4j.datasets.iterator,DataSetIteratorTest,Unutilized Abstraction
deeplearning4j-_old-0.4-rc3.4,org.deeplearning4j.datasets.iterator,SamplingTest,Unutilized Abstraction
deeplearning4j-_old-0.4-rc3.4,org.deeplearning4j.datasets.iterator,ReutersNewsGroupsDataSetIterator,Unutilized Abstraction
deeplearning4j-_old-0.4-rc3.4,org.deeplearning4j.datasets.iterator,ReutersNewsGroupsDataSetIterator,Broken Hierarchy
deeplearning4j-_old-0.4-rc3.4,org.deeplearning4j.datasets.iterator.impl,IrisDataSetIterator,Unutilized Abstraction
deeplearning4j-_old-0.4-rc3.4,org.deeplearning4j.datasets.iterator.impl,ListDataSetIterator,Unutilized Abstraction
deeplearning4j-_old-0.4-rc3.4,org.deeplearning4j.datasets.iterator.impl,MovingWindowDataSetFetcher,Unutilized Abstraction
deeplearning4j-_old-0.4-rc3.4,org.deeplearning4j.datasets.iterator.impl,RawMnistDataSetIterator,Unutilized Abstraction
deeplearning4j-_old-0.4-rc3.4,org.deeplearning4j.datasets.mnist,MnistDbFile,Unutilized Abstraction
deeplearning4j-_old-0.4-rc3.4,org.deeplearning4j.datasets.mnist,MnistImageFile,Unutilized Abstraction
deeplearning4j-_old-0.4-rc3.4,org.deeplearning4j.datasets.mnist,MnistLabelFile,Unutilized Abstraction
deeplearning4j-_old-0.4-rc3.4,org.deeplearning4j.datasets.mnist,MnistLabelFile,Broken Hierarchy
deeplearning4j-_old-0.4-rc3.4,org.deeplearning4j.datasets.mnist.draw,DrawReconstruction,Deficient Encapsulation
deeplearning4j-_old-0.4-rc3.4,org.deeplearning4j.datasets.mnist.draw,LoadAndDraw,Unutilized Abstraction
deeplearning4j-_old-0.4-rc3.4,org.deeplearning4j.datasets.rearrange,LocalUnstructuredDataFormatterTest,Unutilized Abstraction
deeplearning4j-_old-0.4-rc3.4,org.deeplearning4j.datasets.test,TestDataSetIterator,Unutilized Abstraction
deeplearning4j-_old-0.4-rc3.4,org.deeplearning4j.datasets.vectorizer,ImageVectorizer,Unutilized Abstraction
deeplearning4j-_old-0.4-rc3.4,org.deeplearning4j.datasets.vectorizer,Vectorizer,Unutilized Abstraction
deeplearning4j-_old-0.4-rc3.4,org.deeplearning4j.eval,Evaluation,Insufficient Modularization
deeplearning4j-_old-0.4-rc3.4,org.deeplearning4j.eval,EvalTest,Unutilized Abstraction
deeplearning4j-_old-0.4-rc3.4,org.deeplearning4j.exception,DeepLearningException,Unutilized Abstraction
deeplearning4j-_old-0.4-rc3.4,org.deeplearning4j.exception,InvalidStepException,Unutilized Abstraction
deeplearning4j-_old-0.4-rc3.4,org.deeplearning4j.gradientcheck,CNNGradientCheckTest,Unutilized Abstraction
deeplearning4j-_old-0.4-rc3.4,org.deeplearning4j.gradientcheck,GradientCheckTests,Unutilized Abstraction
deeplearning4j-_old-0.4-rc3.4,org.deeplearning4j.nn.api,Classifier,Unutilized Abstraction
deeplearning4j-_old-0.4-rc3.4,org.deeplearning4j.nn.api,Classifier,Rebellious Hierarchy
deeplearning4j-_old-0.4-rc3.4,org.deeplearning4j.nn.api,Layer,Rebellious Hierarchy
deeplearning4j-_old-0.4-rc3.4,org.deeplearning4j.nn.api,Layer,Cyclic-Dependent Modularization
deeplearning4j-_old-0.4-rc3.4,org.deeplearning4j.nn.api,Layer,Insufficient Modularization
deeplearning4j-_old-0.4-rc3.4,org.deeplearning4j.nn.api,Model,Cyclic-Dependent Modularization
deeplearning4j-_old-0.4-rc3.4,org.deeplearning4j.nn.api,SequenceClassifier,Unutilized Abstraction
deeplearning4j-_old-0.4-rc3.4,org.deeplearning4j.nn.conf,InputPreProcessor,Cyclic-Dependent Modularization
deeplearning4j-_old-0.4-rc3.4,org.deeplearning4j.nn.conf,MultiLayerConfiguration,Cyclic-Dependent Modularization
deeplearning4j-_old-0.4-rc3.4,org.deeplearning4j.nn.conf,Builder,Cyclic-Dependent Modularization
deeplearning4j-_old-0.4-rc3.4,org.deeplearning4j.nn.conf,NeuralNetConfiguration,Cyclic-Dependent Modularization
deeplearning4j-_old-0.4-rc3.4,org.deeplearning4j.nn.conf,NeuralNetConfiguration,Insufficient Modularization
deeplearning4j-_old-0.4-rc3.4,org.deeplearning4j.nn.conf,ListBuilder,Unutilized Abstraction
deeplearning4j-_old-0.4-rc3.4,org.deeplearning4j.nn.conf,Builder,Unutilized Abstraction
deeplearning4j-_old-0.4-rc3.4,org.deeplearning4j.nn.conf,Builder,Insufficient Modularization
deeplearning4j-_old-0.4-rc3.4,org.deeplearning4j.nn.conf,LayerwiseConfigurationTest,Unnecessary Abstraction
deeplearning4j-_old-0.4-rc3.4,org.deeplearning4j.nn.conf,LayerwiseConfigurationTest,Unutilized Abstraction
deeplearning4j-_old-0.4-rc3.4,org.deeplearning4j.nn.conf,MultiNeuralNetConfLayerBuilderTest,Unutilized Abstraction
deeplearning4j-_old-0.4-rc3.4,org.deeplearning4j.nn.conf.distribution,BinomialDistribution,Broken Hierarchy
deeplearning4j-_old-0.4-rc3.4,org.deeplearning4j.nn.conf.distribution,Distributions,Unexploited Encapsulation
deeplearning4j-_old-0.4-rc3.4,org.deeplearning4j.nn.conf.distribution,Distributions,Missing Hierarchy
deeplearning4j-_old-0.4-rc3.4,org.deeplearning4j.nn.conf.distribution,GaussianDistribution,Broken Hierarchy
deeplearning4j-_old-0.4-rc3.4,org.deeplearning4j.nn.conf.distribution,NormalDistribution,Broken Hierarchy
deeplearning4j-_old-0.4-rc3.4,org.deeplearning4j.nn.conf.distribution,UniformDistribution,Broken Hierarchy
deeplearning4j-_old-0.4-rc3.4,org.deeplearning4j.nn.conf.layers,Builder,Cyclic-Dependent Modularization
deeplearning4j-_old-0.4-rc3.4,org.deeplearning4j.nn.conf.layers,BaseOutputLayer,Broken Hierarchy
deeplearning4j-_old-0.4-rc3.4,org.deeplearning4j.nn.conf.layers,Builder,Unutilized Abstraction
deeplearning4j-_old-0.4-rc3.4,org.deeplearning4j.nn.conf.layers,Builder,Broken Hierarchy
deeplearning4j-_old-0.4-rc3.4,org.deeplearning4j.nn.conf.layers,BasePretrainNetwork,Broken Hierarchy
deeplearning4j-_old-0.4-rc3.4,org.deeplearning4j.nn.conf.layers,BasePretrainNetwork,Cyclic-Dependent Modularization
deeplearning4j-_old-0.4-rc3.4,org.deeplearning4j.nn.conf.layers,Builder,Unutilized Abstraction
deeplearning4j-_old-0.4-rc3.4,org.deeplearning4j.nn.conf.layers,Builder,Broken Hierarchy
deeplearning4j-_old-0.4-rc3.4,org.deeplearning4j.nn.conf.layers,Builder,Unnecessary Abstraction
deeplearning4j-_old-0.4-rc3.4,org.deeplearning4j.nn.conf.layers,Builder,Unutilized Abstraction
deeplearning4j-_old-0.4-rc3.4,org.deeplearning4j.nn.conf.layers,ConvolutionLayer,Broken Hierarchy
deeplearning4j-_old-0.4-rc3.4,org.deeplearning4j.nn.conf.layers,Builder,Unutilized Abstraction
deeplearning4j-_old-0.4-rc3.4,org.deeplearning4j.nn.conf.layers,Builder,Broken Hierarchy
deeplearning4j-_old-0.4-rc3.4,org.deeplearning4j.nn.conf.layers,DenseLayer,Broken Hierarchy
deeplearning4j-_old-0.4-rc3.4,org.deeplearning4j.nn.conf.layers,Builder,Unutilized Abstraction
deeplearning4j-_old-0.4-rc3.4,org.deeplearning4j.nn.conf.layers,Builder,Broken Hierarchy
deeplearning4j-_old-0.4-rc3.4,org.deeplearning4j.nn.conf.layers,FeedForwardLayer,Broken Hierarchy
deeplearning4j-_old-0.4-rc3.4,org.deeplearning4j.nn.conf.layers,FeedForwardLayer,Wide Hierarchy
deeplearning4j-_old-0.4-rc3.4,org.deeplearning4j.nn.conf.layers,FeedForwardLayer,Cyclic-Dependent Modularization
deeplearning4j-_old-0.4-rc3.4,org.deeplearning4j.nn.conf.layers,Builder,Unutilized Abstraction
deeplearning4j-_old-0.4-rc3.4,org.deeplearning4j.nn.conf.layers,Builder,Broken Hierarchy
deeplearning4j-_old-0.4-rc3.4,org.deeplearning4j.nn.conf.layers,GRU,Broken Hierarchy
deeplearning4j-_old-0.4-rc3.4,org.deeplearning4j.nn.conf.layers,Builder,Unutilized Abstraction
deeplearning4j-_old-0.4-rc3.4,org.deeplearning4j.nn.conf.layers,Builder,Broken Hierarchy
deeplearning4j-_old-0.4-rc3.4,org.deeplearning4j.nn.conf.layers,GravesLSTM,Broken Hierarchy
deeplearning4j-_old-0.4-rc3.4,org.deeplearning4j.nn.conf.layers,Builder,Unutilized Abstraction
deeplearning4j-_old-0.4-rc3.4,org.deeplearning4j.nn.conf.layers,Builder,Broken Hierarchy
deeplearning4j-_old-0.4-rc3.4,org.deeplearning4j.nn.conf.layers,ImageLSTM,Broken Hierarchy
deeplearning4j-_old-0.4-rc3.4,org.deeplearning4j.nn.conf.layers,Builder,Unutilized Abstraction
deeplearning4j-_old-0.4-rc3.4,org.deeplearning4j.nn.conf.layers,Builder,Broken Hierarchy
deeplearning4j-_old-0.4-rc3.4,org.deeplearning4j.nn.conf.layers,Layer,Cyclic-Dependent Modularization
deeplearning4j-_old-0.4-rc3.4,org.deeplearning4j.nn.conf.layers,Builder,Multifaceted Abstraction
deeplearning4j-_old-0.4-rc3.4,org.deeplearning4j.nn.conf.layers,Builder,Unutilized Abstraction
deeplearning4j-_old-0.4-rc3.4,org.deeplearning4j.nn.conf.layers,Builder,Unutilized Abstraction
deeplearning4j-_old-0.4-rc3.4,org.deeplearning4j.nn.conf.layers,Builder,Unutilized Abstraction
deeplearning4j-_old-0.4-rc3.4,org.deeplearning4j.nn.conf.layers,RecursiveAutoEncoder,Broken Hierarchy
deeplearning4j-_old-0.4-rc3.4,org.deeplearning4j.nn.conf.layers,Builder,Unutilized Abstraction
deeplearning4j-_old-0.4-rc3.4,org.deeplearning4j.nn.conf.layers,Builder,Broken Hierarchy
deeplearning4j-_old-0.4-rc3.4,org.deeplearning4j.nn.conf.layers,Builder,Unutilized Abstraction
deeplearning4j-_old-0.4-rc3.4,org.deeplearning4j.nn.conf.layers,Builder,Unutilized Abstraction
deeplearning4j-_old-0.4-rc3.4,org.deeplearning4j.nn.conf.layers,LayerBuilderTest,Unutilized Abstraction
deeplearning4j-_old-0.4-rc3.4,org.deeplearning4j.nn.conf.layers,LayerConfigTest,Unutilized Abstraction
deeplearning4j-_old-0.4-rc3.4,org.deeplearning4j.nn.conf.override,ClassifierOverride,Unutilized Abstraction
deeplearning4j-_old-0.4-rc3.4,org.deeplearning4j.nn.conf.override,ComposableOverride,Unutilized Abstraction
deeplearning4j-_old-0.4-rc3.4,org.deeplearning4j.nn.conf.override,LayerOverride,Unutilized Abstraction
deeplearning4j-_old-0.4-rc3.4,org.deeplearning4j.nn.conf.preprocessor,BinomialSamplingPreProcessor,Unutilized Abstraction
deeplearning4j-_old-0.4-rc3.4,org.deeplearning4j.nn.conf.preprocessor,BinomialSamplingPreProcessor,Broken Hierarchy
deeplearning4j-_old-0.4-rc3.4,org.deeplearning4j.nn.conf.preprocessor,ZeroMeanAndUnitVariancePreProcessor,Unutilized Abstraction
deeplearning4j-_old-0.4-rc3.4,org.deeplearning4j.nn.conf.preprocessor,ZeroMeanAndUnitVariancePreProcessor,Broken Hierarchy
deeplearning4j-_old-0.4-rc3.4,org.deeplearning4j.nn.conf.preprocessor,ZeroMeanPrePreProcessor,Unutilized Abstraction
deeplearning4j-_old-0.4-rc3.4,org.deeplearning4j.nn.conf.preprocessor,ZeroMeanPrePreProcessor,Broken Hierarchy
deeplearning4j-_old-0.4-rc3.4,org.deeplearning4j.nn.conf.preprocessor,ReshapePreProcessorTest,Unutilized Abstraction
deeplearning4j-_old-0.4-rc3.4,org.deeplearning4j.nn.conf.preprocessor,TestPreProcessors,Unutilized Abstraction
deeplearning4j-_old-0.4-rc3.4,org.deeplearning4j.nn.conf.rng,DefaultRandom,Broken Hierarchy
deeplearning4j-_old-0.4-rc3.4,org.deeplearning4j.nn.conf.rng,Random,Unnecessary Abstraction
deeplearning4j-_old-0.4-rc3.4,org.deeplearning4j.nn.conf.rng,Randoms,Unutilized Abstraction
deeplearning4j-_old-0.4-rc3.4,org.deeplearning4j.nn.conf.stepfunctions,DefaultStepFunction,Unutilized Abstraction
deeplearning4j-_old-0.4-rc3.4,org.deeplearning4j.nn.conf.stepfunctions,DefaultStepFunction,Broken Hierarchy
deeplearning4j-_old-0.4-rc3.4,org.deeplearning4j.nn.conf.stepfunctions,GradientStepFunction,Unutilized Abstraction
deeplearning4j-_old-0.4-rc3.4,org.deeplearning4j.nn.conf.stepfunctions,GradientStepFunction,Broken Hierarchy
deeplearning4j-_old-0.4-rc3.4,org.deeplearning4j.nn.conf.stepfunctions,NegativeDefaultStepFunction,Unutilized Abstraction
deeplearning4j-_old-0.4-rc3.4,org.deeplearning4j.nn.conf.stepfunctions,NegativeDefaultStepFunction,Broken Hierarchy
deeplearning4j-_old-0.4-rc3.4,org.deeplearning4j.nn.conf.stepfunctions,NegativeGradientStepFunction,Unutilized Abstraction
deeplearning4j-_old-0.4-rc3.4,org.deeplearning4j.nn.conf.stepfunctions,NegativeGradientStepFunction,Broken Hierarchy
deeplearning4j-_old-0.4-rc3.4,org.deeplearning4j.nn.gradient,DefaultGradient,Unutilized Abstraction
deeplearning4j-_old-0.4-rc3.4,org.deeplearning4j.nn.layers,BaseLayer,Unutilized Abstraction
deeplearning4j-_old-0.4-rc3.4,org.deeplearning4j.nn.layers,BaseLayer,Insufficient Modularization
deeplearning4j-_old-0.4-rc3.4,org.deeplearning4j.nn.layers,BaseOutputLayer,Unutilized Abstraction
deeplearning4j-_old-0.4-rc3.4,org.deeplearning4j.nn.layers,BaseOutputLayer,Insufficient Modularization
deeplearning4j-_old-0.4-rc3.4,org.deeplearning4j.nn.layers,BasePretrainNetwork,Unutilized Abstraction
deeplearning4j-_old-0.4-rc3.4,org.deeplearning4j.nn.layers,BasePretrainNetwork,Broken Hierarchy
deeplearning4j-_old-0.4-rc3.4,org.deeplearning4j.nn.layers,OutputLayer,Broken Hierarchy
deeplearning4j-_old-0.4-rc3.4,org.deeplearning4j.nn.layers,OutputLayerTest,Unutilized Abstraction
deeplearning4j-_old-0.4-rc3.4,org.deeplearning4j.nn.layers,SeedTest,Unutilized Abstraction
deeplearning4j-_old-0.4-rc3.4,org.deeplearning4j.nn.layers.convolution,ConvolutionLayerSetupTest,Unutilized Abstraction
deeplearning4j-_old-0.4-rc3.4,org.deeplearning4j.nn.layers.convolution,SubsamplingLayerTest,Unutilized Abstraction
deeplearning4j-_old-0.4-rc3.4,org.deeplearning4j.nn.layers.convolution.subsampling,SubsamplingLayer,Unutilized Abstraction
deeplearning4j-_old-0.4-rc3.4,org.deeplearning4j.nn.layers.convolution.subsampling,SubsamplingLayer,Insufficient Modularization
deeplearning4j-_old-0.4-rc3.4,org.deeplearning4j.nn.layers.factory,ConvolutionLayerFactory,Unutilized Abstraction
deeplearning4j-_old-0.4-rc3.4,org.deeplearning4j.nn.layers.factory,GRULayerFactory,Unutilized Abstraction
deeplearning4j-_old-0.4-rc3.4,org.deeplearning4j.nn.layers.factory,GravesLSTMLayerFactory,Unutilized Abstraction
deeplearning4j-_old-0.4-rc3.4,org.deeplearning4j.nn.layers.factory,ImageLSTMLayerFactory,Unutilized Abstraction
deeplearning4j-_old-0.4-rc3.4,org.deeplearning4j.nn.layers.factory,LayerFactories,Unexploited Encapsulation
deeplearning4j-_old-0.4-rc3.4,org.deeplearning4j.nn.layers.factory,LayerFactories,Missing Hierarchy
deeplearning4j-_old-0.4-rc3.4,org.deeplearning4j.nn.layers.factory,PretrainLayerFactory,Unutilized Abstraction
deeplearning4j-_old-0.4-rc3.4,org.deeplearning4j.nn.layers.factory,RecursiveAutoEncoderLayerFactory,Unutilized Abstraction
deeplearning4j-_old-0.4-rc3.4,org.deeplearning4j.nn.layers.factory,SubsampleLayerFactory,Unutilized Abstraction
deeplearning4j-_old-0.4-rc3.4,org.deeplearning4j.nn.layers.feedforward.autoencoder,AutoEncoderTest,Unutilized Abstraction
deeplearning4j-_old-0.4-rc3.4,org.deeplearning4j.nn.layers.feedforward.autoencoder.recursive,Tree,Insufficient Modularization
deeplearning4j-_old-0.4-rc3.4,org.deeplearning4j.nn.layers.feedforward.autoencoder.recursive,RecursiveAutoEncoderTest,Unutilized Abstraction
deeplearning4j-_old-0.4-rc3.4,org.deeplearning4j.nn.layers.feedforward.rbm,RBMTests,Unutilized Abstraction
deeplearning4j-_old-0.4-rc3.4,org.deeplearning4j.nn.layers.recurrent,GRU,Deficient Encapsulation
deeplearning4j-_old-0.4-rc3.4,org.deeplearning4j.nn.layers.recurrent,GravesLSTM,Deficient Encapsulation
deeplearning4j-_old-0.4-rc3.4,org.deeplearning4j.nn.layers.recurrent,FwdPassReturn,Broken Modularization
deeplearning4j-_old-0.4-rc3.4,org.deeplearning4j.nn.layers.recurrent,ImageLSTM,Insufficient Modularization
deeplearning4j-_old-0.4-rc3.4,org.deeplearning4j.nn.layers.recurrent,Beam,Unutilized Abstraction
deeplearning4j-_old-0.4-rc3.4,org.deeplearning4j.nn.multilayer,MultiLayerNetwork,Cyclic-Dependent Modularization
deeplearning4j-_old-0.4-rc3.4,org.deeplearning4j.nn.multilayer,MultiLayerNetwork,Insufficient Modularization
deeplearning4j-_old-0.4-rc3.4,org.deeplearning4j.nn.multilayer,MultiLayerTestRNN,Unutilized Abstraction
deeplearning4j-_old-0.4-rc3.4,org.deeplearning4j.nn.multilayer,TestSetGetParameters,Unutilized Abstraction
deeplearning4j-_old-0.4-rc3.4,org.deeplearning4j.nn.params,ConvolutionParamInitializer,Deficient Encapsulation
deeplearning4j-_old-0.4-rc3.4,org.deeplearning4j.nn.params,DefaultParamInitializer,Deficient Encapsulation
deeplearning4j-_old-0.4-rc3.4,org.deeplearning4j.nn.params,GRUParamInitializer,Deficient Encapsulation
deeplearning4j-_old-0.4-rc3.4,org.deeplearning4j.nn.params,GravesLSTMParamInitializer,Deficient Encapsulation
deeplearning4j-_old-0.4-rc3.4,org.deeplearning4j.nn.params,ImageLSTMParamInitializer,Deficient Encapsulation
deeplearning4j-_old-0.4-rc3.4,org.deeplearning4j.nn.params,PretrainParamInitializer,Deficient Encapsulation
deeplearning4j-_old-0.4-rc3.4,org.deeplearning4j.nn.params,RecursiveParamInitializer,Deficient Encapsulation
deeplearning4j-_old-0.4-rc3.4,org.deeplearning4j.nn.params,SubsampleParamInitializer,Unutilized Abstraction
deeplearning4j-_old-0.4-rc3.4,org.deeplearning4j.nn.updater,AdaDeltaUpdater,Unutilized Abstraction
deeplearning4j-_old-0.4-rc3.4,org.deeplearning4j.nn.updater,AdaGradUpdater,Unutilized Abstraction
deeplearning4j-_old-0.4-rc3.4,org.deeplearning4j.nn.updater,AdamUpdater,Unutilized Abstraction
deeplearning4j-_old-0.4-rc3.4,org.deeplearning4j.nn.updater,BaseUpdater,Unutilized Abstraction
deeplearning4j-_old-0.4-rc3.4,org.deeplearning4j.nn.updater,MultiLayerUpdater,Unutilized Abstraction
deeplearning4j-_old-0.4-rc3.4,org.deeplearning4j.nn.updater,NesterovsUpdater,Unutilized Abstraction
deeplearning4j-_old-0.4-rc3.4,org.deeplearning4j.nn.updater,NoOpUpdater,Unutilized Abstraction
deeplearning4j-_old-0.4-rc3.4,org.deeplearning4j.nn.updater,RmsPropUpdater,Unutilized Abstraction
deeplearning4j-_old-0.4-rc3.4,org.deeplearning4j.nn.updater,SgdUpdater,Unutilized Abstraction
deeplearning4j-_old-0.4-rc3.4,org.deeplearning4j.nn.updater,TestUpdaters,Unutilized Abstraction
deeplearning4j-_old-0.4-rc3.4,org.deeplearning4j.nn.updater,TestUpdaters,Unexploited Encapsulation
deeplearning4j-_old-0.4-rc3.4,org.deeplearning4j.nn.updater,TestUpdaters,Missing Hierarchy
deeplearning4j-_old-0.4-rc3.4,org.deeplearning4j.optimize,GradientAdjustment,Unutilized Abstraction
deeplearning4j-_old-0.4-rc3.4,org.deeplearning4j.optimize,Builder,Unutilized Abstraction
deeplearning4j-_old-0.4-rc3.4,org.deeplearning4j.optimize.api,IterationListener,Cyclic-Dependent Modularization
deeplearning4j-_old-0.4-rc3.4,org.deeplearning4j.optimize.api,LineOptimizer,Unutilized Abstraction
deeplearning4j-_old-0.4-rc3.4,org.deeplearning4j.optimize.api,TerminationCondition,Unutilized Abstraction
deeplearning4j-_old-0.4-rc3.4,org.deeplearning4j.optimize.listeners,ComposableIterationListener,Unutilized Abstraction
deeplearning4j-_old-0.4-rc3.4,org.deeplearning4j.optimize.listeners,ScoreIterationListener,Unutilized Abstraction
deeplearning4j-_old-0.4-rc3.4,org.deeplearning4j.optimize.solvers,BaseOptimizer,Deficient Encapsulation
deeplearning4j-_old-0.4-rc3.4,org.deeplearning4j.optimize.solvers,ConjugateGradient,Unutilized Abstraction
deeplearning4j-_old-0.4-rc3.4,org.deeplearning4j.optimize.solvers,LBFGS,Unutilized Abstraction
deeplearning4j-_old-0.4-rc3.4,org.deeplearning4j.optimize.solvers,LineGradientDescent,Unutilized Abstraction
deeplearning4j-_old-0.4-rc3.4,org.deeplearning4j.optimize.solvers,StochasticGradientDescent,Unutilized Abstraction
deeplearning4j-_old-0.4-rc3.4,org.deeplearning4j.optimize.solvers,StochasticHessianFree,Unutilized Abstraction
deeplearning4j-_old-0.4-rc3.4,org.deeplearning4j.optimize.terminations,EpsTermination,Unutilized Abstraction
deeplearning4j-_old-0.4-rc3.4,org.deeplearning4j.optimize.terminations,Norm2Termination,Unutilized Abstraction
deeplearning4j-_old-0.4-rc3.4,org.deeplearning4j.optimize.terminations,TerminationConditions,Unnecessary Abstraction
deeplearning4j-_old-0.4-rc3.4,org.deeplearning4j.optimize.terminations,TerminationConditions,Unutilized Abstraction
deeplearning4j-_old-0.4-rc3.4,org.deeplearning4j.optimize.terminations,ZeroDirection,Unutilized Abstraction
deeplearning4j-_old-0.4-rc3.4,org.deeplearning4j.plot,BarnesHutTsne,Deficient Encapsulation
deeplearning4j-_old-0.4-rc3.4,org.deeplearning4j.plot,BarnesHutTsne,Insufficient Modularization
deeplearning4j-_old-0.4-rc3.4,org.deeplearning4j.plot,Builder,Unutilized Abstraction
deeplearning4j-_old-0.4-rc3.4,org.deeplearning4j.plot,FilterRenderer,Deficient Encapsulation
deeplearning4j-_old-0.4-rc3.4,org.deeplearning4j.plot,MultiLayerNetworkReconstructionRender,Unutilized Abstraction
deeplearning4j-_old-0.4-rc3.4,org.deeplearning4j.plot,NeuralNetworkReconstructionRender,Unutilized Abstraction
deeplearning4j-_old-0.4-rc3.4,org.deeplearning4j.plot,Tsne,Insufficient Modularization
deeplearning4j-_old-0.4-rc3.4,org.deeplearning4j.plot,Builder,Unutilized Abstraction
deeplearning4j-_old-0.4-rc3.4,org.deeplearning4j.plot,BarnesHutTsneTest,Unutilized Abstraction
deeplearning4j-_old-0.4-rc3.4,org.deeplearning4j.plot,RenderTest,Unutilized Abstraction
deeplearning4j-_old-0.4-rc3.4,org.deeplearning4j.plot,TsneTest,Unutilized Abstraction
deeplearning4j-_old-0.4-rc3.4,org.deeplearning4j.plot.iterationlistener,AccuracyPlotterIterationListener,Unutilized Abstraction
deeplearning4j-_old-0.4-rc3.4,org.deeplearning4j.plot.iterationlistener,GradientPlotterIterationListener,Unutilized Abstraction
deeplearning4j-_old-0.4-rc3.4,org.deeplearning4j.plot.iterationlistener,LossPlotterIterationListener,Unutilized Abstraction
deeplearning4j-_old-0.4-rc3.4,org.deeplearning4j.plot.iterationlistener,NeuralNetPlotterIterationListener,Unutilized Abstraction
deeplearning4j-_old-0.4-rc3.4,org.deeplearning4j.plot.iterationlistener,RenderFilterIterationListener,Unutilized Abstraction
deeplearning4j-_old-0.4-rc3.4,org.deeplearning4j.util,ArchiveUtils,Imperative Abstraction
deeplearning4j-_old-0.4-rc3.4,org.deeplearning4j.util,ByteUtil,Unutilized Abstraction
deeplearning4j-_old-0.4-rc3.4,org.deeplearning4j.util,DeepLearningIOUtil,Unutilized Abstraction
deeplearning4j-_old-0.4-rc3.4,org.deeplearning4j.util,DiskBasedQueue,Unutilized Abstraction
deeplearning4j-_old-0.4-rc3.4,org.deeplearning4j.util,DiskBasedQueue,Insufficient Modularization
deeplearning4j-_old-0.4-rc3.4,org.deeplearning4j.util,FileOperations,Unutilized Abstraction
deeplearning4j-_old-0.4-rc3.4,org.deeplearning4j.util,FingerPrintKeyer,Insufficient Modularization
deeplearning4j-_old-0.4-rc3.4,org.deeplearning4j.util,MathUtils,Deficient Encapsulation
deeplearning4j-_old-0.4-rc3.4,org.deeplearning4j.util,MathUtils,Insufficient Modularization
deeplearning4j-_old-0.4-rc3.4,org.deeplearning4j.util,MultiDimensionalMap,Insufficient Modularization
deeplearning4j-_old-0.4-rc3.4,org.deeplearning4j.util,Entry,Unutilized Abstraction
deeplearning4j-_old-0.4-rc3.4,org.deeplearning4j.util,MultiLayerUtil,Cyclic-Dependent Modularization
deeplearning4j-_old-0.4-rc3.4,org.deeplearning4j.util,SizeComparator,Unutilized Abstraction
deeplearning4j-_old-0.4-rc3.4,org.deeplearning4j.util,StringGrid,Deficient Encapsulation
deeplearning4j-_old-0.4-rc3.4,org.deeplearning4j.util,StringGrid,Insufficient Modularization
deeplearning4j-_old-0.4-rc3.4,org.deeplearning4j.util,StringUtils,Deficient Encapsulation
deeplearning4j-_old-0.4-rc3.4,org.deeplearning4j.util,StringUtils,Insufficient Modularization
deeplearning4j-_old-0.4-rc3.4,org.deeplearning4j.util,SummaryStatistics,Unutilized Abstraction
deeplearning4j-_old-0.4-rc3.4,org.deeplearning4j.util,Viterbi,Unutilized Abstraction
deeplearning4j-_old-0.4-rc3.4,org.deeplearning4j.util,Viterbi,Insufficient Modularization
deeplearning4j-_old-0.4-rc3.4,org.deeplearning4j.util,ArrayUtilTest,Unutilized Abstraction
deeplearning4j-_old-0.4-rc3.4,org.deeplearning4j.util,EnumUtilTest,Unutilized Abstraction
deeplearning4j-_old-0.4-rc3.4,org.deeplearning4j.util,MovingWindowMatrixTest,Unutilized Abstraction
deeplearning4j-_old-0.4-rc3.4,org.deeplearning4j.util,SerializationUtilsTest,Unutilized Abstraction
deeplearning4j-_old-0.4-rc3.4,org.deeplearning4j.util,TimeSeriesUtilsTest,Unutilized Abstraction
deeplearning4j-_old-0.4-rc3.4,org.deeplearning4j.util,ContextLabelTest,Unutilized Abstraction
deeplearning4j-_old-0.4-rc3.4,org.deeplearning4j.nn.learning,WeightInitTests,Unutilized Abstraction
deeplearning4j-_old-0.4-rc3.4,org.deeplearning4j.optimize.solver,TestOptimizers,Insufficient Modularization
deeplearning4j-_old-0.4-rc3.4,org.deeplearning4j.optimize.solver,SphereFunctionModel,Unutilized Abstraction
deeplearning4j-_old-0.4-rc3.4,org.deeplearning4j.optimize.solver,RastriginFunctionModel,Unutilized Abstraction
deeplearning4j-_old-0.4-rc3.4,org.deeplearning4j.optimize.solver,RosenbrockFunctionModel,Unutilized Abstraction
deeplearning4j-_old-0.4-rc3.4,org.deeplearning4j.optimize.solver,SimpleOptimizableModel,Unutilized Abstraction
deeplearning4j-_old-0.4-rc3.4,org.deeplearning4j.optimize.solver,SimpleOptimizableModel,Insufficient Modularization
deeplearning4j-_old-0.4-rc3.4,org.deeplearning4j.optimizer.listener,AssertWeightsDifferentIerationListener,Unutilized Abstraction
deeplearning4j-_old-0.4-rc3.4,org.deeplearning4j.aws.dataset,DataSetLoader,Unutilized Abstraction
deeplearning4j-_old-0.4-rc3.4,org.deeplearning4j.aws.ec2,Ec2BoxCreator,Deficient Encapsulation
deeplearning4j-_old-0.4-rc3.4,org.deeplearning4j.aws.ec2.provision,DistributedDeepLearningTrainer,Unutilized Abstraction
deeplearning4j-_old-0.4-rc3.4,org.deeplearning4j.aws.s3,BaseS3,Unutilized Abstraction
deeplearning4j-_old-0.4-rc3.4,org.deeplearning4j.aws.s3,BaseS3,Deficient Encapsulation
deeplearning4j-_old-0.4-rc3.4,org.deeplearning4j.aws.s3.modelsaver,S3ModelSaver,Unutilized Abstraction
deeplearning4j-_old-0.4-rc3.4,org.deeplearning4j.aws.s3.reader,BaseS3DataSetIterator,Unutilized Abstraction
deeplearning4j-_old-0.4-rc3.4,org.deeplearning4j.aws.s3.reader,BucketIterator,Unutilized Abstraction
deeplearning4j-_old-0.4-rc3.4,org.deeplearning4j.bagofwords.vectorizer,BagOfWordsVectorizer,Unutilized Abstraction
deeplearning4j-_old-0.4-rc3.4,org.deeplearning4j.bagofwords.vectorizer,BagOfWordsVectorizer,Broken Hierarchy
deeplearning4j-_old-0.4-rc3.4,org.deeplearning4j.bagofwords.vectorizer,Builder,Unutilized Abstraction
deeplearning4j-_old-0.4-rc3.4,org.deeplearning4j.bagofwords.vectorizer,Builder,Cyclic Hierarchy
deeplearning4j-_old-0.4-rc3.4,org.deeplearning4j.bagofwords.vectorizer,Builder,Deep Hierarchy
deeplearning4j-_old-0.4-rc3.4,org.deeplearning4j.bagofwords.vectorizer,BaseTextVectorizer,Unutilized Abstraction
deeplearning4j-_old-0.4-rc3.4,org.deeplearning4j.bagofwords.vectorizer,Builder,Multifaceted Abstraction
deeplearning4j-_old-0.4-rc3.4,org.deeplearning4j.bagofwords.vectorizer,Builder,Unutilized Abstraction
deeplearning4j-_old-0.4-rc3.4,org.deeplearning4j.bagofwords.vectorizer,DefaultInputStreamCreator,Unutilized Abstraction
deeplearning4j-_old-0.4-rc3.4,org.deeplearning4j.bagofwords.vectorizer,TfidfVectorizer,Unutilized Abstraction
deeplearning4j-_old-0.4-rc3.4,org.deeplearning4j.bagofwords.vectorizer,TfidfVectorizer,Broken Hierarchy
deeplearning4j-_old-0.4-rc3.4,org.deeplearning4j.bagofwords.vectorizer,Builder,Unutilized Abstraction
deeplearning4j-_old-0.4-rc3.4,org.deeplearning4j.bagofwords.vectorizer,Builder,Cyclic Hierarchy
deeplearning4j-_old-0.4-rc3.4,org.deeplearning4j.bagofwords.vectorizer,Builder,Deep Hierarchy
deeplearning4j-_old-0.4-rc3.4,org.deeplearning4j.bagofwords.vectorizer,BagOfWordsVectorizerTest,Unutilized Abstraction
deeplearning4j-_old-0.4-rc3.4,org.deeplearning4j.bagofwords.vectorizer,TfIdfVectorizerTest,Unutilized Abstraction
deeplearning4j-_old-0.4-rc3.4,org.deeplearning4j.datasets.loader,ReutersNewsGroupsLoader,Unutilized Abstraction
deeplearning4j-_old-0.4-rc3.4,org.deeplearning4j.datasets.loader,ReutersNewsGroupsLoader,Deficient Encapsulation
deeplearning4j-_old-0.4-rc3.4,org.deeplearning4j.models.embeddings.inmemory,InMemoryLookupTable,Insufficient Modularization
deeplearning4j-_old-0.4-rc3.4,org.deeplearning4j.models.embeddings.inmemory,WeightIterator,Unutilized Abstraction
deeplearning4j-_old-0.4-rc3.4,org.deeplearning4j.models.embeddings.inmemory,Builder,Unutilized Abstraction
deeplearning4j-_old-0.4-rc3.4,org.deeplearning4j.models.embeddings.wordvectors,WordVectorsImpl,Deficient Encapsulation
deeplearning4j-_old-0.4-rc3.4,org.deeplearning4j.models.glove,CoOccurrences,Cyclic-Dependent Modularization
deeplearning4j-_old-0.4-rc3.4,org.deeplearning4j.models.glove,CoOccurrences,Insufficient Modularization
deeplearning4j-_old-0.4-rc3.4,org.deeplearning4j.models.glove,CoOccurrenceBatchIterator,Unutilized Abstraction
deeplearning4j-_old-0.4-rc3.4,org.deeplearning4j.models.glove,CoOccurrenceIterator,Unutilized Abstraction
deeplearning4j-_old-0.4-rc3.4,org.deeplearning4j.models.glove,Builder,Unutilized Abstraction
deeplearning4j-_old-0.4-rc3.4,org.deeplearning4j.models.glove,Glove,Deficient Encapsulation
deeplearning4j-_old-0.4-rc3.4,org.deeplearning4j.models.glove,Glove,Cyclic-Dependent Modularization
deeplearning4j-_old-0.4-rc3.4,org.deeplearning4j.models.glove,Glove,Insufficient Modularization
deeplearning4j-_old-0.4-rc3.4,org.deeplearning4j.models.glove,Builder,Unutilized Abstraction
deeplearning4j-_old-0.4-rc3.4,org.deeplearning4j.models.glove,Builder,Insufficient Modularization
deeplearning4j-_old-0.4-rc3.4,org.deeplearning4j.models.glove,GloveWeightLookupTable,Insufficient Modularization
deeplearning4j-_old-0.4-rc3.4,org.deeplearning4j.models.glove,Builder,Unutilized Abstraction
deeplearning4j-_old-0.4-rc3.4,org.deeplearning4j.models.glove,CoOccurrencesTest,Unutilized Abstraction
deeplearning4j-_old-0.4-rc3.4,org.deeplearning4j.models.glove,GloveTest,Unutilized Abstraction
deeplearning4j-_old-0.4-rc3.4,org.deeplearning4j.models.glove,GloveJobAggregator,Unutilized Abstraction
deeplearning4j-_old-0.4-rc3.4,org.deeplearning4j.models.glove,GloveJobIterator,Deficient Encapsulation
deeplearning4j-_old-0.4-rc3.4,org.deeplearning4j.models.glove,GlovePerformer,Unutilized Abstraction
deeplearning4j-_old-0.4-rc3.4,org.deeplearning4j.models.glove,GlovePerformer,Deficient Encapsulation
deeplearning4j-_old-0.4-rc3.4,org.deeplearning4j.models.glove,GlovePerformerFactory,Unutilized Abstraction
deeplearning4j-_old-0.4-rc3.4,org.deeplearning4j.models.glove,GloveResult,Unutilized Abstraction
deeplearning4j-_old-0.4-rc3.4,org.deeplearning4j.models.glove.actor,CoOccurrenceActor,Cyclic-Dependent Modularization
deeplearning4j-_old-0.4-rc3.4,org.deeplearning4j.models.paragraphvectors,ParagraphVectors,Insufficient Modularization
deeplearning4j-_old-0.4-rc3.4,org.deeplearning4j.models.paragraphvectors,Builder,Unutilized Abstraction
deeplearning4j-_old-0.4-rc3.4,org.deeplearning4j.models.paragraphvectors,Builder,Insufficient Modularization
deeplearning4j-_old-0.4-rc3.4,org.deeplearning4j.models.paragraphvectors,ParagraphVectorsTest,Unutilized Abstraction
deeplearning4j-_old-0.4-rc3.4,org.deeplearning4j.models.rntn,RNTN,Insufficient Modularization
deeplearning4j-_old-0.4-rc3.4,org.deeplearning4j.models.rntn,Builder,Unutilized Abstraction
deeplearning4j-_old-0.4-rc3.4,org.deeplearning4j.models.rntn,Builder,Insufficient Modularization
deeplearning4j-_old-0.4-rc3.4,org.deeplearning4j.models.rntn,BasicRNTNTest,Unutilized Abstraction
deeplearning4j-_old-0.4-rc3.4,org.deeplearning4j.models.word2vec,Huffman,Deficient Encapsulation
deeplearning4j-_old-0.4-rc3.4,org.deeplearning4j.models.word2vec,VocabWord,Insufficient Modularization
deeplearning4j-_old-0.4-rc3.4,org.deeplearning4j.models.word2vec,Word2Vec,Deficient Encapsulation
deeplearning4j-_old-0.4-rc3.4,org.deeplearning4j.models.word2vec,Word2Vec,Insufficient Modularization
deeplearning4j-_old-0.4-rc3.4,org.deeplearning4j.models.word2vec,Builder,Unutilized Abstraction
deeplearning4j-_old-0.4-rc3.4,org.deeplearning4j.models.word2vec,Builder,Insufficient Modularization
deeplearning4j-_old-0.4-rc3.4,org.deeplearning4j.models.word2vec,Word2VecTests,Unutilized Abstraction
deeplearning4j-_old-0.4-rc3.4,org.deeplearning4j.models.word2vec,Word2VecTestsSmall,Unutilized Abstraction
deeplearning4j-_old-0.4-rc3.4,org.deeplearning4j.models.word2vec,WordVectorSerializerTest,Unutilized Abstraction
deeplearning4j-_old-0.4-rc3.4,org.deeplearning4j.models.word2vec,Word2VecJobAggregator,Unutilized Abstraction
deeplearning4j-_old-0.4-rc3.4,org.deeplearning4j.models.word2vec,Word2VecPerformer,Deficient Encapsulation
deeplearning4j-_old-0.4-rc3.4,org.deeplearning4j.models.word2vec,Word2VecPerformerFactory,Unutilized Abstraction
deeplearning4j-_old-0.4-rc3.4,org.deeplearning4j.models.word2vec,Word2VecResult,Unutilized Abstraction
deeplearning4j-_old-0.4-rc3.4,org.deeplearning4j.models.word2vec.actor,SentenceMessage,Unutilized Abstraction
deeplearning4j-_old-0.4-rc3.4,org.deeplearning4j.models.word2vec.actor,SkipGramMessage,Unutilized Abstraction
deeplearning4j-_old-0.4-rc3.4,org.deeplearning4j.models.word2vec.actor,VocabMessage,Unutilized Abstraction
deeplearning4j-_old-0.4-rc3.4,org.deeplearning4j.models.word2vec.iterator,Word2VecDataFetcher,Unutilized Abstraction
deeplearning4j-_old-0.4-rc3.4,org.deeplearning4j.models.word2vec.iterator,Word2VecIteratorTest,Unutilized Abstraction
deeplearning4j-_old-0.4-rc3.4,org.deeplearning4j.models.word2vec.iterator,Word2VecJobIterator,Unutilized Abstraction
deeplearning4j-_old-0.4-rc3.4,org.deeplearning4j.models.word2vec.wordstore.inmemory,InMemoryLookupCache,Deficient Encapsulation
deeplearning4j-_old-0.4-rc3.4,org.deeplearning4j.models.word2vec.wordstore.inmemory,InMemoryLookupCache,Insufficient Modularization
deeplearning4j-_old-0.4-rc3.4,org.deeplearning4j.plot.dropwizard,ApiResource,Unutilized Abstraction
deeplearning4j-_old-0.4-rc3.4,org.deeplearning4j.plot.dropwizard,RenderResource,Unutilized Abstraction
deeplearning4j-_old-0.4-rc3.4,org.deeplearning4j.plot.dropwizard,RenderView,Unutilized Abstraction
deeplearning4j-_old-0.4-rc3.4,org.deeplearning4j.plot.dropwizard.nearestneighbors,NearestNeighborView,Unutilized Abstraction
deeplearning4j-_old-0.4-rc3.4,org.deeplearning4j.plot.dropwizard.nearestneighbors,NearestNeighborsResource,Unnecessary Abstraction
deeplearning4j-_old-0.4-rc3.4,org.deeplearning4j.plot.dropwizard.nearestneighbors,NearestNeighborsResource,Unutilized Abstraction
deeplearning4j-_old-0.4-rc3.4,org.deeplearning4j.scaleout.perform.models.glove,GloveJobAggregator,Unutilized Abstraction
deeplearning4j-_old-0.4-rc3.4,org.deeplearning4j.scaleout.perform.models.glove,GloveJobIterator,Deficient Encapsulation
deeplearning4j-_old-0.4-rc3.4,org.deeplearning4j.scaleout.perform.models.glove,GlovePerformer,Deficient Encapsulation
deeplearning4j-_old-0.4-rc3.4,org.deeplearning4j.scaleout.perform.models.glove,GlovePerformerFactory,Unutilized Abstraction
deeplearning4j-_old-0.4-rc3.4,org.deeplearning4j.scaleout.perform.models.glove,DistributedGloveTest,Unutilized Abstraction
deeplearning4j-_old-0.4-rc3.4,org.deeplearning4j.scaleout.perform.models.glove.iterator,GloveJobIterator,Unutilized Abstraction
deeplearning4j-_old-0.4-rc3.4,org.deeplearning4j.scaleout.perform.models.word2vec,Word2VecJobAggregator,Unutilized Abstraction
deeplearning4j-_old-0.4-rc3.4,org.deeplearning4j.scaleout.perform.models.word2vec,Word2VecPerformer,Deficient Encapsulation
deeplearning4j-_old-0.4-rc3.4,org.deeplearning4j.scaleout.perform.models.word2vec,Word2VecPerformerFactory,Unutilized Abstraction
deeplearning4j-_old-0.4-rc3.4,org.deeplearning4j.scaleout.perform.models.word2vec,DistributedWord2VecTest,Unutilized Abstraction
deeplearning4j-_old-0.4-rc3.4,org.deeplearning4j.scaleout.perform.models.word2vec.iterator,Word2VecJobIterator,Unutilized Abstraction
deeplearning4j-_old-0.4-rc3.4,org.deeplearning4j.scaleout.perform.text,SentenceJobIterator,Unutilized Abstraction
deeplearning4j-_old-0.4-rc3.4,org.deeplearning4j.scaleout.perform.text,WordCountJobAggregator,Unutilized Abstraction
deeplearning4j-_old-0.4-rc3.4,org.deeplearning4j.scaleout.perform.text,WordCountJobAggregator,Deficient Encapsulation
deeplearning4j-_old-0.4-rc3.4,org.deeplearning4j.scaleout.perform.text,WordCountWorkPerformer,Unutilized Abstraction
deeplearning4j-_old-0.4-rc3.4,org.deeplearning4j.scaleout.perform.text,WordCountWorkPerformer,Deficient Encapsulation
deeplearning4j-_old-0.4-rc3.4,org.deeplearning4j.scaleout.perform.text,WordCountWorkPerformerFactory,Unutilized Abstraction
deeplearning4j-_old-0.4-rc3.4,org.deeplearning4j.scaleout.perform.text,WordCountTest,Unutilized Abstraction
deeplearning4j-_old-0.4-rc3.4,org.deeplearning4j.scaleout.perform.text.result,SentenceResult,Unnecessary Abstraction
deeplearning4j-_old-0.4-rc3.4,org.deeplearning4j.scaleout.perform.text.result,SentenceResult,Unutilized Abstraction
deeplearning4j-_old-0.4-rc3.4,org.deeplearning4j.text.corpora.treeparser,BinarizeTreeTransformer,Unutilized Abstraction
deeplearning4j-_old-0.4-rc3.4,org.deeplearning4j.text.corpora.treeparser,CollapseUnaries,Unutilized Abstraction
deeplearning4j-_old-0.4-rc3.4,org.deeplearning4j.text.corpora.treeparser,TreeIterator,Unutilized Abstraction
deeplearning4j-_old-0.4-rc3.4,org.deeplearning4j.text.corpora.treeparser,TreeParserTest,Unutilized Abstraction
deeplearning4j-_old-0.4-rc3.4,org.deeplearning4j.text.corpora.treeparser,TreeTransformerTests,Unutilized Abstraction
deeplearning4j-_old-0.4-rc3.4,org.deeplearning4j.text.documentiterator,FileDocumentIterator,Unutilized Abstraction
deeplearning4j-_old-0.4-rc3.4,org.deeplearning4j.text.documentiterator,LabelAwareDocumentIterator,Unutilized Abstraction
deeplearning4j-_old-0.4-rc3.4,org.deeplearning4j.text.documentiterator,DefaultDocumentIteratorTest,Unutilized Abstraction
deeplearning4j-_old-0.4-rc3.4,org.deeplearning4j.text.inputsanitation,InputHomogenization,Unutilized Abstraction
deeplearning4j-_old-0.4-rc3.4,org.deeplearning4j.text.invertedindex,LuceneInvertedIndex,Deficient Encapsulation
deeplearning4j-_old-0.4-rc3.4,org.deeplearning4j.text.invertedindex,LuceneInvertedIndex,Insufficient Modularization
deeplearning4j-_old-0.4-rc3.4,org.deeplearning4j.text.invertedindex,BatchDocIter,Unutilized Abstraction
deeplearning4j-_old-0.4-rc3.4,org.deeplearning4j.text.invertedindex,DocIter,Unutilized Abstraction
deeplearning4j-_old-0.4-rc3.4,org.deeplearning4j.text.invertedindex,Builder,Unutilized Abstraction
deeplearning4j-_old-0.4-rc3.4,org.deeplearning4j.text.invertedindex,LuceneInvertedIndexTest,Unutilized Abstraction
deeplearning4j-_old-0.4-rc3.4,org.deeplearning4j.text.sentenceiterator,BaseSentenceIterator,Unutilized Abstraction
deeplearning4j-_old-0.4-rc3.4,org.deeplearning4j.text.sentenceiterator,CollectionSentenceIterator,Unutilized Abstraction
deeplearning4j-_old-0.4-rc3.4,org.deeplearning4j.text.sentenceiterator,CollectionSentenceIterator,Broken Hierarchy
deeplearning4j-_old-0.4-rc3.4,org.deeplearning4j.text.sentenceiterator,FileSentenceIterator,Unutilized Abstraction
deeplearning4j-_old-0.4-rc3.4,org.deeplearning4j.text.sentenceiterator,FileSentenceIterator,Broken Hierarchy
deeplearning4j-_old-0.4-rc3.4,org.deeplearning4j.text.sentenceiterator,LineSentenceIterator,Unutilized Abstraction
deeplearning4j-_old-0.4-rc3.4,org.deeplearning4j.text.sentenceiterator,LineSentenceIterator,Broken Hierarchy
deeplearning4j-_old-0.4-rc3.4,org.deeplearning4j.text.sentenceiterator,LuceneSentenceIterator,Unutilized Abstraction
deeplearning4j-_old-0.4-rc3.4,org.deeplearning4j.text.sentenceiterator,LuceneSentenceIterator,Deficient Encapsulation
deeplearning4j-_old-0.4-rc3.4,org.deeplearning4j.text.sentenceiterator,UimaSentenceIterator,Unutilized Abstraction
deeplearning4j-_old-0.4-rc3.4,org.deeplearning4j.text.sentenceiterator,UimaSentenceIterator,Broken Hierarchy
deeplearning4j-_old-0.4-rc3.4,org.deeplearning4j.text.sentenceiterator,SentenceIteratorTest,Unutilized Abstraction
deeplearning4j-_old-0.4-rc3.4,org.deeplearning4j.text.sentenceiterator.labelaware,LabelAwareFileSentenceIterator,Unutilized Abstraction
deeplearning4j-_old-0.4-rc3.4,org.deeplearning4j.text.sentenceiterator.labelaware,LabelAwareListSentenceIterator,Unutilized Abstraction
deeplearning4j-_old-0.4-rc3.4,org.deeplearning4j.text.tokenization.tokenizer,DefaultStreamTokenizer,Unutilized Abstraction
deeplearning4j-_old-0.4-rc3.4,org.deeplearning4j.text.tokenization.tokenizer,NGramTokenizer,Unutilized Abstraction
deeplearning4j-_old-0.4-rc3.4,org.deeplearning4j.text.tokenization.tokenizer,UimaTokenizer,Unutilized Abstraction
deeplearning4j-_old-0.4-rc3.4,org.deeplearning4j.text.tokenization.tokenizer,DefaulTokenizerTests,Unutilized Abstraction
deeplearning4j-_old-0.4-rc3.4,org.deeplearning4j.text.tokenization.tokenizer,NGramTokenizerTest,Unutilized Abstraction
deeplearning4j-_old-0.4-rc3.4,org.deeplearning4j.text.tokenization.tokenizer.preprocessor,CommonPreprocessor,Unutilized Abstraction
deeplearning4j-_old-0.4-rc3.4,org.deeplearning4j.text.tokenization.tokenizer.preprocessor,EndingPreProcessor,Unutilized Abstraction
deeplearning4j-_old-0.4-rc3.4,org.deeplearning4j.text.tokenization.tokenizerfactory,DefaultTokenizerFactory,Unutilized Abstraction
deeplearning4j-_old-0.4-rc3.4,org.deeplearning4j.text.tokenization.tokenizerfactory,NGramTokenizerFactory,Unutilized Abstraction
deeplearning4j-_old-0.4-rc3.4,org.deeplearning4j.text.tokenization.tokenizer.tokenprepreprocessor,EndingPreProcessorTest,Unutilized Abstraction
deeplearning4j-_old-0.4-rc3.4,org.deeplearning4j.wordstore,InMemoryVocabStoreTests,Unutilized Abstraction
deeplearning4j-_old-0.4-rc3.4,org.deeplearning4j.scaleout.actor.core,ClusterListener,Deficient Encapsulation
deeplearning4j-_old-0.4-rc3.4,org.deeplearning4j.scaleout.actor.core,DefaultModelSaver,Unutilized Abstraction
deeplearning4j-_old-0.4-rc3.4,org.deeplearning4j.scaleout.actor.core,SerializableFileIter,Unutilized Abstraction
deeplearning4j-_old-0.4-rc3.4,org.deeplearning4j.scaleout.actor.core.actor,BatchActor,Deficient Encapsulation
deeplearning4j-_old-0.4-rc3.4,org.deeplearning4j.scaleout.actor.core.actor,BatchActor,Cyclic-Dependent Modularization
deeplearning4j-_old-0.4-rc3.4,org.deeplearning4j.scaleout.actor.core.actor,MasterActor,Deficient Encapsulation
deeplearning4j-_old-0.4-rc3.4,org.deeplearning4j.scaleout.actor.core.actor,MasterActor,Cyclic-Dependent Modularization
deeplearning4j-_old-0.4-rc3.4,org.deeplearning4j.scaleout.actor.core.actor,ModelSavingActor,Deficient Encapsulation
deeplearning4j-_old-0.4-rc3.4,org.deeplearning4j.scaleout.actor.core.actor,ModelSavingActor,Cyclic-Dependent Modularization
deeplearning4j-_old-0.4-rc3.4,org.deeplearning4j.scaleout.actor.core.actor,WorkerActor,Cyclic-Dependent Modularization
deeplearning4j-_old-0.4-rc3.4,org.deeplearning4j.scaleout.actor.core.protocol,AlreadyWorking,Unutilized Abstraction
deeplearning4j-_old-0.4-rc3.4,org.deeplearning4j.scaleout.actor.core.protocol,ClearWorker,Unutilized Abstraction
deeplearning4j-_old-0.4-rc3.4,org.deeplearning4j.scaleout.actor.core.protocol,GiveMeMyJob,Unutilized Abstraction
deeplearning4j-_old-0.4-rc3.4,org.deeplearning4j.scaleout.actor.core.protocol,JobFailed,Unutilized Abstraction
deeplearning4j-_old-0.4-rc3.4,org.deeplearning4j.scaleout.actor.runner,DeepLearning4jDistributed,Insufficient Modularization
deeplearning4j-_old-0.4-rc3.4,org.deeplearning4j.scaleout.aggregator,INDArrayAggregator,Unutilized Abstraction
deeplearning4j-_old-0.4-rc3.4,org.deeplearning4j.scaleout.aggregator,WorkAccumulator,Unutilized Abstraction
deeplearning4j-_old-0.4-rc3.4,org.deeplearning4j.scaleout.aggregator,WorkAccumulator,Rebellious Hierarchy
deeplearning4j-_old-0.4-rc3.4,org.deeplearning4j.scaleout.job,DataSetIteratorJobIterator,Unutilized Abstraction
deeplearning4j-_old-0.4-rc3.4,org.deeplearning4j.scaleout.messages,FinishMessage,Unnecessary Abstraction
deeplearning4j-_old-0.4-rc3.4,org.deeplearning4j.scaleout.messages,FinishMessage,Unutilized Abstraction
deeplearning4j-_old-0.4-rc3.4,org.deeplearning4j.scaleout.messages,ShutdownMessage,Unnecessary Abstraction
deeplearning4j-_old-0.4-rc3.4,org.deeplearning4j.scaleout.messages,ShutdownMessage,Unutilized Abstraction
deeplearning4j-_old-0.4-rc3.4,org.deeplearning4j.scaleout.perform,BaseMultiLayerNetworkWorkPerformer,Unutilized Abstraction
deeplearning4j-_old-0.4-rc3.4,org.deeplearning4j.scaleout.perform,NeuralNetWorkPerformer,Unutilized Abstraction
deeplearning4j-_old-0.4-rc3.4,org.deeplearning4j.scaleout.perform,BaseWorkPerformerTest,Unutilized Abstraction
deeplearning4j-_old-0.4-rc3.4,org.deeplearning4j.scaleout.perform,MultiLayerWorkPerformerTests,Unutilized Abstraction
deeplearning4j-_old-0.4-rc3.4,org.deeplearning4j.scaleout.perform,MultiLayerWorkPerformerTests,Broken Hierarchy
deeplearning4j-_old-0.4-rc3.4,org.deeplearning4j.scaleout.perform,NeuralNetWorkPerformerTest,Unutilized Abstraction
deeplearning4j-_old-0.4-rc3.4,org.deeplearning4j.scaleout.perform,NeuralNetWorkPerformerTest,Broken Hierarchy
deeplearning4j-_old-0.4-rc3.4,org.deeplearning4j.scaleout.perform,BaseWorkPerformerFactory,Unutilized Abstraction
deeplearning4j-_old-0.4-rc3.4,org.deeplearning4j.scaleout.statetracker.hazelcast,BaseHazelCastStateTracker,Unutilized Abstraction
deeplearning4j-_old-0.4-rc3.4,org.deeplearning4j.scaleout.statetracker.hazelcast,BaseHazelCastStateTracker,Deficient Encapsulation
deeplearning4j-_old-0.4-rc3.4,org.deeplearning4j.scaleout.statetracker.hazelcast,BaseHazelCastStateTracker,Insufficient Modularization
deeplearning4j-_old-0.4-rc3.4,org.deeplearning4j.scaleout.statetracker.hazelcast,HazelCastConf,Unnecessary Abstraction
deeplearning4j-_old-0.4-rc3.4,org.deeplearning4j.scaleout.statetracker.hazelcast,HazelCastStateTracker,Unutilized Abstraction
deeplearning4j-_old-0.4-rc3.4,org.deeplearning4j.scaleout.statetracker.updatesaver,LocalFileUpdateSaver,Deficient Encapsulation
deeplearning4j-_old-0.4-rc3.4,org.deeplearning4j.scaleout.statetracker.workretriever,LocalWorkRetriever,Deficient Encapsulation
deeplearning4j-_old-0.4-rc3.4,org.deeplearning4j.scaleout.testsupport,BaseTestDistributed,Unutilized Abstraction
deeplearning4j-_old-0.4-rc3.4,org.deeplearning4j.scaleout.workrouter,HogWildWorkRouter,Unutilized Abstraction
deeplearning4j-_old-0.4-rc3.4,org.deeplearning4j.scaleout.workrouter,IterativeReduceWorkRouter,Unutilized Abstraction
deeplearning4j-_old-0.4-rc3.4,org.deeplearning4j.scaleout.actor,TestPerformerFactory,Unutilized Abstraction
deeplearning4j-_old-0.4-rc3.4,org.deeplearning4j.scaleout.actor,WorkerActorTest,Unutilized Abstraction
deeplearning4j-_old-0.4-rc3.4,org.deeplearning4j.scaleout.runner,TestDistributed,Unutilized Abstraction
deeplearning4j-_old-0.4-rc3.4,org.deeplearning4j.scaleout.api.statetracker,StateTracker,Insufficient Modularization
deeplearning4j-_old-0.4-rc3.4,org.deeplearning4j.scaleout.api.workrouter,BaseWorkRouter,Unutilized Abstraction
deeplearning4j-_old-0.4-rc3.4,org.deeplearning4j.scaleout.job.collection,CollectionJobIterator,Unutilized Abstraction
deeplearning4j-_old-0.4-rc3.4,org.deeplearning4j.scaleout.job.collection,CollectionJobIteratorFactory,Unutilized Abstraction
deeplearning4j-_old-0.4-rc3.4,org.deeplearning4j.scaleout.zookeeper,ZookeeperBuilder,Unutilized Abstraction
deeplearning4j-_old-0.4-rc3.4,org.deeplearning4j.scaleout.zookeeper,ZookeeperPathBuilder,Unutilized Abstraction
deeplearning4j-_old-0.4-rc3.4,org.deeplearning4j.scaleout.zookeeper.utils,ZkUtils,Unutilized Abstraction
deeplearning4j-_old-0.4-rc3.4,org.deeplearning4j.zookeeper,TestZookeeperRegister,Unutilized Abstraction
deeplearning4j-_old-0.4-rc3.4,org.deeplearning4j.iterativereduce.impl.multilayer,WorkerNode,Unutilized Abstraction
deeplearning4j-_old-0.4-rc3.4,org.deeplearning4j.iterativereduce.impl.multilayer,WorkerNode,Deficient Encapsulation
deeplearning4j-_old-0.4-rc3.4,org.deeplearning4j.iterativereduce.impl.multilayer,IRUnitIrisDBNWorkerTests,Unutilized Abstraction
deeplearning4j-_old-0.4-rc3.4,org.deeplearning4j.iterativereduce.impl.multilayer,IRUnitSVMLightWorkerTest,Unutilized Abstraction
deeplearning4j-_old-0.4-rc3.4,org.deeplearning4j.iterativereduce.impl.reader,CanovaInputSplit,Unutilized Abstraction
deeplearning4j-_old-0.4-rc3.4,org.deeplearning4j.iterativereduce.impl.reader,CanovaMapRedInputSplit,Unutilized Abstraction
deeplearning4j-_old-0.4-rc3.4,org.deeplearning4j.iterativereduce.impl.reader,RecordReaderDataSetIterator,Unutilized Abstraction
deeplearning4j-_old-0.4-rc3.4,org.deeplearning4j.iterativereduce.impl.single,WorkerNode,Unutilized Abstraction
deeplearning4j-_old-0.4-rc3.4,org.deeplearning4j.iterativereduce.irunit,IRUnitDriver,Deficient Encapsulation
deeplearning4j-_old-0.4-rc3.4,org.deeplearning4j.iterativereduce.runtime,AbstractComputableMaster,Unutilized Abstraction
deeplearning4j-_old-0.4-rc3.4,org.deeplearning4j.iterativereduce.runtime,AbstractComputableWorker,Unutilized Abstraction
deeplearning4j-_old-0.4-rc3.4,org.deeplearning4j.iterativereduce.runtime,ConfigFields,Deficient Encapsulation
deeplearning4j-_old-0.4-rc3.4,org.deeplearning4j.iterativereduce.runtime.irunit,IRUnitDriver,Unutilized Abstraction
deeplearning4j-_old-0.4-rc3.4,org.deeplearning4j.iterativereduce.runtime.yarn.appmaster,ConfigurationTuple,Unutilized Abstraction
deeplearning4j-_old-0.4-rc3.4,org.deeplearning4j.iterativereduce.runtime.yarn.appworker,ApplicationWorker,Unutilized Abstraction
deeplearning4j-_old-0.4-rc3.4,org.deeplearning4j.iterativereduce.runtime.yarn.appworker,PeriodicUpdateThread,Unutilized Abstraction
deeplearning4j-_old-0.4-rc3.4,org.deeplearning4j.iterativereduce.runtime.yarn.avro.generated,FileSplit,Deficient Encapsulation
deeplearning4j-_old-0.4-rc3.4,org.deeplearning4j.iterativereduce.runtime.yarn.avro.generated,FileSplit,Cyclic-Dependent Modularization
deeplearning4j-_old-0.4-rc3.4,org.deeplearning4j.iterativereduce.runtime.yarn.avro.generated,FileSplit,Insufficient Modularization
deeplearning4j-_old-0.4-rc3.4,org.deeplearning4j.iterativereduce.runtime.yarn.avro.generated,Builder,Cyclic-Dependent Modularization
deeplearning4j-_old-0.4-rc3.4,org.deeplearning4j.iterativereduce.runtime.yarn.avro.generated,IterativeReduceService,Deficient Encapsulation
deeplearning4j-_old-0.4-rc3.4,org.deeplearning4j.iterativereduce.runtime.yarn.avro.generated,Callback,Unutilized Abstraction
deeplearning4j-_old-0.4-rc3.4,org.deeplearning4j.iterativereduce.runtime.yarn.avro.generated,Callback,Deficient Encapsulation
deeplearning4j-_old-0.4-rc3.4,org.deeplearning4j.iterativereduce.runtime.yarn.avro.generated,Callback,Rebellious Hierarchy
deeplearning4j-_old-0.4-rc3.4,org.deeplearning4j.iterativereduce.runtime.yarn.avro.generated,ProgressReport,Deficient Encapsulation
deeplearning4j-_old-0.4-rc3.4,org.deeplearning4j.iterativereduce.runtime.yarn.avro.generated,Builder,Unutilized Abstraction
deeplearning4j-_old-0.4-rc3.4,org.deeplearning4j.iterativereduce.runtime.yarn.avro.generated,ServiceError,Deficient Encapsulation
deeplearning4j-_old-0.4-rc3.4,org.deeplearning4j.iterativereduce.runtime.yarn.avro.generated,ServiceError,Insufficient Modularization
deeplearning4j-_old-0.4-rc3.4,org.deeplearning4j.iterativereduce.runtime.yarn.avro.generated,Builder,Unutilized Abstraction
deeplearning4j-_old-0.4-rc3.4,org.deeplearning4j.iterativereduce.runtime.yarn.avro.generated,StartupConfiguration,Deficient Encapsulation
deeplearning4j-_old-0.4-rc3.4,org.deeplearning4j.iterativereduce.runtime.yarn.avro.generated,StartupConfiguration,Insufficient Modularization
deeplearning4j-_old-0.4-rc3.4,org.deeplearning4j.iterativereduce.runtime.yarn.avro.generated,Builder,Unutilized Abstraction
deeplearning4j-_old-0.4-rc3.4,org.deeplearning4j.iterativereduce.runtime.yarn.avro.generated,WorkerId,Deficient Encapsulation
deeplearning4j-_old-0.4-rc3.4,org.deeplearning4j.iterativereduce.runtime.yarn.client,Client,Unutilized Abstraction
deeplearning4j-_old-0.4-rc3.4,org.deeplearning4j.iterativereduce.runtime.yarn.client,Kill,Unutilized Abstraction
deeplearning4j-_old-0.4-rc3.4,org.deeplearning4j.iterativereduce.runtime.yarn.client,Kill,Deficient Encapsulation
deeplearning4j-_old-0.4-rc3.4,org.deeplearning4j.hadoop.datasetiterator,BaseHdfsDataSetIterator,Unutilized Abstraction
deeplearning4j-_old-0.4-rc3.4,org.deeplearning4j.hadoop.modelsaving,HdfsModelSaver,Unutilized Abstraction
deeplearning4j-_old-0.4-rc3.4,org.deeplearning4j.hadoop.util,HdfsLock,Cyclic-Dependent Modularization
deeplearning4j-_old-0.4-rc3.4,org.deeplearning4j.hadoop.util,HdfsUtils,Deficient Encapsulation
deeplearning4j-_old-0.4-rc3.4,org.deeplearning4j.hadoop.util,HdfsUtils,Cyclic-Dependent Modularization
deeplearning4j-_old-0.4-rc3.4,org.deeplearning4j.hadoop.util,HdfsUtils,Insufficient Modularization
deeplearning4j-_old-0.4-rc3.4,org.deeplearning4j.hadoop.nlp.text,ConfigurableSentenceIterator,Deficient Encapsulation
deeplearning4j-_old-0.4-rc3.4,org.deeplearning4j.hadoop.nlp.text,ConfigurableSentenceIteratorTest,Unutilized Abstraction
deeplearning4j-_old-0.4-rc3.4,org.deeplearning4j.hadoop.nlp.uima,TestAnalysisEngineFromHdfs,Unutilized Abstraction
deeplearning4j-_old-0.4-rc3.4,org.deeplearning4j.models.glove.iterator,GloveJobIterator,Unutilized Abstraction
deeplearning4j-_old-0.4-rc3.4,org.deeplearning4j.spark.models.embeddings.common,BaseWord2VecFunction,Unutilized Abstraction
deeplearning4j-_old-0.4-rc3.4,org.deeplearning4j.spark.models.embeddings.common,BaseWord2VecFunction,Deficient Encapsulation
deeplearning4j-_old-0.4-rc3.4,org.deeplearning4j.spark.models.embeddings.common,DotProduct,Unutilized Abstraction
deeplearning4j-_old-0.4-rc3.4,org.deeplearning4j.spark.models.embeddings.common,DotProduct,Broken Hierarchy
deeplearning4j-_old-0.4-rc3.4,org.deeplearning4j.spark.models.embeddings.common,GetVector,Unutilized Abstraction
deeplearning4j-_old-0.4-rc3.4,org.deeplearning4j.spark.models.embeddings.common,GetVector,Broken Hierarchy
deeplearning4j-_old-0.4-rc3.4,org.deeplearning4j.spark.models.embeddings.common,SaxpyMap,Unutilized Abstraction
deeplearning4j-_old-0.4-rc3.4,org.deeplearning4j.spark.models.embeddings.common,SaxpyMap,Broken Hierarchy
deeplearning4j-_old-0.4-rc3.4,org.deeplearning4j.spark.models.embeddings.glove,GloveChange,Unutilized Abstraction
deeplearning4j-_old-0.4-rc3.4,org.deeplearning4j.spark.models.embeddings.glove,GloveChange,Insufficient Modularization
deeplearning4j-_old-0.4-rc3.4,org.deeplearning4j.spark.models.embeddings.glove,GloveParam,Unutilized Abstraction
deeplearning4j-_old-0.4-rc3.4,org.deeplearning4j.spark.models.embeddings.glove,GloveParam,Insufficient Modularization
deeplearning4j-_old-0.4-rc3.4,org.deeplearning4j.spark.models.embeddings.glove,Builder,Unutilized Abstraction
deeplearning4j-_old-0.4-rc3.4,org.deeplearning4j.spark.models.embeddings.glove,GlovePerformer,Deficient Encapsulation
deeplearning4j-_old-0.4-rc3.4,org.deeplearning4j.spark.models.embeddings.glove,VocabWordPairs,Unutilized Abstraction
deeplearning4j-_old-0.4-rc3.4,org.deeplearning4j.spark.models.embeddings.glove,GloveTest,Unutilized Abstraction
deeplearning4j-_old-0.4-rc3.4,org.deeplearning4j.spark.models.embeddings.glove.cooccurrences,CoOccurrenceCalculator,Unutilized Abstraction
deeplearning4j-_old-0.4-rc3.4,org.deeplearning4j.spark.models.embeddings.glove.cooccurrences,CoOccurrenceCounts,Unutilized Abstraction
deeplearning4j-_old-0.4-rc3.4,org.deeplearning4j.spark.models.embeddings.word2vec,MapToPairFunction,Unutilized Abstraction
deeplearning4j-_old-0.4-rc3.4,org.deeplearning4j.spark.models.embeddings.word2vec,SentenceBatch,Unutilized Abstraction
deeplearning4j-_old-0.4-rc3.4,org.deeplearning4j.spark.models.embeddings.word2vec,Word2Vec,Insufficient Modularization
deeplearning4j-_old-0.4-rc3.4,org.deeplearning4j.spark.models.embeddings.word2vec,Word2VecChange,Unutilized Abstraction
deeplearning4j-_old-0.4-rc3.4,org.deeplearning4j.spark.models.embeddings.word2vec,Word2VecParam,Insufficient Modularization
deeplearning4j-_old-0.4-rc3.4,org.deeplearning4j.spark.models.embeddings.word2vec,Builder,Unutilized Abstraction
deeplearning4j-_old-0.4-rc3.4,org.deeplearning4j.spark.models.embeddings.word2vec,Word2VecPerformer,Unutilized Abstraction
deeplearning4j-_old-0.4-rc3.4,org.deeplearning4j.spark.models.embeddings.word2vec,Word2VecPerformerVoid,Deficient Encapsulation
deeplearning4j-_old-0.4-rc3.4,org.deeplearning4j.spark.models.embeddings.word2vec,Word2VecPerformerVoid,Insufficient Modularization
deeplearning4j-_old-0.4-rc3.4,org.deeplearning4j.spark.models.embeddings.word2vec,Word2VecSetup,Unutilized Abstraction
deeplearning4j-_old-0.4-rc3.4,org.deeplearning4j.spark.models.embeddings.word2vec,Word2VecVariables,Deficient Encapsulation
deeplearning4j-_old-0.4-rc3.4,org.deeplearning4j.spark.models.embeddings.word2vec,Word2VecTest,Unutilized Abstraction
deeplearning4j-_old-0.4-rc3.4,org.deeplearning4j.spark.text.accumulators,MaxPerPartitionAccumulator,Unutilized Abstraction
deeplearning4j-_old-0.4-rc3.4,org.deeplearning4j.spark.text.accumulators,WordFreqAccumulator,Unutilized Abstraction
deeplearning4j-_old-0.4-rc3.4,org.deeplearning4j.spark.text.functions,FoldBetweenPartitionFunction,Unutilized Abstraction
deeplearning4j-_old-0.4-rc3.4,org.deeplearning4j.spark.text.functions,FoldWithinPartitionFunction,Unutilized Abstraction
deeplearning4j-_old-0.4-rc3.4,org.deeplearning4j.spark.text.functions,GetSentenceCountFunction,Unutilized Abstraction
deeplearning4j-_old-0.4-rc3.4,org.deeplearning4j.spark.text.functions,MapPerPartitionVoidFunction,Unutilized Abstraction
deeplearning4j-_old-0.4-rc3.4,org.deeplearning4j.spark.text.functions,ReduceSentenceCount,Unutilized Abstraction
deeplearning4j-_old-0.4-rc3.4,org.deeplearning4j.spark.text.functions,WordsListToVocabWordsFunction,Unutilized Abstraction
deeplearning4j-_old-0.4-rc3.4,org.deeplearning4j.spark.text,BaseSparkTest,Unutilized Abstraction
deeplearning4j-_old-0.4-rc3.4,org.deeplearning4j.spark.text,TestFunction,Unutilized Abstraction
deeplearning4j-_old-0.4-rc3.4,org.deeplearning4j.spark.text,TextPipelineTest,Unutilized Abstraction
deeplearning4j-_old-0.4-rc3.4,org.deeplearning4j.spark.canova,RDDMiniBatches,Unutilized Abstraction
deeplearning4j-_old-0.4-rc3.4,org.deeplearning4j.spark.canova,MiniBatchFunction,Unutilized Abstraction
deeplearning4j-_old-0.4-rc3.4,org.deeplearning4j.spark.canova,RecordReaderFunction,Unutilized Abstraction
deeplearning4j-_old-0.4-rc3.4,org.deeplearning4j.spark.canova,MiniBatchTests,Unutilized Abstraction
deeplearning4j-_old-0.4-rc3.4,org.deeplearning4j.spark.canova,DataSetAssertionFunction,Unutilized Abstraction
deeplearning4j-_old-0.4-rc3.4,org.deeplearning4j.spark.impl.common,Add,Unutilized Abstraction
deeplearning4j-_old-0.4-rc3.4,org.deeplearning4j.spark.impl.common,ParamAccumulator,Unutilized Abstraction
deeplearning4j-_old-0.4-rc3.4,org.deeplearning4j.spark.impl.layer,DL4jWorker,Unutilized Abstraction
deeplearning4j-_old-0.4-rc3.4,org.deeplearning4j.spark.impl.layer,IterativeReduceFlatMap,Unutilized Abstraction
deeplearning4j-_old-0.4-rc3.4,org.deeplearning4j.spark.impl.layer,TestSparkLayer,Unutilized Abstraction
deeplearning4j-_old-0.4-rc3.4,org.deeplearning4j.spark.impl.multilayer,IterativeReduce,Unutilized Abstraction
deeplearning4j-_old-0.4-rc3.4,org.deeplearning4j.spark.impl.multilayer,IterativeReduceFlatMap,Unutilized Abstraction
deeplearning4j-_old-0.4-rc3.4,org.deeplearning4j.spark.impl.multilayer,SparkDl4jMultiLayer,Deficient Encapsulation
deeplearning4j-_old-0.4-rc3.4,org.deeplearning4j.spark.impl.multilayer,TestSparkMultiLayer,Unutilized Abstraction
deeplearning4j-_old-0.4-rc3.4,org.deeplearning4j.spark.ordering,DataSetOrdering,Unutilized Abstraction
deeplearning4j-_old-0.4-rc3.4,org.deeplearning4j.spark.util,MLLIbUtilTest,Unutilized Abstraction
deeplearning4j-_old-0.4-rc3.4,org.deeplearning4j.spark,BaseSparkTest,Unutilized Abstraction
deeplearning4j-_old-0.4-rc3.4,org.deeplearning4j.spark.common,AddTest,Unutilized Abstraction
deeplearning4j-_old-0.4-rc3.4,org.deeplearning4j.ui,ApiTest,Unutilized Abstraction
deeplearning4j-_old-0.4-rc3.4,org.deeplearning4j.ui,ApiTest,Broken Hierarchy
deeplearning4j-_old-0.4-rc3.4,org.deeplearning4j.ui,BaseUiServerTest,Unutilized Abstraction
deeplearning4j-_old-0.4-rc3.4,org.deeplearning4j.ui,TestRenders,Unutilized Abstraction
deeplearning4j-_old-0.4-rc3.4,org.deeplearning4j.ui,TestRenders,Broken Hierarchy
deeplearning4j-_old-0.4-rc3.4,org.deeplearning4j.ui,TestSerialization,Unutilized Abstraction
deeplearning4j-_old-0.4-rc3.4,org.deeplearning4j.ui.activation,ActivationsResource,Unutilized Abstraction
deeplearning4j-_old-0.4-rc3.4,org.deeplearning4j.ui.activation,PathUpdate,Unnecessary Abstraction
deeplearning4j-_old-0.4-rc3.4,org.deeplearning4j.ui.activation,RenderView,Unutilized Abstraction
deeplearning4j-_old-0.4-rc3.4,org.deeplearning4j.ui.activation,UpdateActivationIterationListener,Unutilized Abstraction
deeplearning4j-_old-0.4-rc3.4,org.deeplearning4j.ui.api,ApiResource,Unutilized Abstraction
deeplearning4j-_old-0.4-rc3.4,org.deeplearning4j.ui.api,UrlResource,Unnecessary Abstraction
deeplearning4j-_old-0.4-rc3.4,org.deeplearning4j.ui.exception,GenericExceptionMapper,Unutilized Abstraction
deeplearning4j-_old-0.4-rc3.4,org.deeplearning4j.ui.exception,JsonExceptionMapper,Unutilized Abstraction
deeplearning4j-_old-0.4-rc3.4,org.deeplearning4j.ui.nearestneighbors,NearestNeighborsResource,Unutilized Abstraction
deeplearning4j-_old-0.4-rc3.4,org.deeplearning4j.ui.nearestneighbors,NearestNeighborsView,Unutilized Abstraction
deeplearning4j-_old-0.4-rc3.4,org.deeplearning4j.ui.nearestneighbors.word2vec,NearestNeighborsResource,Unutilized Abstraction
deeplearning4j-_old-0.4-rc3.4,org.deeplearning4j.ui.nearestneighbors.word2vec,NearestNeighborsView,Unutilized Abstraction
deeplearning4j-_old-0.4-rc3.4,org.deeplearning4j.ui.renders,PathUpdate,Unnecessary Abstraction
deeplearning4j-_old-0.4-rc3.4,org.deeplearning4j.ui.renders,RenderView,Unutilized Abstraction
deeplearning4j-_old-0.4-rc3.4,org.deeplearning4j.ui.renders,RendersResource,Unutilized Abstraction
deeplearning4j-_old-0.4-rc3.4,org.deeplearning4j.ui.renders,UpdateFilterIterationListener,Unutilized Abstraction
deeplearning4j-_old-0.4-rc3.4,org.deeplearning4j.ui.tsne,TsneResource,Unutilized Abstraction
deeplearning4j-_old-0.4-rc3.4,org.deeplearning4j.ui.tsne,TsneView,Unutilized Abstraction
deeplearning4j-_old-0.4-rc3.4,org.deeplearning4j.ui.uploads,FileResource,Unutilized Abstraction
deeplearning4j-_old-0.4-rc3.4,org.deeplearning4j.ui.weights,HistogramIterationListener,Unutilized Abstraction
deeplearning4j-_old-0.4-rc3.4,org.deeplearning4j.ui.weights,WeightResource,Unutilized Abstraction
deeplearning4j-_old-0.4-rc3.4,org.deeplearning4j.ui.weights,WeightView,Unutilized Abstraction
