Project Name,Package Name,Type Name,NOF,NOPF,NOM,NOPM,LOC,WMC,NC,DIT,LCOM,FANIN,FANOUT
deeplearning4j-_old-0.4-rc3.4,org.deeplearning4j.cli.api.flags,BaseIOFlag,0,0,2,0,12,2,2,1,-1.0,0,0
deeplearning4j-_old-0.4-rc3.4,org.deeplearning4j.cli.api.flags,Computation,0,0,1,1,9,1,0,1,-1.0,0,0
deeplearning4j-_old-0.4-rc3.4,org.deeplearning4j.cli.api.flags,DistributedSystem,0,0,1,1,9,1,0,1,-1.0,0,0
deeplearning4j-_old-0.4-rc3.4,org.deeplearning4j.cli.api.flags,Flag,0,0,1,0,12,1,5,0,-1.0,1,0
deeplearning4j-_old-0.4-rc3.4,org.deeplearning4j.cli.api.flags,Input,0,0,3,1,18,3,0,2,-1.0,0,0
deeplearning4j-_old-0.4-rc3.4,org.deeplearning4j.cli.api.flags,Model,0,0,1,1,19,2,0,1,-1.0,2,2
deeplearning4j-_old-0.4-rc3.4,org.deeplearning4j.cli.api.flags,Output,0,0,1,1,16,1,0,2,-1.0,0,0
deeplearning4j-_old-0.4-rc3.4,org.deeplearning4j.cli.api.flags,Properties,1,0,1,1,17,2,0,1,0.0,1,0
deeplearning4j-_old-0.4-rc3.4,org.deeplearning4j.cli.api.flags.test,BaseFlagTest,1,0,2,2,12,2,0,0,0.0,0,1
deeplearning4j-_old-0.4-rc3.4,org.deeplearning4j.cli.api.schemes,BaseScheme,2,0,5,5,20,5,0,1,0.0,0,0
deeplearning4j-_old-0.4-rc3.4,org.deeplearning4j.cli.api.schemes,Scheme,0,0,4,0,19,4,1,0,-1.0,1,0
deeplearning4j-_old-0.4-rc3.4,org.deeplearning4j.cli.api.schemes,Schemes,0,0,1,1,19,2,0,0,-1.0,0,0
deeplearning4j-_old-0.4-rc3.4,org.deeplearning4j.cli.driver,CommandLineInterfaceDriver,2,0,3,3,34,3,0,0,0.6666666666666666,1,1
deeplearning4j-_old-0.4-rc3.4,org.deeplearning4j.cli.files,FileRecordReaderFactory,0,0,1,1,42,5,0,0,-1.0,0,0
deeplearning4j-_old-0.4-rc3.4,org.deeplearning4j.cli.files,FileRecordWriterFactory,0,0,1,1,35,5,0,0,-1.0,0,0
deeplearning4j-_old-0.4-rc3.4,org.deeplearning4j.cli.files,FileScheme,0,0,4,4,36,4,0,0,-1.0,0,0
deeplearning4j-_old-0.4-rc3.4,org.deeplearning4j.cli.subcommands,BaseSubCommand,2,0,1,1,13,1,4,1,0.0,0,0
deeplearning4j-_old-0.4-rc3.4,org.deeplearning4j.cli.subcommands,Predict,5,0,2,2,16,2,0,2,1.0,0,0
deeplearning4j-_old-0.4-rc3.4,org.deeplearning4j.cli.subcommands,SubCommand,0,0,1,0,10,1,1,0,-1.0,1,0
deeplearning4j-_old-0.4-rc3.4,org.deeplearning4j.cli.subcommands,Test,4,0,2,2,15,2,0,2,1.0,0,0
deeplearning4j-_old-0.4-rc3.4,org.deeplearning4j.cli.subcommands,Train,17,8,8,8,158,20,0,2,0.375,2,7
deeplearning4j-_old-0.4-rc3.4,org.deeplearning4j.cli.subcommands,BaseSubCommandTest,0,0,1,1,10,1,0,0,-1.0,0,1
deeplearning4j-_old-0.4-rc3.4,org.deeplearning4j.cli.subcommands,DummySubCommand,1,0,4,4,20,4,0,2,0.75,1,0
deeplearning4j-_old-0.4-rc3.4,org.deeplearning4j.cli.subcommands,TrainTest,0,0,1,1,16,1,0,0,-1.0,0,1
deeplearning4j-_old-0.4-rc3.4,org.deeplearning4j.cli,TrainConfigTest,0,0,1,1,16,1,0,0,-1.0,0,3
deeplearning4j-_old-0.4-rc3.4,org.deeplearning4j.cli,TrainMultiLayerConfigTest,0,0,1,1,16,1,0,0,-1.0,0,4
deeplearning4j-_old-0.4-rc3.4,org.deeplearning4j.cli.flags,PropertiesFlagTest,0,0,1,1,12,1,0,0,-1.0,0,1
deeplearning4j-_old-0.4-rc3.4,org.deeplearning4j.cli.schemes,BaseSchemeTest,1,0,4,4,44,7,1,0,0.5,0,1
deeplearning4j-_old-0.4-rc3.4,org.deeplearning4j.cli.schemes,FileSchemeTest,0,0,1,1,8,1,0,1,-1.0,0,0
deeplearning4j-_old-0.4-rc3.4,org.deeplearning4j.base,IrisUtils,0,0,2,1,29,5,0,0,-1.0,2,1
deeplearning4j-_old-0.4-rc3.4,org.deeplearning4j.base,LFWLoader,11,2,14,14,128,23,0,0,0.14285714285714285,1,2
deeplearning4j-_old-0.4-rc3.4,org.deeplearning4j.base,MnistFetcher,9,2,3,3,56,9,0,0,0.0,1,1
deeplearning4j-_old-0.4-rc3.4,org.deeplearning4j.berkeley,Counter,6,0,58,55,482,106,0,0,0.06896551724137931,25,4
deeplearning4j-_old-0.4-rc3.4,org.deeplearning4j.berkeley,CounterMap,9,0,46,42,372,75,0,0,0.1956521739130435,9,5
deeplearning4j-_old-0.4-rc3.4,org.deeplearning4j.berkeley,CountFunction,0,0,1,0,3,1,0,0,-1.0,1,0
deeplearning4j-_old-0.4-rc3.4,org.deeplearning4j.berkeley,PairIterator,3,0,5,4,28,7,0,0,0.4,0,1
deeplearning4j-_old-0.4-rc3.4,org.deeplearning4j.berkeley,Factory,1,0,3,2,18,3,1,0,-1.0,2,0
deeplearning4j-_old-0.4-rc3.4,org.deeplearning4j.berkeley,DefaultFactory,1,0,2,2,15,2,0,1,0.0,0,0
deeplearning4j-_old-0.4-rc3.4,org.deeplearning4j.berkeley,Filter,0,0,1,0,7,1,0,0,-1.0,2,0
deeplearning4j-_old-0.4-rc3.4,org.deeplearning4j.berkeley,Iterators,17,0,60,55,317,76,0,0,0.35,2,5
deeplearning4j-_old-0.4-rc3.4,org.deeplearning4j.berkeley,Transform,1,0,5,4,19,5,0,0,0.0,0,0
deeplearning4j-_old-0.4-rc3.4,org.deeplearning4j.berkeley,IteratorIterator,3,0,5,4,33,9,0,0,0.4,0,1
deeplearning4j-_old-0.4-rc3.4,org.deeplearning4j.berkeley,FilteredIterator,3,0,6,5,35,8,0,0,0.3333333333333333,0,1
deeplearning4j-_old-0.4-rc3.4,org.deeplearning4j.berkeley,TransformingIterator,2,0,4,4,17,4,0,0,0.0,0,1
deeplearning4j-_old-0.4-rc3.4,org.deeplearning4j.berkeley,MapFactory,4,0,5,5,31,5,4,0,1.0,3,0
deeplearning4j-_old-0.4-rc3.4,org.deeplearning4j.berkeley,HashMapFactory,1,0,1,1,6,1,0,1,0.0,0,0
deeplearning4j-_old-0.4-rc3.4,org.deeplearning4j.berkeley,IdentityHashMapFactory,1,0,1,1,6,1,0,1,0.0,0,0
deeplearning4j-_old-0.4-rc3.4,org.deeplearning4j.berkeley,TreeMapFactory,1,0,1,1,6,1,0,1,0.0,0,0
deeplearning4j-_old-0.4-rc3.4,org.deeplearning4j.berkeley,WeakHashMapFactory,1,0,1,1,6,1,0,1,0.0,0,0
deeplearning4j-_old-0.4-rc3.4,org.deeplearning4j.berkeley,MyMethod,0,0,1,0,7,1,0,0,-1.0,2,0
deeplearning4j-_old-0.4-rc3.4,org.deeplearning4j.berkeley,Pair,5,0,19,19,101,23,0,0,0.10526315789473684,54,1
deeplearning4j-_old-0.4-rc3.4,org.deeplearning4j.berkeley,FirstComparator,0,0,1,1,5,1,0,0,-1.0,0,1
deeplearning4j-_old-0.4-rc3.4,org.deeplearning4j.berkeley,ReverseFirstComparator,0,0,1,1,5,1,0,0,-1.0,0,1
deeplearning4j-_old-0.4-rc3.4,org.deeplearning4j.berkeley,SecondComparator,0,0,1,1,5,1,0,0,-1.0,0,1
deeplearning4j-_old-0.4-rc3.4,org.deeplearning4j.berkeley,ReverseSecondComparator,0,0,1,1,5,1,0,0,-1.0,0,1
deeplearning4j-_old-0.4-rc3.4,org.deeplearning4j.berkeley,LexicographicPairComparator,2,0,2,2,13,3,0,0,0.0,0,1
deeplearning4j-_old-0.4-rc3.4,org.deeplearning4j.berkeley,DefaultLexicographicPairComparator,0,0,1,1,9,2,0,0,-1.0,0,1
deeplearning4j-_old-0.4-rc3.4,org.deeplearning4j.berkeley,PriorityQueue,5,0,24,16,194,44,0,1,0.125,3,2
deeplearning4j-_old-0.4-rc3.4,org.deeplearning4j.berkeley,PriorityQueueInterface,0,0,8,0,36,8,1,0,-1.0,0,0
deeplearning4j-_old-0.4-rc3.4,org.deeplearning4j.berkeley,SloppyMath,2,1,43,43,684,160,0,0,0.7674418604651163,2,2
deeplearning4j-_old-0.4-rc3.4,org.deeplearning4j.berkeley,StringUtils,2,0,61,60,844,146,0,0,0.6065573770491803,5,2
deeplearning4j-_old-0.4-rc3.4,org.deeplearning4j.berkeley,Triple,3,0,11,11,61,23,0,0,0.18181818181818182,9,1
deeplearning4j-_old-0.4-rc3.4,org.deeplearning4j.clustering,Cluster,3,0,12,12,50,14,0,0,0.16666666666666666,1,0
deeplearning4j-_old-0.4-rc3.4,org.deeplearning4j.clustering,ClusterSet,2,0,20,18,83,27,0,0,0.1,0,1
deeplearning4j-_old-0.4-rc3.4,org.deeplearning4j.clustering,ClusteringAlgorithm,0,0,1,0,3,1,0,0,-1.0,0,0
deeplearning4j-_old-0.4-rc3.4,org.deeplearning4j.clustering.algorithm,BaseClusteringAlgorithm,8,0,12,2,101,22,0,1,0.0,0,7
deeplearning4j-_old-0.4-rc3.4,org.deeplearning4j.clustering.algorithm,ClusteringAlgorithm,0,0,1,0,3,1,1,0,-1.0,0,0
deeplearning4j-_old-0.4-rc3.4,org.deeplearning4j.clustering.algorithm.condition,ClusteringAlgorithmCondition,0,0,1,0,3,1,3,0,-1.0,2,1
deeplearning4j-_old-0.4-rc3.4,org.deeplearning4j.clustering.algorithm.condition,ConvergenceCondition,2,0,3,2,20,4,0,1,0.0,2,1
deeplearning4j-_old-0.4-rc3.4,org.deeplearning4j.clustering.algorithm.condition,FixedIterationCountCondition,1,0,3,2,12,3,0,1,0.6666666666666666,2,1
deeplearning4j-_old-0.4-rc3.4,org.deeplearning4j.clustering.algorithm.condition,VarianceVariationCondition,2,0,3,2,23,6,0,1,0.0,0,1
deeplearning4j-_old-0.4-rc3.4,org.deeplearning4j.clustering.algorithm.iteration,IterationHistory,1,0,6,6,22,6,0,0,0.0,8,1
deeplearning4j-_old-0.4-rc3.4,org.deeplearning4j.clustering.algorithm.iteration,IterationInfo,3,0,8,8,32,8,0,0,0.25,1,1
deeplearning4j-_old-0.4-rc3.4,org.deeplearning4j.clustering.algorithm.optimisation,ClusteringOptimization,2,0,5,5,21,5,0,0,0.0,1,0
deeplearning4j-_old-0.4-rc3.4,org.deeplearning4j.clustering.algorithm.strategy,BaseClusteringStrategy,6,0,16,12,62,16,2,1,0.1875,0,3
deeplearning4j-_old-0.4-rc3.4,org.deeplearning4j.clustering.algorithm.strategy,ClusteringStrategy,0,0,10,0,12,10,1,0,-1.0,2,1
deeplearning4j-_old-0.4-rc3.4,org.deeplearning4j.clustering.algorithm.strategy,FixedClusterCountStrategy,1,1,4,3,15,4,0,2,1.0,1,1
deeplearning4j-_old-0.4-rc3.4,org.deeplearning4j.clustering.algorithm.strategy,OptimisationStrategy,3,1,9,8,35,9,0,2,0.4444444444444444,2,5
deeplearning4j-_old-0.4-rc3.4,org.deeplearning4j.clustering.cluster,Cluster,5,0,17,17,66,24,0,0,0.17647058823529413,3,1
deeplearning4j-_old-0.4-rc3.4,org.deeplearning4j.clustering.cluster,ClusterSet,3,0,27,24,117,36,0,0,0.1111111111111111,3,3
deeplearning4j-_old-0.4-rc3.4,org.deeplearning4j.clustering.cluster,ClusterUtils,0,0,27,27,239,51,0,0,-1.0,2,10
deeplearning4j-_old-0.4-rc3.4,org.deeplearning4j.clustering.cluster,Point,4,0,11,11,47,12,0,0,0.18181818181818182,3,0
deeplearning4j-_old-0.4-rc3.4,org.deeplearning4j.clustering.cluster,PointClassification,3,0,7,7,29,7,0,0,0.0,1,1
deeplearning4j-_old-0.4-rc3.4,org.deeplearning4j.clustering.cluster.info,ClusterInfo,5,0,17,17,77,20,0,0,0.47058823529411764,2,0
deeplearning4j-_old-0.4-rc3.4,org.deeplearning4j.clustering.cluster.info,ClusterSetInfo,4,0,15,15,69,23,0,0,0.2,4,3
deeplearning4j-_old-0.4-rc3.4,org.deeplearning4j.clustering.kdtree,HyperRect,3,0,10,10,68,21,0,0,0.2,2,2
deeplearning4j-_old-0.4-rc3.4,org.deeplearning4j.clustering.kdtree,Interval,2,0,3,3,14,5,0,0,0.0,1,0
deeplearning4j-_old-0.4-rc3.4,org.deeplearning4j.clustering.kdtree,KDTree,10,2,21,15,243,69,0,0,0.23809523809523808,1,3
deeplearning4j-_old-0.4-rc3.4,org.deeplearning4j.clustering.kdtree,KDNode,4,0,8,8,28,8,0,0,0.5,2,1
deeplearning4j-_old-0.4-rc3.4,org.deeplearning4j.clustering.kdtree,KDTreeTest,0,0,1,1,14,1,0,0,-1.0,0,2
deeplearning4j-_old-0.4-rc3.4,org.deeplearning4j.clustering.kmeans,KMeansClustering,1,0,3,2,19,3,0,0,1.0,0,2
deeplearning4j-_old-0.4-rc3.4,org.deeplearning4j.clustering.quadtree,Cell,4,0,12,12,68,17,0,0,0.0,2,1
deeplearning4j-_old-0.4-rc3.4,org.deeplearning4j.clustering.quadtree,QuadTree,15,0,33,29,238,56,0,0,0.0,2,2
deeplearning4j-_old-0.4-rc3.4,org.deeplearning4j.clustering.quadtree,QuadTreeTest,0,0,1,1,13,1,0,0,-1.0,0,1
deeplearning4j-_old-0.4-rc3.4,org.deeplearning4j.clustering.sptree,Cell,3,0,10,10,43,13,0,0,0.0,1,0
deeplearning4j-_old-0.4-rc3.4,org.deeplearning4j.clustering.sptree,DataPoint,5,0,13,13,82,20,0,0,0.0,3,1
deeplearning4j-_old-0.4-rc3.4,org.deeplearning4j.clustering.sptree,HeapItem,2,0,8,8,41,11,0,0,0.0,1,1
deeplearning4j-_old-0.4-rc3.4,org.deeplearning4j.clustering.sptree,SpTree,18,1,23,20,229,52,0,0,0.0,3,2
deeplearning4j-_old-0.4-rc3.4,org.deeplearning4j.clustering.sptree,SPTreeTest,0,0,2,2,18,2,0,0,-1.0,0,1
deeplearning4j-_old-0.4-rc3.4,org.deeplearning4j.clustering.vptree,VPTree,10,0,31,29,232,57,0,0,0.12903225806451613,3,5
deeplearning4j-_old-0.4-rc3.4,org.deeplearning4j.clustering.vptree,Node,4,0,11,11,52,16,0,0,0.0,2,1
deeplearning4j-_old-0.4-rc3.4,org.deeplearning4j.clustering.vptree,VpTreeNodeTest,0,0,1,1,17,1,0,0,-1.0,0,2
deeplearning4j-_old-0.4-rc3.4,org.deeplearning4j.datasets,DataSets,0,0,6,6,31,6,0,0,-1.0,1,4
deeplearning4j-_old-0.4-rc3.4,org.deeplearning4j.datasets.canova,RecordReaderDataSetIterator,10,0,21,20,178,40,0,0,0.3333333333333333,0,0
deeplearning4j-_old-0.4-rc3.4,org.deeplearning4j.datasets.canova,RecordReaderDataSetiteratorTest,0,0,1,1,13,1,0,0,-1.0,0,1
deeplearning4j-_old-0.4-rc3.4,org.deeplearning4j.datasets.creator,DataSetIteratorFactory,2,0,1,0,13,1,0,0,-1.0,0,0
deeplearning4j-_old-0.4-rc3.4,org.deeplearning4j.datasets.creator,MnistDataSetCreator,0,0,1,1,11,1,0,0,-1.0,0,2
deeplearning4j-_old-0.4-rc3.4,org.deeplearning4j.datasets.fetchers,BaseDataFetcher,7,0,11,7,73,13,5,0,0.18181818181818182,0,0
deeplearning4j-_old-0.4-rc3.4,org.deeplearning4j.datasets.fetchers,CSVDataFetcher,4,0,8,6,104,18,0,1,0.0,0,1
deeplearning4j-_old-0.4-rc3.4,org.deeplearning4j.datasets.fetchers,CurvesDataFetcher,4,3,4,3,43,9,0,1,0.5,0,1
deeplearning4j-_old-0.4-rc3.4,org.deeplearning4j.datasets.fetchers,IrisDataFetcher,2,1,2,2,23,3,0,1,1.0,5,1
deeplearning4j-_old-0.4-rc3.4,org.deeplearning4j.datasets.fetchers,LFWDataFetcher,3,1,4,4,39,7,0,1,0.75,2,1
deeplearning4j-_old-0.4-rc3.4,org.deeplearning4j.datasets.fetchers,MnistDataFetcher,6,1,5,5,100,16,0,1,0.8,7,2
deeplearning4j-_old-0.4-rc3.4,org.deeplearning4j.datasets.fetchers,IrisDataFetcherTest,0,0,1,1,9,1,0,0,-1.0,0,1
deeplearning4j-_old-0.4-rc3.4,org.deeplearning4j.datasets.iterator,BaseDatasetIterator,5,0,13,13,56,15,4,1,0.15384615384615385,0,2
deeplearning4j-_old-0.4-rc3.4,org.deeplearning4j.datasets.iterator,CSVDataSetIterator,0,0,4,4,46,4,0,2,-1.0,0,0
deeplearning4j-_old-0.4-rc3.4,org.deeplearning4j.datasets.iterator,CurvesDataSetIterator,0,0,1,1,9,1,0,2,-1.0,0,0
deeplearning4j-_old-0.4-rc3.4,org.deeplearning4j.datasets.iterator,DataSetFetcher,0,0,8,0,45,8,0,0,-1.0,1,0
deeplearning4j-_old-0.4-rc3.4,org.deeplearning4j.datasets.iterator,DataSetIterator,0,0,0,0,6,0,4,0,-1.0,21,0
deeplearning4j-_old-0.4-rc3.4,org.deeplearning4j.datasets.iterator,DataSetPreProcessor,0,0,0,0,6,0,0,0,-1.0,7,0
deeplearning4j-_old-0.4-rc3.4,org.deeplearning4j.datasets.iterator,MovingWindowBaseDataSetIterator,0,0,1,1,9,1,0,2,-1.0,0,0
deeplearning4j-_old-0.4-rc3.4,org.deeplearning4j.datasets.iterator,MultipleEpochsIterator,6,0,13,13,120,19,0,1,0.0,0,2
deeplearning4j-_old-0.4-rc3.4,org.deeplearning4j.datasets.iterator,ReconstructionDataSetIterator,2,0,13,13,96,13,0,1,0.15384615384615385,0,2
deeplearning4j-_old-0.4-rc3.4,org.deeplearning4j.datasets.iterator,SamplingDataSetIterator,6,0,13,13,65,13,0,1,0.23076923076923078,0,1
deeplearning4j-_old-0.4-rc3.4,org.deeplearning4j.datasets.iterator,CSVDataSetIteratorTest,0,0,1,1,10,1,0,0,-1.0,0,1
deeplearning4j-_old-0.4-rc3.4,org.deeplearning4j.datasets.iterator,DataSetIteratorTest,0,0,1,1,28,4,0,0,-1.0,0,1
deeplearning4j-_old-0.4-rc3.4,org.deeplearning4j.datasets.iterator,SamplingTest,0,0,1,1,10,1,0,0,-1.0,0,1
deeplearning4j-_old-0.4-rc3.4,org.deeplearning4j.datasets.iterator,ReutersNewsGroupsDataSetIterator,0,0,1,1,8,1,0,2,-1.0,0,0
deeplearning4j-_old-0.4-rc3.4,org.deeplearning4j.datasets.iterator.impl,IrisDataSetIterator,1,0,1,1,12,1,0,0,0.0,0,0
deeplearning4j-_old-0.4-rc3.4,org.deeplearning4j.datasets.iterator.impl,LFWDataSetIterator,1,0,4,4,17,4,0,0,1.0,1,1
deeplearning4j-_old-0.4-rc3.4,org.deeplearning4j.datasets.iterator.impl,ListDataSetIterator,5,0,14,14,68,17,0,0,0.21428571428571427,0,1
deeplearning4j-_old-0.4-rc3.4,org.deeplearning4j.datasets.iterator.impl,MnistDataSetIterator,0,0,2,2,19,2,0,0,-1.0,1,0
deeplearning4j-_old-0.4-rc3.4,org.deeplearning4j.datasets.iterator.impl,MovingWindowDataSetFetcher,4,0,2,2,32,4,0,0,0.0,0,0
deeplearning4j-_old-0.4-rc3.4,org.deeplearning4j.datasets.iterator.impl,RawMnistDataSetIterator,0,0,1,1,8,1,0,0,-1.0,0,0
deeplearning4j-_old-0.4-rc3.4,org.deeplearning4j.datasets.mnist,MnistDbFile,1,0,9,8,80,13,2,0,0.0,0,0
deeplearning4j-_old-0.4-rc3.4,org.deeplearning4j.datasets.mnist,MnistImageFile,2,0,9,8,70,11,0,1,0.5555555555555556,1,0
deeplearning4j-_old-0.4-rc3.4,org.deeplearning4j.datasets.mnist,MnistLabelFile,0,0,3,2,26,3,0,1,-1.0,1,0
deeplearning4j-_old-0.4-rc3.4,org.deeplearning4j.datasets.mnist,MnistManager,2,0,8,8,107,16,0,0,0.25,1,2
deeplearning4j-_old-0.4-rc3.4,org.deeplearning4j.datasets.mnist.draw,DrawReconstruction,8,2,7,7,60,11,0,0,0.0,3,0
deeplearning4j-_old-0.4-rc3.4,org.deeplearning4j.datasets.mnist.draw,LoadAndDraw,0,0,1,1,28,3,0,0,-1.0,0,3
deeplearning4j-_old-0.4-rc3.4,org.deeplearning4j.datasets.rearrange,LocalUnstructuredDataFormatter,10,0,10,10,112,20,0,0,0.0,1,0
deeplearning4j-_old-0.4-rc3.4,org.deeplearning4j.datasets.rearrange,LocalUnstructuredDataFormatterTest,0,0,1,1,34,4,0,0,-1.0,0,1
deeplearning4j-_old-0.4-rc3.4,org.deeplearning4j.datasets.test,TestDataSetIterator,4,0,14,14,58,15,0,0,0.0,0,2
deeplearning4j-_old-0.4-rc3.4,org.deeplearning4j.datasets.vectorizer,ImageVectorizer,7,0,5,5,72,9,0,1,0.0,0,1
deeplearning4j-_old-0.4-rc3.4,org.deeplearning4j.datasets.vectorizer,Vectorizer,0,0,1,0,11,1,1,0,-1.0,0,0
deeplearning4j-_old-0.4-rc3.4,org.deeplearning4j.eval,ConfusionMatrix,2,0,14,14,186,29,0,0,0.14285714285714285,3,1
deeplearning4j-_old-0.4-rc3.4,org.deeplearning4j.eval,Evaluation,8,0,24,24,249,49,0,0,0.08333333333333333,11,2
deeplearning4j-_old-0.4-rc3.4,org.deeplearning4j.eval,EvalTest,0,0,2,2,50,2,0,0,-1.0,0,5
deeplearning4j-_old-0.4-rc3.4,org.deeplearning4j.exception,DeepLearningException,1,0,5,5,20,5,0,0,1.0,0,0
deeplearning4j-_old-0.4-rc3.4,org.deeplearning4j.exception,InvalidStepException,0,0,4,3,40,4,0,0,-1.0,0,0
deeplearning4j-_old-0.4-rc3.4,org.deeplearning4j.gradientcheck,GradientCheckUtil,1,0,1,1,68,14,0,0,0.0,2,4
deeplearning4j-_old-0.4-rc3.4,org.deeplearning4j.gradientcheck,CNNGradientCheckTest,4,0,1,1,57,8,0,0,0.0,0,5
deeplearning4j-_old-0.4-rc3.4,org.deeplearning4j.gradientcheck,GradientCheckTests,4,0,8,8,322,69,0,0,0.0,0,4
deeplearning4j-_old-0.4-rc3.4,org.deeplearning4j.nn.api,Classifier,0,0,9,0,58,9,0,1,-1.0,0,0
deeplearning4j-_old-0.4-rc3.4,org.deeplearning4j.nn.api,Layer,0,0,30,0,165,30,0,1,-1.0,61,3
deeplearning4j-_old-0.4-rc3.4,org.deeplearning4j.nn.api,LayerFactory,0,0,4,0,33,4,0,0,-1.0,5,1
deeplearning4j-_old-0.4-rc3.4,org.deeplearning4j.nn.api,Model,0,0,24,0,122,24,2,0,-1.0,28,1
deeplearning4j-_old-0.4-rc3.4,org.deeplearning4j.nn.api,ParamInitializer,0,0,2,0,19,2,0,0,-1.0,2,1
deeplearning4j-_old-0.4-rc3.4,org.deeplearning4j.nn.api,SequenceClassifier,0,0,4,0,9,4,0,0,-1.0,0,0
deeplearning4j-_old-0.4-rc3.4,org.deeplearning4j.nn.api,Updater,0,0,1,0,13,1,0,0,-1.0,11,2
deeplearning4j-_old-0.4-rc3.4,org.deeplearning4j.nn.conf,DeepLearningConfigurable,7,0,1,0,10,1,0,0,-1.0,2,0
deeplearning4j-_old-0.4-rc3.4,org.deeplearning4j.nn.conf,InputPreProcessor,0,0,3,0,19,3,0,0,-1.0,3,1
deeplearning4j-_old-0.4-rc3.4,org.deeplearning4j.nn.conf,MultiLayerConfiguration,19,0,19,19,196,23,1,0,0.2631578947368421,36,3
deeplearning4j-_old-0.4-rc3.4,org.deeplearning4j.nn.conf,Builder,10,0,11,11,97,11,0,0,0.0,3,2
deeplearning4j-_old-0.4-rc3.4,org.deeplearning4j.nn.conf,NeuralNetConfiguration,44,0,42,40,349,55,0,0,0.19047619047619047,90,5
deeplearning4j-_old-0.4-rc3.4,org.deeplearning4j.nn.conf,ListBuilder,1,0,6,6,42,9,0,1,0.5,0,3
deeplearning4j-_old-0.4-rc3.4,org.deeplearning4j.nn.conf,Builder,20,0,24,24,167,29,0,0,0.08333333333333333,0,4
deeplearning4j-_old-0.4-rc3.4,org.deeplearning4j.nn.conf,LayerwiseConfigurationTest,0,0,0,0,5,0,0,0,-1.0,0,0
deeplearning4j-_old-0.4-rc3.4,org.deeplearning4j.nn.conf,MultiLayerNeuralNetConfigurationTest,0,0,7,6,110,11,0,0,-1.0,1,5
deeplearning4j-_old-0.4-rc3.4,org.deeplearning4j.nn.conf,MultiNeuralNetConfLayerBuilderTest,16,0,2,2,60,3,0,0,1.0,0,6
deeplearning4j-_old-0.4-rc3.4,org.deeplearning4j.nn.conf,NeuralNetConfigurationTest,1,0,13,11,109,13,0,0,0.23076923076923078,1,6
deeplearning4j-_old-0.4-rc3.4,org.deeplearning4j.nn.conf.distribution,BinomialDistribution,3,0,7,7,48,12,0,1,0.0,2,1
deeplearning4j-_old-0.4-rc3.4,org.deeplearning4j.nn.conf.distribution,Distribution,1,0,1,1,14,1,4,0,0.0,10,0
deeplearning4j-_old-0.4-rc3.4,org.deeplearning4j.nn.conf.distribution,Distributions,0,0,1,1,24,5,0,0,-1.0,6,5
deeplearning4j-_old-0.4-rc3.4,org.deeplearning4j.nn.conf.distribution,GaussianDistribution,2,0,8,8,49,13,0,1,0.0,2,1
deeplearning4j-_old-0.4-rc3.4,org.deeplearning4j.nn.conf.distribution,NormalDistribution,2,0,8,8,49,13,0,1,0.0,2,1
deeplearning4j-_old-0.4-rc3.4,org.deeplearning4j.nn.conf.distribution,UniformDistribution,2,0,8,8,53,14,0,1,0.0,2,1
deeplearning4j-_old-0.4-rc3.4,org.deeplearning4j.nn.conf.layers,AutoEncoder,4,0,6,5,32,6,0,3,0.5,3,2
deeplearning4j-_old-0.4-rc3.4,org.deeplearning4j.nn.conf.layers,Builder,2,0,5,5,20,5,0,3,0.8,16,1
deeplearning4j-_old-0.4-rc3.4,org.deeplearning4j.nn.conf.layers,BaseOutputLayer,4,0,5,4,26,5,4,2,0.4,4,2
deeplearning4j-_old-0.4-rc3.4,org.deeplearning4j.nn.conf.layers,Builder,2,0,4,4,17,4,0,2,0.75,0,1
deeplearning4j-_old-0.4-rc3.4,org.deeplearning4j.nn.conf.layers,BasePretrainNetwork,4,0,4,4,23,4,4,2,0.5,5,2
deeplearning4j-_old-0.4-rc3.4,org.deeplearning4j.nn.conf.layers,Builder,2,0,3,3,14,3,0,2,1.0,0,1
deeplearning4j-_old-0.4-rc3.4,org.deeplearning4j.nn.conf.layers,BaseRecurrentLayer,0,0,1,0,7,1,4,2,-1.0,5,2
deeplearning4j-_old-0.4-rc3.4,org.deeplearning4j.nn.conf.layers,Builder,0,0,0,0,2,0,0,2,-1.0,0,1
deeplearning4j-_old-0.4-rc3.4,org.deeplearning4j.nn.conf.layers,ConvolutionLayer,8,0,11,10,69,16,0,2,0.2727272727272727,4,3
deeplearning4j-_old-0.4-rc3.4,org.deeplearning4j.nn.conf.layers,Builder,4,0,9,9,44,9,0,2,0.4444444444444444,0,1
deeplearning4j-_old-0.4-rc3.4,org.deeplearning4j.nn.conf.layers,DenseLayer,0,0,2,1,13,2,0,2,-1.0,1,2
deeplearning4j-_old-0.4-rc3.4,org.deeplearning4j.nn.conf.layers,Builder,0,0,1,1,5,1,0,2,-1.0,0,1
deeplearning4j-_old-0.4-rc3.4,org.deeplearning4j.nn.conf.layers,FeedForwardLayer,4,0,3,3,24,3,14,1,0.0,21,2
deeplearning4j-_old-0.4-rc3.4,org.deeplearning4j.nn.conf.layers,Builder,2,0,2,2,12,2,0,1,1.0,0,1
deeplearning4j-_old-0.4-rc3.4,org.deeplearning4j.nn.conf.layers,GRU,0,0,2,1,14,2,0,3,-1.0,2,2
deeplearning4j-_old-0.4-rc3.4,org.deeplearning4j.nn.conf.layers,Builder,0,0,1,1,5,1,0,3,-1.0,0,1
deeplearning4j-_old-0.4-rc3.4,org.deeplearning4j.nn.conf.layers,GravesLSTM,2,0,3,2,23,3,0,3,0.6666666666666666,3,2
deeplearning4j-_old-0.4-rc3.4,org.deeplearning4j.nn.conf.layers,Builder,1,0,2,2,13,2,0,3,1.0,0,1
deeplearning4j-_old-0.4-rc3.4,org.deeplearning4j.nn.conf.layers,ImageLSTM,0,0,2,1,13,2,0,2,-1.0,1,2
deeplearning4j-_old-0.4-rc3.4,org.deeplearning4j.nn.conf.layers,Builder,0,0,1,1,5,1,0,2,-1.0,0,1
deeplearning4j-_old-0.4-rc3.4,org.deeplearning4j.nn.conf.layers,Layer,18,0,12,12,86,13,4,0,0.16666666666666666,9,3
deeplearning4j-_old-0.4-rc3.4,org.deeplearning4j.nn.conf.layers,Builder,9,0,10,10,51,10,0,0,1.0,0,1
deeplearning4j-_old-0.4-rc3.4,org.deeplearning4j.nn.conf.layers,OutputLayer,0,0,3,2,16,3,0,3,-1.0,3,2
deeplearning4j-_old-0.4-rc3.4,org.deeplearning4j.nn.conf.layers,Builder,0,0,2,2,8,2,0,3,-1.0,0,1
deeplearning4j-_old-0.4-rc3.4,org.deeplearning4j.nn.conf.layers,RBM,8,0,8,7,49,8,0,3,0.375,11,3
deeplearning4j-_old-0.4-rc3.4,org.deeplearning4j.nn.conf.layers,Builder,4,0,7,7,31,7,0,3,0.7142857142857143,0,2
deeplearning4j-_old-0.4-rc3.4,org.deeplearning4j.nn.conf.layers,RecursiveAutoEncoder,0,0,2,1,13,2,0,2,-1.0,3,2
deeplearning4j-_old-0.4-rc3.4,org.deeplearning4j.nn.conf.layers,Builder,0,0,1,1,5,1,0,2,-1.0,0,1
deeplearning4j-_old-0.4-rc3.4,org.deeplearning4j.nn.conf.layers,RnnOutputLayer,0,0,3,2,13,3,0,3,-1.0,2,2
deeplearning4j-_old-0.4-rc3.4,org.deeplearning4j.nn.conf.layers,Builder,0,0,2,2,8,2,0,3,-1.0,0,1
deeplearning4j-_old-0.4-rc3.4,org.deeplearning4j.nn.conf.layers,SubsamplingLayer,8,0,14,13,78,19,0,1,0.21428571428571427,6,3
deeplearning4j-_old-0.4-rc3.4,org.deeplearning4j.nn.conf.layers,Builder,4,0,12,12,51,12,0,1,0.25,0,1
deeplearning4j-_old-0.4-rc3.4,org.deeplearning4j.nn.conf.layers,LayerBuilderTest,21,0,11,10,117,11,0,0,0.0,0,12
deeplearning4j-_old-0.4-rc3.4,org.deeplearning4j.nn.conf.layers,LayerConfigTest,0,0,1,1,28,1,0,0,-1.0,0,3
deeplearning4j-_old-0.4-rc3.4,org.deeplearning4j.nn.conf.layers.setup,ConvolutionLayerSetup,6,0,15,12,227,52,0,0,0.13333333333333333,2,6
deeplearning4j-_old-0.4-rc3.4,org.deeplearning4j.nn.conf.override,ClassifierOverride,1,0,3,3,15,3,0,1,1.0,0,1
deeplearning4j-_old-0.4-rc3.4,org.deeplearning4j.nn.conf.override,ComposableOverride,1,0,2,2,13,3,0,1,0.0,0,2
deeplearning4j-_old-0.4-rc3.4,org.deeplearning4j.nn.conf.override,ConfOverride,0,0,1,0,11,1,3,0,-1.0,1,1
deeplearning4j-_old-0.4-rc3.4,org.deeplearning4j.nn.conf.override,LayerOverride,2,0,2,2,15,3,0,1,0.0,0,2
deeplearning4j-_old-0.4-rc3.4,org.deeplearning4j.nn.conf.preprocessor,BaseInputPreProcessor,0,0,1,1,14,1,6,0,-1.0,1,1
deeplearning4j-_old-0.4-rc3.4,org.deeplearning4j.nn.conf.preprocessor,BinomialSamplingPreProcessor,0,0,2,2,12,2,0,1,-1.0,0,1
deeplearning4j-_old-0.4-rc3.4,org.deeplearning4j.nn.conf.preprocessor,CnnToFeedForwardPreProcessor,3,0,6,6,59,12,0,0,0.6666666666666666,2,2
deeplearning4j-_old-0.4-rc3.4,org.deeplearning4j.nn.conf.preprocessor,ComposableInputPreProcessor,1,0,4,4,29,8,0,1,0.0,1,3
deeplearning4j-_old-0.4-rc3.4,org.deeplearning4j.nn.conf.preprocessor,FeedForwardToCnnPreProcessor,4,0,5,5,60,12,0,0,0.0,2,2
deeplearning4j-_old-0.4-rc3.4,org.deeplearning4j.nn.conf.preprocessor,FeedForwardToRnnPreProcessor,1,0,3,3,32,7,0,0,1.0,3,2
deeplearning4j-_old-0.4-rc3.4,org.deeplearning4j.nn.conf.preprocessor,ReshapePreProcessor,3,0,6,6,40,11,0,1,0.0,2,2
deeplearning4j-_old-0.4-rc3.4,org.deeplearning4j.nn.conf.preprocessor,RnnToFeedForwardPreProcessor,1,0,3,3,32,7,0,0,1.0,2,2
deeplearning4j-_old-0.4-rc3.4,org.deeplearning4j.nn.conf.preprocessor,UnitVarianceProcessor,1,0,3,3,21,4,0,1,0.6666666666666666,1,2
deeplearning4j-_old-0.4-rc3.4,org.deeplearning4j.nn.conf.preprocessor,ZeroMeanAndUnitVariancePreProcessor,0,0,2,2,17,2,0,1,-1.0,0,1
deeplearning4j-_old-0.4-rc3.4,org.deeplearning4j.nn.conf.preprocessor,ZeroMeanPrePreProcessor,0,0,2,2,14,2,0,1,-1.0,0,1
deeplearning4j-_old-0.4-rc3.4,org.deeplearning4j.nn.conf.preprocessor,CNNProcessorTest,5,0,6,6,80,6,0,0,0.0,1,5
deeplearning4j-_old-0.4-rc3.4,org.deeplearning4j.nn.conf.preprocessor,ReshapePreProcessorTest,5,0,4,4,34,4,0,0,0.5,0,1
deeplearning4j-_old-0.4-rc3.4,org.deeplearning4j.nn.conf.preprocessor,TestPreProcessors,0,0,2,2,64,9,0,0,-1.0,0,5
deeplearning4j-_old-0.4-rc3.4,org.deeplearning4j.nn.conf.rng,DefaultRandom,2,0,7,7,39,11,0,1,0.2857142857142857,2,1
deeplearning4j-_old-0.4-rc3.4,org.deeplearning4j.nn.conf.rng,Random,1,0,0,0,6,0,1,0,-1.0,1,0
deeplearning4j-_old-0.4-rc3.4,org.deeplearning4j.nn.conf.rng,Randoms,0,0,1,1,12,2,0,0,-1.0,0,2
deeplearning4j-_old-0.4-rc3.4,org.deeplearning4j.nn.conf.stepfunctions,DefaultStepFunction,1,0,3,3,18,6,0,1,1.0,0,0
deeplearning4j-_old-0.4-rc3.4,org.deeplearning4j.nn.conf.stepfunctions,GradientStepFunction,1,0,3,3,18,6,0,1,1.0,0,0
deeplearning4j-_old-0.4-rc3.4,org.deeplearning4j.nn.conf.stepfunctions,NegativeDefaultStepFunction,1,0,3,3,18,6,0,1,1.0,0,0
deeplearning4j-_old-0.4-rc3.4,org.deeplearning4j.nn.conf.stepfunctions,NegativeGradientStepFunction,1,0,3,3,18,6,0,1,1.0,0,0
deeplearning4j-_old-0.4-rc3.4,org.deeplearning4j.nn.conf.stepfunctions,StepFunction,1,0,1,1,15,1,4,0,0.0,5,1
deeplearning4j-_old-0.4-rc3.4,org.deeplearning4j.nn.gradient,DefaultGradient,1,0,7,7,33,9,0,1,0.0,0,0
deeplearning4j-_old-0.4-rc3.4,org.deeplearning4j.nn.gradient,Gradient,0,0,6,0,38,6,1,0,-1.0,32,0
deeplearning4j-_old-0.4-rc3.4,org.deeplearning4j.nn.layers,BaseLayer,11,0,62,58,349,87,2,0,0.14516129032258066,0,10
deeplearning4j-_old-0.4-rc3.4,org.deeplearning4j.nn.layers,BaseOutputLayer,4,0,32,27,248,49,1,1,0.3125,1,6
deeplearning4j-_old-0.4-rc3.4,org.deeplearning4j.nn.layers,BasePretrainNetwork,0,0,7,5,52,8,0,1,-1.0,1,3
deeplearning4j-_old-0.4-rc3.4,org.deeplearning4j.nn.layers,OutputLayer,0,0,2,2,12,2,0,2,-1.0,5,1
deeplearning4j-_old-0.4-rc3.4,org.deeplearning4j.nn.layers,OutputLayerTest,1,0,8,8,192,17,0,0,0.75,0,10
deeplearning4j-_old-0.4-rc3.4,org.deeplearning4j.nn.layers,SeedTest,2,0,3,3,45,3,0,0,0.0,0,7
deeplearning4j-_old-0.4-rc3.4,org.deeplearning4j.nn.layers.convolution,ConvolutionLayer,1,0,14,14,79,20,0,0,0.7142857142857143,2,5
deeplearning4j-_old-0.4-rc3.4,org.deeplearning4j.nn.layers.convolution,ConvolutionLayerSetupTest,0,0,9,9,86,9,0,0,-1.0,0,6
deeplearning4j-_old-0.4-rc3.4,org.deeplearning4j.nn.layers.convolution,ConvolutionLayerTest,0,0,17,15,182,17,0,0,-1.0,1,10
deeplearning4j-_old-0.4-rc3.4,org.deeplearning4j.nn.layers.convolution,SubsamplingLayerTest,10,0,12,10,125,12,0,0,0.16666666666666666,0,7
deeplearning4j-_old-0.4-rc3.4,org.deeplearning4j.nn.layers.convolution.subsampling,SubsamplingLayer,1,0,24,24,136,31,0,0,0.875,0,4
deeplearning4j-_old-0.4-rc3.4,org.deeplearning4j.nn.layers.factory,ConvolutionLayerFactory,0,0,2,2,12,2,0,1,-1.0,0,0
deeplearning4j-_old-0.4-rc3.4,org.deeplearning4j.nn.layers.factory,DefaultLayerFactory,1,0,9,7,62,22,7,0,0.3333333333333333,1,5
deeplearning4j-_old-0.4-rc3.4,org.deeplearning4j.nn.layers.factory,GRULayerFactory,0,0,2,2,11,2,0,1,-1.0,0,0
deeplearning4j-_old-0.4-rc3.4,org.deeplearning4j.nn.layers.factory,GravesLSTMLayerFactory,0,0,2,2,11,2,0,1,-1.0,0,0
deeplearning4j-_old-0.4-rc3.4,org.deeplearning4j.nn.layers.factory,ImageLSTMLayerFactory,0,0,2,2,12,2,0,1,-1.0,0,0
deeplearning4j-_old-0.4-rc3.4,org.deeplearning4j.nn.layers.factory,LayerFactories,0,0,3,3,43,14,0,0,-1.0,27,4
deeplearning4j-_old-0.4-rc3.4,org.deeplearning4j.nn.layers.factory,PretrainLayerFactory,0,0,2,2,12,2,0,1,-1.0,0,0
deeplearning4j-_old-0.4-rc3.4,org.deeplearning4j.nn.layers.factory,RecursiveAutoEncoderLayerFactory,0,0,2,2,12,2,0,1,-1.0,0,0
deeplearning4j-_old-0.4-rc3.4,org.deeplearning4j.nn.layers.factory,SubsampleLayerFactory,0,0,2,2,11,2,0,1,-1.0,0,0
deeplearning4j-_old-0.4-rc3.4,org.deeplearning4j.nn.layers.feedforward.autoencoder,AutoEncoder,1,0,11,11,68,12,0,0,0.2727272727272727,3,3
deeplearning4j-_old-0.4-rc3.4,org.deeplearning4j.nn.layers.feedforward.autoencoder,AutoEncoderTest,0,0,3,3,31,3,0,0,-1.0,0,9
deeplearning4j-_old-0.4-rc3.4,org.deeplearning4j.nn.layers.feedforward.autoencoder.recursive,RecursiveAutoEncoder,9,0,11,11,73,17,0,0,0.36363636363636365,1,2
deeplearning4j-_old-0.4-rc3.4,org.deeplearning4j.nn.layers.feedforward.autoencoder.recursive,Tree,15,0,51,49,358,87,0,0,0.0,12,1
deeplearning4j-_old-0.4-rc3.4,org.deeplearning4j.nn.layers.feedforward.autoencoder.recursive,RecursiveAutoEncoderTest,0,0,1,1,14,1,0,0,-1.0,0,4
deeplearning4j-_old-0.4-rc3.4,org.deeplearning4j.nn.layers.feedforward.dense,DenseLayer,0,0,3,3,13,3,0,0,-1.0,2,1
deeplearning4j-_old-0.4-rc3.4,org.deeplearning4j.nn.layers.feedforward.dense,DenseTest,3,0,4,3,58,4,0,0,0.5,1,9
deeplearning4j-_old-0.4-rc3.4,org.deeplearning4j.nn.layers.feedforward.rbm,RBM,3,0,14,14,245,42,0,0,0.0,2,8
deeplearning4j-_old-0.4-rc3.4,org.deeplearning4j.nn.layers.feedforward.rbm,RBMTests,1,0,9,9,87,9,0,0,1.0,0,9
deeplearning4j-_old-0.4-rc3.4,org.deeplearning4j.nn.layers.recurrent,BaseRecurrentLayer,2,0,10,10,61,10,2,0,0.6,1,1
deeplearning4j-_old-0.4-rc3.4,org.deeplearning4j.nn.layers.recurrent,GRU,1,1,20,19,227,32,0,1,0.5,1,4
deeplearning4j-_old-0.4-rc3.4,org.deeplearning4j.nn.layers.recurrent,GravesLSTM,14,2,21,19,350,49,0,1,0.42857142857142855,1,5
deeplearning4j-_old-0.4-rc3.4,org.deeplearning4j.nn.layers.recurrent,FwdPassReturn,12,0,0,0,14,0,0,0,-1.0,1,0
deeplearning4j-_old-0.4-rc3.4,org.deeplearning4j.nn.layers.recurrent,ImageLSTM,20,0,26,24,301,50,0,0,0.2692307692307692,1,8
deeplearning4j-_old-0.4-rc3.4,org.deeplearning4j.nn.layers.recurrent,BeamSearch,6,0,2,2,62,11,0,0,0.0,1,2
deeplearning4j-_old-0.4-rc3.4,org.deeplearning4j.nn.layers.recurrent,Beam,4,0,9,9,35,9,0,0,0.0,0,0
deeplearning4j-_old-0.4-rc3.4,org.deeplearning4j.nn.layers.recurrent,RnnOutputLayer,0,0,14,9,73,22,0,0,-1.0,1,2
deeplearning4j-_old-0.4-rc3.4,org.deeplearning4j.nn.layers.recurrent,GRUTest,0,0,4,3,82,9,0,0,-1.0,1,10
deeplearning4j-_old-0.4-rc3.4,org.deeplearning4j.nn.layers.recurrent,GravesLSTMTest,0,0,4,3,78,6,0,0,-1.0,1,7
deeplearning4j-_old-0.4-rc3.4,org.deeplearning4j.nn.layers.recurrent,ImageLSTMTest,1,0,5,4,32,5,0,0,0.4,1,6
deeplearning4j-_old-0.4-rc3.4,org.deeplearning4j.nn.multilayer,MultiLayerNetwork,14,0,128,118,1285,297,0,0,0.15625,35,14
deeplearning4j-_old-0.4-rc3.4,org.deeplearning4j.nn.multilayer,BackPropMLPTest,0,0,22,19,331,64,0,0,-1.0,1,9
deeplearning4j-_old-0.4-rc3.4,org.deeplearning4j.nn.multilayer,GravesLSTMOutputTest,6,0,7,3,54,8,0,0,0.0,1,4
deeplearning4j-_old-0.4-rc3.4,org.deeplearning4j.nn.multilayer,MultiLayerTest,1,0,9,8,112,10,0,0,0.5555555555555556,1,7
deeplearning4j-_old-0.4-rc3.4,org.deeplearning4j.nn.multilayer,MultiLayerTestRNN,0,0,10,10,307,23,0,0,-1.0,0,8
deeplearning4j-_old-0.4-rc3.4,org.deeplearning4j.nn.multilayer,TestSetGetParameters,0,0,2,2,36,4,0,0,-1.0,0,2
deeplearning4j-_old-0.4-rc3.4,org.deeplearning4j.nn.params,ConvolutionParamInitializer,2,2,4,2,27,5,0,0,0.0,1,6
deeplearning4j-_old-0.4-rc3.4,org.deeplearning4j.nn.params,DefaultParamInitializer,2,2,4,2,31,5,2,0,0.0,20,5
deeplearning4j-_old-0.4-rc3.4,org.deeplearning4j.nn.params,GRUParamInitializer,3,3,2,2,26,2,0,0,0.0,3,6
deeplearning4j-_old-0.4-rc3.4,org.deeplearning4j.nn.params,GravesLSTMParamInitializer,3,3,2,2,32,2,0,0,0.0,3,6
deeplearning4j-_old-0.4-rc3.4,org.deeplearning4j.nn.params,ImageLSTMParamInitializer,3,3,2,2,28,2,0,0,0.0,1,6
deeplearning4j-_old-0.4-rc3.4,org.deeplearning4j.nn.params,PretrainParamInitializer,1,1,1,1,14,1,0,1,0.0,5,2
deeplearning4j-_old-0.4-rc3.4,org.deeplearning4j.nn.params,RecursiveParamInitializer,4,4,1,1,24,1,0,1,0.0,1,7
deeplearning4j-_old-0.4-rc3.4,org.deeplearning4j.nn.params,SubsampleParamInitializer,0,0,2,2,9,2,0,0,-1.0,0,1
deeplearning4j-_old-0.4-rc3.4,org.deeplearning4j.nn.updater,AdaDeltaUpdater,0,0,2,2,15,3,0,1,-1.0,0,1
deeplearning4j-_old-0.4-rc3.4,org.deeplearning4j.nn.updater,AdaGradUpdater,0,0,2,2,17,3,0,1,-1.0,0,1
deeplearning4j-_old-0.4-rc3.4,org.deeplearning4j.nn.updater,AdamUpdater,0,0,2,2,15,3,0,1,-1.0,0,1
deeplearning4j-_old-0.4-rc3.4,org.deeplearning4j.nn.updater,BaseUpdater,1,0,4,4,30,9,7,0,0.5,0,4
deeplearning4j-_old-0.4-rc3.4,org.deeplearning4j.nn.updater,MultiLayerUpdater,1,0,2,2,32,8,0,0,0.0,0,5
deeplearning4j-_old-0.4-rc3.4,org.deeplearning4j.nn.updater,NesterovsUpdater,0,0,2,2,15,3,0,1,-1.0,0,1
deeplearning4j-_old-0.4-rc3.4,org.deeplearning4j.nn.updater,NoOpUpdater,1,0,3,3,18,4,0,1,1.0,0,2
deeplearning4j-_old-0.4-rc3.4,org.deeplearning4j.nn.updater,NoOpGradientUpdater,0,0,1,1,5,1,0,0,-1.0,1,0
deeplearning4j-_old-0.4-rc3.4,org.deeplearning4j.nn.updater,RmsPropUpdater,0,0,2,2,17,3,0,1,-1.0,0,1
deeplearning4j-_old-0.4-rc3.4,org.deeplearning4j.nn.updater,SgdUpdater,0,0,2,2,15,3,0,1,-1.0,0,1
deeplearning4j-_old-0.4-rc3.4,org.deeplearning4j.nn.updater,UpdaterCreator,0,0,2,1,40,11,0,0,-1.0,5,4
deeplearning4j-_old-0.4-rc3.4,org.deeplearning4j.nn.updater,TestUpdaters,0,0,3,3,91,8,0,0,-1.0,0,9
deeplearning4j-_old-0.4-rc3.4,org.deeplearning4j.nn.weights,WeightInitUtil,0,0,5,5,77,13,0,0,-1.0,8,1
deeplearning4j-_old-0.4-rc3.4,org.deeplearning4j.optimize,GradientAdjustment,1,0,2,1,43,11,0,0,1.0,0,2
deeplearning4j-_old-0.4-rc3.4,org.deeplearning4j.optimize,Solver,8,0,7,7,60,13,0,0,0.0,6,7
deeplearning4j-_old-0.4-rc3.4,org.deeplearning4j.optimize,Builder,3,0,5,5,29,5,0,0,0.0,0,5
deeplearning4j-_old-0.4-rc3.4,org.deeplearning4j.optimize.api,ConvexOptimizer,0,0,10,0,54,10,0,0,-1.0,4,3
deeplearning4j-_old-0.4-rc3.4,org.deeplearning4j.optimize.api,IterationListener,0,0,3,0,20,3,0,0,-1.0,15,1
deeplearning4j-_old-0.4-rc3.4,org.deeplearning4j.optimize.api,LineOptimizer,0,0,1,0,15,1,0,0,-1.0,0,0
deeplearning4j-_old-0.4-rc3.4,org.deeplearning4j.optimize.api,StepFunction,0,0,3,0,18,3,0,0,-1.0,6,0
deeplearning4j-_old-0.4-rc3.4,org.deeplearning4j.optimize.api,TerminationCondition,0,0,1,0,13,1,0,0,-1.0,0,0
deeplearning4j-_old-0.4-rc3.4,org.deeplearning4j.optimize.listeners,ComposableIterationListener,2,0,5,5,23,6,0,0,0.4,0,2
deeplearning4j-_old-0.4-rc3.4,org.deeplearning4j.optimize.listeners,ScoreIterationListener,3,0,5,5,27,7,0,0,0.4,0,1
deeplearning4j-_old-0.4-rc3.4,org.deeplearning4j.optimize.solvers,BackTrackLineSearch,10,0,10,10,212,42,0,0,0.2,2,3
deeplearning4j-_old-0.4-rc3.4,org.deeplearning4j.optimize.solvers,BaseOptimizer,19,4,14,13,158,22,5,0,0.14285714285714285,1,10
deeplearning4j-_old-0.4-rc3.4,org.deeplearning4j.optimize.solvers,ConjugateGradient,2,0,4,4,30,6,0,1,1.0,0,2
deeplearning4j-_old-0.4-rc3.4,org.deeplearning4j.optimize.solvers,LBFGS,2,0,5,5,81,11,0,1,1.0,0,4
deeplearning4j-_old-0.4-rc3.4,org.deeplearning4j.optimize.solvers,LineGradientDescent,1,0,4,4,23,5,0,1,1.0,0,3
deeplearning4j-_old-0.4-rc3.4,org.deeplearning4j.optimize.solvers,StochasticGradientDescent,0,0,5,5,27,7,0,1,-1.0,0,5
deeplearning4j-_old-0.4-rc3.4,org.deeplearning4j.optimize.solvers,StochasticHessianFree,14,0,9,7,143,23,0,1,0.0,0,6
deeplearning4j-_old-0.4-rc3.4,org.deeplearning4j.optimize.stepfunctions,DefaultStepFunction,1,0,3,3,20,3,0,0,1.0,1,0
deeplearning4j-_old-0.4-rc3.4,org.deeplearning4j.optimize.stepfunctions,GradientStepFunction,0,0,3,3,14,3,0,0,-1.0,1,0
deeplearning4j-_old-0.4-rc3.4,org.deeplearning4j.optimize.stepfunctions,NegativeDefaultStepFunction,0,0,3,3,15,3,0,0,-1.0,1,0
deeplearning4j-_old-0.4-rc3.4,org.deeplearning4j.optimize.stepfunctions,NegativeGradientStepFunction,0,0,3,3,14,3,0,0,-1.0,1,0
deeplearning4j-_old-0.4-rc3.4,org.deeplearning4j.optimize.stepfunctions,StepFunctions,4,0,1,1,14,6,0,0,0.0,2,5
deeplearning4j-_old-0.4-rc3.4,org.deeplearning4j.optimize.terminations,EpsTermination,2,0,3,3,23,5,0,0,1.0,0,0
deeplearning4j-_old-0.4-rc3.4,org.deeplearning4j.optimize.terminations,Norm2Termination,1,0,2,2,14,2,0,0,0.0,0,0
deeplearning4j-_old-0.4-rc3.4,org.deeplearning4j.optimize.terminations,TerminationConditions,0,0,0,0,5,0,0,0,-1.0,0,0
deeplearning4j-_old-0.4-rc3.4,org.deeplearning4j.optimize.terminations,ZeroDirection,0,0,1,1,10,1,0,0,-1.0,0,0
deeplearning4j-_old-0.4-rc3.4,org.deeplearning4j.plot,BarnesHutTsne,14,1,57,56,435,106,0,1,0.5964912280701754,2,6
deeplearning4j-_old-0.4-rc3.4,org.deeplearning4j.plot,Builder,3,0,18,18,76,18,0,1,0.8333333333333334,0,1
deeplearning4j-_old-0.4-rc3.4,org.deeplearning4j.plot,FilterPanel,1,0,2,2,12,2,0,0,0.0,1,0
deeplearning4j-_old-0.4-rc3.4,org.deeplearning4j.plot,FilterRenderer,8,2,15,14,270,37,0,0,0.13333333333333333,2,2
deeplearning4j-_old-0.4-rc3.4,org.deeplearning4j.plot,MultiLayerNetworkReconstructionRender,3,0,3,3,38,6,0,0,0.0,0,3
deeplearning4j-_old-0.4-rc3.4,org.deeplearning4j.plot,NeuralNetPlotter,9,0,18,15,231,32,0,0,0.0,6,5
deeplearning4j-_old-0.4-rc3.4,org.deeplearning4j.plot,NeuralNetworkReconstructionRender,2,0,2,2,32,4,0,0,0.0,0,3
deeplearning4j-_old-0.4-rc3.4,org.deeplearning4j.plot,PlotFilters,7,0,8,7,90,16,0,0,0.0,4,0
deeplearning4j-_old-0.4-rc3.4,org.deeplearning4j.plot,Tsne,35,0,29,28,305,54,2,0,0.06896551724137931,5,2
deeplearning4j-_old-0.4-rc3.4,org.deeplearning4j.plot,Builder,14,0,15,15,75,15,0,0,0.0,0,0
deeplearning4j-_old-0.4-rc3.4,org.deeplearning4j.plot,BarnesHutTsneTest,0,0,2,2,55,2,0,0,-1.0,0,1
deeplearning4j-_old-0.4-rc3.4,org.deeplearning4j.plot,ListenerTest,1,0,8,6,70,11,0,0,0.0,1,5
deeplearning4j-_old-0.4-rc3.4,org.deeplearning4j.plot,RenderTest,0,0,2,2,27,2,0,0,-1.0,0,7
deeplearning4j-_old-0.4-rc3.4,org.deeplearning4j.plot,TsneTest,0,0,1,1,15,1,0,0,-1.0,0,1
deeplearning4j-_old-0.4-rc3.4,org.deeplearning4j.plot.iterationlistener,AccuracyPlotterIterationListener,8,0,11,10,101,12,0,0,0.0,0,4
deeplearning4j-_old-0.4-rc3.4,org.deeplearning4j.plot.iterationlistener,ActivationMeanIterationListener,2,0,8,8,41,9,0,0,0.375,1,3
deeplearning4j-_old-0.4-rc3.4,org.deeplearning4j.plot.iterationlistener,GradientPlotterIterationListener,4,0,7,7,55,8,0,0,0.0,0,3
deeplearning4j-_old-0.4-rc3.4,org.deeplearning4j.plot.iterationlistener,LossPlotterIterationListener,5,0,7,7,57,8,0,0,0.0,0,2
deeplearning4j-_old-0.4-rc3.4,org.deeplearning4j.plot.iterationlistener,NeuralNetPlotterIterationListener,5,0,9,9,76,10,0,0,0.0,0,3
deeplearning4j-_old-0.4-rc3.4,org.deeplearning4j.plot.iterationlistener,PlotFiltersIterationListener,4,0,12,12,59,13,0,0,0.25,2,3
deeplearning4j-_old-0.4-rc3.4,org.deeplearning4j.plot.iterationlistener,RenderFilterIterationListener,5,0,8,8,63,9,0,0,0.0,0,3
deeplearning4j-_old-0.4-rc3.4,org.deeplearning4j.util,ArchiveUtils,1,0,1,1,74,11,0,0,0.0,3,0
deeplearning4j-_old-0.4-rc3.4,org.deeplearning4j.util,ByteUtil,0,0,1,1,25,3,0,0,-1.0,0,0
deeplearning4j-_old-0.4-rc3.4,org.deeplearning4j.util,ConvolutionUtils,0,0,4,4,39,6,0,0,-1.0,1,2
deeplearning4j-_old-0.4-rc3.4,org.deeplearning4j.util,DeepLearningIOUtil,0,0,1,1,10,1,0,0,-1.0,0,0
deeplearning4j-_old-0.4-rc3.4,org.deeplearning4j.util,DiskBasedQueue,5,0,23,22,111,32,0,0,0.6956521739130435,0,1
deeplearning4j-_old-0.4-rc3.4,org.deeplearning4j.util,Dl4jReflection,0,0,7,4,87,22,0,0,-1.0,1,1
deeplearning4j-_old-0.4-rc3.4,org.deeplearning4j.util,Dropout,0,0,2,2,28,3,0,0,-1.0,8,1
deeplearning4j-_old-0.4-rc3.4,org.deeplearning4j.util,EnumUtil,0,0,1,1,13,3,0,0,-1.0,1,0
deeplearning4j-_old-0.4-rc3.4,org.deeplearning4j.util,FileOperations,0,0,3,2,23,3,0,0,-1.0,0,0
deeplearning4j-_old-0.4-rc3.4,org.deeplearning4j.util,FingerPrintKeyer,1,0,3,1,243,188,0,0,0.0,2,1
deeplearning4j-_old-0.4-rc3.4,org.deeplearning4j.util,ImageLoader,2,0,10,10,116,20,0,0,0.4,5,1
deeplearning4j-_old-0.4-rc3.4,org.deeplearning4j.util,Index,3,0,8,8,76,20,0,0,0.0,2,1
deeplearning4j-_old-0.4-rc3.4,org.deeplearning4j.util,InputSplit,0,0,2,2,14,5,0,0,-1.0,1,1
deeplearning4j-_old-0.4-rc3.4,org.deeplearning4j.util,MathUtils,2,2,78,76,972,165,0,0,0.6538461538461539,6,3
deeplearning4j-_old-0.4-rc3.4,org.deeplearning4j.util,MovingWindowMatrix,4,0,4,4,67,10,0,0,0.0,1,0
deeplearning4j-_old-0.4-rc3.4,org.deeplearning4j.util,MultiDimensionalMap,4,0,31,31,229,34,0,0,0.16129032258064516,7,2
deeplearning4j-_old-0.4-rc3.4,org.deeplearning4j.util,Entry,3,0,8,8,48,8,0,0,0.0,0,0
deeplearning4j-_old-0.4-rc3.4,org.deeplearning4j.util,MultiDimensionalSet,1,0,19,19,151,19,0,0,0.21052631578947367,1,1
deeplearning4j-_old-0.4-rc3.4,org.deeplearning4j.util,MultiLayerUtil,0,0,1,1,18,2,0,0,-1.0,1,2
deeplearning4j-_old-0.4-rc3.4,org.deeplearning4j.util,MultiThreadUtils,0,0,3,3,25,4,0,0,-1.0,2,0
deeplearning4j-_old-0.4-rc3.4,org.deeplearning4j.util,RBMUtil,0,0,3,2,31,9,0,0,-1.0,1,1
deeplearning4j-_old-0.4-rc3.4,org.deeplearning4j.util,ReflectionUtils,4,0,8,4,115,17,0,0,0.5,1,1
deeplearning4j-_old-0.4-rc3.4,org.deeplearning4j.util,SerializationUtils,0,0,5,5,73,5,0,0,-1.0,12,0
deeplearning4j-_old-0.4-rc3.4,org.deeplearning4j.util,SetUtils,0,0,5,4,28,7,0,0,-1.0,3,0
deeplearning4j-_old-0.4-rc3.4,org.deeplearning4j.util,StringCluster,2,0,4,4,59,10,0,0,1.0,2,2
deeplearning4j-_old-0.4-rc3.4,org.deeplearning4j.util,SizeComparator,1,0,1,1,21,4,0,0,0.0,0,0
deeplearning4j-_old-0.4-rc3.4,org.deeplearning4j.util,StringGrid,5,1,48,41,509,152,0,0,0.2708333333333333,2,6
deeplearning4j-_old-0.4-rc3.4,org.deeplearning4j.util,StringUtils,7,5,37,34,589,96,0,0,0.5405405405405406,3,1
deeplearning4j-_old-0.4-rc3.4,org.deeplearning4j.util,SummaryStatistics,4,0,14,11,53,14,0,0,0.14285714285714285,0,0
deeplearning4j-_old-0.4-rc3.4,org.deeplearning4j.util,TimeSeriesUtils,0,0,1,1,20,1,0,0,-1.0,1,0
deeplearning4j-_old-0.4-rc3.4,org.deeplearning4j.util,Viterbi,9,0,23,21,129,28,0,0,0.08695652173913043,0,0
deeplearning4j-_old-0.4-rc3.4,org.deeplearning4j.util,ArrayUtilTest,0,0,2,2,28,2,0,0,-1.0,0,0
deeplearning4j-_old-0.4-rc3.4,org.deeplearning4j.util,EnumUtilTest,1,0,1,1,10,1,0,0,0.0,0,1
deeplearning4j-_old-0.4-rc3.4,org.deeplearning4j.util,MovingWindowMatrixTest,0,0,1,1,14,1,0,0,-1.0,0,1
deeplearning4j-_old-0.4-rc3.4,org.deeplearning4j.util,SerializationUtilsTest,0,0,1,1,20,1,0,0,-1.0,0,2
deeplearning4j-_old-0.4-rc3.4,org.deeplearning4j.util,TimeSeriesUtilsTest,0,0,1,1,11,1,0,0,-1.0,0,1
deeplearning4j-_old-0.4-rc3.4,org.deeplearning4j.util,ContextLabelTest,2,0,2,2,21,3,0,0,0.0,0,3
deeplearning4j-_old-0.4-rc3.4,org.deeplearning4j.nn.learning,WeightInitTests,0,0,1,1,8,1,0,0,-1.0,0,1
deeplearning4j-_old-0.4-rc3.4,org.deeplearning4j.optimize.solver,BackTrackLineSearchTest,4,0,11,9,106,11,0,0,0.36363636363636365,1,9
deeplearning4j-_old-0.4-rc3.4,org.deeplearning4j.optimize.solver,TestOptimizers,9,0,98,87,540,138,0,0,0.5918367346938775,1,13
deeplearning4j-_old-0.4-rc3.4,org.deeplearning4j.optimize.solver,SphereFunctionModel,1,0,5,4,23,5,0,1,1.0,0,3
deeplearning4j-_old-0.4-rc3.4,org.deeplearning4j.optimize.solver,RastriginFunctionModel,1,0,8,6,48,9,0,1,0.875,2,4
deeplearning4j-_old-0.4-rc3.4,org.deeplearning4j.optimize.solver,RosenbrockFunctionModel,1,0,8,6,63,11,0,1,0.875,2,4
deeplearning4j-_old-0.4-rc3.4,org.deeplearning4j.optimize.solver,SimpleOptimizableModel,5,0,54,53,173,55,3,0,0.7592592592592593,0,4
deeplearning4j-_old-0.4-rc3.4,org.deeplearning4j.optimizer.listener,AssertWeightsDifferentIerationListener,3,0,4,4,25,7,0,0,0.75,0,1
deeplearning4j-_old-0.4-rc3.4,org.deeplearning4j.aws.dataset,DataSetLoader,1,0,1,1,6,1,0,0,0.0,0,1
deeplearning4j-_old-0.4-rc3.4,org.deeplearning4j.aws.ec2,Ec2BoxCreator,9,1,10,10,131,24,0,0,0.3,1,0
deeplearning4j-_old-0.4-rc3.4,org.deeplearning4j.aws.ec2.provision,ClusterSetup,11,0,6,5,71,9,0,0,0.3333333333333333,1,2
deeplearning4j-_old-0.4-rc3.4,org.deeplearning4j.aws.ec2.provision,DistributedDeepLearningTrainer,0,0,1,1,8,1,0,0,-1.0,0,1
deeplearning4j-_old-0.4-rc3.4,org.deeplearning4j.aws.ec2.provision,HostProvisioner,6,0,21,14,205,36,0,0,0.19047619047619047,1,0
deeplearning4j-_old-0.4-rc3.4,org.deeplearning4j.aws.s3,BaseS3,8,4,8,7,51,14,0,0,0.0,0,0
deeplearning4j-_old-0.4-rc3.4,org.deeplearning4j.aws.s3.modelsaver,S3ModelSaver,2,0,4,4,45,4,0,0,0.75,0,1
deeplearning4j-_old-0.4-rc3.4,org.deeplearning4j.aws.s3.reader,BaseS3DataSetIterator,5,0,5,5,37,7,0,0,0.0,0,1
deeplearning4j-_old-0.4-rc3.4,org.deeplearning4j.aws.s3.reader,BucketIterator,5,0,5,5,43,8,0,0,0.4,0,1
deeplearning4j-_old-0.4-rc3.4,org.deeplearning4j.aws.s3.reader,BucketKeyListener,0,0,1,0,12,1,0,0,-1.0,1,0
deeplearning4j-_old-0.4-rc3.4,org.deeplearning4j.aws.s3.reader,S3Downloader,0,0,9,9,115,18,0,0,-1.0,3,1
deeplearning4j-_old-0.4-rc3.4,org.deeplearning4j.aws.s3.uploader,S3Uploader,0,0,5,3,82,14,0,0,-1.0,1,0
deeplearning4j-_old-0.4-rc3.4,org.deeplearning4j.bagofwords.vectorizer,BagOfWordsVectorizer,0,0,8,7,80,12,0,2,-1.0,1,6
deeplearning4j-_old-0.4-rc3.4,org.deeplearning4j.bagofwords.vectorizer,Builder,0,0,1,1,5,1,2,5380,-1.0,0,0
deeplearning4j-_old-0.4-rc3.4,org.deeplearning4j.bagofwords.vectorizer,BaseTextVectorizer,15,0,20,19,171,35,2,1,0.1,0,7
deeplearning4j-_old-0.4-rc3.4,org.deeplearning4j.bagofwords.vectorizer,Builder,12,0,13,13,63,13,0,0,1.0,0,5
deeplearning4j-_old-0.4-rc3.4,org.deeplearning4j.bagofwords.vectorizer,DefaultInputStreamCreator,1,0,2,2,12,2,0,0,0.0,0,1
deeplearning4j-_old-0.4-rc3.4,org.deeplearning4j.bagofwords.vectorizer,TextVectorizer,0,0,10,0,61,10,1,0,-1.0,16,0
deeplearning4j-_old-0.4-rc3.4,org.deeplearning4j.bagofwords.vectorizer,TfidfVectorizer,0,0,13,7,74,16,0,2,-1.0,1,7
deeplearning4j-_old-0.4-rc3.4,org.deeplearning4j.bagofwords.vectorizer,Builder,0,0,1,1,5,1,0,5380,-1.0,0,0
deeplearning4j-_old-0.4-rc3.4,org.deeplearning4j.bagofwords.vectorizer,BagOfWordsVectorizerTest,3,0,3,3,27,3,0,0,0.6666666666666666,0,7
deeplearning4j-_old-0.4-rc3.4,org.deeplearning4j.bagofwords.vectorizer,TfIdfVectorizerTest,3,0,3,3,47,7,0,0,0.0,0,7
deeplearning4j-_old-0.4-rc3.4,org.deeplearning4j.datasets.loader,ReutersNewsGroupsLoader,6,1,3,2,50,11,0,0,0.0,0,4
deeplearning4j-_old-0.4-rc3.4,org.deeplearning4j.models.embeddings,WeightLookupTable,0,0,13,0,75,13,0,0,-1.0,13,2
deeplearning4j-_old-0.4-rc3.4,org.deeplearning4j.models.embeddings.inmemory,InMemoryLookupTable,22,0,52,49,376,94,0,0,0.07692307692307693,24,5
deeplearning4j-_old-0.4-rc3.4,org.deeplearning4j.models.embeddings.inmemory,WeightIterator,1,0,3,3,14,3,0,0,0.6666666666666666,0,0
deeplearning4j-_old-0.4-rc3.4,org.deeplearning4j.models.embeddings.inmemory,Builder,7,0,8,8,41,9,0,0,0.25,0,1
deeplearning4j-_old-0.4-rc3.4,org.deeplearning4j.models.embeddings.loader,WordVectorSerializer,3,0,15,13,361,41,0,0,0.26666666666666666,7,10
deeplearning4j-_old-0.4-rc3.4,org.deeplearning4j.models.embeddings.wordvectors,WordVectors,0,0,16,0,93,16,1,0,-1.0,5,0
deeplearning4j-_old-0.4-rc3.4,org.deeplearning4j.models.embeddings.wordvectors,WordVectorsImpl,6,1,20,19,365,72,0,1,0.1,2,9
deeplearning4j-_old-0.4-rc3.4,org.deeplearning4j.models.embeddings.wordvectors,ArrayComparator,0,0,1,1,5,1,0,0,-1.0,1,0
deeplearning4j-_old-0.4-rc3.4,org.deeplearning4j.models.glove,CoOccurrences,20,0,30,29,213,42,0,0,0.2,9,9
deeplearning4j-_old-0.4-rc3.4,org.deeplearning4j.models.glove,CoOccurrenceBatchIterator,2,0,5,5,25,7,0,0,0.6,0,1
deeplearning4j-_old-0.4-rc3.4,org.deeplearning4j.models.glove,CoOccurrenceIterator,1,0,3,3,14,3,0,0,0.6666666666666666,0,1
deeplearning4j-_old-0.4-rc3.4,org.deeplearning4j.models.glove,Builder,6,0,7,7,37,9,0,0,0.0,0,4
deeplearning4j-_old-0.4-rc3.4,org.deeplearning4j.models.glove,Glove,41,1,36,33,306,67,0,0,0.08333333333333333,5,14
deeplearning4j-_old-0.4-rc3.4,org.deeplearning4j.models.glove,Builder,21,0,22,22,110,22,0,0,0.0,0,6
deeplearning4j-_old-0.4-rc3.4,org.deeplearning4j.models.glove,GloveWeightLookupTable,7,0,27,24,184,45,0,0,0.3333333333333333,15,5
deeplearning4j-_old-0.4-rc3.4,org.deeplearning4j.models.glove,Builder,2,0,10,10,43,10,0,0,0.8,0,2
deeplearning4j-_old-0.4-rc3.4,org.deeplearning4j.models.glove,CoOccurrencesTest,6,0,4,4,48,5,0,0,0.75,0,6
deeplearning4j-_old-0.4-rc3.4,org.deeplearning4j.models.glove,GloveTest,3,0,3,3,25,3,0,0,0.6666666666666666,0,2
deeplearning4j-_old-0.4-rc3.4,org.deeplearning4j.models.glove,GloveJobAggregator,1,0,5,3,53,15,0,0,0.4,0,3
deeplearning4j-_old-0.4-rc3.4,org.deeplearning4j.models.glove,GloveJobIterator,5,1,8,6,55,17,0,0,0.25,1,6
deeplearning4j-_old-0.4-rc3.4,org.deeplearning4j.models.glove,GlovePerformer,16,9,9,7,114,17,0,0,0.3333333333333333,0,12
deeplearning4j-_old-0.4-rc3.4,org.deeplearning4j.models.glove,GlovePerformerFactory,1,0,3,3,16,4,0,0,0.6666666666666666,0,1
deeplearning4j-_old-0.4-rc3.4,org.deeplearning4j.models.glove,GloveResult,1,0,4,4,18,4,0,0,0.5,0,0
deeplearning4j-_old-0.4-rc3.4,org.deeplearning4j.models.glove,GloveWork,7,0,17,16,83,20,0,0,0.0,2,2
deeplearning4j-_old-0.4-rc3.4,org.deeplearning4j.models.glove.actor,CoOccurrenceActor,8,0,2,2,60,11,0,0,0.0,1,6
deeplearning4j-_old-0.4-rc3.4,org.deeplearning4j.models.glove.actor,SentenceWork,2,0,7,7,35,10,0,0,0.0,2,1
deeplearning4j-_old-0.4-rc3.4,org.deeplearning4j.models.paragraphvectors,ParagraphVectors,3,0,37,35,384,78,0,0,0.7027027027027027,3,13
deeplearning4j-_old-0.4-rc3.4,org.deeplearning4j.models.paragraphvectors,Builder,1,0,24,24,179,31,0,0,0.9583333333333334,0,9
deeplearning4j-_old-0.4-rc3.4,org.deeplearning4j.models.paragraphvectors,ParagraphVectorsTest,1,0,3,3,31,3,0,0,1.0,0,4
deeplearning4j-_old-0.4-rc3.4,org.deeplearning4j.models.rntn,RNTN,60,0,116,103,952,186,0,0,0.4482758620689655,4,12
deeplearning4j-_old-0.4-rc3.4,org.deeplearning4j.models.rntn,Builder,21,0,23,23,115,23,0,0,0.08695652173913043,0,4
deeplearning4j-_old-0.4-rc3.4,org.deeplearning4j.models.rntn,RNTNEval,5,0,12,11,126,27,0,0,0.0,1,4
deeplearning4j-_old-0.4-rc3.4,org.deeplearning4j.models.rntn,BasicRNTNTest,9,0,4,4,50,11,0,0,0.5,0,9
deeplearning4j-_old-0.4-rc3.4,org.deeplearning4j.models.word2vec,Huffman,2,1,2,2,86,12,0,0,0.0,4,0
deeplearning4j-_old-0.4-rc3.4,org.deeplearning4j.models.word2vec,InputStreamCreator,0,0,1,0,10,1,0,0,-1.0,1,0
deeplearning4j-_old-0.4-rc3.4,org.deeplearning4j.models.word2vec,StreamWork,2,0,5,5,21,5,0,0,0.0,1,1
deeplearning4j-_old-0.4-rc3.4,org.deeplearning4j.models.word2vec,VocabWord,8,0,23,23,118,37,0,0,0.13043478260869565,33,1
deeplearning4j-_old-0.4-rc3.4,org.deeplearning4j.models.word2vec,VocabWork,4,0,14,14,65,19,0,0,0.0,2,1
deeplearning4j-_old-0.4-rc3.4,org.deeplearning4j.models.word2vec,Word2Vec,44,1,47,42,423,82,0,0,0.0851063829787234,22,12
deeplearning4j-_old-0.4-rc3.4,org.deeplearning4j.models.word2vec,Builder,22,0,23,23,189,30,0,0,0.08695652173913043,0,8
deeplearning4j-_old-0.4-rc3.4,org.deeplearning4j.models.word2vec,Word2VecTests,4,0,7,7,63,8,0,0,0.0,0,8
deeplearning4j-_old-0.4-rc3.4,org.deeplearning4j.models.word2vec,Word2VecTestsSmall,1,0,4,4,24,4,0,0,0.0,0,2
deeplearning4j-_old-0.4-rc3.4,org.deeplearning4j.models.word2vec,WordVectorSerializerTest,4,0,6,6,71,8,0,0,0.0,0,5
deeplearning4j-_old-0.4-rc3.4,org.deeplearning4j.models.word2vec,Word2VecJobAggregator,1,0,5,3,59,17,0,0,0.4,0,3
deeplearning4j-_old-0.4-rc3.4,org.deeplearning4j.models.word2vec,Word2VecPerformer,28,12,10,9,252,49,0,0,0.3,1,9
deeplearning4j-_old-0.4-rc3.4,org.deeplearning4j.models.word2vec,Word2VecPerformerFactory,1,0,3,3,16,4,0,0,0.6666666666666666,0,1
deeplearning4j-_old-0.4-rc3.4,org.deeplearning4j.models.word2vec,Word2VecResult,3,0,8,8,33,8,0,0,0.25,0,0
deeplearning4j-_old-0.4-rc3.4,org.deeplearning4j.models.word2vec,Word2VecWork,8,0,19,18,100,29,0,0,0.0,5,3
deeplearning4j-_old-0.4-rc3.4,org.deeplearning4j.models.word2vec.actor,SentenceMessage,3,0,5,5,24,5,0,0,0.0,0,0
deeplearning4j-_old-0.4-rc3.4,org.deeplearning4j.models.word2vec.actor,SkipGramMessage,3,0,7,7,31,7,0,0,0.0,0,0
deeplearning4j-_old-0.4-rc3.4,org.deeplearning4j.models.word2vec.actor,VocabActor,9,0,6,5,134,32,0,0,0.0,1,8
deeplearning4j-_old-0.4-rc3.4,org.deeplearning4j.models.word2vec.actor,VocabMessage,3,0,5,5,24,5,0,0,0.0,0,0
deeplearning4j-_old-0.4-rc3.4,org.deeplearning4j.models.word2vec.iterator,Word2VecDataFetcher,11,0,17,16,124,29,0,0,0.29411764705882354,0,3
deeplearning4j-_old-0.4-rc3.4,org.deeplearning4j.models.word2vec.iterator,Word2VecDataSetIterator,6,0,19,18,166,38,0,0,0.3157894736842105,1,5
deeplearning4j-_old-0.4-rc3.4,org.deeplearning4j.models.word2vec.iterator,Word2VecIteratorTest,1,0,2,2,23,3,0,0,0.0,0,7
deeplearning4j-_old-0.4-rc3.4,org.deeplearning4j.models.word2vec.iterator,Word2VecJobIterator,4,0,12,10,81,23,0,0,0.16666666666666666,0,8
deeplearning4j-_old-0.4-rc3.4,org.deeplearning4j.models.word2vec.wordstore,VocabCache,0,0,26,0,143,26,0,0,-1.0,45,1
deeplearning4j-_old-0.4-rc3.4,org.deeplearning4j.models.word2vec.wordstore.inmemory,InMemoryLookupCache,7,4,38,38,247,57,0,0,0.10526315789473684,7,6
deeplearning4j-_old-0.4-rc3.4,org.deeplearning4j.plot.dropwizard,ApiConfiguration,1,0,2,2,13,2,0,0,0.0,2,0
deeplearning4j-_old-0.4-rc3.4,org.deeplearning4j.plot.dropwizard,ApiResource,2,0,5,5,30,6,0,0,0.8,0,1
deeplearning4j-_old-0.4-rc3.4,org.deeplearning4j.plot.dropwizard,RenderApplication,0,0,4,4,30,4,0,0,-1.0,1,1
deeplearning4j-_old-0.4-rc3.4,org.deeplearning4j.plot.dropwizard,RenderResource,0,0,1,1,8,1,0,0,-1.0,0,0
deeplearning4j-_old-0.4-rc3.4,org.deeplearning4j.plot.dropwizard,RenderView,0,0,1,1,8,1,0,0,-1.0,0,0
deeplearning4j-_old-0.4-rc3.4,org.deeplearning4j.plot.dropwizard.nearestneighbors,NearestNeighborView,0,0,1,0,8,1,0,0,-1.0,0,0
deeplearning4j-_old-0.4-rc3.4,org.deeplearning4j.plot.dropwizard.nearestneighbors,NearestNeighborsResource,0,0,0,0,5,0,0,0,-1.0,0,0
deeplearning4j-_old-0.4-rc3.4,org.deeplearning4j.scaleout.perform.models.glove,GloveJobAggregator,1,0,5,3,53,15,0,0,0.4,0,3
deeplearning4j-_old-0.4-rc3.4,org.deeplearning4j.scaleout.perform.models.glove,GloveJobIterator,5,1,8,6,55,17,0,0,0.25,1,6
deeplearning4j-_old-0.4-rc3.4,org.deeplearning4j.scaleout.perform.models.glove,GlovePerformer,16,9,9,7,114,17,0,0,0.3333333333333333,3,11
deeplearning4j-_old-0.4-rc3.4,org.deeplearning4j.scaleout.perform.models.glove,GlovePerformerFactory,1,0,3,3,16,4,0,0,0.6666666666666666,0,1
deeplearning4j-_old-0.4-rc3.4,org.deeplearning4j.scaleout.perform.models.glove,GloveResult,1,0,4,4,18,4,0,0,0.5,2,0
deeplearning4j-_old-0.4-rc3.4,org.deeplearning4j.scaleout.perform.models.glove,GloveWork,7,0,17,16,83,20,0,0,0.0,3,2
deeplearning4j-_old-0.4-rc3.4,org.deeplearning4j.scaleout.perform.models.glove,DistributedGloveTest,5,0,6,6,45,7,0,0,0.6666666666666666,0,9
deeplearning4j-_old-0.4-rc3.4,org.deeplearning4j.scaleout.perform.models.glove.iterator,GloveJobIterator,4,0,12,10,81,23,0,0,0.16666666666666666,0,7
deeplearning4j-_old-0.4-rc3.4,org.deeplearning4j.scaleout.perform.models.word2vec,Word2VecJobAggregator,1,0,5,3,59,17,0,0,0.4,0,3
deeplearning4j-_old-0.4-rc3.4,org.deeplearning4j.scaleout.perform.models.word2vec,Word2VecPerformer,28,12,10,9,252,49,0,0,0.3,2,9
deeplearning4j-_old-0.4-rc3.4,org.deeplearning4j.scaleout.perform.models.word2vec,Word2VecPerformerFactory,1,0,3,3,16,4,0,0,0.6666666666666666,0,1
deeplearning4j-_old-0.4-rc3.4,org.deeplearning4j.scaleout.perform.models.word2vec,Word2VecResult,3,0,8,8,33,8,0,0,0.25,2,0
deeplearning4j-_old-0.4-rc3.4,org.deeplearning4j.scaleout.perform.models.word2vec,Word2VecWork,8,0,19,18,97,28,0,0,0.0,1,3
deeplearning4j-_old-0.4-rc3.4,org.deeplearning4j.scaleout.perform.models.word2vec,DistributedWord2VecTest,4,0,6,6,41,7,0,0,0.6666666666666666,0,9
deeplearning4j-_old-0.4-rc3.4,org.deeplearning4j.scaleout.perform.models.word2vec.iterator,Word2VecJobIterator,4,0,12,10,81,23,0,0,0.16666666666666666,0,8
deeplearning4j-_old-0.4-rc3.4,org.deeplearning4j.scaleout.perform.text,SentenceJobIterator,1,0,5,5,22,5,0,0,0.0,0,1
deeplearning4j-_old-0.4-rc3.4,org.deeplearning4j.scaleout.perform.text,WordCountJobAggregator,3,1,5,5,45,10,0,0,0.4,0,4
deeplearning4j-_old-0.4-rc3.4,org.deeplearning4j.scaleout.perform.text,WordCountWorkPerformer,2,1,3,3,26,4,0,0,0.6666666666666666,0,4
deeplearning4j-_old-0.4-rc3.4,org.deeplearning4j.scaleout.perform.text,WordCountWorkPerformerFactory,0,0,1,1,9,1,0,0,-1.0,0,0
deeplearning4j-_old-0.4-rc3.4,org.deeplearning4j.scaleout.perform.text,WordCountTest,0,0,1,1,14,1,0,0,-1.0,0,3
deeplearning4j-_old-0.4-rc3.4,org.deeplearning4j.scaleout.perform.text.result,SentenceResult,0,0,0,0,5,0,0,0,-1.0,0,0
deeplearning4j-_old-0.4-rc3.4,org.deeplearning4j.text.annotator,PoStagger,7,0,6,6,103,16,0,0,0.5,4,1
deeplearning4j-_old-0.4-rc3.4,org.deeplearning4j.text.annotator,SentenceAnnotator,0,0,2,2,11,2,0,0,-1.0,8,1
deeplearning4j-_old-0.4-rc3.4,org.deeplearning4j.text.annotator,StemmerAnnotator,0,0,4,4,14,4,0,0,-1.0,4,1
deeplearning4j-_old-0.4-rc3.4,org.deeplearning4j.text.annotator,TokenizerAnnotator,0,0,2,2,16,2,0,0,-1.0,6,1
deeplearning4j-_old-0.4-rc3.4,org.deeplearning4j.text.corpora.sentiwordnet,SWN3,4,0,13,13,150,41,0,0,0.15384615384615385,1,2
deeplearning4j-_old-0.4-rc3.4,org.deeplearning4j.text.corpora.treeparser,BinarizeTreeTransformer,3,0,3,1,75,15,0,0,0.6666666666666666,0,3
deeplearning4j-_old-0.4-rc3.4,org.deeplearning4j.text.corpora.treeparser,CollapseUnaries,0,0,1,1,20,4,0,0,-1.0,0,1
deeplearning4j-_old-0.4-rc3.4,org.deeplearning4j.text.corpora.treeparser,HeadWordFinder,11,0,6,4,93,18,0,0,0.3333333333333333,1,2
deeplearning4j-_old-0.4-rc3.4,org.deeplearning4j.text.corpora.treeparser,TreeFactory,0,0,8,4,108,18,0,0,-1.0,2,3
deeplearning4j-_old-0.4-rc3.4,org.deeplearning4j.text.corpora.treeparser,TreeIterator,4,0,6,6,54,8,0,0,0.3333333333333333,0,2
deeplearning4j-_old-0.4-rc3.4,org.deeplearning4j.text.corpora.treeparser,TreeParser,5,0,10,9,225,39,0,0,0.0,4,12
deeplearning4j-_old-0.4-rc3.4,org.deeplearning4j.text.corpora.treeparser,TreeVectorizer,3,0,5,5,76,9,0,0,0.4,2,3
deeplearning4j-_old-0.4-rc3.4,org.deeplearning4j.text.corpora.treeparser,TreeParserTest,2,0,3,3,25,4,0,0,0.0,0,2
deeplearning4j-_old-0.4-rc3.4,org.deeplearning4j.text.corpora.treeparser,TreeTransformerTests,2,0,4,2,32,10,0,0,0.0,0,3
deeplearning4j-_old-0.4-rc3.4,org.deeplearning4j.text.corpora.treeparser.transformer,TreeTransformer,0,0,1,0,12,1,0,0,-1.0,2,1
deeplearning4j-_old-0.4-rc3.4,org.deeplearning4j.text.documentiterator,DocumentIterator,0,0,3,0,20,3,2,0,-1.0,10,0
deeplearning4j-_old-0.4-rc3.4,org.deeplearning4j.text.documentiterator,FileDocumentIterator,4,0,5,5,61,10,0,1,0.4,0,0
deeplearning4j-_old-0.4-rc3.4,org.deeplearning4j.text.documentiterator,LabelAwareDocumentIterator,0,0,1,0,10,1,0,1,-1.0,0,0
deeplearning4j-_old-0.4-rc3.4,org.deeplearning4j.text.documentiterator,DefaultDocumentIteratorTest,1,0,1,1,21,2,0,0,0.0,0,3
deeplearning4j-_old-0.4-rc3.4,org.deeplearning4j.text.inputsanitation,InputHomogenization,3,0,4,4,64,8,0,0,0.0,0,0
deeplearning4j-_old-0.4-rc3.4,org.deeplearning4j.text.invertedindex,InvertedIndex,0,0,28,0,162,28,1,0,-1.0,25,1
deeplearning4j-_old-0.4-rc3.4,org.deeplearning4j.text.invertedindex,LuceneInvertedIndex,44,4,64,57,630,121,0,1,0.125,3,3
deeplearning4j-_old-0.4-rc3.4,org.deeplearning4j.text.invertedindex,BatchDocIter,3,0,4,4,22,6,0,0,0.5,0,0
deeplearning4j-_old-0.4-rc3.4,org.deeplearning4j.text.invertedindex,DocIter,2,0,3,3,13,3,0,0,0.6666666666666666,0,0
deeplearning4j-_old-0.4-rc3.4,org.deeplearning4j.text.invertedindex,Builder,13,0,12,12,77,16,0,0,0.3333333333333333,0,2
deeplearning4j-_old-0.4-rc3.4,org.deeplearning4j.text.invertedindex,LuceneInvertedIndexTest,0,0,2,2,27,2,0,0,-1.0,0,3
deeplearning4j-_old-0.4-rc3.4,org.deeplearning4j.text.movingwindow,ContextLabelRetriever,2,0,2,1,64,12,0,0,1.0,2,4
deeplearning4j-_old-0.4-rc3.4,org.deeplearning4j.text.movingwindow,Util,2,0,6,6,45,9,0,0,0.8333333333333334,2,3
deeplearning4j-_old-0.4-rc3.4,org.deeplearning4j.text.movingwindow,Window,11,0,19,18,114,26,0,0,0.0,1,0
deeplearning4j-_old-0.4-rc3.4,org.deeplearning4j.text.movingwindow,WindowConverter,0,0,2,2,36,4,0,0,-1.0,3,2
deeplearning4j-_old-0.4-rc3.4,org.deeplearning4j.text.movingwindow,Windows,0,0,8,8,116,20,0,0,-1.0,4,4
deeplearning4j-_old-0.4-rc3.4,org.deeplearning4j.text.movingwindow,WordConverter,3,0,6,5,40,11,0,0,0.0,1,4
deeplearning4j-_old-0.4-rc3.4,org.deeplearning4j.text.sentenceiterator,BaseSentenceIterator,1,0,5,5,22,5,4,1,0.6,0,1
deeplearning4j-_old-0.4-rc3.4,org.deeplearning4j.text.sentenceiterator,CollectionSentenceIterator,2,0,5,5,23,6,0,2,0.0,0,1
deeplearning4j-_old-0.4-rc3.4,org.deeplearning4j.text.sentenceiterator,FileSentenceIterator,5,0,6,5,76,21,0,2,0.3333333333333333,0,1
deeplearning4j-_old-0.4-rc3.4,org.deeplearning4j.text.sentenceiterator,LineSentenceIterator,3,0,4,4,41,8,0,2,0.0,0,0
deeplearning4j-_old-0.4-rc3.4,org.deeplearning4j.text.sentenceiterator,LuceneSentenceIterator,6,1,8,7,58,10,0,1,0.25,0,2
deeplearning4j-_old-0.4-rc3.4,org.deeplearning4j.text.sentenceiterator,SentenceIterator,0,0,6,0,26,6,2,0,-1.0,21,1
deeplearning4j-_old-0.4-rc3.4,org.deeplearning4j.text.sentenceiterator,SentencePreProcessor,0,0,1,0,12,1,0,0,-1.0,11,0
deeplearning4j-_old-0.4-rc3.4,org.deeplearning4j.text.sentenceiterator,UimaSentenceIterator,6,0,10,9,132,20,0,2,0.2,6,4
deeplearning4j-_old-0.4-rc3.4,org.deeplearning4j.text.sentenceiterator,SentenceIteratorTest,1,0,7,7,72,10,0,0,0.5714285714285714,0,3
deeplearning4j-_old-0.4-rc3.4,org.deeplearning4j.text.sentenceiterator.labelaware,LabelAwareFileSentenceIterator,0,0,4,4,23,4,0,1,-1.0,0,1
deeplearning4j-_old-0.4-rc3.4,org.deeplearning4j.text.sentenceiterator.labelaware,LabelAwareListSentenceIterator,5,0,11,11,87,12,0,1,0.36363636363636365,0,2
deeplearning4j-_old-0.4-rc3.4,org.deeplearning4j.text.sentenceiterator.labelaware,LabelAwareSentenceIterator,0,0,2,0,16,2,3,0,-1.0,8,0
deeplearning4j-_old-0.4-rc3.4,org.deeplearning4j.text.sentenceiterator.labelaware,LabelAwareUimaSentenceIterator,0,0,5,5,42,5,0,1,-1.0,1,4
deeplearning4j-_old-0.4-rc3.4,org.deeplearning4j.text.stopwords,StopWords,1,0,1,1,16,2,0,0,0.0,2,0
deeplearning4j-_old-0.4-rc3.4,org.deeplearning4j.text.tokenization.tokenizer,ConcurrentTokenizer,2,0,7,5,59,9,0,0,0.42857142857142855,1,0
deeplearning4j-_old-0.4-rc3.4,org.deeplearning4j.text.tokenization.tokenizer,DefaultStreamTokenizer,2,0,6,6,57,14,0,1,0.0,0,1
deeplearning4j-_old-0.4-rc3.4,org.deeplearning4j.text.tokenization.tokenizer,DefaultTokenizer,2,0,6,6,32,8,0,1,0.0,1,1
deeplearning4j-_old-0.4-rc3.4,org.deeplearning4j.text.tokenization.tokenizer,NGramTokenizer,5,0,6,6,50,11,0,1,0.3333333333333333,0,2
deeplearning4j-_old-0.4-rc3.4,org.deeplearning4j.text.tokenization.tokenizer,PosUimaTokenizer,5,0,8,7,67,18,0,1,0.375,2,6
deeplearning4j-_old-0.4-rc3.4,org.deeplearning4j.text.tokenization.tokenizer,TokenPreProcess,0,0,1,0,12,1,0,0,-1.0,13,0
deeplearning4j-_old-0.4-rc3.4,org.deeplearning4j.text.tokenization.tokenizer,Tokenizer,0,0,5,0,31,5,5,0,-1.0,13,1
deeplearning4j-_old-0.4-rc3.4,org.deeplearning4j.text.tokenization.tokenizer,UimaTokenizer,5,0,7,6,54,13,0,1,0.0,0,2
deeplearning4j-_old-0.4-rc3.4,org.deeplearning4j.text.tokenization.tokenizer,DefaulTokenizerTests,0,0,1,1,16,2,0,0,-1.0,0,2
deeplearning4j-_old-0.4-rc3.4,org.deeplearning4j.text.tokenization.tokenizer,NGramTokenizerTest,0,0,1,1,19,2,0,0,-1.0,0,2
deeplearning4j-_old-0.4-rc3.4,org.deeplearning4j.text.tokenization.tokenizer.preprocessor,CommonPreprocessor,0,0,1,1,8,1,0,0,-1.0,0,1
deeplearning4j-_old-0.4-rc3.4,org.deeplearning4j.text.tokenization.tokenizer.preprocessor,EndingPreProcessor,0,0,1,1,14,6,0,0,-1.0,0,0
deeplearning4j-_old-0.4-rc3.4,org.deeplearning4j.text.tokenization.tokenizer.preprocessor,StringCleaning,0,0,1,1,14,1,0,0,-1.0,2,0
deeplearning4j-_old-0.4-rc3.4,org.deeplearning4j.text.tokenization.tokenizerfactory,DefaultTokenizerFactory,1,0,3,3,20,3,0,1,0.0,0,3
deeplearning4j-_old-0.4-rc3.4,org.deeplearning4j.text.tokenization.tokenizerfactory,NGramTokenizerFactory,4,0,4,4,29,5,0,1,0.5,0,3
deeplearning4j-_old-0.4-rc3.4,org.deeplearning4j.text.tokenization.tokenizerfactory,PosUimaTokenizerFactory,3,0,6,6,36,6,0,1,0.3333333333333333,1,7
deeplearning4j-_old-0.4-rc3.4,org.deeplearning4j.text.tokenization.tokenizerfactory,TokenizerFactory,0,0,3,0,23,3,4,0,-1.0,34,1
deeplearning4j-_old-0.4-rc3.4,org.deeplearning4j.text.tokenization.tokenizerfactory,UimaTokenizerFactory,4,0,11,11,64,13,0,1,0.36363636363636365,2,6
deeplearning4j-_old-0.4-rc3.4,org.deeplearning4j.text.uima,UimaResource,3,0,9,9,58,10,0,0,0.0,4,0
deeplearning4j-_old-0.4-rc3.4,org.deeplearning4j.text.tokenization.tokenizer.tokenprepreprocessor,EndingPreProcessorTest,0,0,1,1,10,1,0,0,-1.0,0,1
deeplearning4j-_old-0.4-rc3.4,org.deeplearning4j.wordstore,InMemoryVocabStoreTests,1,0,1,1,14,1,0,0,0.0,0,1
deeplearning4j-_old-0.4-rc3.4,org.deeplearning4j.parallel,Parallelization,1,0,14,13,124,23,0,0,0.6428571428571429,5,2
deeplearning4j-_old-0.4-rc3.4,org.deeplearning4j.parallel,RunnableWithParams,0,0,1,0,3,1,0,0,-1.0,1,0
deeplearning4j-_old-0.4-rc3.4,org.deeplearning4j.scaleout.actor.core,ClusterListener,6,1,3,3,48,11,0,0,0.0,5,0
deeplearning4j-_old-0.4-rc3.4,org.deeplearning4j.scaleout.actor.core,DefaultModelSaver,4,0,6,6,48,8,0,1,0.0,0,1
deeplearning4j-_old-0.4-rc3.4,org.deeplearning4j.scaleout.actor.core,ModelSaver,0,0,3,0,21,3,1,0,-1.0,2,0
deeplearning4j-_old-0.4-rc3.4,org.deeplearning4j.scaleout.actor.core,SerializableFileIter,3,0,6,6,28,6,0,0,0.3333333333333333,0,0
deeplearning4j-_old-0.4-rc3.4,org.deeplearning4j.scaleout.actor.core.actor,BatchActor,9,1,5,4,86,22,0,0,0.0,2,9
deeplearning4j-_old-0.4-rc3.4,org.deeplearning4j.scaleout.actor.core.actor,MasterActor,16,6,14,12,202,41,0,0,0.0,5,11
deeplearning4j-_old-0.4-rc3.4,org.deeplearning4j.scaleout.actor.core.actor,ModelSavingActor,7,1,5,5,48,8,0,0,0.0,2,5
deeplearning4j-_old-0.4-rc3.4,org.deeplearning4j.scaleout.actor.core.actor,WorkerActor,12,0,17,15,186,36,0,0,0.0,4,6
deeplearning4j-_old-0.4-rc3.4,org.deeplearning4j.scaleout.actor.core.actor,WorkerState,3,0,8,8,43,15,0,0,0.0,1,1
deeplearning4j-_old-0.4-rc3.4,org.deeplearning4j.scaleout.actor.core.protocol,Ack,2,0,2,1,14,2,0,0,1.0,2,1
deeplearning4j-_old-0.4-rc3.4,org.deeplearning4j.scaleout.actor.core.protocol,AlreadyWorking,2,0,4,4,19,4,0,0,0.5,0,0
deeplearning4j-_old-0.4-rc3.4,org.deeplearning4j.scaleout.actor.core.protocol,ClearWorker,2,0,3,3,16,3,0,0,0.0,0,0
deeplearning4j-_old-0.4-rc3.4,org.deeplearning4j.scaleout.actor.core.protocol,GiveMeMyJob,2,0,5,5,21,5,0,0,0.0,0,1
deeplearning4j-_old-0.4-rc3.4,org.deeplearning4j.scaleout.actor.core.protocol,JobFailed,2,0,3,3,16,3,0,0,0.0,0,1
deeplearning4j-_old-0.4-rc3.4,org.deeplearning4j.scaleout.actor.core.protocol,NoJobFound,2,0,2,1,11,2,0,0,1.0,1,1
deeplearning4j-_old-0.4-rc3.4,org.deeplearning4j.scaleout.actor.core.protocol,ResetMessage,2,0,2,1,15,2,0,0,1.0,1,1
deeplearning4j-_old-0.4-rc3.4,org.deeplearning4j.scaleout.actor.core.protocol,RunJob,1,0,2,1,12,2,0,0,1.0,1,1
deeplearning4j-_old-0.4-rc3.4,org.deeplearning4j.scaleout.actor.runner,DeepLearning4jDistributed,15,0,22,22,274,40,0,0,0.09090909090909091,3,14
deeplearning4j-_old-0.4-rc3.4,org.deeplearning4j.scaleout.actor.runner,DeepLearning4jDistributedApp,10,0,7,7,71,9,0,0,0.42857142857142855,1,6
deeplearning4j-_old-0.4-rc3.4,org.deeplearning4j.scaleout.actor.util,ActorRefUtils,1,0,11,11,87,18,0,0,0.7272727272727273,3,4
deeplearning4j-_old-0.4-rc3.4,org.deeplearning4j.scaleout.actor.util,PortTaken,0,0,1,1,12,1,0,0,-1.0,2,0
deeplearning4j-_old-0.4-rc3.4,org.deeplearning4j.scaleout.aggregator,INDArrayAggregator,2,0,3,3,30,6,0,2,0.6666666666666666,0,1
deeplearning4j-_old-0.4-rc3.4,org.deeplearning4j.scaleout.aggregator,JobAggregator,1,0,3,0,22,3,1,0,-1.0,8,1
deeplearning4j-_old-0.4-rc3.4,org.deeplearning4j.scaleout.aggregator,WorkAccumulator,2,0,3,2,22,3,1,1,1.0,0,1
deeplearning4j-_old-0.4-rc3.4,org.deeplearning4j.scaleout.job,DataSetIteratorJobIterator,1,0,5,5,21,5,0,1,0.0,0,1
deeplearning4j-_old-0.4-rc3.4,org.deeplearning4j.scaleout.job,Job,3,0,11,11,48,14,0,0,0.0,45,1
deeplearning4j-_old-0.4-rc3.4,org.deeplearning4j.scaleout.job,JobIterator,0,0,4,0,26,4,1,0,-1.0,5,0
deeplearning4j-_old-0.4-rc3.4,org.deeplearning4j.scaleout.job,JobIteratorFactory,0,0,1,0,11,1,0,0,-1.0,1,0
deeplearning4j-_old-0.4-rc3.4,org.deeplearning4j.scaleout.messages,DoneMessage,2,0,2,1,15,2,0,0,1.0,2,1
deeplearning4j-_old-0.4-rc3.4,org.deeplearning4j.scaleout.messages,FinishMessage,1,0,0,0,5,0,0,0,-1.0,0,0
deeplearning4j-_old-0.4-rc3.4,org.deeplearning4j.scaleout.messages,MoreWorkMessage,2,0,2,1,15,2,0,0,1.0,4,1
deeplearning4j-_old-0.4-rc3.4,org.deeplearning4j.scaleout.messages,NeedsModelMessage,2,0,5,5,33,11,0,0,0.0,1,1
deeplearning4j-_old-0.4-rc3.4,org.deeplearning4j.scaleout.messages,ShutdownMessage,1,0,0,0,9,0,0,0,-1.0,0,0
deeplearning4j-_old-0.4-rc3.4,org.deeplearning4j.scaleout.perform,BaseMultiLayerNetworkWorkPerformer,1,0,3,3,23,4,0,1,0.0,0,3
deeplearning4j-_old-0.4-rc3.4,org.deeplearning4j.scaleout.perform,NeuralNetWorkPerformer,1,0,4,4,28,6,0,1,0.5,0,4
deeplearning4j-_old-0.4-rc3.4,org.deeplearning4j.scaleout.perform,BaseWorkPerformerTest,0,0,1,0,9,1,1,0,-1.0,0,2
deeplearning4j-_old-0.4-rc3.4,org.deeplearning4j.scaleout.perform,MultiLayerWorkPerformerTests,0,0,1,1,19,1,0,2,-1.0,0,5
deeplearning4j-_old-0.4-rc3.4,org.deeplearning4j.scaleout.perform,NeuralNetWorkPerformerTest,0,0,1,1,22,1,1,1,-1.0,0,5
deeplearning4j-_old-0.4-rc3.4,org.deeplearning4j.scaleout.perform,BaseWorkPerformerFactory,0,0,3,3,22,3,0,1,-1.0,0,1
deeplearning4j-_old-0.4-rc3.4,org.deeplearning4j.scaleout.perform,WorkerPerformer,0,0,2,0,16,2,2,0,-1.0,8,1
deeplearning4j-_old-0.4-rc3.4,org.deeplearning4j.scaleout.perform,WorkerPerformerFactory,1,0,2,0,18,2,1,0,-1.0,8,0
deeplearning4j-_old-0.4-rc3.4,org.deeplearning4j.scaleout.statetracker.hazelcast,BaseHazelCastStateTracker,57,24,70,68,618,108,1,0,0.04285714285714286,0,6
deeplearning4j-_old-0.4-rc3.4,org.deeplearning4j.scaleout.statetracker.hazelcast,HazelCastConf,0,0,0,0,5,0,0,0,-1.0,1,0
deeplearning4j-_old-0.4-rc3.4,org.deeplearning4j.scaleout.statetracker.hazelcast,HazelCastStateTracker,0,0,8,8,47,8,0,1,-1.0,1,2
deeplearning4j-_old-0.4-rc3.4,org.deeplearning4j.scaleout.statetracker.hazelcast,IterateAndUpdateImpl,3,0,3,3,28,5,0,0,0.0,1,3
deeplearning4j-_old-0.4-rc3.4,org.deeplearning4j.scaleout.statetracker.hazelcast,StateTrackerDropWizardResource,3,0,15,15,66,16,0,0,0.26666666666666666,1,3
deeplearning4j-_old-0.4-rc3.4,org.deeplearning4j.scaleout.statetracker.updatesaver,LocalFileUpdateSaver,5,1,12,12,89,23,0,0,0.5833333333333334,1,2
deeplearning4j-_old-0.4-rc3.4,org.deeplearning4j.scaleout.statetracker.workretriever,LocalWorkRetriever,3,1,12,12,74,14,0,0,0.5833333333333334,1,2
deeplearning4j-_old-0.4-rc3.4,org.deeplearning4j.scaleout.testsupport,BaseTestDistributed,5,0,6,6,53,10,0,0,0.0,0,4
deeplearning4j-_old-0.4-rc3.4,org.deeplearning4j.scaleout.workrouter,HogWildWorkRouter,0,0,4,4,17,4,0,0,-1.0,0,1
deeplearning4j-_old-0.4-rc3.4,org.deeplearning4j.scaleout.workrouter,IterativeReduceWorkRouter,0,0,4,4,25,4,0,0,-1.0,0,1
deeplearning4j-_old-0.4-rc3.4,org.deeplearning4j.scaleout.actor,TestPerformer,4,0,11,11,44,11,0,0,0.2727272727272727,1,1
deeplearning4j-_old-0.4-rc3.4,org.deeplearning4j.scaleout.actor,TestPerformerFactory,0,0,2,2,11,2,0,0,-1.0,0,0
deeplearning4j-_old-0.4-rc3.4,org.deeplearning4j.scaleout.actor,WorkerActorTest,5,0,4,4,38,8,0,0,0.0,0,4
deeplearning4j-_old-0.4-rc3.4,org.deeplearning4j.scaleout.runner,TestDistributed,5,0,4,4,38,6,0,0,0.5,0,5
deeplearning4j-_old-0.4-rc3.4,org.deeplearning4j.scaleout.api.ir,ParameterVectorUpdateable,1,0,7,7,48,10,0,1,0.2857142857142857,4,0
deeplearning4j-_old-0.4-rc3.4,org.deeplearning4j.scaleout.api.ir,Updateable,0,0,5,0,11,5,1,0,-1.0,2,0
deeplearning4j-_old-0.4-rc3.4,org.deeplearning4j.scaleout.api.statetracker,IterateAndUpdate,0,0,2,0,15,2,0,0,-1.0,1,0
deeplearning4j-_old-0.4-rc3.4,org.deeplearning4j.scaleout.api.statetracker,NewUpdateListener,0,0,1,0,11,1,0,0,-1.0,1,0
deeplearning4j-_old-0.4-rc3.4,org.deeplearning4j.scaleout.api.statetracker,StateTracker,0,0,60,0,298,60,0,0,-1.0,26,5
deeplearning4j-_old-0.4-rc3.4,org.deeplearning4j.scaleout.api.statetracker,UpdateSaver,0,0,3,0,22,3,0,0,-1.0,2,1
deeplearning4j-_old-0.4-rc3.4,org.deeplearning4j.scaleout.api.statetracker,WorkRetriever,0,0,4,0,28,4,0,0,-1.0,1,1
deeplearning4j-_old-0.4-rc3.4,org.deeplearning4j.scaleout.api.workrouter,BaseWorkRouter,3,0,9,9,80,13,0,1,0.2222222222222222,0,3
deeplearning4j-_old-0.4-rc3.4,org.deeplearning4j.scaleout.api.workrouter,WorkRouter,3,0,5,0,33,5,1,0,-1.0,3,1
deeplearning4j-_old-0.4-rc3.4,org.deeplearning4j.scaleout.job.collection,CollectionJobIterator,2,0,5,5,29,5,0,0,0.0,0,1
deeplearning4j-_old-0.4-rc3.4,org.deeplearning4j.scaleout.job.collection,CollectionJobIteratorFactory,1,0,2,2,13,2,0,0,0.0,0,0
deeplearning4j-_old-0.4-rc3.4,org.deeplearning4j.scaleout.zookeeper,ZooKeeperConfigurationRegister,6,0,6,6,103,10,0,0,0.3333333333333333,4,1
deeplearning4j-_old-0.4-rc3.4,org.deeplearning4j.scaleout.zookeeper,ZooKeeperRunner,4,0,9,9,43,9,0,0,0.0,1,0
deeplearning4j-_old-0.4-rc3.4,org.deeplearning4j.scaleout.zookeeper,ZookeeperBuilder,6,0,7,7,63,12,0,0,0.0,0,0
deeplearning4j-_old-0.4-rc3.4,org.deeplearning4j.scaleout.zookeeper,ZookeeperConfigurationRetriever,5,0,5,5,63,9,0,0,0.0,2,1
deeplearning4j-_old-0.4-rc3.4,org.deeplearning4j.scaleout.zookeeper,ZookeeperPathBuilder,3,0,7,7,36,10,0,0,0.0,0,0
deeplearning4j-_old-0.4-rc3.4,org.deeplearning4j.scaleout.zookeeper.utils,ZkUtils,0,0,2,2,13,2,0,0,-1.0,0,0
deeplearning4j-_old-0.4-rc3.4,org.deeplearning4j.zookeeper,TestZookeeperRegister,6,0,6,6,47,6,0,0,0.3333333333333333,0,2
deeplearning4j-_old-0.4-rc3.4,org.deeplearning4j.iterativereduce.impl.multilayer,Master,3,0,5,5,39,7,0,0,0.6,1,3
deeplearning4j-_old-0.4-rc3.4,org.deeplearning4j.iterativereduce.impl.multilayer,WorkerNode,11,1,7,7,72,10,0,0,0.2857142857142857,0,5
deeplearning4j-_old-0.4-rc3.4,org.deeplearning4j.iterativereduce.impl.multilayer,IRUnitIrisDBNWorkerTests,2,0,5,5,33,5,0,0,1.0,0,1
deeplearning4j-_old-0.4-rc3.4,org.deeplearning4j.iterativereduce.impl.multilayer,IRUnitSVMLightWorkerTest,0,0,1,1,7,1,0,0,-1.0,0,1
deeplearning4j-_old-0.4-rc3.4,org.deeplearning4j.iterativereduce.impl.reader,CanovaInputSplit,2,0,5,5,36,6,0,0,0.6,0,0
deeplearning4j-_old-0.4-rc3.4,org.deeplearning4j.iterativereduce.impl.reader,CanovaMapRedInputSplit,3,0,6,6,46,6,0,0,0.5,0,0
deeplearning4j-_old-0.4-rc3.4,org.deeplearning4j.iterativereduce.impl.reader,CanovaRecordReader,3,0,8,8,39,10,0,0,0.5,3,0
deeplearning4j-_old-0.4-rc3.4,org.deeplearning4j.iterativereduce.impl.reader,CanovaWritableDelegate,1,0,6,6,27,8,0,0,0.3333333333333333,1,1
deeplearning4j-_old-0.4-rc3.4,org.deeplearning4j.iterativereduce.impl.reader,RecordReaderDataSetIterator,5,0,15,15,102,23,0,0,0.6,0,1
deeplearning4j-_old-0.4-rc3.4,org.deeplearning4j.iterativereduce.impl.single,Master,4,0,5,5,38,7,0,0,0.8,1,3
deeplearning4j-_old-0.4-rc3.4,org.deeplearning4j.iterativereduce.impl.single,WorkerNode,3,0,7,7,48,8,0,0,0.2857142857142857,0,4
deeplearning4j-_old-0.4-rc3.4,org.deeplearning4j.iterativereduce.irunit,IRUnitDriver,13,6,7,6,169,14,0,0,0.0,2,4
deeplearning4j-_old-0.4-rc3.4,org.deeplearning4j.iterativereduce.runtime,AbstractComputableMaster,1,0,1,1,6,1,0,1,0.0,0,0
deeplearning4j-_old-0.4-rc3.4,org.deeplearning4j.iterativereduce.runtime,AbstractComputableWorker,1,0,1,1,6,1,0,1,0.0,0,0
deeplearning4j-_old-0.4-rc3.4,org.deeplearning4j.iterativereduce.runtime,ComputableMaster,0,0,4,0,10,4,1,0,-1.0,4,0
deeplearning4j-_old-0.4-rc3.4,org.deeplearning4j.iterativereduce.runtime,ComputableWorker,0,0,6,0,8,6,1,0,-1.0,4,0
deeplearning4j-_old-0.4-rc3.4,org.deeplearning4j.iterativereduce.runtime,ConfigFields,20,20,1,1,32,7,0,0,0.0,3,0
deeplearning4j-_old-0.4-rc3.4,org.deeplearning4j.iterativereduce.runtime,Utils,1,0,19,17,201,44,0,0,0.47368421052631576,6,5
deeplearning4j-_old-0.4-rc3.4,org.deeplearning4j.iterativereduce.runtime.io,WritableConverter,0,0,1,0,12,1,0,0,-1.0,1,0
deeplearning4j-_old-0.4-rc3.4,org.deeplearning4j.iterativereduce.runtime.irunit,IRUnitDriver,13,0,8,6,146,13,0,0,0.0,0,3
deeplearning4j-_old-0.4-rc3.4,org.deeplearning4j.iterativereduce.runtime.yarn,ContainerManagerHandler,4,0,4,4,43,8,0,0,0.0,2,0
deeplearning4j-_old-0.4-rc3.4,org.deeplearning4j.iterativereduce.runtime.yarn,ResourceManagerHandler,6,0,10,10,116,21,0,0,0.0,3,0
deeplearning4j-_old-0.4-rc3.4,org.deeplearning4j.iterativereduce.runtime.yarn.appmaster,ApplicationMaster,22,0,17,11,382,46,0,0,0.17647058823529413,2,10
deeplearning4j-_old-0.4-rc3.4,org.deeplearning4j.iterativereduce.runtime.yarn.appmaster,ConfigurationTuple,3,0,4,4,20,4,0,0,0.0,0,1
deeplearning4j-_old-0.4-rc3.4,org.deeplearning4j.iterativereduce.runtime.yarn.appmaster,LaunchContainerRunnabble,3,0,2,2,22,2,0,0,0.0,1,2
deeplearning4j-_old-0.4-rc3.4,org.deeplearning4j.iterativereduce.runtime.yarn.appmaster,ApplicationMasterService,20,0,16,14,234,35,0,0,0.0,1,2
deeplearning4j-_old-0.4-rc3.4,org.deeplearning4j.iterativereduce.runtime.yarn.appworker,ApplicationWorker,4,0,2,2,22,3,0,0,0.0,0,3
deeplearning4j-_old-0.4-rc3.4,org.deeplearning4j.iterativereduce.runtime.yarn.appworker,ApplicationWorkerService,21,0,9,4,256,21,0,0,0.0,1,3
deeplearning4j-_old-0.4-rc3.4,org.deeplearning4j.iterativereduce.runtime.yarn.appworker,PeriodicUpdateThread,0,0,1,1,27,3,0,0,-1.0,0,0
deeplearning4j-_old-0.4-rc3.4,org.deeplearning4j.iterativereduce.runtime.yarn.avro.generated,FileSplit,7,4,28,25,228,37,0,0,0.35714285714285715,6,2
deeplearning4j-_old-0.4-rc3.4,org.deeplearning4j.iterativereduce.runtime.yarn.avro.generated,Builder,3,0,16,13,135,19,0,0,0.5,8,2
deeplearning4j-_old-0.4-rc3.4,org.deeplearning4j.iterativereduce.runtime.yarn.avro.generated,IterativeReduceService,2,2,13,0,19,13,1,0,-1.0,2,3
deeplearning4j-_old-0.4-rc3.4,org.deeplearning4j.iterativereduce.runtime.yarn.avro.generated,Callback,1,1,5,0,8,5,0,1,-1.0,0,3
deeplearning4j-_old-0.4-rc3.4,org.deeplearning4j.iterativereduce.runtime.yarn.avro.generated,ProgressReport,5,3,22,19,176,28,0,0,0.3181818181818182,4,3
deeplearning4j-_old-0.4-rc3.4,org.deeplearning4j.iterativereduce.runtime.yarn.avro.generated,Builder,2,0,12,9,102,14,0,0,0.4166666666666667,0,3
deeplearning4j-_old-0.4-rc3.4,org.deeplearning4j.iterativereduce.runtime.yarn.avro.generated,ServiceError,3,2,24,21,150,27,0,0,0.625,2,2
deeplearning4j-_old-0.4-rc3.4,org.deeplearning4j.iterativereduce.runtime.yarn.avro.generated,Builder,1,0,12,9,83,13,0,0,0.6666666666666666,0,2
deeplearning4j-_old-0.4-rc3.4,org.deeplearning4j.iterativereduce.runtime.yarn.avro.generated,StartupConfiguration,9,5,34,31,282,46,0,0,0.23529411764705882,5,3
deeplearning4j-_old-0.4-rc3.4,org.deeplearning4j.iterativereduce.runtime.yarn.avro.generated,Builder,4,0,20,17,170,24,0,0,0.4,0,3
deeplearning4j-_old-0.4-rc3.4,org.deeplearning4j.iterativereduce.runtime.yarn.avro.generated,WorkerId,1,1,2,2,15,2,0,0,1.0,6,0
deeplearning4j-_old-0.4-rc3.4,org.deeplearning4j.iterativereduce.runtime.yarn.client,Client,1,0,2,2,78,10,0,0,0.0,0,3
deeplearning4j-_old-0.4-rc3.4,org.deeplearning4j.iterativereduce.runtime.yarn.client,Kill,1,1,1,1,14,2,0,0,0.0,0,1
deeplearning4j-_old-0.4-rc3.4,org.deeplearning4j.hadoop.datasetiterator,BaseHdfsDataSetIterator,3,0,6,6,79,9,0,0,0.5,0,0
deeplearning4j-_old-0.4-rc3.4,org.deeplearning4j.hadoop.modelsaving,HdfsModelSaver,4,0,4,4,65,5,0,0,0.75,0,0
deeplearning4j-_old-0.4-rc3.4,org.deeplearning4j.hadoop.util,HdfsLock,4,0,8,8,106,18,0,0,0.0,1,1
deeplearning4j-_old-0.4-rc3.4,org.deeplearning4j.hadoop.util,HdfsUtils,5,1,31,28,325,72,0,0,0.22580645161290322,2,2
deeplearning4j-_old-0.4-rc3.4,org.deeplearning4j.hadoop.nlp.text,ConfigurableSentenceIterator,7,1,7,6,59,10,1,0,0.2857142857142857,2,1
deeplearning4j-_old-0.4-rc3.4,org.deeplearning4j.hadoop.nlp.text,ConfigurableSentenceIteratorTest,1,0,3,3,24,3,0,0,0.6666666666666666,0,2
deeplearning4j-_old-0.4-rc3.4,org.deeplearning4j.hadoop.nlp.text,TestConfigurableSentenceIterator,0,0,3,3,22,3,0,1,-1.0,1,0
deeplearning4j-_old-0.4-rc3.4,org.deeplearning4j.hadoop.nlp.uima,AnalysisEngineHdfs,0,0,3,2,37,3,0,0,-1.0,1,0
deeplearning4j-_old-0.4-rc3.4,org.deeplearning4j.hadoop.nlp.uima,TestAnalysisEngineFromHdfs,2,0,3,3,27,3,0,0,0.0,0,4
deeplearning4j-_old-0.4-rc3.4,org.deeplearning4j.models.glove.iterator,GloveJobIterator,4,0,12,10,81,23,0,0,0.16666666666666666,0,7
deeplearning4j-_old-0.4-rc3.4,org.deeplearning4j.spark.models.embeddings.common,BaseWord2VecFunction,7,3,3,1,41,9,3,0,0.0,0,1
deeplearning4j-_old-0.4-rc3.4,org.deeplearning4j.spark.models.embeddings.common,DotProduct,0,0,2,2,12,2,0,1,-1.0,0,1
deeplearning4j-_old-0.4-rc3.4,org.deeplearning4j.spark.models.embeddings.common,GetVector,0,0,3,3,14,3,0,1,-1.0,0,1
deeplearning4j-_old-0.4-rc3.4,org.deeplearning4j.spark.models.embeddings.common,SaxpyMap,1,0,2,2,16,3,0,1,0.0,0,1
deeplearning4j-_old-0.4-rc3.4,org.deeplearning4j.spark.models.embeddings.glove,Glove,6,0,7,6,150,13,0,0,0.2857142857142857,1,8
deeplearning4j-_old-0.4-rc3.4,org.deeplearning4j.spark.models.embeddings.glove,GloveChange,11,0,25,25,107,25,0,0,0.0,0,2
deeplearning4j-_old-0.4-rc3.4,org.deeplearning4j.spark.models.embeddings.glove,GloveParam,16,0,26,26,116,26,0,0,0.0,0,0
deeplearning4j-_old-0.4-rc3.4,org.deeplearning4j.spark.models.embeddings.glove,Builder,8,0,9,9,45,9,0,0,0.0,0,0
deeplearning4j-_old-0.4-rc3.4,org.deeplearning4j.spark.models.embeddings.glove,GlovePerformer,6,5,2,2,18,2,0,0,1.0,1,2
deeplearning4j-_old-0.4-rc3.4,org.deeplearning4j.spark.models.embeddings.glove,VocabWordPairs,1,0,2,2,13,2,0,0,0.0,0,1
deeplearning4j-_old-0.4-rc3.4,org.deeplearning4j.spark.models.embeddings.glove,GloveTest,0,0,2,2,18,2,0,0,-1.0,0,4
deeplearning4j-_old-0.4-rc3.4,org.deeplearning4j.spark.models.embeddings.glove.cooccurrences,CoOccurrenceCalculator,3,0,2,2,40,10,0,0,0.0,0,4
deeplearning4j-_old-0.4-rc3.4,org.deeplearning4j.spark.models.embeddings.glove.cooccurrences,CoOccurrenceCounts,0,0,1,1,10,1,0,0,-1.0,0,1
deeplearning4j-_old-0.4-rc3.4,org.deeplearning4j.spark.models.embeddings.word2vec,FirstIterationFunction,14,0,6,6,101,18,0,0,0.0,1,1
deeplearning4j-_old-0.4-rc3.4,org.deeplearning4j.spark.models.embeddings.word2vec,MapToPairFunction,0,0,1,1,8,1,0,0,-1.0,0,0
deeplearning4j-_old-0.4-rc3.4,org.deeplearning4j.spark.models.embeddings.word2vec,SentenceBatch,1,0,4,4,111,22,0,0,0.0,0,4
deeplearning4j-_old-0.4-rc3.4,org.deeplearning4j.spark.models.embeddings.word2vec,Word2Vec,17,0,33,33,205,35,0,0,0.0,1,4
deeplearning4j-_old-0.4-rc3.4,org.deeplearning4j.spark.models.embeddings.word2vec,Word2VecChange,1,0,2,2,31,6,0,0,0.0,0,3
deeplearning4j-_old-0.4-rc3.4,org.deeplearning4j.spark.models.embeddings.word2vec,Word2VecFuncCall,3,0,7,7,32,7,0,0,0.0,1,0
deeplearning4j-_old-0.4-rc3.4,org.deeplearning4j.spark.models.embeddings.word2vec,Word2VecParam,31,0,49,49,212,49,0,0,0.08163265306122448,2,1
deeplearning4j-_old-0.4-rc3.4,org.deeplearning4j.spark.models.embeddings.word2vec,Builder,14,0,15,15,75,15,0,0,0.0,0,1
deeplearning4j-_old-0.4-rc3.4,org.deeplearning4j.spark.models.embeddings.word2vec,Word2VecPerformer,16,0,7,6,155,31,0,0,0.0,0,4
deeplearning4j-_old-0.4-rc3.4,org.deeplearning4j.spark.models.embeddings.word2vec,Word2VecPerformerVoid,27,10,40,39,272,65,0,0,0.0,1,4
deeplearning4j-_old-0.4-rc3.4,org.deeplearning4j.spark.models.embeddings.word2vec,Word2VecSetup,1,0,2,2,13,2,0,0,0.0,0,0
deeplearning4j-_old-0.4-rc3.4,org.deeplearning4j.spark.models.embeddings.word2vec,Word2VecVariables,16,16,2,2,63,7,0,0,0.0,3,1
deeplearning4j-_old-0.4-rc3.4,org.deeplearning4j.spark.models.embeddings.word2vec,Word2VecTest,0,0,1,1,16,1,0,0,-1.0,0,1
deeplearning4j-_old-0.4-rc3.4,org.deeplearning4j.spark.text.accumulators,MaxPerPartitionAccumulator,0,0,3,3,19,4,0,0,-1.0,0,1
deeplearning4j-_old-0.4-rc3.4,org.deeplearning4j.spark.text.accumulators,WordFreqAccumulator,0,0,3,3,19,4,0,0,-1.0,0,1
deeplearning4j-_old-0.4-rc3.4,org.deeplearning4j.spark.text.functions,CountCumSum,5,0,6,6,40,7,0,0,0.0,1,0
deeplearning4j-_old-0.4-rc3.4,org.deeplearning4j.spark.text.functions,FoldBetweenPartitionFunction,1,0,2,2,23,5,0,0,0.0,0,1
deeplearning4j-_old-0.4-rc3.4,org.deeplearning4j.spark.text.functions,FoldWithinPartitionFunction,1,0,2,2,32,3,0,0,0.0,0,1
deeplearning4j-_old-0.4-rc3.4,org.deeplearning4j.spark.text.functions,GetSentenceCountFunction,0,0,1,1,8,1,0,0,-1.0,0,1
deeplearning4j-_old-0.4-rc3.4,org.deeplearning4j.spark.text.functions,MapPerPartitionVoidFunction,0,0,1,1,7,1,0,0,-1.0,0,0
deeplearning4j-_old-0.4-rc3.4,org.deeplearning4j.spark.text.functions,ReduceSentenceCount,0,0,1,1,8,1,0,0,-1.0,0,0
deeplearning4j-_old-0.4-rc3.4,org.deeplearning4j.spark.text.functions,TextPipeline,15,0,18,15,157,32,0,0,0.1111111111111111,3,6
deeplearning4j-_old-0.4-rc3.4,org.deeplearning4j.spark.text.functions,TokenizerFunction,4,0,3,2,36,6,0,0,0.0,1,2
deeplearning4j-_old-0.4-rc3.4,org.deeplearning4j.spark.text.functions,UpdateWordFreqAccumulatorFunction,2,0,2,2,32,6,0,0,0.0,1,1
deeplearning4j-_old-0.4-rc3.4,org.deeplearning4j.spark.text.functions,WordsListToVocabWordsFunction,1,0,2,2,15,3,0,0,0.0,0,1
deeplearning4j-_old-0.4-rc3.4,org.deeplearning4j.spark.text,BaseSparkTest,1,0,3,3,22,4,0,0,0.0,0,1
deeplearning4j-_old-0.4-rc3.4,org.deeplearning4j.spark.text,TestFunction,2,0,4,4,21,4,0,0,0.0,0,0
deeplearning4j-_old-0.4-rc3.4,org.deeplearning4j.spark.text,TextPipelineTest,3,0,14,14,273,19,0,0,0.0,0,9
deeplearning4j-_old-0.4-rc3.4,org.deeplearning4j.spark.canova,RDDMiniBatches,3,0,4,4,34,7,0,0,0.5,0,0
deeplearning4j-_old-0.4-rc3.4,org.deeplearning4j.spark.canova,MiniBatchFunction,1,0,2,2,19,5,0,0,0.0,0,0
deeplearning4j-_old-0.4-rc3.4,org.deeplearning4j.spark.canova,RecordReaderFunction,4,0,3,3,51,9,0,0,0.0,0,0
deeplearning4j-_old-0.4-rc3.4,org.deeplearning4j.spark.canova,MiniBatchTests,1,0,2,2,26,2,0,0,1.0,0,0
deeplearning4j-_old-0.4-rc3.4,org.deeplearning4j.spark.canova,DataSetAssertionFunction,0,0,1,1,7,1,0,0,-1.0,0,0
deeplearning4j-_old-0.4-rc3.4,org.deeplearning4j.spark.impl.common,Add,0,0,1,1,9,1,0,0,-1.0,0,0
deeplearning4j-_old-0.4-rc3.4,org.deeplearning4j.spark.impl.common,Adder,2,0,4,4,21,4,0,0,0.0,1,1
deeplearning4j-_old-0.4-rc3.4,org.deeplearning4j.spark.impl.common,ParamAccumulator,0,0,3,3,15,3,0,0,-1.0,0,0
deeplearning4j-_old-0.4-rc3.4,org.deeplearning4j.spark.impl.common,SumAccum,0,0,2,2,11,2,0,0,-1.0,1,0
deeplearning4j-_old-0.4-rc3.4,org.deeplearning4j.spark.impl.layer,DL4jWorker,1,0,2,2,33,5,0,0,0.0,0,6
deeplearning4j-_old-0.4-rc3.4,org.deeplearning4j.spark.impl.layer,IterativeReduceFlatMap,3,0,2,2,41,6,0,0,0.0,0,5
deeplearning4j-_old-0.4-rc3.4,org.deeplearning4j.spark.impl.layer,SparkDl4jLayer,7,0,8,8,113,13,0,0,0.0,2,6
deeplearning4j-_old-0.4-rc3.4,org.deeplearning4j.spark.impl.layer,TestSparkLayer,1,0,1,1,26,1,0,0,0.0,0,4
deeplearning4j-_old-0.4-rc3.4,org.deeplearning4j.spark.impl.multilayer,IterativeReduce,3,0,2,2,27,2,0,0,0.0,0,2
deeplearning4j-_old-0.4-rc3.4,org.deeplearning4j.spark.impl.multilayer,IterativeReduceFlatMap,3,0,2,2,36,5,0,0,0.0,0,2
deeplearning4j-_old-0.4-rc3.4,org.deeplearning4j.spark.impl.multilayer,SparkDl4jMultiLayer,8,1,13,12,149,17,0,0,0.0,3,6
deeplearning4j-_old-0.4-rc3.4,org.deeplearning4j.spark.impl.multilayer,TestSparkMultiLayer,1,0,4,4,69,4,0,0,1.0,0,6
deeplearning4j-_old-0.4-rc3.4,org.deeplearning4j.spark.ordering,DataSetOrdering,0,0,12,12,41,12,0,0,-1.0,0,0
deeplearning4j-_old-0.4-rc3.4,org.deeplearning4j.spark.util,MLLibUtil,0,0,20,16,205,31,0,0,-1.0,5,1
deeplearning4j-_old-0.4-rc3.4,org.deeplearning4j.spark.util,SerializationTester,0,0,2,2,33,2,0,0,-1.0,1,1
deeplearning4j-_old-0.4-rc3.4,org.deeplearning4j.spark.util,MLLIbUtilTest,1,0,3,3,21,3,0,0,1.0,0,1
deeplearning4j-_old-0.4-rc3.4,org.deeplearning4j.spark,BaseSparkTest,1,0,3,3,22,4,0,0,0.0,0,1
deeplearning4j-_old-0.4-rc3.4,org.deeplearning4j.spark.common,AddTest,0,0,1,1,12,2,0,0,-1.0,0,0
deeplearning4j-_old-0.4-rc3.4,org.deeplearning4j.ui,UIConfiguration,1,0,2,2,13,3,0,0,0.0,1,0
deeplearning4j-_old-0.4-rc3.4,org.deeplearning4j.ui,UiServer,4,0,13,10,136,27,0,0,0.23076923076923078,5,2
deeplearning4j-_old-0.4-rc3.4,org.deeplearning4j.ui,UiUtils,0,0,2,2,19,3,0,0,-1.0,4,1
deeplearning4j-_old-0.4-rc3.4,org.deeplearning4j.ui,ApiTest,0,0,1,1,22,1,0,1,-1.0,0,1
deeplearning4j-_old-0.4-rc3.4,org.deeplearning4j.ui,BaseUiServerTest,2,0,2,2,27,2,2,0,1.0,0,1
deeplearning4j-_old-0.4-rc3.4,org.deeplearning4j.ui,TestRenders,0,0,5,5,48,5,0,1,-1.0,0,8
deeplearning4j-_old-0.4-rc3.4,org.deeplearning4j.ui,TestSerialization,0,0,2,2,25,2,0,0,-1.0,0,4
deeplearning4j-_old-0.4-rc3.4,org.deeplearning4j.ui.activation,ActivationsResource,1,0,4,4,33,6,0,0,0.75,0,1
deeplearning4j-_old-0.4-rc3.4,org.deeplearning4j.ui.activation,PathUpdate,1,0,0,0,6,0,0,0,-1.0,2,0
deeplearning4j-_old-0.4-rc3.4,org.deeplearning4j.ui.activation,RenderView,0,0,1,1,9,1,0,0,-1.0,0,0
deeplearning4j-_old-0.4-rc3.4,org.deeplearning4j.ui.activation,UpdateActivationIterationListener,8,0,5,5,59,7,0,0,0.6,0,5
deeplearning4j-_old-0.4-rc3.4,org.deeplearning4j.ui.api,ApiResource,2,0,6,6,43,7,0,0,0.5,0,1
deeplearning4j-_old-0.4-rc3.4,org.deeplearning4j.ui.api,UrlResource,1,0,0,0,6,0,0,0,-1.0,2,0
deeplearning4j-_old-0.4-rc3.4,org.deeplearning4j.ui.exception,GenericExceptionMapper,0,0,1,1,5,1,0,0,-1.0,0,0
deeplearning4j-_old-0.4-rc3.4,org.deeplearning4j.ui.exception,JsonExceptionMapper,0,0,1,1,8,1,0,0,-1.0,0,0
deeplearning4j-_old-0.4-rc3.4,org.deeplearning4j.ui.nearestneighbors,NearestNeighborsQuery,2,0,8,8,36,10,0,0,0.25,2,1
deeplearning4j-_old-0.4-rc3.4,org.deeplearning4j.ui.nearestneighbors,NearestNeighborsResource,6,0,6,6,95,15,0,0,0.5,0,9
deeplearning4j-_old-0.4-rc3.4,org.deeplearning4j.ui.nearestneighbors,NearestNeighborsView,0,0,1,1,8,1,0,0,-1.0,0,0
deeplearning4j-_old-0.4-rc3.4,org.deeplearning4j.ui.nearestneighbors.word2vec,NearestNeighborsQuery,2,0,8,8,37,11,0,0,0.25,2,1
deeplearning4j-_old-0.4-rc3.4,org.deeplearning4j.ui.nearestneighbors.word2vec,NearestNeighborsResource,1,0,5,5,39,8,0,0,0.6,0,4
deeplearning4j-_old-0.4-rc3.4,org.deeplearning4j.ui.nearestneighbors.word2vec,NearestNeighborsView,0,0,1,1,8,1,0,0,-1.0,0,0
deeplearning4j-_old-0.4-rc3.4,org.deeplearning4j.ui.providers,ObjectMapperProvider,0,0,2,2,16,2,0,0,-1.0,1,1
deeplearning4j-_old-0.4-rc3.4,org.deeplearning4j.ui.renders,PathUpdate,1,0,0,0,6,0,0,0,-1.0,2,0
deeplearning4j-_old-0.4-rc3.4,org.deeplearning4j.ui.renders,RenderView,0,0,1,1,9,1,0,0,-1.0,0,0
deeplearning4j-_old-0.4-rc3.4,org.deeplearning4j.ui.renders,RendersResource,1,0,4,4,33,6,0,0,0.75,0,1
deeplearning4j-_old-0.4-rc3.4,org.deeplearning4j.ui.renders,UpdateFilterIterationListener,8,0,5,5,54,7,0,0,0.6,0,6
deeplearning4j-_old-0.4-rc3.4,org.deeplearning4j.ui.tsne,TsneResource,1,0,4,4,24,5,0,0,1.0,0,0
deeplearning4j-_old-0.4-rc3.4,org.deeplearning4j.ui.tsne,TsneView,0,0,1,1,8,1,0,0,-1.0,0,0
deeplearning4j-_old-0.4-rc3.4,org.deeplearning4j.ui.uploads,FileResource,2,0,5,4,47,8,0,0,0.0,0,0
deeplearning4j-_old-0.4-rc3.4,org.deeplearning4j.ui.weights,HistogramIterationListener,9,0,5,5,68,9,0,0,0.6,0,4
deeplearning4j-_old-0.4-rc3.4,org.deeplearning4j.ui.weights,ModelAndGradient,5,0,14,14,66,18,0,0,0.21428571428571427,4,2
deeplearning4j-_old-0.4-rc3.4,org.deeplearning4j.ui.weights,WeightResource,3,0,4,4,29,5,0,0,0.0,0,1
deeplearning4j-_old-0.4-rc3.4,org.deeplearning4j.ui.weights,WeightView,1,0,2,1,13,2,0,0,0.0,0,0
