Project Name,Package Name,Type Name,Code Smell
ant-ANT_13_MAIN_MERGE4,org.apache.tools.ant.gui,ActionHandler,Unutilized Abstraction
ant-ANT_13_MAIN_MERGE4,org.apache.tools.ant.gui,Main,Unutilized Abstraction
ant-ANT_13_MAIN_MERGE4,org.apache.tools.ant.gui.acs,ACSBeanDescriptor,Unutilized Abstraction
ant-ANT_13_MAIN_MERGE4,org.apache.tools.ant.gui.acs,ACSDefaultElement,Unutilized Abstraction
ant-ANT_13_MAIN_MERGE4,org.apache.tools.ant.gui.acs,ACSDefaultElement,Broken Hierarchy
ant-ANT_13_MAIN_MERGE4,org.apache.tools.ant.gui.acs,ACSElement,Deficient Encapsulation
ant-ANT_13_MAIN_MERGE4,org.apache.tools.ant.gui.acs,ACSNamedElement,Unutilized Abstraction
ant-ANT_13_MAIN_MERGE4,org.apache.tools.ant.gui.acs,ACSNamedElement,Deficient Encapsulation
ant-ANT_13_MAIN_MERGE4,org.apache.tools.ant.gui.acs,ACSNamedElement,Broken Hierarchy
ant-ANT_13_MAIN_MERGE4,org.apache.tools.ant.gui.acs,ACSProjectElement,Unutilized Abstraction
ant-ANT_13_MAIN_MERGE4,org.apache.tools.ant.gui.acs,ACSProjectElement,Deficient Encapsulation
ant-ANT_13_MAIN_MERGE4,org.apache.tools.ant.gui.acs,ACSProjectElement,Broken Hierarchy
ant-ANT_13_MAIN_MERGE4,org.apache.tools.ant.gui.acs,ACSProjectElementBeanInfo,Unutilized Abstraction
ant-ANT_13_MAIN_MERGE4,org.apache.tools.ant.gui.acs,Customizer,Unutilized Abstraction
ant-ANT_13_MAIN_MERGE4,org.apache.tools.ant.gui.acs,ACSPropertyElement,Unutilized Abstraction
ant-ANT_13_MAIN_MERGE4,org.apache.tools.ant.gui.acs,ACSPropertyElement,Deficient Encapsulation
ant-ANT_13_MAIN_MERGE4,org.apache.tools.ant.gui.acs,ACSPropertyElement,Broken Hierarchy
ant-ANT_13_MAIN_MERGE4,org.apache.tools.ant.gui.acs,ACSPropertyElementBeanInfo,Unutilized Abstraction
ant-ANT_13_MAIN_MERGE4,org.apache.tools.ant.gui.acs,Customizer,Unutilized Abstraction
ant-ANT_13_MAIN_MERGE4,org.apache.tools.ant.gui.acs,ACSTargetElement,Unutilized Abstraction
ant-ANT_13_MAIN_MERGE4,org.apache.tools.ant.gui.acs,ACSTargetElement,Deficient Encapsulation
ant-ANT_13_MAIN_MERGE4,org.apache.tools.ant.gui.acs,ACSTargetElement,Broken Hierarchy
ant-ANT_13_MAIN_MERGE4,org.apache.tools.ant.gui.acs,ACSTargetElementBeanInfo,Unutilized Abstraction
ant-ANT_13_MAIN_MERGE4,org.apache.tools.ant.gui.acs,Customizer,Unutilized Abstraction
ant-ANT_13_MAIN_MERGE4,org.apache.tools.ant.gui.acs,ACSTaskElement,Unutilized Abstraction
ant-ANT_13_MAIN_MERGE4,org.apache.tools.ant.gui.acs,ACSTaskElement,Deficient Encapsulation
ant-ANT_13_MAIN_MERGE4,org.apache.tools.ant.gui.acs,ACSTaskElement,Broken Hierarchy
ant-ANT_13_MAIN_MERGE4,org.apache.tools.ant.gui.acs,ACSTaskElementBeanInfo,Unutilized Abstraction
ant-ANT_13_MAIN_MERGE4,org.apache.tools.ant.gui.acs,Customizer,Unutilized Abstraction
ant-ANT_13_MAIN_MERGE4,org.apache.tools.ant.gui.acs,ACSTreeNodeElement,Unnecessary Abstraction
ant-ANT_13_MAIN_MERGE4,org.apache.tools.ant.gui.acs,ACSTreeNodeElement,Unutilized Abstraction
ant-ANT_13_MAIN_MERGE4,org.apache.tools.ant.gui.acs,BaseBeanInfo,Deficient Encapsulation
ant-ANT_13_MAIN_MERGE4,org.apache.tools.ant.gui.acs,ElementTreeModel,Unutilized Abstraction
ant-ANT_13_MAIN_MERGE4,org.apache.tools.ant.gui.acs,ElementTreeSelectionModel,Unutilized Abstraction
ant-ANT_13_MAIN_MERGE4,org.apache.tools.ant.gui.command,AboutCmd,Unutilized Abstraction
ant-ANT_13_MAIN_MERGE4,org.apache.tools.ant.gui.command,AbstractCommand,Unutilized Abstraction
ant-ANT_13_MAIN_MERGE4,org.apache.tools.ant.gui.command,AbstractCommand,Rebellious Hierarchy
ant-ANT_13_MAIN_MERGE4,org.apache.tools.ant.gui.command,AbstractCommand,Wide Hierarchy
ant-ANT_13_MAIN_MERGE4,org.apache.tools.ant.gui.command,BuildCmd,Unutilized Abstraction
ant-ANT_13_MAIN_MERGE4,org.apache.tools.ant.gui.command,ChangeLookAndFeelCmd,Unutilized Abstraction
ant-ANT_13_MAIN_MERGE4,org.apache.tools.ant.gui.command,CloseCmd,Unutilized Abstraction
ant-ANT_13_MAIN_MERGE4,org.apache.tools.ant.gui.command,DisplayErrorCmd,Unutilized Abstraction
ant-ANT_13_MAIN_MERGE4,org.apache.tools.ant.gui.command,MsgPanel,Unutilized Abstraction
ant-ANT_13_MAIN_MERGE4,org.apache.tools.ant.gui.command,EmacsNotifyCmd,Unutilized Abstraction
ant-ANT_13_MAIN_MERGE4,org.apache.tools.ant.gui.command,ExitCmd,Unutilized Abstraction
ant-ANT_13_MAIN_MERGE4,org.apache.tools.ant.gui.command,LoadFileCmd,Unutilized Abstraction
ant-ANT_13_MAIN_MERGE4,org.apache.tools.ant.gui.command,NewProjectCmd,Unutilized Abstraction
ant-ANT_13_MAIN_MERGE4,org.apache.tools.ant.gui.command,NewPropertyCmd,Unutilized Abstraction
ant-ANT_13_MAIN_MERGE4,org.apache.tools.ant.gui.command,NewTargetCmd,Unutilized Abstraction
ant-ANT_13_MAIN_MERGE4,org.apache.tools.ant.gui.command,NewTaskCmd,Unutilized Abstraction
ant-ANT_13_MAIN_MERGE4,org.apache.tools.ant.gui.command,NoOpCmd,Unutilized Abstraction
ant-ANT_13_MAIN_MERGE4,org.apache.tools.ant.gui.command,OpenCmd,Unutilized Abstraction
ant-ANT_13_MAIN_MERGE4,org.apache.tools.ant.gui.command,SaveAsCmd,Unutilized Abstraction
ant-ANT_13_MAIN_MERGE4,org.apache.tools.ant.gui.command,SaveCmd,Unutilized Abstraction
ant-ANT_13_MAIN_MERGE4,org.apache.tools.ant.gui.command,SaveCmd,Broken Hierarchy
ant-ANT_13_MAIN_MERGE4,org.apache.tools.ant.gui.core,ActionManager,Cyclic-Dependent Modularization
ant-ANT_13_MAIN_MERGE4,org.apache.tools.ant.gui.core,Enabler,Unutilized Abstraction
ant-ANT_13_MAIN_MERGE4,org.apache.tools.ant.gui.core,AntAction,Deficient Encapsulation
ant-ANT_13_MAIN_MERGE4,org.apache.tools.ant.gui.core,AntModule,Unutilized Abstraction
ant-ANT_13_MAIN_MERGE4,org.apache.tools.ant.gui.core,AppContext,Cyclic-Dependent Modularization
ant-ANT_13_MAIN_MERGE4,org.apache.tools.ant.gui.core,BuildEventForwarder,Cyclic-Dependent Modularization
ant-ANT_13_MAIN_MERGE4,org.apache.tools.ant.gui.core,EventDebugMonitor,Unutilized Abstraction
ant-ANT_13_MAIN_MERGE4,org.apache.tools.ant.gui.core,Filter,Unutilized Abstraction
ant-ANT_13_MAIN_MERGE4,org.apache.tools.ant.gui.core,EventResponder,Unutilized Abstraction
ant-ANT_13_MAIN_MERGE4,org.apache.tools.ant.gui.core,ActionResponder,Unutilized Abstraction
ant-ANT_13_MAIN_MERGE4,org.apache.tools.ant.gui.core,AntResponder,Unutilized Abstraction
ant-ANT_13_MAIN_MERGE4,org.apache.tools.ant.gui.core,BuildRunner,Unutilized Abstraction
ant-ANT_13_MAIN_MERGE4,org.apache.tools.ant.gui.core,ProjectListener,Unutilized Abstraction
ant-ANT_13_MAIN_MERGE4,org.apache.tools.ant.gui.core,Filter,Unutilized Abstraction
ant-ANT_13_MAIN_MERGE4,org.apache.tools.ant.gui.core,Filter,Unutilized Abstraction
ant-ANT_13_MAIN_MERGE4,org.apache.tools.ant.gui.core,XMLFileFilter,Unutilized Abstraction
ant-ANT_13_MAIN_MERGE4,org.apache.tools.ant.gui.customizer,AbstractPropertyEditor,Deficient Encapsulation
ant-ANT_13_MAIN_MERGE4,org.apache.tools.ant.gui.customizer,FocusHandler,Unutilized Abstraction
ant-ANT_13_MAIN_MERGE4,org.apache.tools.ant.gui.customizer,DoublePropertyEditor,Unutilized Abstraction
ant-ANT_13_MAIN_MERGE4,org.apache.tools.ant.gui.customizer,DynamicCustomizer,Deficient Encapsulation
ant-ANT_13_MAIN_MERGE4,org.apache.tools.ant.gui.customizer,DynamicCustomizer,Insufficient Modularization
ant-ANT_13_MAIN_MERGE4,org.apache.tools.ant.gui.customizer,PropertyComparator,Unutilized Abstraction
ant-ANT_13_MAIN_MERGE4,org.apache.tools.ant.gui.customizer,TestClass,Unutilized Abstraction
ant-ANT_13_MAIN_MERGE4,org.apache.tools.ant.gui.customizer,TestClass,Insufficient Modularization
ant-ANT_13_MAIN_MERGE4,org.apache.tools.ant.gui.customizer,ActionHandler,Unutilized Abstraction
ant-ANT_13_MAIN_MERGE4,org.apache.tools.ant.gui.customizer,IntegerPropertyEditor,Unutilized Abstraction
ant-ANT_13_MAIN_MERGE4,org.apache.tools.ant.gui.customizer,ObjectPropertyEditor,Unutilized Abstraction
ant-ANT_13_MAIN_MERGE4,org.apache.tools.ant.gui.customizer,ActionHandler,Unutilized Abstraction
ant-ANT_13_MAIN_MERGE4,org.apache.tools.ant.gui.customizer,PropertiesPropertyEditor,Unutilized Abstraction
ant-ANT_13_MAIN_MERGE4,org.apache.tools.ant.gui.customizer,StringArrayPropertyEditor,Unutilized Abstraction
ant-ANT_13_MAIN_MERGE4,org.apache.tools.ant.gui.customizer,StringPropertyEditor,Unutilized Abstraction
ant-ANT_13_MAIN_MERGE4,org.apache.tools.ant.gui.event,AntBuildEvent,Unutilized Abstraction
ant-ANT_13_MAIN_MERGE4,org.apache.tools.ant.gui.event,AntBuildEvent,Broken Hierarchy
ant-ANT_13_MAIN_MERGE4,org.apache.tools.ant.gui.event,AntEvent,Unutilized Abstraction
ant-ANT_13_MAIN_MERGE4,org.apache.tools.ant.gui.event,BuildEventType,Deficient Encapsulation
ant-ANT_13_MAIN_MERGE4,org.apache.tools.ant.gui.event,BuildFinishedEvent,Unutilized Abstraction
ant-ANT_13_MAIN_MERGE4,org.apache.tools.ant.gui.event,BuildFinishedEvent,Broken Hierarchy
ant-ANT_13_MAIN_MERGE4,org.apache.tools.ant.gui.event,BuildStartedEvent,Unutilized Abstraction
ant-ANT_13_MAIN_MERGE4,org.apache.tools.ant.gui.event,BuildStartedEvent,Broken Hierarchy
ant-ANT_13_MAIN_MERGE4,org.apache.tools.ant.gui.event,ElementSelectionEvent,Unutilized Abstraction
ant-ANT_13_MAIN_MERGE4,org.apache.tools.ant.gui.event,ElementSelectionEvent,Broken Hierarchy
ant-ANT_13_MAIN_MERGE4,org.apache.tools.ant.gui.event,ErrorEvent,Unutilized Abstraction
ant-ANT_13_MAIN_MERGE4,org.apache.tools.ant.gui.event,EventBus,Deficient Encapsulation
ant-ANT_13_MAIN_MERGE4,org.apache.tools.ant.gui.event,NewElementEvent,Unutilized Abstraction
ant-ANT_13_MAIN_MERGE4,org.apache.tools.ant.gui.event,NewProjectEvent,Unutilized Abstraction
ant-ANT_13_MAIN_MERGE4,org.apache.tools.ant.gui.event,NewProjectEvent,Broken Hierarchy
ant-ANT_13_MAIN_MERGE4,org.apache.tools.ant.gui.event,NewPropertyEvent,Unutilized Abstraction
ant-ANT_13_MAIN_MERGE4,org.apache.tools.ant.gui.event,NewPropertyEvent,Broken Hierarchy
ant-ANT_13_MAIN_MERGE4,org.apache.tools.ant.gui.event,NewTargetEvent,Unutilized Abstraction
ant-ANT_13_MAIN_MERGE4,org.apache.tools.ant.gui.event,NewTargetEvent,Broken Hierarchy
ant-ANT_13_MAIN_MERGE4,org.apache.tools.ant.gui.event,NewTaskEvent,Unutilized Abstraction
ant-ANT_13_MAIN_MERGE4,org.apache.tools.ant.gui.event,NewTaskEvent,Broken Hierarchy
ant-ANT_13_MAIN_MERGE4,org.apache.tools.ant.gui.event,NullSelectionEvent,Unutilized Abstraction
ant-ANT_13_MAIN_MERGE4,org.apache.tools.ant.gui.event,NullSelectionEvent,Broken Hierarchy
ant-ANT_13_MAIN_MERGE4,org.apache.tools.ant.gui.event,OpenRequestEvent,Unutilized Abstraction
ant-ANT_13_MAIN_MERGE4,org.apache.tools.ant.gui.event,ProjectClosedEvent,Unutilized Abstraction
ant-ANT_13_MAIN_MERGE4,org.apache.tools.ant.gui.event,ProjectClosedEvent,Broken Hierarchy
ant-ANT_13_MAIN_MERGE4,org.apache.tools.ant.gui.event,ProjectSelectedEvent,Unutilized Abstraction
ant-ANT_13_MAIN_MERGE4,org.apache.tools.ant.gui.event,ProjectSelectedEvent,Broken Hierarchy
ant-ANT_13_MAIN_MERGE4,org.apache.tools.ant.gui.event,PropertySelectionEvent,Unutilized Abstraction
ant-ANT_13_MAIN_MERGE4,org.apache.tools.ant.gui.event,PropertySelectionEvent,Broken Hierarchy
ant-ANT_13_MAIN_MERGE4,org.apache.tools.ant.gui.event,TargetSelectionEvent,Unutilized Abstraction
ant-ANT_13_MAIN_MERGE4,org.apache.tools.ant.gui.event,TargetSelectionEvent,Broken Hierarchy
ant-ANT_13_MAIN_MERGE4,org.apache.tools.ant.gui.event,TaskSelectionEvent,Unutilized Abstraction
ant-ANT_13_MAIN_MERGE4,org.apache.tools.ant.gui.event,TaskSelectionEvent,Broken Hierarchy
ant-ANT_13_MAIN_MERGE4,org.apache.tools.ant.gui.ide,EmacsNotifier,Unutilized Abstraction
ant-ANT_13_MAIN_MERGE4,org.apache.tools.ant.gui.ide,FileErrorNotifier,Unutilized Abstraction
ant-ANT_13_MAIN_MERGE4,org.apache.tools.ant.gui.modules,TargetMonitor,Unutilized Abstraction
ant-ANT_13_MAIN_MERGE4,org.apache.tools.ant.gui.modules,Handler,Unutilized Abstraction
ant-ANT_13_MAIN_MERGE4,org.apache.tools.ant.gui.modules.console,BuildConsole,Unutilized Abstraction
ant-ANT_13_MAIN_MERGE4,org.apache.tools.ant.gui.modules.console,BuildConsole,Deficient Encapsulation
ant-ANT_13_MAIN_MERGE4,org.apache.tools.ant.gui.modules.console,Handler,Unutilized Abstraction
ant-ANT_13_MAIN_MERGE4,org.apache.tools.ant.gui.modules.console,ActionHandler,Unutilized Abstraction
ant-ANT_13_MAIN_MERGE4,org.apache.tools.ant.gui.modules.console,ConsoleStyleContext,Deficient Encapsulation
ant-ANT_13_MAIN_MERGE4,org.apache.tools.ant.gui.modules.console,LogLevelEnum,Deficient Encapsulation
ant-ANT_13_MAIN_MERGE4,org.apache.tools.ant.gui.modules.edit,Handler,Unutilized Abstraction
ant-ANT_13_MAIN_MERGE4,org.apache.tools.ant.gui.modules.edit,SelectionForwarder,Unutilized Abstraction
ant-ANT_13_MAIN_MERGE4,org.apache.tools.ant.gui.modules.edit,PopupHandler,Unutilized Abstraction
ant-ANT_13_MAIN_MERGE4,org.apache.tools.ant.gui.modules.edit,ElementTreeCellRenderer,Unutilized Abstraction
ant-ANT_13_MAIN_MERGE4,org.apache.tools.ant.gui.modules.edit,PropertyEditor,Unutilized Abstraction
ant-ANT_13_MAIN_MERGE4,org.apache.tools.ant.gui.modules.edit,Handler,Unutilized Abstraction
ant-ANT_13_MAIN_MERGE4,org.apache.tools.ant.gui.modules.edit,Filter,Unutilized Abstraction
ant-ANT_13_MAIN_MERGE4,org.apache.tools.ant.gui.util,ActionHandler,Unutilized Abstraction
ant-ANT_13_MAIN_MERGE4,org.apache.tools.ant.gui.wizard,AbstractWizardStep,Unutilized Abstraction
ant-ANT_13_MAIN_MERGE4,org.apache.tools.ant.gui.wizard,ButtonNavigator,Unutilized Abstraction
ant-ANT_13_MAIN_MERGE4,org.apache.tools.ant.gui.wizard,ButtonNavigator,Deficient Encapsulation
ant-ANT_13_MAIN_MERGE4,org.apache.tools.ant.gui.wizard,DefaultStateMachine,Unutilized Abstraction
ant-ANT_13_MAIN_MERGE4,org.apache.tools.ant.gui.wizard,InstructionStep,Unutilized Abstraction
ant-ANT_13_MAIN_MERGE4,org.apache.tools.ant.gui.wizard,InstructionStep,Broken Hierarchy
ant-ANT_13_MAIN_MERGE4,org.apache.tools.ant.gui.wizard,StateMachine,Unutilized Abstraction
ant-ANT_13_MAIN_MERGE4,org.apache.tools.ant.gui.wizard,NavHandler,Unutilized Abstraction
ant-ANT_13_MAIN_MERGE4,org.apache.tools.ant.gui.wizard.build,BuildData,Cyclic-Dependent Modularization
ant-ANT_13_MAIN_MERGE4,org.apache.tools.ant.gui.wizard.build,BuildStateMachine,Unutilized Abstraction
ant-ANT_13_MAIN_MERGE4,org.apache.tools.ant.gui.wizard.build,Builder,Cyclic-Dependent Modularization
ant-ANT_13_MAIN_MERGE4,org.apache.tools.ant.gui.wizard.build,CompileStep,Unutilized Abstraction
ant-ANT_13_MAIN_MERGE4,org.apache.tools.ant.gui.wizard.build,CompileStep,Broken Hierarchy
ant-ANT_13_MAIN_MERGE4,org.apache.tools.ant.gui.wizard.build,JARStep,Unutilized Abstraction
ant-ANT_13_MAIN_MERGE4,org.apache.tools.ant.gui.wizard.build,JARStep,Broken Hierarchy
ant-ANT_13_MAIN_MERGE4,org.apache.tools.ant.gui.wizard.build,JavaDocStep,Unutilized Abstraction
ant-ANT_13_MAIN_MERGE4,org.apache.tools.ant.gui.wizard.build,JavaDocStep,Broken Hierarchy
ant-ANT_13_MAIN_MERGE4,org.apache.tools.ant.gui.wizard.build,OptionalStep,Unnecessary Abstraction
ant-ANT_13_MAIN_MERGE4,org.apache.tools.ant.gui.wizard.build,ProjectSetupStep,Deficient Encapsulation
ant-ANT_13_MAIN_MERGE4,org.apache.tools.ant.gui.wizard.build,ProjectSetupStep,Cyclic-Dependent Modularization
ant-ANT_13_MAIN_MERGE4,org.apache.tools.ant.gui.wizard.build,ProjectTypeStep,Unutilized Abstraction
