Project Name,Package Name,Type Name,Method Name,Code Smell
ant-ANT_13_MAIN_MERGE4,org.apache.tools.ant.gui,About,About,Magic Number
ant-ANT_13_MAIN_MERGE4,org.apache.tools.ant.gui,Antidote,Antidote,Magic Number
ant-ANT_13_MAIN_MERGE4,org.apache.tools.ant.gui,Antidote,Antidote,Magic Number
ant-ANT_13_MAIN_MERGE4,org.apache.tools.ant.gui,Antidote,Antidote,Magic Number
ant-ANT_13_MAIN_MERGE4,org.apache.tools.ant.gui,Antidote,Antidote,Magic Number
ant-ANT_13_MAIN_MERGE4,org.apache.tools.ant.gui,Main,main,Magic Number
ant-ANT_13_MAIN_MERGE4,org.apache.tools.ant.gui.acs,ACSFactory,createTask,Magic Number
ant-ANT_13_MAIN_MERGE4,org.apache.tools.ant.gui.acs,ACSProjectElementBeanInfo,getPropertyDescriptors,Long Statement
ant-ANT_13_MAIN_MERGE4,org.apache.tools.ant.gui.acs,ACSProjectElementBeanInfo,getPropertyDescriptors,Magic Number
ant-ANT_13_MAIN_MERGE4,org.apache.tools.ant.gui.acs,ACSProjectElementBeanInfo,getPropertyDescriptors,Magic Number
ant-ANT_13_MAIN_MERGE4,org.apache.tools.ant.gui.acs,ACSPropertyElementBeanInfo,getPropertyDescriptors,Long Statement
ant-ANT_13_MAIN_MERGE4,org.apache.tools.ant.gui.acs,ACSPropertyElementBeanInfo,getPropertyDescriptors,Magic Number
ant-ANT_13_MAIN_MERGE4,org.apache.tools.ant.gui.acs,ACSTargetElementBeanInfo,getPropertyDescriptors,Long Statement
ant-ANT_13_MAIN_MERGE4,org.apache.tools.ant.gui.acs,ACSTargetElementBeanInfo,getPropertyDescriptors,Magic Number
ant-ANT_13_MAIN_MERGE4,org.apache.tools.ant.gui.acs,ACSTargetElementBeanInfo,getPropertyDescriptors,Magic Number
ant-ANT_13_MAIN_MERGE4,org.apache.tools.ant.gui.acs,ACSTargetElementBeanInfo,getPropertyDescriptors,Magic Number
ant-ANT_13_MAIN_MERGE4,org.apache.tools.ant.gui.acs,ACSTargetElementBeanInfo,getPropertyDescriptors,Magic Number
ant-ANT_13_MAIN_MERGE4,org.apache.tools.ant.gui.acs,ACSTaskElementBeanInfo,getPropertyDescriptors,Long Statement
ant-ANT_13_MAIN_MERGE4,org.apache.tools.ant.gui.acs,ACSTaskElementBeanInfo,getPropertyDescriptors,Magic Number
ant-ANT_13_MAIN_MERGE4,org.apache.tools.ant.gui.command,DisplayErrorCmd,MsgPanel,Magic Number
ant-ANT_13_MAIN_MERGE4,org.apache.tools.ant.gui.command,MsgPanel,MsgPanel,Magic Number
ant-ANT_13_MAIN_MERGE4,org.apache.tools.ant.gui.command,SaveAsCmd,run,Complex Method
ant-ANT_13_MAIN_MERGE4,org.apache.tools.ant.gui.core,ActionManager,createMenuBar,Complex Method
ant-ANT_13_MAIN_MERGE4,org.apache.tools.ant.gui.core,AntAction,getString,Empty catch clause
ant-ANT_13_MAIN_MERGE4,org.apache.tools.ant.gui.core,ProjectManager,saveAs,Empty catch clause
ant-ANT_13_MAIN_MERGE4,org.apache.tools.ant.gui.core,ProjectSelectionMenu,accept,Long Statement
ant-ANT_13_MAIN_MERGE4,org.apache.tools.ant.gui.core,Filter,accept,Long Statement
ant-ANT_13_MAIN_MERGE4,org.apache.tools.ant.gui.core,ResourceManager,getStringArray,Empty catch clause
ant-ANT_13_MAIN_MERGE4,org.apache.tools.ant.gui.customizer,AbstractPropertyEditor,focusLost,Complex Conditional
ant-ANT_13_MAIN_MERGE4,org.apache.tools.ant.gui.customizer,FocusHandler,focusLost,Complex Conditional
ant-ANT_13_MAIN_MERGE4,org.apache.tools.ant.gui.customizer,DynamicCustomizer,getPreferredScrollableViewportSize,Magic Number
ant-ANT_13_MAIN_MERGE4,org.apache.tools.ant.gui.customizer,DynamicCustomizer,getPreferredScrollableViewportSize,Magic Number
ant-ANT_13_MAIN_MERGE4,org.apache.tools.ant.gui.customizer,DynamicCustomizer,getPreferredScrollableViewportSize,Magic Number
ant-ANT_13_MAIN_MERGE4,org.apache.tools.ant.gui.customizer,DynamicCustomizer,getPreferredScrollableViewportSize,Magic Number
ant-ANT_13_MAIN_MERGE4,org.apache.tools.ant.gui.customizer,DynamicCustomizer,getScrollableBlockIncrement,Magic Number
ant-ANT_13_MAIN_MERGE4,org.apache.tools.ant.gui.customizer,DynamicCustomizer,getScrollableBlockIncrement,Magic Number
ant-ANT_13_MAIN_MERGE4,org.apache.tools.ant.gui.customizer,ObjectPropertyEditor,ObjectPropertyEditor,Magic Number
ant-ANT_13_MAIN_MERGE4,org.apache.tools.ant.gui.customizer,ObjectPropertyEditor,getAsString,Empty catch clause
ant-ANT_13_MAIN_MERGE4,org.apache.tools.ant.gui.customizer,ObjectPropertyEditor,getAsString,Empty catch clause
ant-ANT_13_MAIN_MERGE4,org.apache.tools.ant.gui.customizer,ObjectPropertyEditor,getAsString,Empty catch clause
ant-ANT_13_MAIN_MERGE4,org.apache.tools.ant.gui.customizer,ObjectPropertyEditor,getAsString,Magic Number
ant-ANT_13_MAIN_MERGE4,org.apache.tools.ant.gui.customizer,ObjectPropertyEditor,getAsString,Magic Number
ant-ANT_13_MAIN_MERGE4,org.apache.tools.ant.gui.customizer,ObjectPropertyEditor,makeClone,Long Statement
ant-ANT_13_MAIN_MERGE4,org.apache.tools.ant.gui.customizer,ObjectPropertyEditor,actionPerformed,Long Statement
ant-ANT_13_MAIN_MERGE4,org.apache.tools.ant.gui.customizer,ActionHandler,actionPerformed,Long Statement
ant-ANT_13_MAIN_MERGE4,org.apache.tools.ant.gui.customizer,PropertiesPropertyEditor,getColumnCount,Magic Number
ant-ANT_13_MAIN_MERGE4,org.apache.tools.ant.gui.customizer,PropertiesTableModel,getColumnCount,Magic Number
ant-ANT_13_MAIN_MERGE4,org.apache.tools.ant.gui.ide,FileErrorNotifier,messageLogged,Complex Conditional
ant-ANT_13_MAIN_MERGE4,org.apache.tools.ant.gui.ide,FileErrorNotifier,messageLogged,Empty catch clause
ant-ANT_13_MAIN_MERGE4,org.apache.tools.ant.gui.modules.console,BuildConsole,contextualize,Magic Number
ant-ANT_13_MAIN_MERGE4,org.apache.tools.ant.gui.modules.console,BuildConsole,clearDisplay,Empty catch clause
ant-ANT_13_MAIN_MERGE4,org.apache.tools.ant.gui.modules.console,BuildConsole,eventPosted,Complex Method
ant-ANT_13_MAIN_MERGE4,org.apache.tools.ant.gui.modules.console,BuildConsole,ConsoleStyleContext,Magic Number
ant-ANT_13_MAIN_MERGE4,org.apache.tools.ant.gui.modules.console,BuildConsole,ConsoleStyleContext,Magic Number
ant-ANT_13_MAIN_MERGE4,org.apache.tools.ant.gui.modules.console,BuildConsole,ConsoleStyleContext,Magic Number
ant-ANT_13_MAIN_MERGE4,org.apache.tools.ant.gui.modules.console,Handler,eventPosted,Complex Method
ant-ANT_13_MAIN_MERGE4,org.apache.tools.ant.gui.modules.console,ConsoleStyleContext,ConsoleStyleContext,Magic Number
ant-ANT_13_MAIN_MERGE4,org.apache.tools.ant.gui.modules.console,ConsoleStyleContext,ConsoleStyleContext,Magic Number
ant-ANT_13_MAIN_MERGE4,org.apache.tools.ant.gui.modules.console,ConsoleStyleContext,ConsoleStyleContext,Magic Number
ant-ANT_13_MAIN_MERGE4,org.apache.tools.ant.gui.modules.edit,ElementNavigator,contextualize,Magic Number
ant-ANT_13_MAIN_MERGE4,org.apache.tools.ant.gui.modules.edit,ElementNavigator,contextualize,Magic Number
ant-ANT_13_MAIN_MERGE4,org.apache.tools.ant.gui.modules.edit,ElementNavigator,contextualize,Magic Number
ant-ANT_13_MAIN_MERGE4,org.apache.tools.ant.gui.modules.edit,ElementNavigator,contextualize,Magic Number
ant-ANT_13_MAIN_MERGE4,org.apache.tools.ant.gui.modules.edit,ElementNavigator,accept,Long Statement
ant-ANT_13_MAIN_MERGE4,org.apache.tools.ant.gui.modules.edit,Filter,accept,Long Statement
ant-ANT_13_MAIN_MERGE4,org.apache.tools.ant.gui.modules.edit,ElementTreeCellRenderer,getTreeCellRendererComponent,Long Parameter List
ant-ANT_13_MAIN_MERGE4,org.apache.tools.ant.gui.util,ChangeLookAndFeel,ChangeLookAndFeel,Magic Number
ant-ANT_13_MAIN_MERGE4,org.apache.tools.ant.gui.util,ChangeLookAndFeel,actionPerformed,Long Statement
ant-ANT_13_MAIN_MERGE4,org.apache.tools.ant.gui.util,ActionHandler,actionPerformed,Long Statement
ant-ANT_13_MAIN_MERGE4,org.apache.tools.ant.gui.util,LabelFieldGBC,LabelFieldGBC,Magic Number
ant-ANT_13_MAIN_MERGE4,org.apache.tools.ant.gui.util,LabelFieldGBC,LabelFieldGBC,Magic Number
ant-ANT_13_MAIN_MERGE4,org.apache.tools.ant.gui.util,StackFrame,StackFrame,Empty catch clause
ant-ANT_13_MAIN_MERGE4,org.apache.tools.ant.gui.util,StackFrame,StackFrame,Magic Number
ant-ANT_13_MAIN_MERGE4,org.apache.tools.ant.gui.util,StackFrame,StackFrame,Magic Number
ant-ANT_13_MAIN_MERGE4,org.apache.tools.ant.gui.util,StackFrame,StackFrame,Magic Number
ant-ANT_13_MAIN_MERGE4,org.apache.tools.ant.gui.util,StackFrame,StackFrame,Magic Number
ant-ANT_13_MAIN_MERGE4,org.apache.tools.ant.gui.util,StackFrame,toString,Long Statement
ant-ANT_13_MAIN_MERGE4,org.apache.tools.ant.gui.util,WindowUtils,centerWindow,Magic Number
ant-ANT_13_MAIN_MERGE4,org.apache.tools.ant.gui.util,WindowUtils,centerWindow,Magic Number
ant-ANT_13_MAIN_MERGE4,org.apache.tools.ant.gui.util,WindowUtils,centerWindow,Magic Number
ant-ANT_13_MAIN_MERGE4,org.apache.tools.ant.gui.util,WindowUtils,centerWindow,Magic Number
ant-ANT_13_MAIN_MERGE4,org.apache.tools.ant.gui.util,XMLHelper,init,Long Statement
ant-ANT_13_MAIN_MERGE4,org.apache.tools.ant.gui.wizard,ButtonNavigator,actionPerformed,Complex Method
ant-ANT_13_MAIN_MERGE4,org.apache.tools.ant.gui.wizard,ButtonNavigator,actionPerformed,Magic Number
ant-ANT_13_MAIN_MERGE4,org.apache.tools.ant.gui.wizard,ButtonNavigator,actionPerformed,Magic Number
ant-ANT_13_MAIN_MERGE4,org.apache.tools.ant.gui.wizard,ButtonNavigator,actionPerformed,Magic Number
ant-ANT_13_MAIN_MERGE4,org.apache.tools.ant.gui.wizard,ButtonNavigator,actionPerformed,Magic Number
ant-ANT_13_MAIN_MERGE4,org.apache.tools.ant.gui.wizard,ActionHandler,actionPerformed,Complex Method
ant-ANT_13_MAIN_MERGE4,org.apache.tools.ant.gui.wizard,ActionHandler,actionPerformed,Magic Number
ant-ANT_13_MAIN_MERGE4,org.apache.tools.ant.gui.wizard,ActionHandler,actionPerformed,Magic Number
ant-ANT_13_MAIN_MERGE4,org.apache.tools.ant.gui.wizard,ActionHandler,actionPerformed,Magic Number
ant-ANT_13_MAIN_MERGE4,org.apache.tools.ant.gui.wizard,ActionHandler,actionPerformed,Magic Number
ant-ANT_13_MAIN_MERGE4,org.apache.tools.ant.gui.wizard,InstructionStep,init,Magic Number
ant-ANT_13_MAIN_MERGE4,org.apache.tools.ant.gui.wizard,InstructionStep,init,Magic Number
ant-ANT_13_MAIN_MERGE4,org.apache.tools.ant.gui.wizard,InstructionStep,init,Magic Number
ant-ANT_13_MAIN_MERGE4,org.apache.tools.ant.gui.wizard,InstructionStep,init,Magic Number
ant-ANT_13_MAIN_MERGE4,org.apache.tools.ant.gui.wizard,InstructionStep,init,Magic Number
ant-ANT_13_MAIN_MERGE4,org.apache.tools.ant.gui.wizard,Wizard,Wizard,Long Statement
ant-ANT_13_MAIN_MERGE4,org.apache.tools.ant.gui.wizard,Wizard,Wizard,Magic Number
ant-ANT_13_MAIN_MERGE4,org.apache.tools.ant.gui.wizard,Wizard,Wizard,Magic Number
ant-ANT_13_MAIN_MERGE4,org.apache.tools.ant.gui.wizard,Wizard,Wizard,Magic Number
ant-ANT_13_MAIN_MERGE4,org.apache.tools.ant.gui.wizard,Wizard,Wizard,Magic Number
ant-ANT_13_MAIN_MERGE4,org.apache.tools.ant.gui.wizard,Wizard,Wizard,Magic Number
ant-ANT_13_MAIN_MERGE4,org.apache.tools.ant.gui.wizard,Wizard,Wizard,Magic Number
ant-ANT_13_MAIN_MERGE4,org.apache.tools.ant.gui.wizard,Wizard,Wizard,Magic Number
ant-ANT_13_MAIN_MERGE4,org.apache.tools.ant.gui.wizard,Wizard,Wizard,Magic Number
ant-ANT_13_MAIN_MERGE4,org.apache.tools.ant.gui.wizard,Wizard,Wizard,Magic Number
ant-ANT_13_MAIN_MERGE4,org.apache.tools.ant.gui.wizard,Wizard,showStep,Long Statement
ant-ANT_13_MAIN_MERGE4,org.apache.tools.ant.gui.wizard,Wizard,showStep,Magic Number
ant-ANT_13_MAIN_MERGE4,org.apache.tools.ant.gui.wizard,Wizard,showStep,Magic Number
ant-ANT_13_MAIN_MERGE4,org.apache.tools.ant.gui.wizard,Wizard,showStep,Magic Number
ant-ANT_13_MAIN_MERGE4,org.apache.tools.ant.gui.wizard,Wizard,showStep,Magic Number
ant-ANT_13_MAIN_MERGE4,org.apache.tools.ant.gui.wizard.build,ProjectSetupStep,init,Long Statement
ant-ANT_13_MAIN_MERGE4,org.apache.tools.ant.gui.wizard.build,ProjectSetupStep,init,Magic Number
ant-ANT_13_MAIN_MERGE4,org.apache.tools.ant.gui.wizard.build,ProjectSetupStep,init,Magic Number
ant-ANT_13_MAIN_MERGE4,org.apache.tools.ant.gui.wizard.build,ProjectSetupStep,init,Magic Number
ant-ANT_13_MAIN_MERGE4,org.apache.tools.ant.gui.wizard.build,ProjectSetupStep,init,Magic Number
ant-ANT_13_MAIN_MERGE4,org.apache.tools.ant.gui.wizard.build,ProjectSetupStep,init,Magic Number
