Project Name,Package Name,Type Name,MethodName,LOC,CC,PC
ant-ANT_13_MAIN_MERGE4,org.apache.tools.ant.gui,About,About,34,1,1
ant-ANT_13_MAIN_MERGE4,org.apache.tools.ant.gui,About,actionPerformed,3,1,1
ant-ANT_13_MAIN_MERGE4,org.apache.tools.ant.gui,ActionHandler,actionPerformed,3,1,1
ant-ANT_13_MAIN_MERGE4,org.apache.tools.ant.gui,Antidote,Antidote,16,1,1
ant-ANT_13_MAIN_MERGE4,org.apache.tools.ant.gui,Antidote,populateModules,27,5,1
ant-ANT_13_MAIN_MERGE4,org.apache.tools.ant.gui,Args,Args,22,6,1
ant-ANT_13_MAIN_MERGE4,org.apache.tools.ant.gui,Args,getResources,6,2,0
ant-ANT_13_MAIN_MERGE4,org.apache.tools.ant.gui,Args,abort,5,1,1
ant-ANT_13_MAIN_MERGE4,org.apache.tools.ant.gui,Args,getUsage,3,1,0
ant-ANT_13_MAIN_MERGE4,org.apache.tools.ant.gui,Args,getBuildFile,3,1,0
ant-ANT_13_MAIN_MERGE4,org.apache.tools.ant.gui,Args,isWizardMode,3,1,0
ant-ANT_13_MAIN_MERGE4,org.apache.tools.ant.gui,Args,isDebugMode,3,1,0
ant-ANT_13_MAIN_MERGE4,org.apache.tools.ant.gui,Main,main,54,5,1
ant-ANT_13_MAIN_MERGE4,org.apache.tools.ant.gui,Main,finished,5,1,1
ant-ANT_13_MAIN_MERGE4,org.apache.tools.ant.gui,Main,canceled,3,1,0
ant-ANT_13_MAIN_MERGE4,org.apache.tools.ant.gui.acs,ACSBeanDescriptor,ACSBeanDescriptor,5,1,1
ant-ANT_13_MAIN_MERGE4,org.apache.tools.ant.gui.acs,ACSDefaultElement,ACSDefaultElement,2,1,0
ant-ANT_13_MAIN_MERGE4,org.apache.tools.ant.gui.acs,ACSElement,ACSElement,2,1,0
ant-ANT_13_MAIN_MERGE4,org.apache.tools.ant.gui.acs,ACSElement,getDisplayName,3,1,0
ant-ANT_13_MAIN_MERGE4,org.apache.tools.ant.gui.acs,ACSElement,getXMLString,3,1,0
ant-ANT_13_MAIN_MERGE4,org.apache.tools.ant.gui.acs,ACSElement,setAttribute,8,2,2
ant-ANT_13_MAIN_MERGE4,org.apache.tools.ant.gui.acs,ACSElement,addPropertyChangeListener,6,2,1
ant-ANT_13_MAIN_MERGE4,org.apache.tools.ant.gui.acs,ACSElement,removePropertyChangeListener,6,2,1
ant-ANT_13_MAIN_MERGE4,org.apache.tools.ant.gui.acs,ACSElement,firePropertyChange,5,2,3
ant-ANT_13_MAIN_MERGE4,org.apache.tools.ant.gui.acs,ACSFactory,ACSFactory,2,1,0
ant-ANT_13_MAIN_MERGE4,org.apache.tools.ant.gui.acs,ACSFactory,getInstance,6,2,0
ant-ANT_13_MAIN_MERGE4,org.apache.tools.ant.gui.acs,ACSFactory,load,3,1,1
ant-ANT_13_MAIN_MERGE4,org.apache.tools.ant.gui.acs,ACSFactory,load,25,1,1
ant-ANT_13_MAIN_MERGE4,org.apache.tools.ant.gui.acs,ACSFactory,createProject,7,1,0
ant-ANT_13_MAIN_MERGE4,org.apache.tools.ant.gui.acs,ACSFactory,createTarget,6,1,1
ant-ANT_13_MAIN_MERGE4,org.apache.tools.ant.gui.acs,ACSFactory,createTask,6,1,1
ant-ANT_13_MAIN_MERGE4,org.apache.tools.ant.gui.acs,ACSFactory,createProperty,6,1,1
ant-ANT_13_MAIN_MERGE4,org.apache.tools.ant.gui.acs,ACSFactory,indent,8,2,2
ant-ANT_13_MAIN_MERGE4,org.apache.tools.ant.gui.acs,ACSFactory,main,9,1,1
ant-ANT_13_MAIN_MERGE4,org.apache.tools.ant.gui.acs,ACSNamedElement,ACSNamedElement,2,1,0
ant-ANT_13_MAIN_MERGE4,org.apache.tools.ant.gui.acs,ACSNamedElement,getName,3,1,0
ant-ANT_13_MAIN_MERGE4,org.apache.tools.ant.gui.acs,ACSNamedElement,setName,5,1,1
ant-ANT_13_MAIN_MERGE4,org.apache.tools.ant.gui.acs,ACSNamedElement,getDescription,3,1,0
ant-ANT_13_MAIN_MERGE4,org.apache.tools.ant.gui.acs,ACSNamedElement,setDescription,5,1,1
ant-ANT_13_MAIN_MERGE4,org.apache.tools.ant.gui.acs,ACSNamedElement,getDisplayName,3,1,0
ant-ANT_13_MAIN_MERGE4,org.apache.tools.ant.gui.acs,ACSProjectElement,ACSProjectElement,2,1,0
ant-ANT_13_MAIN_MERGE4,org.apache.tools.ant.gui.acs,ACSProjectElement,getType,3,1,0
ant-ANT_13_MAIN_MERGE4,org.apache.tools.ant.gui.acs,ACSProjectElement,getDefault,3,1,0
ant-ANT_13_MAIN_MERGE4,org.apache.tools.ant.gui.acs,ACSProjectElement,setDefault,5,1,1
ant-ANT_13_MAIN_MERGE4,org.apache.tools.ant.gui.acs,ACSProjectElement,getBasedir,3,1,0
ant-ANT_13_MAIN_MERGE4,org.apache.tools.ant.gui.acs,ACSProjectElement,setBasedir,5,1,1
ant-ANT_13_MAIN_MERGE4,org.apache.tools.ant.gui.acs,ACSProjectElement,getLocation,3,1,0
ant-ANT_13_MAIN_MERGE4,org.apache.tools.ant.gui.acs,ACSProjectElement,setLocation,5,1,1
ant-ANT_13_MAIN_MERGE4,org.apache.tools.ant.gui.acs,ACSProjectElement,setLocation,8,1,1
ant-ANT_13_MAIN_MERGE4,org.apache.tools.ant.gui.acs,ACSProjectElementBeanInfo,ACSProjectElementBeanInfo,2,1,0
ant-ANT_13_MAIN_MERGE4,org.apache.tools.ant.gui.acs,ACSProjectElementBeanInfo,getType,3,1,0
ant-ANT_13_MAIN_MERGE4,org.apache.tools.ant.gui.acs,ACSProjectElementBeanInfo,getCustomizerType,3,1,0
ant-ANT_13_MAIN_MERGE4,org.apache.tools.ant.gui.acs,ACSProjectElementBeanInfo,getPropertyDescriptors,16,1,0
ant-ANT_13_MAIN_MERGE4,org.apache.tools.ant.gui.acs,ACSProjectElementBeanInfo,Customizer,3,1,0
ant-ANT_13_MAIN_MERGE4,org.apache.tools.ant.gui.acs,Customizer,Customizer,3,1,0
ant-ANT_13_MAIN_MERGE4,org.apache.tools.ant.gui.acs,ACSPropertyElement,ACSPropertyElement,2,1,0
ant-ANT_13_MAIN_MERGE4,org.apache.tools.ant.gui.acs,ACSPropertyElement,getDisplayName,9,2,0
ant-ANT_13_MAIN_MERGE4,org.apache.tools.ant.gui.acs,ACSPropertyElement,getName,3,1,0
ant-ANT_13_MAIN_MERGE4,org.apache.tools.ant.gui.acs,ACSPropertyElement,setName,5,1,1
ant-ANT_13_MAIN_MERGE4,org.apache.tools.ant.gui.acs,ACSPropertyElement,getValue,3,1,0
ant-ANT_13_MAIN_MERGE4,org.apache.tools.ant.gui.acs,ACSPropertyElement,setValue,5,1,1
ant-ANT_13_MAIN_MERGE4,org.apache.tools.ant.gui.acs,ACSPropertyElement,getFile,3,1,0
ant-ANT_13_MAIN_MERGE4,org.apache.tools.ant.gui.acs,ACSPropertyElement,setFile,5,1,1
ant-ANT_13_MAIN_MERGE4,org.apache.tools.ant.gui.acs,ACSPropertyElementBeanInfo,ACSPropertyElementBeanInfo,2,1,0
ant-ANT_13_MAIN_MERGE4,org.apache.tools.ant.gui.acs,ACSPropertyElementBeanInfo,getType,3,1,0
ant-ANT_13_MAIN_MERGE4,org.apache.tools.ant.gui.acs,ACSPropertyElementBeanInfo,getCustomizerType,3,1,0
ant-ANT_13_MAIN_MERGE4,org.apache.tools.ant.gui.acs,ACSPropertyElementBeanInfo,getPropertyDescriptors,15,1,0
ant-ANT_13_MAIN_MERGE4,org.apache.tools.ant.gui.acs,ACSPropertyElementBeanInfo,Customizer,3,1,0
ant-ANT_13_MAIN_MERGE4,org.apache.tools.ant.gui.acs,Customizer,Customizer,3,1,0
ant-ANT_13_MAIN_MERGE4,org.apache.tools.ant.gui.acs,ACSTargetElement,ACSTargetElement,2,1,0
ant-ANT_13_MAIN_MERGE4,org.apache.tools.ant.gui.acs,ACSTargetElement,getDepends,9,2,0
ant-ANT_13_MAIN_MERGE4,org.apache.tools.ant.gui.acs,ACSTargetElement,setDepends,12,3,1
ant-ANT_13_MAIN_MERGE4,org.apache.tools.ant.gui.acs,ACSTargetElement,getIf,3,1,0
ant-ANT_13_MAIN_MERGE4,org.apache.tools.ant.gui.acs,ACSTargetElement,setIf,5,1,1
ant-ANT_13_MAIN_MERGE4,org.apache.tools.ant.gui.acs,ACSTargetElement,getUnless,3,1,0
ant-ANT_13_MAIN_MERGE4,org.apache.tools.ant.gui.acs,ACSTargetElement,setUnless,5,1,1
ant-ANT_13_MAIN_MERGE4,org.apache.tools.ant.gui.acs,ACSTargetElementBeanInfo,ACSTargetElementBeanInfo,2,1,0
ant-ANT_13_MAIN_MERGE4,org.apache.tools.ant.gui.acs,ACSTargetElementBeanInfo,getType,3,1,0
ant-ANT_13_MAIN_MERGE4,org.apache.tools.ant.gui.acs,ACSTargetElementBeanInfo,getCustomizerType,3,1,0
ant-ANT_13_MAIN_MERGE4,org.apache.tools.ant.gui.acs,ACSTargetElementBeanInfo,getPropertyDescriptors,18,1,0
ant-ANT_13_MAIN_MERGE4,org.apache.tools.ant.gui.acs,ACSTargetElementBeanInfo,Customizer,3,1,0
ant-ANT_13_MAIN_MERGE4,org.apache.tools.ant.gui.acs,Customizer,Customizer,3,1,0
ant-ANT_13_MAIN_MERGE4,org.apache.tools.ant.gui.acs,ACSTaskElement,ACSTaskElement,2,1,0
ant-ANT_13_MAIN_MERGE4,org.apache.tools.ant.gui.acs,ACSTaskElement,getTaskType,3,1,0
ant-ANT_13_MAIN_MERGE4,org.apache.tools.ant.gui.acs,ACSTaskElement,setTaskType,3,1,1
ant-ANT_13_MAIN_MERGE4,org.apache.tools.ant.gui.acs,ACSTaskElement,getNamedValues,9,2,0
ant-ANT_13_MAIN_MERGE4,org.apache.tools.ant.gui.acs,ACSTaskElement,setNamedValues,4,1,1
ant-ANT_13_MAIN_MERGE4,org.apache.tools.ant.gui.acs,ACSTaskElementBeanInfo,ACSTaskElementBeanInfo,2,1,0
ant-ANT_13_MAIN_MERGE4,org.apache.tools.ant.gui.acs,ACSTaskElementBeanInfo,getType,3,1,0
ant-ANT_13_MAIN_MERGE4,org.apache.tools.ant.gui.acs,ACSTaskElementBeanInfo,getCustomizerType,3,1,0
ant-ANT_13_MAIN_MERGE4,org.apache.tools.ant.gui.acs,ACSTaskElementBeanInfo,getPropertyDescriptors,15,1,0
ant-ANT_13_MAIN_MERGE4,org.apache.tools.ant.gui.acs,ACSTaskElementBeanInfo,Customizer,3,1,0
ant-ANT_13_MAIN_MERGE4,org.apache.tools.ant.gui.acs,Customizer,Customizer,3,1,0
ant-ANT_13_MAIN_MERGE4,org.apache.tools.ant.gui.acs,BaseBeanInfo,BaseBeanInfo,6,2,0
ant-ANT_13_MAIN_MERGE4,org.apache.tools.ant.gui.acs,BaseBeanInfo,getResources,3,1,0
ant-ANT_13_MAIN_MERGE4,org.apache.tools.ant.gui.acs,BaseBeanInfo,getBeanDescriptor,3,1,0
ant-ANT_13_MAIN_MERGE4,org.apache.tools.ant.gui.acs,BaseBeanInfo,getIcon,3,1,1
ant-ANT_13_MAIN_MERGE4,org.apache.tools.ant.gui.acs,BaseBeanInfo,setSortingOrder,5,2,1
ant-ANT_13_MAIN_MERGE4,org.apache.tools.ant.gui.acs,BaseBeanInfo,getType,0,1,0
ant-ANT_13_MAIN_MERGE4,org.apache.tools.ant.gui.acs,BaseBeanInfo,getCustomizerType,0,1,0
ant-ANT_13_MAIN_MERGE4,org.apache.tools.ant.gui.acs,BaseBeanInfo,getPropertyDescriptors,0,1,0
ant-ANT_13_MAIN_MERGE4,org.apache.tools.ant.gui.acs,ElementTreeModel,ElementTreeModel,3,1,1
ant-ANT_13_MAIN_MERGE4,org.apache.tools.ant.gui.acs,ElementTreeModel,getRoot,3,1,0
ant-ANT_13_MAIN_MERGE4,org.apache.tools.ant.gui.acs,ElementTreeModel,getChildren,12,3,1
ant-ANT_13_MAIN_MERGE4,org.apache.tools.ant.gui.acs,ElementTreeModel,getChild,10,2,2
ant-ANT_13_MAIN_MERGE4,org.apache.tools.ant.gui.acs,ElementTreeModel,getChildCount,9,2,1
ant-ANT_13_MAIN_MERGE4,org.apache.tools.ant.gui.acs,ElementTreeModel,isLeaf,9,2,1
ant-ANT_13_MAIN_MERGE4,org.apache.tools.ant.gui.acs,ElementTreeModel,getIndexOfChild,11,4,2
ant-ANT_13_MAIN_MERGE4,org.apache.tools.ant.gui.acs,ElementTreeModel,valueForPathChanged,3,1,2
ant-ANT_13_MAIN_MERGE4,org.apache.tools.ant.gui.acs,ElementTreeModel,addTreeModelListener,3,1,1
ant-ANT_13_MAIN_MERGE4,org.apache.tools.ant.gui.acs,ElementTreeModel,removeTreeModelListener,3,1,1
ant-ANT_13_MAIN_MERGE4,org.apache.tools.ant.gui.acs,ElementTreeModel,getPathToRoot,3,1,1
ant-ANT_13_MAIN_MERGE4,org.apache.tools.ant.gui.acs,ElementTreeModel,getPathToRoot,12,2,2
ant-ANT_13_MAIN_MERGE4,org.apache.tools.ant.gui.acs,ElementTreeModel,fireNodeChanged,8,2,1
ant-ANT_13_MAIN_MERGE4,org.apache.tools.ant.gui.acs,ElementTreeModel,fireNodeAdded,25,4,1
ant-ANT_13_MAIN_MERGE4,org.apache.tools.ant.gui.acs,ElementTreeSelectionModel,ElementTreeSelectionModel,3,1,0
ant-ANT_13_MAIN_MERGE4,org.apache.tools.ant.gui.acs,ElementTreeSelectionModel,getSelectedElements,16,4,0
ant-ANT_13_MAIN_MERGE4,org.apache.tools.ant.gui.command,AboutCmd,AboutCmd,3,1,1
ant-ANT_13_MAIN_MERGE4,org.apache.tools.ant.gui.command,AboutCmd,run,3,1,0
ant-ANT_13_MAIN_MERGE4,org.apache.tools.ant.gui.command,AbstractCommand,AbstractCommand,3,1,1
ant-ANT_13_MAIN_MERGE4,org.apache.tools.ant.gui.command,AbstractCommand,getContext,3,1,0
ant-ANT_13_MAIN_MERGE4,org.apache.tools.ant.gui.command,AbstractCommand,run,0,1,0
ant-ANT_13_MAIN_MERGE4,org.apache.tools.ant.gui.command,BuildCmd,BuildCmd,3,1,1
ant-ANT_13_MAIN_MERGE4,org.apache.tools.ant.gui.command,BuildCmd,setProject,3,1,1
ant-ANT_13_MAIN_MERGE4,org.apache.tools.ant.gui.command,BuildCmd,setTargets,3,1,1
ant-ANT_13_MAIN_MERGE4,org.apache.tools.ant.gui.command,BuildCmd,run,16,4,0
ant-ANT_13_MAIN_MERGE4,org.apache.tools.ant.gui.command,ChangeLookAndFeelCmd,ChangeLookAndFeelCmd,3,1,1
ant-ANT_13_MAIN_MERGE4,org.apache.tools.ant.gui.command,ChangeLookAndFeelCmd,run,3,1,0
ant-ANT_13_MAIN_MERGE4,org.apache.tools.ant.gui.command,CloseCmd,CloseCmd,3,1,1
ant-ANT_13_MAIN_MERGE4,org.apache.tools.ant.gui.command,CloseCmd,setProject,3,1,1
ant-ANT_13_MAIN_MERGE4,org.apache.tools.ant.gui.command,CloseCmd,run,13,4,0
ant-ANT_13_MAIN_MERGE4,org.apache.tools.ant.gui.command,Command,run,0,1,0
ant-ANT_13_MAIN_MERGE4,org.apache.tools.ant.gui.command,DisplayErrorCmd,DisplayErrorCmd,3,1,1
ant-ANT_13_MAIN_MERGE4,org.apache.tools.ant.gui.command,DisplayErrorCmd,DisplayErrorCmd,3,1,2
ant-ANT_13_MAIN_MERGE4,org.apache.tools.ant.gui.command,DisplayErrorCmd,DisplayErrorCmd,5,1,3
ant-ANT_13_MAIN_MERGE4,org.apache.tools.ant.gui.command,DisplayErrorCmd,setMessage,3,1,1
ant-ANT_13_MAIN_MERGE4,org.apache.tools.ant.gui.command,DisplayErrorCmd,setThrowable,3,1,1
ant-ANT_13_MAIN_MERGE4,org.apache.tools.ant.gui.command,DisplayErrorCmd,run,4,1,0
ant-ANT_13_MAIN_MERGE4,org.apache.tools.ant.gui.command,DisplayErrorCmd,MsgPanel,11,2,0
ant-ANT_13_MAIN_MERGE4,org.apache.tools.ant.gui.command,DisplayErrorCmd,actionPerformed,10,1,1
ant-ANT_13_MAIN_MERGE4,org.apache.tools.ant.gui.command,MsgPanel,MsgPanel,11,2,0
ant-ANT_13_MAIN_MERGE4,org.apache.tools.ant.gui.command,MsgPanel,actionPerformed,10,1,1
ant-ANT_13_MAIN_MERGE4,org.apache.tools.ant.gui.command,EmacsNotifyCmd,EmacsNotifyCmd,3,1,1
ant-ANT_13_MAIN_MERGE4,org.apache.tools.ant.gui.command,EmacsNotifyCmd,run,8,2,0
ant-ANT_13_MAIN_MERGE4,org.apache.tools.ant.gui.command,ExitCmd,ExitCmd,3,1,1
ant-ANT_13_MAIN_MERGE4,org.apache.tools.ant.gui.command,ExitCmd,run,3,1,0
ant-ANT_13_MAIN_MERGE4,org.apache.tools.ant.gui.command,LoadFileCmd,LoadFileCmd,3,1,1
ant-ANT_13_MAIN_MERGE4,org.apache.tools.ant.gui.command,LoadFileCmd,setFile,3,1,1
ant-ANT_13_MAIN_MERGE4,org.apache.tools.ant.gui.command,LoadFileCmd,run,16,2,0
ant-ANT_13_MAIN_MERGE4,org.apache.tools.ant.gui.command,NewProjectCmd,NewProjectCmd,3,1,1
ant-ANT_13_MAIN_MERGE4,org.apache.tools.ant.gui.command,NewProjectCmd,run,5,1,0
ant-ANT_13_MAIN_MERGE4,org.apache.tools.ant.gui.command,NewPropertyCmd,NewPropertyCmd,3,1,1
ant-ANT_13_MAIN_MERGE4,org.apache.tools.ant.gui.command,NewPropertyCmd,run,7,2,0
ant-ANT_13_MAIN_MERGE4,org.apache.tools.ant.gui.command,NewTargetCmd,NewTargetCmd,3,1,1
ant-ANT_13_MAIN_MERGE4,org.apache.tools.ant.gui.command,NewTargetCmd,run,6,1,0
ant-ANT_13_MAIN_MERGE4,org.apache.tools.ant.gui.command,NewTaskCmd,NewTaskCmd,3,1,1
ant-ANT_13_MAIN_MERGE4,org.apache.tools.ant.gui.command,NewTaskCmd,run,8,2,0
ant-ANT_13_MAIN_MERGE4,org.apache.tools.ant.gui.command,NoOpCmd,NoOpCmd,3,1,1
ant-ANT_13_MAIN_MERGE4,org.apache.tools.ant.gui.command,NoOpCmd,run,2,1,0
ant-ANT_13_MAIN_MERGE4,org.apache.tools.ant.gui.command,OpenCmd,OpenCmd,3,1,1
ant-ANT_13_MAIN_MERGE4,org.apache.tools.ant.gui.command,OpenCmd,run,10,2,0
ant-ANT_13_MAIN_MERGE4,org.apache.tools.ant.gui.command,SaveAsCmd,SaveAsCmd,3,1,1
ant-ANT_13_MAIN_MERGE4,org.apache.tools.ant.gui.command,SaveAsCmd,setLocation,3,1,1
ant-ANT_13_MAIN_MERGE4,org.apache.tools.ant.gui.command,SaveAsCmd,setProject,3,1,1
ant-ANT_13_MAIN_MERGE4,org.apache.tools.ant.gui.command,SaveAsCmd,run,43,8,0
ant-ANT_13_MAIN_MERGE4,org.apache.tools.ant.gui.command,SaveCmd,SaveCmd,7,2,1
ant-ANT_13_MAIN_MERGE4,org.apache.tools.ant.gui.core,ActionManager,ActionManager,14,2,2
ant-ANT_13_MAIN_MERGE4,org.apache.tools.ant.gui.core,ActionManager,createMenuBar,51,8,0
ant-ANT_13_MAIN_MERGE4,org.apache.tools.ant.gui.core,ActionManager,createToolBar,15,4,0
ant-ANT_13_MAIN_MERGE4,org.apache.tools.ant.gui.core,ActionManager,createPopup,11,3,1
ant-ANT_13_MAIN_MERGE4,org.apache.tools.ant.gui.core,ActionManager,getActionCommand,17,3,2
ant-ANT_13_MAIN_MERGE4,org.apache.tools.ant.gui.core,ActionManager,addNiceStuff,11,3,2
ant-ANT_13_MAIN_MERGE4,org.apache.tools.ant.gui.core,ActionManager,getBusFilter,3,1,0
ant-ANT_13_MAIN_MERGE4,org.apache.tools.ant.gui.core,ActionManager,eventPosted,4,1,1
ant-ANT_13_MAIN_MERGE4,org.apache.tools.ant.gui.core,ActionManager,accept,3,1,1
ant-ANT_13_MAIN_MERGE4,org.apache.tools.ant.gui.core,Enabler,getBusFilter,3,1,0
ant-ANT_13_MAIN_MERGE4,org.apache.tools.ant.gui.core,Enabler,eventPosted,4,1,1
ant-ANT_13_MAIN_MERGE4,org.apache.tools.ant.gui.core,Filter,accept,3,1,1
ant-ANT_13_MAIN_MERGE4,org.apache.tools.ant.gui.core,AntAction,AntAction,37,6,3
ant-ANT_13_MAIN_MERGE4,org.apache.tools.ant.gui.core,AntAction,getString,9,1,1
ant-ANT_13_MAIN_MERGE4,org.apache.tools.ant.gui.core,AntAction,resolveClasses,17,3,1
ant-ANT_13_MAIN_MERGE4,org.apache.tools.ant.gui.core,AntAction,getID,3,1,0
ant-ANT_13_MAIN_MERGE4,org.apache.tools.ant.gui.core,AntAction,getParentMenuName,3,1,0
ant-ANT_13_MAIN_MERGE4,org.apache.tools.ant.gui.core,AntAction,getName,3,1,0
ant-ANT_13_MAIN_MERGE4,org.apache.tools.ant.gui.core,AntAction,getShortDescription,3,1,0
ant-ANT_13_MAIN_MERGE4,org.apache.tools.ant.gui.core,AntAction,isPreceededBySeparator,3,1,0
ant-ANT_13_MAIN_MERGE4,org.apache.tools.ant.gui.core,AntAction,getIcon,3,1,0
ant-ANT_13_MAIN_MERGE4,org.apache.tools.ant.gui.core,AntAction,getAccelerator,3,1,0
ant-ANT_13_MAIN_MERGE4,org.apache.tools.ant.gui.core,AntAction,getEnableOnEvents,3,1,0
ant-ANT_13_MAIN_MERGE4,org.apache.tools.ant.gui.core,AntAction,getDisableOnEvents,3,1,0
ant-ANT_13_MAIN_MERGE4,org.apache.tools.ant.gui.core,AntAction,isToggle,3,1,0
ant-ANT_13_MAIN_MERGE4,org.apache.tools.ant.gui.core,AntAction,getCommandClass,3,1,0
ant-ANT_13_MAIN_MERGE4,org.apache.tools.ant.gui.core,AntAction,actionPerformed,3,1,1
ant-ANT_13_MAIN_MERGE4,org.apache.tools.ant.gui.core,AntModule,AntModule,3,1,0
ant-ANT_13_MAIN_MERGE4,org.apache.tools.ant.gui.core,AntModule,contextualize,0,1,1
ant-ANT_13_MAIN_MERGE4,org.apache.tools.ant.gui.core,AntModule,setContext,4,1,1
ant-ANT_13_MAIN_MERGE4,org.apache.tools.ant.gui.core,AntModule,getContext,6,2,0
ant-ANT_13_MAIN_MERGE4,org.apache.tools.ant.gui.core,AntModule,getName,3,1,0
ant-ANT_13_MAIN_MERGE4,org.apache.tools.ant.gui.core,AppContext,AppContext,3,1,0
ant-ANT_13_MAIN_MERGE4,org.apache.tools.ant.gui.core,AppContext,AppContext,6,1,1
ant-ANT_13_MAIN_MERGE4,org.apache.tools.ant.gui.core,AppContext,getParentFrame,3,1,0
ant-ANT_13_MAIN_MERGE4,org.apache.tools.ant.gui.core,AppContext,getResources,3,1,0
ant-ANT_13_MAIN_MERGE4,org.apache.tools.ant.gui.core,AppContext,getActions,3,1,0
ant-ANT_13_MAIN_MERGE4,org.apache.tools.ant.gui.core,AppContext,getEventBus,3,1,0
ant-ANT_13_MAIN_MERGE4,org.apache.tools.ant.gui.core,AppContext,getProjectManager,3,1,0
ant-ANT_13_MAIN_MERGE4,org.apache.tools.ant.gui.core,AppContext,getSelectionManager,3,1,0
ant-ANT_13_MAIN_MERGE4,org.apache.tools.ant.gui.core,BuildEventForwarder,BuildEventForwarder,3,1,1
ant-ANT_13_MAIN_MERGE4,org.apache.tools.ant.gui.core,BuildEventForwarder,buildStarted,4,1,1
ant-ANT_13_MAIN_MERGE4,org.apache.tools.ant.gui.core,BuildEventForwarder,buildFinished,4,1,1
ant-ANT_13_MAIN_MERGE4,org.apache.tools.ant.gui.core,BuildEventForwarder,targetStarted,3,1,1
ant-ANT_13_MAIN_MERGE4,org.apache.tools.ant.gui.core,BuildEventForwarder,targetFinished,3,1,1
ant-ANT_13_MAIN_MERGE4,org.apache.tools.ant.gui.core,BuildEventForwarder,taskStarted,3,1,1
ant-ANT_13_MAIN_MERGE4,org.apache.tools.ant.gui.core,BuildEventForwarder,taskFinished,3,1,1
ant-ANT_13_MAIN_MERGE4,org.apache.tools.ant.gui.core,BuildEventForwarder,messageLogged,3,1,1
ant-ANT_13_MAIN_MERGE4,org.apache.tools.ant.gui.core,BuildEventForwarder,postEvent,3,1,2
ant-ANT_13_MAIN_MERGE4,org.apache.tools.ant.gui.core,EventDebugMonitor,EventDebugMonitor,2,1,0
ant-ANT_13_MAIN_MERGE4,org.apache.tools.ant.gui.core,EventDebugMonitor,getBusFilter,3,1,0
ant-ANT_13_MAIN_MERGE4,org.apache.tools.ant.gui.core,EventDebugMonitor,eventPosted,4,1,1
ant-ANT_13_MAIN_MERGE4,org.apache.tools.ant.gui.core,EventDebugMonitor,accept,3,1,1
ant-ANT_13_MAIN_MERGE4,org.apache.tools.ant.gui.core,Filter,accept,3,1,1
ant-ANT_13_MAIN_MERGE4,org.apache.tools.ant.gui.core,EventResponder,EventResponder,5,1,1
ant-ANT_13_MAIN_MERGE4,org.apache.tools.ant.gui.core,EventResponder,getBusFilter,3,1,0
ant-ANT_13_MAIN_MERGE4,org.apache.tools.ant.gui.core,EventResponder,eventPosted,13,2,1
ant-ANT_13_MAIN_MERGE4,org.apache.tools.ant.gui.core,EventResponder,accept,3,1,1
ant-ANT_13_MAIN_MERGE4,org.apache.tools.ant.gui.core,EventResponder,getBusFilter,3,1,0
ant-ANT_13_MAIN_MERGE4,org.apache.tools.ant.gui.core,EventResponder,eventPosted,6,1,1
ant-ANT_13_MAIN_MERGE4,org.apache.tools.ant.gui.core,EventResponder,accept,3,1,1
ant-ANT_13_MAIN_MERGE4,org.apache.tools.ant.gui.core,ActionResponder,getBusFilter,3,1,0
ant-ANT_13_MAIN_MERGE4,org.apache.tools.ant.gui.core,ActionResponder,eventPosted,13,2,1
ant-ANT_13_MAIN_MERGE4,org.apache.tools.ant.gui.core,ActionFilter,accept,3,1,1
ant-ANT_13_MAIN_MERGE4,org.apache.tools.ant.gui.core,AntResponder,getBusFilter,3,1,0
ant-ANT_13_MAIN_MERGE4,org.apache.tools.ant.gui.core,AntResponder,eventPosted,6,1,1
ant-ANT_13_MAIN_MERGE4,org.apache.tools.ant.gui.core,AntFilter,accept,3,1,1
ant-ANT_13_MAIN_MERGE4,org.apache.tools.ant.gui.core,EventToActionMapper,EventToActionMapper,2,1,0
ant-ANT_13_MAIN_MERGE4,org.apache.tools.ant.gui.core,EventToActionMapper,addAction,4,1,1
ant-ANT_13_MAIN_MERGE4,org.apache.tools.ant.gui.core,EventToActionMapper,putAction,11,4,3
ant-ANT_13_MAIN_MERGE4,org.apache.tools.ant.gui.core,EventToActionMapper,applyEvent,8,2,1
ant-ANT_13_MAIN_MERGE4,org.apache.tools.ant.gui.core,EventToActionMapper,changeState,7,3,2
ant-ANT_13_MAIN_MERGE4,org.apache.tools.ant.gui.core,ProjectManager,ProjectManager,2,1,0
ant-ANT_13_MAIN_MERGE4,org.apache.tools.ant.gui.core,ProjectManager,getOpen,5,1,0
ant-ANT_13_MAIN_MERGE4,org.apache.tools.ant.gui.core,ProjectManager,save,3,1,1
ant-ANT_13_MAIN_MERGE4,org.apache.tools.ant.gui.core,ProjectManager,saveAs,30,4,2
ant-ANT_13_MAIN_MERGE4,org.apache.tools.ant.gui.core,ProjectManager,open,3,1,1
ant-ANT_13_MAIN_MERGE4,org.apache.tools.ant.gui.core,ProjectManager,open,7,1,1
ant-ANT_13_MAIN_MERGE4,org.apache.tools.ant.gui.core,ProjectManager,createNew,5,1,0
ant-ANT_13_MAIN_MERGE4,org.apache.tools.ant.gui.core,ProjectManager,close,3,1,1
ant-ANT_13_MAIN_MERGE4,org.apache.tools.ant.gui.core,ProjectManager,build,4,1,2
ant-ANT_13_MAIN_MERGE4,org.apache.tools.ant.gui.core,ProjectManager,addBuildListener,5,1,1
ant-ANT_13_MAIN_MERGE4,org.apache.tools.ant.gui.core,ProjectManager,removeBuildListener,5,1,1
ant-ANT_13_MAIN_MERGE4,org.apache.tools.ant.gui.core,ProjectManager,isRegisteredBuildListener,5,1,1
ant-ANT_13_MAIN_MERGE4,org.apache.tools.ant.gui.core,ProjectManager,getBuildListeners,7,1,0
ant-ANT_13_MAIN_MERGE4,org.apache.tools.ant.gui.core,ProjectManager,BuildRunner,16,3,2
ant-ANT_13_MAIN_MERGE4,org.apache.tools.ant.gui.core,ProjectManager,fireBuildEvent,3,1,2
ant-ANT_13_MAIN_MERGE4,org.apache.tools.ant.gui.core,ProjectManager,run,33,5,0
ant-ANT_13_MAIN_MERGE4,org.apache.tools.ant.gui.core,BuildRunner,BuildRunner,16,3,2
ant-ANT_13_MAIN_MERGE4,org.apache.tools.ant.gui.core,BuildRunner,fireBuildEvent,3,1,2
ant-ANT_13_MAIN_MERGE4,org.apache.tools.ant.gui.core,BuildRunner,run,33,5,0
ant-ANT_13_MAIN_MERGE4,org.apache.tools.ant.gui.core,ProjectSelectionMenu,ProjectSelectionMenu,6,1,1
ant-ANT_13_MAIN_MERGE4,org.apache.tools.ant.gui.core,ProjectSelectionMenu,insertInto,12,3,1
ant-ANT_13_MAIN_MERGE4,org.apache.tools.ant.gui.core,ProjectSelectionMenu,getBusFilter,3,1,0
ant-ANT_13_MAIN_MERGE4,org.apache.tools.ant.gui.core,ProjectSelectionMenu,eventPosted,12,2,1
ant-ANT_13_MAIN_MERGE4,org.apache.tools.ant.gui.core,ProjectSelectionMenu,accept,3,1,1
ant-ANT_13_MAIN_MERGE4,org.apache.tools.ant.gui.core,ProjectSelectionMenu,actionPerformed,4,1,1
ant-ANT_13_MAIN_MERGE4,org.apache.tools.ant.gui.core,ProjectListener,getBusFilter,3,1,0
ant-ANT_13_MAIN_MERGE4,org.apache.tools.ant.gui.core,ProjectListener,eventPosted,12,2,1
ant-ANT_13_MAIN_MERGE4,org.apache.tools.ant.gui.core,Filter,accept,3,1,1
ant-ANT_13_MAIN_MERGE4,org.apache.tools.ant.gui.core,ActionHandler,actionPerformed,4,1,1
ant-ANT_13_MAIN_MERGE4,org.apache.tools.ant.gui.core,ResourceManager,ResourceManager,3,1,0
ant-ANT_13_MAIN_MERGE4,org.apache.tools.ant.gui.core,ResourceManager,ResourceManager,3,1,1
ant-ANT_13_MAIN_MERGE4,org.apache.tools.ant.gui.core,ResourceManager,getKey,4,1,2
ant-ANT_13_MAIN_MERGE4,org.apache.tools.ant.gui.core,ResourceManager,getString,3,1,1
ant-ANT_13_MAIN_MERGE4,org.apache.tools.ant.gui.core,ResourceManager,getString,11,2,2
ant-ANT_13_MAIN_MERGE4,org.apache.tools.ant.gui.core,ResourceManager,getStringArray,3,1,1
ant-ANT_13_MAIN_MERGE4,org.apache.tools.ant.gui.core,ResourceManager,getStringArray,28,4,2
ant-ANT_13_MAIN_MERGE4,org.apache.tools.ant.gui.core,ResourceManager,getBoolean,3,1,1
ant-ANT_13_MAIN_MERGE4,org.apache.tools.ant.gui.core,ResourceManager,getBoolean,14,2,2
ant-ANT_13_MAIN_MERGE4,org.apache.tools.ant.gui.core,ResourceManager,getClass,3,1,1
ant-ANT_13_MAIN_MERGE4,org.apache.tools.ant.gui.core,ResourceManager,getClass,10,1,2
ant-ANT_13_MAIN_MERGE4,org.apache.tools.ant.gui.core,ResourceManager,getMessage,3,1,2
ant-ANT_13_MAIN_MERGE4,org.apache.tools.ant.gui.core,ResourceManager,getMessage,4,1,3
ant-ANT_13_MAIN_MERGE4,org.apache.tools.ant.gui.core,ResourceManager,getImageIcon,3,1,2
ant-ANT_13_MAIN_MERGE4,org.apache.tools.ant.gui.core,ResourceManager,loadImageIcon,9,3,1
ant-ANT_13_MAIN_MERGE4,org.apache.tools.ant.gui.core,SelectionManager,SelectionManager,2,1,0
ant-ANT_13_MAIN_MERGE4,org.apache.tools.ant.gui.core,SelectionManager,getBusFilter,3,1,0
ant-ANT_13_MAIN_MERGE4,org.apache.tools.ant.gui.core,SelectionManager,getSelectedProject,3,1,0
ant-ANT_13_MAIN_MERGE4,org.apache.tools.ant.gui.core,SelectionManager,getSelectedTargets,3,1,0
ant-ANT_13_MAIN_MERGE4,org.apache.tools.ant.gui.core,SelectionManager,getSelectedElements,3,1,0
ant-ANT_13_MAIN_MERGE4,org.apache.tools.ant.gui.core,SelectionManager,eventPosted,10,3,1
ant-ANT_13_MAIN_MERGE4,org.apache.tools.ant.gui.core,SelectionManager,accept,3,1,1
ant-ANT_13_MAIN_MERGE4,org.apache.tools.ant.gui.core,Filter,accept,3,1,1
ant-ANT_13_MAIN_MERGE4,org.apache.tools.ant.gui.core,XMLFileFilter,XMLFileFilter,3,1,1
ant-ANT_13_MAIN_MERGE4,org.apache.tools.ant.gui.core,XMLFileFilter,accept,5,2,1
ant-ANT_13_MAIN_MERGE4,org.apache.tools.ant.gui.core,XMLFileFilter,getDescription,3,1,0
ant-ANT_13_MAIN_MERGE4,org.apache.tools.ant.gui.customizer,AbstractPropertyEditor,AbstractPropertyEditor,2,1,0
ant-ANT_13_MAIN_MERGE4,org.apache.tools.ant.gui.customizer,AbstractPropertyEditor,paintValue,5,1,2
ant-ANT_13_MAIN_MERGE4,org.apache.tools.ant.gui.customizer,AbstractPropertyEditor,firePropertyChange,3,1,2
ant-ANT_13_MAIN_MERGE4,org.apache.tools.ant.gui.customizer,AbstractPropertyEditor,addPropertyChangeListener,3,1,1
ant-ANT_13_MAIN_MERGE4,org.apache.tools.ant.gui.customizer,AbstractPropertyEditor,removePropertyChangeListener,3,1,1
ant-ANT_13_MAIN_MERGE4,org.apache.tools.ant.gui.customizer,AbstractPropertyEditor,isPaintable,3,1,0
ant-ANT_13_MAIN_MERGE4,org.apache.tools.ant.gui.customizer,AbstractPropertyEditor,getTags,3,1,0
ant-ANT_13_MAIN_MERGE4,org.apache.tools.ant.gui.customizer,AbstractPropertyEditor,getCustomEditor,3,1,0
ant-ANT_13_MAIN_MERGE4,org.apache.tools.ant.gui.customizer,AbstractPropertyEditor,supportsCustomEditor,3,1,0
ant-ANT_13_MAIN_MERGE4,org.apache.tools.ant.gui.customizer,AbstractPropertyEditor,getJavaInitializationString,3,1,0
ant-ANT_13_MAIN_MERGE4,org.apache.tools.ant.gui.customizer,AbstractPropertyEditor,getChild,0,1,0
ant-ANT_13_MAIN_MERGE4,org.apache.tools.ant.gui.customizer,AbstractPropertyEditor,FocusHandler,3,1,1
ant-ANT_13_MAIN_MERGE4,org.apache.tools.ant.gui.customizer,AbstractPropertyEditor,focusGained,3,1,1
ant-ANT_13_MAIN_MERGE4,org.apache.tools.ant.gui.customizer,AbstractPropertyEditor,focusLost,5,2,1
ant-ANT_13_MAIN_MERGE4,org.apache.tools.ant.gui.customizer,FocusHandler,FocusHandler,3,1,1
ant-ANT_13_MAIN_MERGE4,org.apache.tools.ant.gui.customizer,FocusHandler,focusGained,3,1,1
ant-ANT_13_MAIN_MERGE4,org.apache.tools.ant.gui.customizer,FocusHandler,focusLost,5,2,1
ant-ANT_13_MAIN_MERGE4,org.apache.tools.ant.gui.customizer,DoublePropertyEditor,DoublePropertyEditor,4,1,0
ant-ANT_13_MAIN_MERGE4,org.apache.tools.ant.gui.customizer,DoublePropertyEditor,getChild,3,1,0
ant-ANT_13_MAIN_MERGE4,org.apache.tools.ant.gui.customizer,DoublePropertyEditor,getJavaInitializationString,3,1,0
ant-ANT_13_MAIN_MERGE4,org.apache.tools.ant.gui.customizer,DoublePropertyEditor,setValue,7,2,1
ant-ANT_13_MAIN_MERGE4,org.apache.tools.ant.gui.customizer,DoublePropertyEditor,getValue,11,1,0
ant-ANT_13_MAIN_MERGE4,org.apache.tools.ant.gui.customizer,DoublePropertyEditor,setAsText,12,1,1
ant-ANT_13_MAIN_MERGE4,org.apache.tools.ant.gui.customizer,DoublePropertyEditor,getAsText,3,1,0
ant-ANT_13_MAIN_MERGE4,org.apache.tools.ant.gui.customizer,DynamicCustomizer,DynamicCustomizer,3,1,1
ant-ANT_13_MAIN_MERGE4,org.apache.tools.ant.gui.customizer,DynamicCustomizer,DynamicCustomizer,44,7,2
ant-ANT_13_MAIN_MERGE4,org.apache.tools.ant.gui.customizer,DynamicCustomizer,setObject,26,4,1
ant-ANT_13_MAIN_MERGE4,org.apache.tools.ant.gui.customizer,DynamicCustomizer,getEditorForProperty,22,5,1
ant-ANT_13_MAIN_MERGE4,org.apache.tools.ant.gui.customizer,DynamicCustomizer,addPropertyChangeListener,3,1,1
ant-ANT_13_MAIN_MERGE4,org.apache.tools.ant.gui.customizer,DynamicCustomizer,removePropertyChangeListener,3,1,1
ant-ANT_13_MAIN_MERGE4,org.apache.tools.ant.gui.customizer,DynamicCustomizer,firePropertyChange,8,2,4
ant-ANT_13_MAIN_MERGE4,org.apache.tools.ant.gui.customizer,DynamicCustomizer,getPreferredScrollableViewportSize,7,1,0
ant-ANT_13_MAIN_MERGE4,org.apache.tools.ant.gui.customizer,DynamicCustomizer,getScrollableUnitIncrement,3,1,3
ant-ANT_13_MAIN_MERGE4,org.apache.tools.ant.gui.customizer,DynamicCustomizer,getScrollableBlockIncrement,3,1,3
ant-ANT_13_MAIN_MERGE4,org.apache.tools.ant.gui.customizer,DynamicCustomizer,getScrollableTracksViewportWidth,3,1,0
ant-ANT_13_MAIN_MERGE4,org.apache.tools.ant.gui.customizer,DynamicCustomizer,getScrollableTracksViewportHeight,3,1,0
ant-ANT_13_MAIN_MERGE4,org.apache.tools.ant.gui.customizer,DynamicCustomizer,propertyChange,20,3,1
ant-ANT_13_MAIN_MERGE4,org.apache.tools.ant.gui.customizer,DynamicCustomizer,compare,15,3,2
ant-ANT_13_MAIN_MERGE4,org.apache.tools.ant.gui.customizer,DynamicCustomizer,setName,3,1,1
ant-ANT_13_MAIN_MERGE4,org.apache.tools.ant.gui.customizer,DynamicCustomizer,getName,3,1,0
ant-ANT_13_MAIN_MERGE4,org.apache.tools.ant.gui.customizer,DynamicCustomizer,setStringArray,3,1,1
ant-ANT_13_MAIN_MERGE4,org.apache.tools.ant.gui.customizer,DynamicCustomizer,getStringArray,3,1,0
ant-ANT_13_MAIN_MERGE4,org.apache.tools.ant.gui.customizer,DynamicCustomizer,setInt,3,1,1
ant-ANT_13_MAIN_MERGE4,org.apache.tools.ant.gui.customizer,DynamicCustomizer,getInt,3,1,0
ant-ANT_13_MAIN_MERGE4,org.apache.tools.ant.gui.customizer,DynamicCustomizer,setInteger,3,1,1
ant-ANT_13_MAIN_MERGE4,org.apache.tools.ant.gui.customizer,DynamicCustomizer,getInteger,3,1,0
ant-ANT_13_MAIN_MERGE4,org.apache.tools.ant.gui.customizer,DynamicCustomizer,setDoub,3,1,1
ant-ANT_13_MAIN_MERGE4,org.apache.tools.ant.gui.customizer,DynamicCustomizer,getDoub,3,1,0
ant-ANT_13_MAIN_MERGE4,org.apache.tools.ant.gui.customizer,DynamicCustomizer,setDouble,3,1,1
ant-ANT_13_MAIN_MERGE4,org.apache.tools.ant.gui.customizer,DynamicCustomizer,getDouble,3,1,0
ant-ANT_13_MAIN_MERGE4,org.apache.tools.ant.gui.customizer,DynamicCustomizer,setProperties,3,1,1
ant-ANT_13_MAIN_MERGE4,org.apache.tools.ant.gui.customizer,DynamicCustomizer,getProperties,3,1,0
ant-ANT_13_MAIN_MERGE4,org.apache.tools.ant.gui.customizer,DynamicCustomizer,setFile,3,1,1
ant-ANT_13_MAIN_MERGE4,org.apache.tools.ant.gui.customizer,DynamicCustomizer,getFile,3,1,0
ant-ANT_13_MAIN_MERGE4,org.apache.tools.ant.gui.customizer,DynamicCustomizer,setButton,3,1,1
ant-ANT_13_MAIN_MERGE4,org.apache.tools.ant.gui.customizer,DynamicCustomizer,getButton,3,1,0
ant-ANT_13_MAIN_MERGE4,org.apache.tools.ant.gui.customizer,DynamicCustomizer,setObject,3,1,1
ant-ANT_13_MAIN_MERGE4,org.apache.tools.ant.gui.customizer,DynamicCustomizer,getObject,3,1,0
ant-ANT_13_MAIN_MERGE4,org.apache.tools.ant.gui.customizer,DynamicCustomizer,clone,8,1,0
ant-ANT_13_MAIN_MERGE4,org.apache.tools.ant.gui.customizer,DynamicCustomizer,main,24,2,1
ant-ANT_13_MAIN_MERGE4,org.apache.tools.ant.gui.customizer,EditorChangeListener,propertyChange,20,3,1
ant-ANT_13_MAIN_MERGE4,org.apache.tools.ant.gui.customizer,PropertyComparator,compare,15,3,2
ant-ANT_13_MAIN_MERGE4,org.apache.tools.ant.gui.customizer,TestClass,setName,3,1,1
ant-ANT_13_MAIN_MERGE4,org.apache.tools.ant.gui.customizer,TestClass,getName,3,1,0
ant-ANT_13_MAIN_MERGE4,org.apache.tools.ant.gui.customizer,TestClass,setStringArray,3,1,1
ant-ANT_13_MAIN_MERGE4,org.apache.tools.ant.gui.customizer,TestClass,getStringArray,3,1,0
ant-ANT_13_MAIN_MERGE4,org.apache.tools.ant.gui.customizer,TestClass,setInt,3,1,1
ant-ANT_13_MAIN_MERGE4,org.apache.tools.ant.gui.customizer,TestClass,getInt,3,1,0
ant-ANT_13_MAIN_MERGE4,org.apache.tools.ant.gui.customizer,TestClass,setInteger,3,1,1
ant-ANT_13_MAIN_MERGE4,org.apache.tools.ant.gui.customizer,TestClass,getInteger,3,1,0
ant-ANT_13_MAIN_MERGE4,org.apache.tools.ant.gui.customizer,TestClass,setDoub,3,1,1
ant-ANT_13_MAIN_MERGE4,org.apache.tools.ant.gui.customizer,TestClass,getDoub,3,1,0
ant-ANT_13_MAIN_MERGE4,org.apache.tools.ant.gui.customizer,TestClass,setDouble,3,1,1
ant-ANT_13_MAIN_MERGE4,org.apache.tools.ant.gui.customizer,TestClass,getDouble,3,1,0
ant-ANT_13_MAIN_MERGE4,org.apache.tools.ant.gui.customizer,TestClass,setProperties,3,1,1
ant-ANT_13_MAIN_MERGE4,org.apache.tools.ant.gui.customizer,TestClass,getProperties,3,1,0
ant-ANT_13_MAIN_MERGE4,org.apache.tools.ant.gui.customizer,TestClass,setFile,3,1,1
ant-ANT_13_MAIN_MERGE4,org.apache.tools.ant.gui.customizer,TestClass,getFile,3,1,0
ant-ANT_13_MAIN_MERGE4,org.apache.tools.ant.gui.customizer,TestClass,setButton,3,1,1
ant-ANT_13_MAIN_MERGE4,org.apache.tools.ant.gui.customizer,TestClass,getButton,3,1,0
ant-ANT_13_MAIN_MERGE4,org.apache.tools.ant.gui.customizer,TestClass,setObject,3,1,1
ant-ANT_13_MAIN_MERGE4,org.apache.tools.ant.gui.customizer,TestClass,getObject,3,1,0
ant-ANT_13_MAIN_MERGE4,org.apache.tools.ant.gui.customizer,TestClass,clone,8,1,0
ant-ANT_13_MAIN_MERGE4,org.apache.tools.ant.gui.customizer,FilePropertyEditor,FilePropertyEditor,9,1,0
ant-ANT_13_MAIN_MERGE4,org.apache.tools.ant.gui.customizer,FilePropertyEditor,getChild,3,1,0
ant-ANT_13_MAIN_MERGE4,org.apache.tools.ant.gui.customizer,FilePropertyEditor,setFileFilter,3,1,1
ant-ANT_13_MAIN_MERGE4,org.apache.tools.ant.gui.customizer,FilePropertyEditor,getJavaInitializationString,3,1,0
ant-ANT_13_MAIN_MERGE4,org.apache.tools.ant.gui.customizer,FilePropertyEditor,setValue,10,3,1
ant-ANT_13_MAIN_MERGE4,org.apache.tools.ant.gui.customizer,FilePropertyEditor,getValue,5,1,0
ant-ANT_13_MAIN_MERGE4,org.apache.tools.ant.gui.customizer,FilePropertyEditor,setAsText,4,1,1
ant-ANT_13_MAIN_MERGE4,org.apache.tools.ant.gui.customizer,FilePropertyEditor,getAsText,3,1,0
ant-ANT_13_MAIN_MERGE4,org.apache.tools.ant.gui.customizer,FilePropertyEditor,actionPerformed,14,2,1
ant-ANT_13_MAIN_MERGE4,org.apache.tools.ant.gui.customizer,ActionHandler,actionPerformed,14,2,1
ant-ANT_13_MAIN_MERGE4,org.apache.tools.ant.gui.customizer,IntegerPropertyEditor,IntegerPropertyEditor,4,1,0
ant-ANT_13_MAIN_MERGE4,org.apache.tools.ant.gui.customizer,IntegerPropertyEditor,getChild,3,1,0
ant-ANT_13_MAIN_MERGE4,org.apache.tools.ant.gui.customizer,IntegerPropertyEditor,getJavaInitializationString,3,1,0
ant-ANT_13_MAIN_MERGE4,org.apache.tools.ant.gui.customizer,IntegerPropertyEditor,setValue,7,2,1
ant-ANT_13_MAIN_MERGE4,org.apache.tools.ant.gui.customizer,IntegerPropertyEditor,getValue,11,1,0
ant-ANT_13_MAIN_MERGE4,org.apache.tools.ant.gui.customizer,IntegerPropertyEditor,setAsText,12,1,1
ant-ANT_13_MAIN_MERGE4,org.apache.tools.ant.gui.customizer,IntegerPropertyEditor,getAsText,3,1,0
ant-ANT_13_MAIN_MERGE4,org.apache.tools.ant.gui.customizer,ObjectPropertyEditor,ObjectPropertyEditor,11,1,0
ant-ANT_13_MAIN_MERGE4,org.apache.tools.ant.gui.customizer,ObjectPropertyEditor,getChild,3,1,0
ant-ANT_13_MAIN_MERGE4,org.apache.tools.ant.gui.customizer,ObjectPropertyEditor,getJavaInitializationString,3,1,0
ant-ANT_13_MAIN_MERGE4,org.apache.tools.ant.gui.customizer,ObjectPropertyEditor,setValue,14,2,1
ant-ANT_13_MAIN_MERGE4,org.apache.tools.ant.gui.customizer,ObjectPropertyEditor,getAsString,37,7,1
ant-ANT_13_MAIN_MERGE4,org.apache.tools.ant.gui.customizer,ObjectPropertyEditor,makeClone,13,2,1
ant-ANT_13_MAIN_MERGE4,org.apache.tools.ant.gui.customizer,ObjectPropertyEditor,getValue,3,1,0
ant-ANT_13_MAIN_MERGE4,org.apache.tools.ant.gui.customizer,ObjectPropertyEditor,setAsText,3,1,1
ant-ANT_13_MAIN_MERGE4,org.apache.tools.ant.gui.customizer,ObjectPropertyEditor,getAsText,3,1,0
ant-ANT_13_MAIN_MERGE4,org.apache.tools.ant.gui.customizer,ObjectPropertyEditor,actionPerformed,29,4,1
ant-ANT_13_MAIN_MERGE4,org.apache.tools.ant.gui.customizer,ActionHandler,actionPerformed,29,4,1
ant-ANT_13_MAIN_MERGE4,org.apache.tools.ant.gui.customizer,PropertiesPropertyEditor,PropertiesPropertyEditor,8,1,0
ant-ANT_13_MAIN_MERGE4,org.apache.tools.ant.gui.customizer,PropertiesPropertyEditor,getChild,3,1,0
ant-ANT_13_MAIN_MERGE4,org.apache.tools.ant.gui.customizer,PropertiesPropertyEditor,getJavaInitializationString,3,1,0
ant-ANT_13_MAIN_MERGE4,org.apache.tools.ant.gui.customizer,PropertiesPropertyEditor,setValue,13,3,1
ant-ANT_13_MAIN_MERGE4,org.apache.tools.ant.gui.customizer,PropertiesPropertyEditor,getValue,3,1,0
ant-ANT_13_MAIN_MERGE4,org.apache.tools.ant.gui.customizer,PropertiesPropertyEditor,setAsText,3,1,1
ant-ANT_13_MAIN_MERGE4,org.apache.tools.ant.gui.customizer,PropertiesPropertyEditor,getAsText,3,1,0
ant-ANT_13_MAIN_MERGE4,org.apache.tools.ant.gui.customizer,PropertiesPropertyEditor,PropertiesTableModel,4,1,0
ant-ANT_13_MAIN_MERGE4,org.apache.tools.ant.gui.customizer,PropertiesPropertyEditor,getRowCount,3,1,0
ant-ANT_13_MAIN_MERGE4,org.apache.tools.ant.gui.customizer,PropertiesPropertyEditor,getColumnCount,3,1,0
ant-ANT_13_MAIN_MERGE4,org.apache.tools.ant.gui.customizer,PropertiesPropertyEditor,getColumnClass,3,1,1
ant-ANT_13_MAIN_MERGE4,org.apache.tools.ant.gui.customizer,PropertiesPropertyEditor,getColumnName,3,1,1
ant-ANT_13_MAIN_MERGE4,org.apache.tools.ant.gui.customizer,PropertiesPropertyEditor,isCellEditable,3,1,2
ant-ANT_13_MAIN_MERGE4,org.apache.tools.ant.gui.customizer,PropertiesPropertyEditor,getValueAt,11,4,2
ant-ANT_13_MAIN_MERGE4,org.apache.tools.ant.gui.customizer,PropertiesPropertyEditor,setValueAt,34,7,3
ant-ANT_13_MAIN_MERGE4,org.apache.tools.ant.gui.customizer,PropertiesTableModel,PropertiesTableModel,4,1,0
ant-ANT_13_MAIN_MERGE4,org.apache.tools.ant.gui.customizer,PropertiesTableModel,getRowCount,3,1,0
ant-ANT_13_MAIN_MERGE4,org.apache.tools.ant.gui.customizer,PropertiesTableModel,getColumnCount,3,1,0
ant-ANT_13_MAIN_MERGE4,org.apache.tools.ant.gui.customizer,PropertiesTableModel,getColumnClass,3,1,1
ant-ANT_13_MAIN_MERGE4,org.apache.tools.ant.gui.customizer,PropertiesTableModel,getColumnName,3,1,1
ant-ANT_13_MAIN_MERGE4,org.apache.tools.ant.gui.customizer,PropertiesTableModel,isCellEditable,3,1,2
ant-ANT_13_MAIN_MERGE4,org.apache.tools.ant.gui.customizer,PropertiesTableModel,getValueAt,11,4,2
ant-ANT_13_MAIN_MERGE4,org.apache.tools.ant.gui.customizer,PropertiesTableModel,setValueAt,34,7,3
ant-ANT_13_MAIN_MERGE4,org.apache.tools.ant.gui.customizer,StringArrayPropertyEditor,StringArrayPropertyEditor,5,1,0
ant-ANT_13_MAIN_MERGE4,org.apache.tools.ant.gui.customizer,StringArrayPropertyEditor,getChild,3,1,0
ant-ANT_13_MAIN_MERGE4,org.apache.tools.ant.gui.customizer,StringArrayPropertyEditor,getJavaInitializationString,3,1,0
ant-ANT_13_MAIN_MERGE4,org.apache.tools.ant.gui.customizer,StringArrayPropertyEditor,setValue,18,5,1
ant-ANT_13_MAIN_MERGE4,org.apache.tools.ant.gui.customizer,StringArrayPropertyEditor,getValue,9,2,0
ant-ANT_13_MAIN_MERGE4,org.apache.tools.ant.gui.customizer,StringArrayPropertyEditor,setAsText,4,1,1
ant-ANT_13_MAIN_MERGE4,org.apache.tools.ant.gui.customizer,StringArrayPropertyEditor,getAsText,3,1,0
ant-ANT_13_MAIN_MERGE4,org.apache.tools.ant.gui.customizer,StringPropertyEditor,StringPropertyEditor,11,1,0
ant-ANT_13_MAIN_MERGE4,org.apache.tools.ant.gui.customizer,StringPropertyEditor,isManagingFocus,3,1,0
ant-ANT_13_MAIN_MERGE4,org.apache.tools.ant.gui.customizer,StringPropertyEditor,getChild,3,1,0
ant-ANT_13_MAIN_MERGE4,org.apache.tools.ant.gui.customizer,StringPropertyEditor,getJavaInitializationString,3,1,0
ant-ANT_13_MAIN_MERGE4,org.apache.tools.ant.gui.customizer,StringPropertyEditor,setValue,7,2,1
ant-ANT_13_MAIN_MERGE4,org.apache.tools.ant.gui.customizer,StringPropertyEditor,getValue,4,1,0
ant-ANT_13_MAIN_MERGE4,org.apache.tools.ant.gui.customizer,StringPropertyEditor,setAsText,4,1,1
ant-ANT_13_MAIN_MERGE4,org.apache.tools.ant.gui.customizer,StringPropertyEditor,getAsText,3,1,0
ant-ANT_13_MAIN_MERGE4,org.apache.tools.ant.gui.event,AntBuildEvent,AntBuildEvent,8,2,3
ant-ANT_13_MAIN_MERGE4,org.apache.tools.ant.gui.event,AntBuildEvent,getEvent,3,1,0
ant-ANT_13_MAIN_MERGE4,org.apache.tools.ant.gui.event,AntBuildEvent,getType,3,1,0
ant-ANT_13_MAIN_MERGE4,org.apache.tools.ant.gui.event,AntBuildEvent,toString,11,3,0
ant-ANT_13_MAIN_MERGE4,org.apache.tools.ant.gui.event,AntEvent,AntEvent,3,1,1
ant-ANT_13_MAIN_MERGE4,org.apache.tools.ant.gui.event,AntEvent,getContext,3,1,0
ant-ANT_13_MAIN_MERGE4,org.apache.tools.ant.gui.event,AntEvent,createDefaultCmd,3,1,0
ant-ANT_13_MAIN_MERGE4,org.apache.tools.ant.gui.event,BuildEventType,BuildEventType,3,1,1
ant-ANT_13_MAIN_MERGE4,org.apache.tools.ant.gui.event,BuildEventType,getValue,3,1,0
ant-ANT_13_MAIN_MERGE4,org.apache.tools.ant.gui.event,BuildEventType,fireEvent,9,1,2
ant-ANT_13_MAIN_MERGE4,org.apache.tools.ant.gui.event,BuildEventType,fromInt,3,1,1
ant-ANT_13_MAIN_MERGE4,org.apache.tools.ant.gui.event,BuildEventType,equals,6,2,1
ant-ANT_13_MAIN_MERGE4,org.apache.tools.ant.gui.event,BuildEventType,hashValue,3,1,0
ant-ANT_13_MAIN_MERGE4,org.apache.tools.ant.gui.event,BuildEventType,toString,3,1,0
ant-ANT_13_MAIN_MERGE4,org.apache.tools.ant.gui.event,BuildFinishedEvent,BuildFinishedEvent,4,1,2
ant-ANT_13_MAIN_MERGE4,org.apache.tools.ant.gui.event,BuildFinishedEvent,getBuildEvent,3,1,0
ant-ANT_13_MAIN_MERGE4,org.apache.tools.ant.gui.event,BuildStartedEvent,BuildStartedEvent,4,1,2
ant-ANT_13_MAIN_MERGE4,org.apache.tools.ant.gui.event,BuildStartedEvent,getBuildEvent,3,1,0
ant-ANT_13_MAIN_MERGE4,org.apache.tools.ant.gui.event,BusFilter,accept,0,1,1
ant-ANT_13_MAIN_MERGE4,org.apache.tools.ant.gui.event,BusMember,getBusFilter,0,1,0
ant-ANT_13_MAIN_MERGE4,org.apache.tools.ant.gui.event,BusMember,eventPosted,0,1,1
ant-ANT_13_MAIN_MERGE4,org.apache.tools.ant.gui.event,ElementSelectionEvent,ElementSelectionEvent,4,1,2
ant-ANT_13_MAIN_MERGE4,org.apache.tools.ant.gui.event,ElementSelectionEvent,getSelectedElements,3,1,0
ant-ANT_13_MAIN_MERGE4,org.apache.tools.ant.gui.event,ElementSelectionEvent,getFiltered,16,5,1
ant-ANT_13_MAIN_MERGE4,org.apache.tools.ant.gui.event,ElementSelectionEvent,createEvent,25,6,2
ant-ANT_13_MAIN_MERGE4,org.apache.tools.ant.gui.event,ErrorEvent,ErrorEvent,5,1,3
ant-ANT_13_MAIN_MERGE4,org.apache.tools.ant.gui.event,ErrorEvent,ErrorEvent,3,1,2
ant-ANT_13_MAIN_MERGE4,org.apache.tools.ant.gui.event,ErrorEvent,ErrorEvent,3,1,2
ant-ANT_13_MAIN_MERGE4,org.apache.tools.ant.gui.event,ErrorEvent,createDefaultCmd,4,1,0
ant-ANT_13_MAIN_MERGE4,org.apache.tools.ant.gui.event,ErrorEvent,toString,11,3,0
ant-ANT_13_MAIN_MERGE4,org.apache.tools.ant.gui.event,EventBus,EventBus,2,1,0
ant-ANT_13_MAIN_MERGE4,org.apache.tools.ant.gui.event,EventBus,addMember,13,3,2
ant-ANT_13_MAIN_MERGE4,org.apache.tools.ant.gui.event,EventBus,removeMember,8,3,1
ant-ANT_13_MAIN_MERGE4,org.apache.tools.ant.gui.event,EventBus,postEvent,9,2,1
ant-ANT_13_MAIN_MERGE4,org.apache.tools.ant.gui.event,EventBus,EventDispatcher,3,1,1
ant-ANT_13_MAIN_MERGE4,org.apache.tools.ant.gui.event,EventBus,run,17,6,0
ant-ANT_13_MAIN_MERGE4,org.apache.tools.ant.gui.event,EventDispatcher,EventDispatcher,3,1,1
ant-ANT_13_MAIN_MERGE4,org.apache.tools.ant.gui.event,EventDispatcher,run,17,6,0
ant-ANT_13_MAIN_MERGE4,org.apache.tools.ant.gui.event,NewElementEvent,getNewElement,0,1,0
ant-ANT_13_MAIN_MERGE4,org.apache.tools.ant.gui.event,NewProjectEvent,NewProjectEvent,6,2,2
ant-ANT_13_MAIN_MERGE4,org.apache.tools.ant.gui.event,NewProjectEvent,getNewElement,3,1,0
ant-ANT_13_MAIN_MERGE4,org.apache.tools.ant.gui.event,NewPropertyEvent,NewPropertyEvent,6,2,2
ant-ANT_13_MAIN_MERGE4,org.apache.tools.ant.gui.event,NewPropertyEvent,getNewElement,3,1,0
ant-ANT_13_MAIN_MERGE4,org.apache.tools.ant.gui.event,NewTargetEvent,NewTargetEvent,6,2,2
ant-ANT_13_MAIN_MERGE4,org.apache.tools.ant.gui.event,NewTargetEvent,getNewElement,3,1,0
ant-ANT_13_MAIN_MERGE4,org.apache.tools.ant.gui.event,NewTaskEvent,NewTaskEvent,6,2,2
ant-ANT_13_MAIN_MERGE4,org.apache.tools.ant.gui.event,NewTaskEvent,getNewElement,3,1,0
ant-ANT_13_MAIN_MERGE4,org.apache.tools.ant.gui.event,NullSelectionEvent,NullSelectionEvent,3,1,1
ant-ANT_13_MAIN_MERGE4,org.apache.tools.ant.gui.event,OpenRequestEvent,OpenRequestEvent,4,1,2
ant-ANT_13_MAIN_MERGE4,org.apache.tools.ant.gui.event,OpenRequestEvent,createDefaultCmd,5,1,0
ant-ANT_13_MAIN_MERGE4,org.apache.tools.ant.gui.event,ProjectClosedEvent,ProjectClosedEvent,3,1,1
ant-ANT_13_MAIN_MERGE4,org.apache.tools.ant.gui.event,ProjectSelectedEvent,ProjectSelectedEvent,4,1,2
ant-ANT_13_MAIN_MERGE4,org.apache.tools.ant.gui.event,ProjectSelectedEvent,getSelectedProject,3,1,0
ant-ANT_13_MAIN_MERGE4,org.apache.tools.ant.gui.event,PropertySelectionEvent,PropertySelectionEvent,3,1,2
ant-ANT_13_MAIN_MERGE4,org.apache.tools.ant.gui.event,PropertySelectionEvent,getSelectedProperties,3,1,0
ant-ANT_13_MAIN_MERGE4,org.apache.tools.ant.gui.event,TargetSelectionEvent,TargetSelectionEvent,3,1,2
ant-ANT_13_MAIN_MERGE4,org.apache.tools.ant.gui.event,TargetSelectionEvent,getSelectedTargets,3,1,0
ant-ANT_13_MAIN_MERGE4,org.apache.tools.ant.gui.event,TaskSelectionEvent,TaskSelectionEvent,3,1,2
ant-ANT_13_MAIN_MERGE4,org.apache.tools.ant.gui.event,TaskSelectionEvent,getSelectedTasks,3,1,0
ant-ANT_13_MAIN_MERGE4,org.apache.tools.ant.gui.ide,EmacsNotifier,fireFileErrorNotification,10,1,3
ant-ANT_13_MAIN_MERGE4,org.apache.tools.ant.gui.ide,FileErrorNotifier,messageLogged,21,5,1
ant-ANT_13_MAIN_MERGE4,org.apache.tools.ant.gui.ide,FileErrorNotifier,fireFileErrorNotification,0,1,3
ant-ANT_13_MAIN_MERGE4,org.apache.tools.ant.gui.ide,FileErrorNotifier,buildStarted,2,1,1
ant-ANT_13_MAIN_MERGE4,org.apache.tools.ant.gui.ide,FileErrorNotifier,buildFinished,2,1,1
ant-ANT_13_MAIN_MERGE4,org.apache.tools.ant.gui.ide,FileErrorNotifier,targetStarted,2,1,1
ant-ANT_13_MAIN_MERGE4,org.apache.tools.ant.gui.ide,FileErrorNotifier,targetFinished,2,1,1
ant-ANT_13_MAIN_MERGE4,org.apache.tools.ant.gui.ide,FileErrorNotifier,taskStarted,2,1,1
ant-ANT_13_MAIN_MERGE4,org.apache.tools.ant.gui.ide,FileErrorNotifier,taskFinished,2,1,1
ant-ANT_13_MAIN_MERGE4,org.apache.tools.ant.gui.modules,TargetMonitor,TargetMonitor,2,1,0
ant-ANT_13_MAIN_MERGE4,org.apache.tools.ant.gui.modules,TargetMonitor,contextualize,10,1,1
ant-ANT_13_MAIN_MERGE4,org.apache.tools.ant.gui.modules,TargetMonitor,setText,3,1,1
ant-ANT_13_MAIN_MERGE4,org.apache.tools.ant.gui.modules,TargetMonitor,getBusFilter,3,1,0
ant-ANT_13_MAIN_MERGE4,org.apache.tools.ant.gui.modules,TargetMonitor,eventPosted,25,7,1
ant-ANT_13_MAIN_MERGE4,org.apache.tools.ant.gui.modules,TargetMonitor,accept,3,1,1
ant-ANT_13_MAIN_MERGE4,org.apache.tools.ant.gui.modules,Handler,getBusFilter,3,1,0
ant-ANT_13_MAIN_MERGE4,org.apache.tools.ant.gui.modules,Handler,eventPosted,25,7,1
ant-ANT_13_MAIN_MERGE4,org.apache.tools.ant.gui.modules,Filter,accept,3,1,1
ant-ANT_13_MAIN_MERGE4,org.apache.tools.ant.gui.modules.console,BuildConsole,BuildConsole,2,1,0
ant-ANT_13_MAIN_MERGE4,org.apache.tools.ant.gui.modules.console,BuildConsole,contextualize,22,1,1
ant-ANT_13_MAIN_MERGE4,org.apache.tools.ant.gui.modules.console,BuildConsole,clearDisplay,8,1,0
ant-ANT_13_MAIN_MERGE4,org.apache.tools.ant.gui.modules.console,BuildConsole,getBusFilter,3,1,0
ant-ANT_13_MAIN_MERGE4,org.apache.tools.ant.gui.modules.console,BuildConsole,eventPosted,42,11,1
ant-ANT_13_MAIN_MERGE4,org.apache.tools.ant.gui.modules.console,BuildConsole,actionPerformed,3,2,1
ant-ANT_13_MAIN_MERGE4,org.apache.tools.ant.gui.modules.console,BuildConsole,accept,3,1,1
ant-ANT_13_MAIN_MERGE4,org.apache.tools.ant.gui.modules.console,BuildConsole,ConsoleStyleContext,19,2,0
ant-ANT_13_MAIN_MERGE4,org.apache.tools.ant.gui.modules.console,BuildConsole,getStyle,4,1,1
ant-ANT_13_MAIN_MERGE4,org.apache.tools.ant.gui.modules.console,BuildConsole,getDefaultStyle,3,1,0
ant-ANT_13_MAIN_MERGE4,org.apache.tools.ant.gui.modules.console,BuildConsole,getHeadingStyle,3,1,0
ant-ANT_13_MAIN_MERGE4,org.apache.tools.ant.gui.modules.console,BuildConsole,getSubheadingStyle,3,1,0
ant-ANT_13_MAIN_MERGE4,org.apache.tools.ant.gui.modules.console,BuildConsole,getStyledDocument,5,1,0
ant-ANT_13_MAIN_MERGE4,org.apache.tools.ant.gui.modules.console,Handler,getBusFilter,3,1,0
ant-ANT_13_MAIN_MERGE4,org.apache.tools.ant.gui.modules.console,Handler,eventPosted,42,11,1
ant-ANT_13_MAIN_MERGE4,org.apache.tools.ant.gui.modules.console,ActionHandler,actionPerformed,3,2,1
ant-ANT_13_MAIN_MERGE4,org.apache.tools.ant.gui.modules.console,Filter,accept,3,1,1
ant-ANT_13_MAIN_MERGE4,org.apache.tools.ant.gui.modules.console,ConsoleStyleContext,ConsoleStyleContext,19,2,0
ant-ANT_13_MAIN_MERGE4,org.apache.tools.ant.gui.modules.console,ConsoleStyleContext,getStyle,4,1,1
ant-ANT_13_MAIN_MERGE4,org.apache.tools.ant.gui.modules.console,ConsoleStyleContext,getDefaultStyle,3,1,0
ant-ANT_13_MAIN_MERGE4,org.apache.tools.ant.gui.modules.console,ConsoleStyleContext,getHeadingStyle,3,1,0
ant-ANT_13_MAIN_MERGE4,org.apache.tools.ant.gui.modules.console,ConsoleStyleContext,getSubheadingStyle,3,1,0
ant-ANT_13_MAIN_MERGE4,org.apache.tools.ant.gui.modules.console,ConsoleStyleContext,getStyledDocument,5,1,0
ant-ANT_13_MAIN_MERGE4,org.apache.tools.ant.gui.modules.console,LogLevelEnum,LogLevelEnum,3,1,1
ant-ANT_13_MAIN_MERGE4,org.apache.tools.ant.gui.modules.console,LogLevelEnum,getValue,3,1,0
ant-ANT_13_MAIN_MERGE4,org.apache.tools.ant.gui.modules.console,LogLevelEnum,fromInt,3,1,1
ant-ANT_13_MAIN_MERGE4,org.apache.tools.ant.gui.modules.console,LogLevelEnum,getValues,3,1,0
ant-ANT_13_MAIN_MERGE4,org.apache.tools.ant.gui.modules.console,LogLevelEnum,equals,6,2,1
ant-ANT_13_MAIN_MERGE4,org.apache.tools.ant.gui.modules.console,LogLevelEnum,hashValue,3,1,0
ant-ANT_13_MAIN_MERGE4,org.apache.tools.ant.gui.modules.console,LogLevelEnum,toString,3,1,0
ant-ANT_13_MAIN_MERGE4,org.apache.tools.ant.gui.modules.edit,ElementNavigator,ElementNavigator,2,1,0
ant-ANT_13_MAIN_MERGE4,org.apache.tools.ant.gui.modules.edit,ElementNavigator,contextualize,15,1,1
ant-ANT_13_MAIN_MERGE4,org.apache.tools.ant.gui.modules.edit,ElementNavigator,getBusFilter,3,1,0
ant-ANT_13_MAIN_MERGE4,org.apache.tools.ant.gui.modules.edit,ElementNavigator,eventPosted,32,5,1
ant-ANT_13_MAIN_MERGE4,org.apache.tools.ant.gui.modules.edit,ElementNavigator,valueChanged,3,1,1
ant-ANT_13_MAIN_MERGE4,org.apache.tools.ant.gui.modules.edit,ElementNavigator,accept,3,1,1
ant-ANT_13_MAIN_MERGE4,org.apache.tools.ant.gui.modules.edit,ElementNavigator,handle,7,2,1
ant-ANT_13_MAIN_MERGE4,org.apache.tools.ant.gui.modules.edit,ElementNavigator,mousePressed,3,1,1
ant-ANT_13_MAIN_MERGE4,org.apache.tools.ant.gui.modules.edit,ElementNavigator,mouseReleased,3,1,1
ant-ANT_13_MAIN_MERGE4,org.apache.tools.ant.gui.modules.edit,ElementNavigator,mouseClicked,3,1,1
ant-ANT_13_MAIN_MERGE4,org.apache.tools.ant.gui.modules.edit,Handler,getBusFilter,3,1,0
ant-ANT_13_MAIN_MERGE4,org.apache.tools.ant.gui.modules.edit,Handler,eventPosted,32,5,1
ant-ANT_13_MAIN_MERGE4,org.apache.tools.ant.gui.modules.edit,SelectionForwarder,valueChanged,3,1,1
ant-ANT_13_MAIN_MERGE4,org.apache.tools.ant.gui.modules.edit,Filter,accept,3,1,1
ant-ANT_13_MAIN_MERGE4,org.apache.tools.ant.gui.modules.edit,PopupHandler,handle,7,2,1
ant-ANT_13_MAIN_MERGE4,org.apache.tools.ant.gui.modules.edit,PopupHandler,mousePressed,3,1,1
ant-ANT_13_MAIN_MERGE4,org.apache.tools.ant.gui.modules.edit,PopupHandler,mouseReleased,3,1,1
ant-ANT_13_MAIN_MERGE4,org.apache.tools.ant.gui.modules.edit,PopupHandler,mouseClicked,3,1,1
ant-ANT_13_MAIN_MERGE4,org.apache.tools.ant.gui.modules.edit,ElementTreeCellRenderer,getTreeCellRendererComponent,18,2,7
ant-ANT_13_MAIN_MERGE4,org.apache.tools.ant.gui.modules.edit,PropertyEditor,PropertyEditor,2,1,0
ant-ANT_13_MAIN_MERGE4,org.apache.tools.ant.gui.modules.edit,PropertyEditor,contextualize,7,1,1
ant-ANT_13_MAIN_MERGE4,org.apache.tools.ant.gui.modules.edit,PropertyEditor,updateDisplay,22,3,1
ant-ANT_13_MAIN_MERGE4,org.apache.tools.ant.gui.modules.edit,PropertyEditor,getBusFilter,3,1,0
ant-ANT_13_MAIN_MERGE4,org.apache.tools.ant.gui.modules.edit,PropertyEditor,eventPosted,11,2,1
ant-ANT_13_MAIN_MERGE4,org.apache.tools.ant.gui.modules.edit,PropertyEditor,accept,3,1,1
ant-ANT_13_MAIN_MERGE4,org.apache.tools.ant.gui.modules.edit,PropertyEditor,propertyChange,3,1,1
ant-ANT_13_MAIN_MERGE4,org.apache.tools.ant.gui.modules.edit,Handler,getBusFilter,3,1,0
ant-ANT_13_MAIN_MERGE4,org.apache.tools.ant.gui.modules.edit,Handler,eventPosted,11,2,1
ant-ANT_13_MAIN_MERGE4,org.apache.tools.ant.gui.modules.edit,Filter,accept,3,1,1
ant-ANT_13_MAIN_MERGE4,org.apache.tools.ant.gui.modules.edit,PropertyChangeForwarder,propertyChange,3,1,1
ant-ANT_13_MAIN_MERGE4,org.apache.tools.ant.gui.util,ChangeLookAndFeel,ChangeLookAndFeel,28,2,1
ant-ANT_13_MAIN_MERGE4,org.apache.tools.ant.gui.util,ChangeLookAndFeel,actionPerformed,10,1,1
ant-ANT_13_MAIN_MERGE4,org.apache.tools.ant.gui.util,ChangeLookAndFeel,getLookAndFeelClass,7,3,1
ant-ANT_13_MAIN_MERGE4,org.apache.tools.ant.gui.util,ActionHandler,actionPerformed,10,1,1
ant-ANT_13_MAIN_MERGE4,org.apache.tools.ant.gui.util,LabelFieldGBC,LabelFieldGBC,6,1,0
ant-ANT_13_MAIN_MERGE4,org.apache.tools.ant.gui.util,LabelFieldGBC,forLabel,7,1,0
ant-ANT_13_MAIN_MERGE4,org.apache.tools.ant.gui.util,LabelFieldGBC,forLastLabel,6,1,0
ant-ANT_13_MAIN_MERGE4,org.apache.tools.ant.gui.util,LabelFieldGBC,forField,7,1,0
ant-ANT_13_MAIN_MERGE4,org.apache.tools.ant.gui.util,LabelFieldGBC,forLastField,6,1,0
ant-ANT_13_MAIN_MERGE4,org.apache.tools.ant.gui.util,StackFrame,StackFrame,3,1,0
ant-ANT_13_MAIN_MERGE4,org.apache.tools.ant.gui.util,StackFrame,StackFrame,33,6,1
ant-ANT_13_MAIN_MERGE4,org.apache.tools.ant.gui.util,StackFrame,toString,5,1,1
ant-ANT_13_MAIN_MERGE4,org.apache.tools.ant.gui.util,StackFrame,getClassName,3,1,0
ant-ANT_13_MAIN_MERGE4,org.apache.tools.ant.gui.util,StackFrame,getMethodName,3,1,0
ant-ANT_13_MAIN_MERGE4,org.apache.tools.ant.gui.util,StackFrame,getLineNumber,3,1,0
ant-ANT_13_MAIN_MERGE4,org.apache.tools.ant.gui.util,StackFrame,toString,3,1,0
ant-ANT_13_MAIN_MERGE4,org.apache.tools.ant.gui.util,WindowUtils,WindowUtils,2,1,0
ant-ANT_13_MAIN_MERGE4,org.apache.tools.ant.gui.util,WindowUtils,sendCloseEvent,3,1,1
ant-ANT_13_MAIN_MERGE4,org.apache.tools.ant.gui.util,WindowUtils,centerWindow,5,1,2
ant-ANT_13_MAIN_MERGE4,org.apache.tools.ant.gui.util,WindowUtils,centerWindow,5,1,1
ant-ANT_13_MAIN_MERGE4,org.apache.tools.ant.gui.util,XMLHelper,init,9,1,0
ant-ANT_13_MAIN_MERGE4,org.apache.tools.ant.gui.wizard,AbstractWizardStep,init,0,1,0
ant-ANT_13_MAIN_MERGE4,org.apache.tools.ant.gui.wizard,AbstractWizardStep,setResources,3,1,1
ant-ANT_13_MAIN_MERGE4,org.apache.tools.ant.gui.wizard,AbstractWizardStep,getResources,3,1,0
ant-ANT_13_MAIN_MERGE4,org.apache.tools.ant.gui.wizard,AbstractWizardStep,setID,3,1,1
ant-ANT_13_MAIN_MERGE4,org.apache.tools.ant.gui.wizard,AbstractWizardStep,getID,3,1,0
ant-ANT_13_MAIN_MERGE4,org.apache.tools.ant.gui.wizard,AbstractWizardStep,setTitle,3,1,1
ant-ANT_13_MAIN_MERGE4,org.apache.tools.ant.gui.wizard,AbstractWizardStep,getTitle,3,1,0
ant-ANT_13_MAIN_MERGE4,org.apache.tools.ant.gui.wizard,AbstractWizardStep,setDescription,3,1,1
ant-ANT_13_MAIN_MERGE4,org.apache.tools.ant.gui.wizard,AbstractWizardStep,getDescription,3,1,0
ant-ANT_13_MAIN_MERGE4,org.apache.tools.ant.gui.wizard,AbstractWizardStep,setDataModel,3,1,1
ant-ANT_13_MAIN_MERGE4,org.apache.tools.ant.gui.wizard,AbstractWizardStep,getDataModel,3,1,0
ant-ANT_13_MAIN_MERGE4,org.apache.tools.ant.gui.wizard,AbstractWizardStep,getEditorComponent,7,2,0
ant-ANT_13_MAIN_MERGE4,org.apache.tools.ant.gui.wizard,AbstractWizardStep,getNext,3,1,0
ant-ANT_13_MAIN_MERGE4,org.apache.tools.ant.gui.wizard,AbstractWizardStep,getPrevious,3,1,0
ant-ANT_13_MAIN_MERGE4,org.apache.tools.ant.gui.wizard,AbstractWizardStep,toString,7,1,0
ant-ANT_13_MAIN_MERGE4,org.apache.tools.ant.gui.wizard,ButtonNavigator,ButtonNavigator,24,1,1
ant-ANT_13_MAIN_MERGE4,org.apache.tools.ant.gui.wizard,ButtonNavigator,addNavigatorListener,3,1,1
ant-ANT_13_MAIN_MERGE4,org.apache.tools.ant.gui.wizard,ButtonNavigator,removeNavigatorListener,3,1,1
ant-ANT_13_MAIN_MERGE4,org.apache.tools.ant.gui.wizard,ButtonNavigator,setBackEnabled,3,1,1
ant-ANT_13_MAIN_MERGE4,org.apache.tools.ant.gui.wizard,ButtonNavigator,setNextEnabled,3,1,1
ant-ANT_13_MAIN_MERGE4,org.apache.tools.ant.gui.wizard,ButtonNavigator,setFinishEnabled,3,1,1
ant-ANT_13_MAIN_MERGE4,org.apache.tools.ant.gui.wizard,ButtonNavigator,actionPerformed,34,10,1
ant-ANT_13_MAIN_MERGE4,org.apache.tools.ant.gui.wizard,ActionHandler,actionPerformed,34,10,1
ant-ANT_13_MAIN_MERGE4,org.apache.tools.ant.gui.wizard,DefaultStateMachine,getStepList,3,1,1
ant-ANT_13_MAIN_MERGE4,org.apache.tools.ant.gui.wizard,DefaultStateMachine,getNext,8,2,2
ant-ANT_13_MAIN_MERGE4,org.apache.tools.ant.gui.wizard,DefaultStateMachine,getPrevious,8,2,2
ant-ANT_13_MAIN_MERGE4,org.apache.tools.ant.gui.wizard,InstructionStep,init,12,1,0
ant-ANT_13_MAIN_MERGE4,org.apache.tools.ant.gui.wizard,InstructionStep,updateDisplay,2,1,0
ant-ANT_13_MAIN_MERGE4,org.apache.tools.ant.gui.wizard,InstructionStep,updateDataModel,2,1,0
ant-ANT_13_MAIN_MERGE4,org.apache.tools.ant.gui.wizard,NavigatorListener,nextStep,0,1,0
ant-ANT_13_MAIN_MERGE4,org.apache.tools.ant.gui.wizard,NavigatorListener,backStep,0,1,0
ant-ANT_13_MAIN_MERGE4,org.apache.tools.ant.gui.wizard,NavigatorListener,gotoStep,0,1,1
ant-ANT_13_MAIN_MERGE4,org.apache.tools.ant.gui.wizard,NavigatorListener,cancel,0,1,0
ant-ANT_13_MAIN_MERGE4,org.apache.tools.ant.gui.wizard,NavigatorListener,finish,0,1,0
ant-ANT_13_MAIN_MERGE4,org.apache.tools.ant.gui.wizard,StateMachine,getNext,0,1,2
ant-ANT_13_MAIN_MERGE4,org.apache.tools.ant.gui.wizard,StateMachine,getPrevious,0,1,2
ant-ANT_13_MAIN_MERGE4,org.apache.tools.ant.gui.wizard,Wizard,Wizard,51,3,1
ant-ANT_13_MAIN_MERGE4,org.apache.tools.ant.gui.wizard,Wizard,addWizardListener,3,1,1
ant-ANT_13_MAIN_MERGE4,org.apache.tools.ant.gui.wizard,Wizard,removeWizardListener,3,1,1
ant-ANT_13_MAIN_MERGE4,org.apache.tools.ant.gui.wizard,Wizard,showStep,13,2,1
ant-ANT_13_MAIN_MERGE4,org.apache.tools.ant.gui.wizard,Wizard,nextStep,7,2,0
ant-ANT_13_MAIN_MERGE4,org.apache.tools.ant.gui.wizard,Wizard,backStep,7,2,0
ant-ANT_13_MAIN_MERGE4,org.apache.tools.ant.gui.wizard,Wizard,gotoStep,4,1,1
ant-ANT_13_MAIN_MERGE4,org.apache.tools.ant.gui.wizard,Wizard,cancel,8,2,0
ant-ANT_13_MAIN_MERGE4,org.apache.tools.ant.gui.wizard,Wizard,finish,8,2,0
ant-ANT_13_MAIN_MERGE4,org.apache.tools.ant.gui.wizard,NavHandler,nextStep,7,2,0
ant-ANT_13_MAIN_MERGE4,org.apache.tools.ant.gui.wizard,NavHandler,backStep,7,2,0
ant-ANT_13_MAIN_MERGE4,org.apache.tools.ant.gui.wizard,NavHandler,gotoStep,4,1,1
ant-ANT_13_MAIN_MERGE4,org.apache.tools.ant.gui.wizard,NavHandler,cancel,8,2,0
ant-ANT_13_MAIN_MERGE4,org.apache.tools.ant.gui.wizard,NavHandler,finish,8,2,0
ant-ANT_13_MAIN_MERGE4,org.apache.tools.ant.gui.wizard,WizardData,getResources,0,1,0
ant-ANT_13_MAIN_MERGE4,org.apache.tools.ant.gui.wizard,WizardData,getStateMachine,0,1,0
ant-ANT_13_MAIN_MERGE4,org.apache.tools.ant.gui.wizard,WizardListener,finished,0,1,1
ant-ANT_13_MAIN_MERGE4,org.apache.tools.ant.gui.wizard,WizardListener,canceled,0,1,0
ant-ANT_13_MAIN_MERGE4,org.apache.tools.ant.gui.wizard,WizardNavigator,addNavigatorListener,0,1,1
ant-ANT_13_MAIN_MERGE4,org.apache.tools.ant.gui.wizard,WizardNavigator,removeNavigatorListener,0,1,1
ant-ANT_13_MAIN_MERGE4,org.apache.tools.ant.gui.wizard,WizardNavigator,setBackEnabled,0,1,1
ant-ANT_13_MAIN_MERGE4,org.apache.tools.ant.gui.wizard,WizardNavigator,setNextEnabled,0,1,1
ant-ANT_13_MAIN_MERGE4,org.apache.tools.ant.gui.wizard,WizardNavigator,setFinishEnabled,0,1,1
ant-ANT_13_MAIN_MERGE4,org.apache.tools.ant.gui.wizard,WizardStep,setResources,0,1,1
ant-ANT_13_MAIN_MERGE4,org.apache.tools.ant.gui.wizard,WizardStep,setID,0,1,1
ant-ANT_13_MAIN_MERGE4,org.apache.tools.ant.gui.wizard,WizardStep,getID,0,1,0
ant-ANT_13_MAIN_MERGE4,org.apache.tools.ant.gui.wizard,WizardStep,setTitle,0,1,1
ant-ANT_13_MAIN_MERGE4,org.apache.tools.ant.gui.wizard,WizardStep,getTitle,0,1,0
ant-ANT_13_MAIN_MERGE4,org.apache.tools.ant.gui.wizard,WizardStep,setDescription,0,1,1
ant-ANT_13_MAIN_MERGE4,org.apache.tools.ant.gui.wizard,WizardStep,getDescription,0,1,0
ant-ANT_13_MAIN_MERGE4,org.apache.tools.ant.gui.wizard,WizardStep,setDataModel,0,1,1
ant-ANT_13_MAIN_MERGE4,org.apache.tools.ant.gui.wizard,WizardStep,getDataModel,0,1,0
ant-ANT_13_MAIN_MERGE4,org.apache.tools.ant.gui.wizard,WizardStep,getEditorComponent,0,1,0
ant-ANT_13_MAIN_MERGE4,org.apache.tools.ant.gui.wizard,WizardStep,updateDisplay,0,1,0
ant-ANT_13_MAIN_MERGE4,org.apache.tools.ant.gui.wizard,WizardStep,updateDataModel,0,1,0
ant-ANT_13_MAIN_MERGE4,org.apache.tools.ant.gui.wizard,WizardStep,getNext,0,1,0
ant-ANT_13_MAIN_MERGE4,org.apache.tools.ant.gui.wizard,WizardStep,getPrevious,0,1,0
ant-ANT_13_MAIN_MERGE4,org.apache.tools.ant.gui.wizard.build,BuildData,BuildData,3,1,0
ant-ANT_13_MAIN_MERGE4,org.apache.tools.ant.gui.wizard.build,BuildData,getResources,3,1,0
ant-ANT_13_MAIN_MERGE4,org.apache.tools.ant.gui.wizard.build,BuildData,getStateMachine,3,1,0
ant-ANT_13_MAIN_MERGE4,org.apache.tools.ant.gui.wizard.build,BuildData,setProjectName,3,1,1
ant-ANT_13_MAIN_MERGE4,org.apache.tools.ant.gui.wizard.build,BuildData,getProjectName,3,1,0
ant-ANT_13_MAIN_MERGE4,org.apache.tools.ant.gui.wizard.build,BuildData,setOutputFile,3,1,1
ant-ANT_13_MAIN_MERGE4,org.apache.tools.ant.gui.wizard.build,BuildData,getOutputFile,3,1,0
ant-ANT_13_MAIN_MERGE4,org.apache.tools.ant.gui.wizard.build,BuildData,setNewProject,3,1,1
ant-ANT_13_MAIN_MERGE4,org.apache.tools.ant.gui.wizard.build,BuildData,isNewProject,3,1,0
ant-ANT_13_MAIN_MERGE4,org.apache.tools.ant.gui.wizard.build,BuildData,setOptionalSteps,3,1,1
ant-ANT_13_MAIN_MERGE4,org.apache.tools.ant.gui.wizard.build,BuildData,getOptionalSteps,3,1,0
ant-ANT_13_MAIN_MERGE4,org.apache.tools.ant.gui.wizard.build,BuildData,createProject,4,1,0
ant-ANT_13_MAIN_MERGE4,org.apache.tools.ant.gui.wizard.build,BuildStateMachine,getNext,3,1,2
ant-ANT_13_MAIN_MERGE4,org.apache.tools.ant.gui.wizard.build,BuildStateMachine,getNext,3,1,2
ant-ANT_13_MAIN_MERGE4,org.apache.tools.ant.gui.wizard.build,BuildStateMachine,getPrevious,3,1,2
ant-ANT_13_MAIN_MERGE4,org.apache.tools.ant.gui.wizard.build,BuildStateMachine,getPrevious,3,1,2
ant-ANT_13_MAIN_MERGE4,org.apache.tools.ant.gui.wizard.build,BuildStateMachine,getFollowingID,15,3,3
ant-ANT_13_MAIN_MERGE4,org.apache.tools.ant.gui.wizard.build,Builder,Builder,3,1,1
ant-ANT_13_MAIN_MERGE4,org.apache.tools.ant.gui.wizard.build,Builder,buildProject,5,1,0
ant-ANT_13_MAIN_MERGE4,org.apache.tools.ant.gui.wizard.build,CompileStep,init,2,1,0
ant-ANT_13_MAIN_MERGE4,org.apache.tools.ant.gui.wizard.build,CompileStep,updateDisplay,3,1,0
ant-ANT_13_MAIN_MERGE4,org.apache.tools.ant.gui.wizard.build,CompileStep,updateDataModel,3,1,0
ant-ANT_13_MAIN_MERGE4,org.apache.tools.ant.gui.wizard.build,CompileStep,getNext,3,1,0
ant-ANT_13_MAIN_MERGE4,org.apache.tools.ant.gui.wizard.build,CompileStep,getPrevious,3,1,0
ant-ANT_13_MAIN_MERGE4,org.apache.tools.ant.gui.wizard.build,FinishStep,updateDisplay,3,1,0
ant-ANT_13_MAIN_MERGE4,org.apache.tools.ant.gui.wizard.build,FinishStep,updateDataModel,3,1,0
ant-ANT_13_MAIN_MERGE4,org.apache.tools.ant.gui.wizard.build,FinishStep,getNext,3,1,0
ant-ANT_13_MAIN_MERGE4,org.apache.tools.ant.gui.wizard.build,FinishStep,getPrevious,3,1,0
ant-ANT_13_MAIN_MERGE4,org.apache.tools.ant.gui.wizard.build,JARStep,init,2,1,0
ant-ANT_13_MAIN_MERGE4,org.apache.tools.ant.gui.wizard.build,JARStep,updateDisplay,3,1,0
ant-ANT_13_MAIN_MERGE4,org.apache.tools.ant.gui.wizard.build,JARStep,updateDataModel,3,1,0
ant-ANT_13_MAIN_MERGE4,org.apache.tools.ant.gui.wizard.build,JARStep,getNext,3,1,0
ant-ANT_13_MAIN_MERGE4,org.apache.tools.ant.gui.wizard.build,JARStep,getPrevious,3,1,0
ant-ANT_13_MAIN_MERGE4,org.apache.tools.ant.gui.wizard.build,JavaDocStep,init,2,1,0
ant-ANT_13_MAIN_MERGE4,org.apache.tools.ant.gui.wizard.build,JavaDocStep,updateDisplay,3,1,0
ant-ANT_13_MAIN_MERGE4,org.apache.tools.ant.gui.wizard.build,JavaDocStep,updateDataModel,3,1,0
ant-ANT_13_MAIN_MERGE4,org.apache.tools.ant.gui.wizard.build,JavaDocStep,getNext,3,1,0
ant-ANT_13_MAIN_MERGE4,org.apache.tools.ant.gui.wizard.build,JavaDocStep,getPrevious,3,1,0
ant-ANT_13_MAIN_MERGE4,org.apache.tools.ant.gui.wizard.build,ProjectSetupStep,init,22,2,0
ant-ANT_13_MAIN_MERGE4,org.apache.tools.ant.gui.wizard.build,ProjectSetupStep,updateDisplay,11,3,0
ant-ANT_13_MAIN_MERGE4,org.apache.tools.ant.gui.wizard.build,ProjectSetupStep,updateDataModel,12,3,0
ant-ANT_13_MAIN_MERGE4,org.apache.tools.ant.gui.wizard.build,ProjectSetupStep,getNext,3,1,0
ant-ANT_13_MAIN_MERGE4,org.apache.tools.ant.gui.wizard.build,ProjectSetupStep,getPrevious,3,1,0
ant-ANT_13_MAIN_MERGE4,org.apache.tools.ant.gui.wizard.build,ProjectTypeStep,init,12,1,0
ant-ANT_13_MAIN_MERGE4,org.apache.tools.ant.gui.wizard.build,ProjectTypeStep,updateDisplay,4,1,0
ant-ANT_13_MAIN_MERGE4,org.apache.tools.ant.gui.wizard.build,ProjectTypeStep,updateDataModel,4,1,0
