Project Name,Package Name,Type Name,NOF,NOPF,NOM,NOPM,LOC,WMC,NC,DIT,LCOM,FANIN,FANOUT
ant-ANT_13_MAIN_MERGE4,org.apache.tools.ant.gui,About,0,0,2,2,53,2,0,0,-1.0,2,3
ant-ANT_13_MAIN_MERGE4,org.apache.tools.ant.gui,ActionHandler,0,0,1,1,8,1,0,0,-1.0,0,2
ant-ANT_13_MAIN_MERGE4,org.apache.tools.ant.gui,Antidote,1,0,2,1,61,6,0,0,0.0,1,0
ant-ANT_13_MAIN_MERGE4,org.apache.tools.ant.gui,Args,4,0,7,5,84,13,0,0,0.0,1,1
ant-ANT_13_MAIN_MERGE4,org.apache.tools.ant.gui,Main,0,0,3,3,65,7,0,0,-1.0,0,7
ant-ANT_13_MAIN_MERGE4,org.apache.tools.ant.gui.acs,ACSBeanDescriptor,0,0,1,1,12,1,0,0,-1.0,0,1
ant-ANT_13_MAIN_MERGE4,org.apache.tools.ant.gui.acs,ACSDefaultElement,0,0,1,1,12,1,0,1,-1.0,0,0
ant-ANT_13_MAIN_MERGE4,org.apache.tools.ant.gui.acs,ACSElement,2,1,7,5,78,11,2,0,0.7142857142857143,7,0
ant-ANT_13_MAIN_MERGE4,org.apache.tools.ant.gui.acs,ACSFactory,2,0,10,8,142,12,0,0,0.4,1,6
ant-ANT_13_MAIN_MERGE4,org.apache.tools.ant.gui.acs,ACSNamedElement,2,2,6,6,59,6,2,2,0.5,0,0
ant-ANT_13_MAIN_MERGE4,org.apache.tools.ant.gui.acs,ACSProjectElement,4,3,9,9,95,9,0,3,0.5555555555555556,14,0
ant-ANT_13_MAIN_MERGE4,org.apache.tools.ant.gui.acs,ACSProjectElementBeanInfo,0,0,5,5,54,5,0,1,-1.0,0,1
ant-ANT_13_MAIN_MERGE4,org.apache.tools.ant.gui.acs,Customizer,0,0,1,1,8,1,0,0,-1.0,0,0
ant-ANT_13_MAIN_MERGE4,org.apache.tools.ant.gui.acs,ACSPropertyElement,3,3,8,8,85,9,0,2,0.375,4,0
ant-ANT_13_MAIN_MERGE4,org.apache.tools.ant.gui.acs,ACSPropertyElementBeanInfo,0,0,5,5,53,5,0,1,-1.0,0,1
ant-ANT_13_MAIN_MERGE4,org.apache.tools.ant.gui.acs,Customizer,0,0,1,1,8,1,0,0,-1.0,0,0
ant-ANT_13_MAIN_MERGE4,org.apache.tools.ant.gui.acs,ACSTargetElement,3,3,7,7,85,10,0,3,0.5714285714285714,5,0
ant-ANT_13_MAIN_MERGE4,org.apache.tools.ant.gui.acs,ACSTargetElementBeanInfo,0,0,5,5,56,5,0,1,-1.0,0,1
ant-ANT_13_MAIN_MERGE4,org.apache.tools.ant.gui.acs,Customizer,0,0,1,1,8,1,0,0,-1.0,0,0
ant-ANT_13_MAIN_MERGE4,org.apache.tools.ant.gui.acs,ACSTaskElement,2,2,5,5,55,6,0,2,0.8,4,0
ant-ANT_13_MAIN_MERGE4,org.apache.tools.ant.gui.acs,ACSTaskElementBeanInfo,0,0,5,5,53,5,0,1,-1.0,0,1
ant-ANT_13_MAIN_MERGE4,org.apache.tools.ant.gui.acs,Customizer,0,0,1,1,8,1,0,0,-1.0,0,0
ant-ANT_13_MAIN_MERGE4,org.apache.tools.ant.gui.acs,ACSTreeNodeElement,0,0,0,0,7,0,3,1,-1.0,0,0
ant-ANT_13_MAIN_MERGE4,org.apache.tools.ant.gui.acs,BaseBeanInfo,3,1,8,5,74,10,4,0,0.75,1,2
ant-ANT_13_MAIN_MERGE4,org.apache.tools.ant.gui.acs,ElementTreeModel,2,0,14,12,187,27,0,0,0.0,0,1
ant-ANT_13_MAIN_MERGE4,org.apache.tools.ant.gui.acs,ElementTreeSelectionModel,0,0,2,2,33,5,0,0,-1.0,0,1
ant-ANT_13_MAIN_MERGE4,org.apache.tools.ant.gui.command,AboutCmd,0,0,2,2,19,2,0,2,-1.0,0,1
ant-ANT_13_MAIN_MERGE4,org.apache.tools.ant.gui.command,AbstractCommand,1,0,3,1,28,3,15,1,0.6666666666666666,0,1
ant-ANT_13_MAIN_MERGE4,org.apache.tools.ant.gui.command,BuildCmd,2,0,4,4,54,7,0,2,0.5,0,3
ant-ANT_13_MAIN_MERGE4,org.apache.tools.ant.gui.command,ChangeLookAndFeelCmd,0,0,2,2,20,2,0,2,-1.0,0,1
ant-ANT_13_MAIN_MERGE4,org.apache.tools.ant.gui.command,CloseCmd,1,0,3,3,40,6,0,2,0.6666666666666666,0,2
ant-ANT_13_MAIN_MERGE4,org.apache.tools.ant.gui.command,Command,0,0,1,0,11,1,1,0,-1.0,2,0
ant-ANT_13_MAIN_MERGE4,org.apache.tools.ant.gui.command,DisplayErrorCmd,2,0,8,8,85,9,0,2,0.5,2,3
ant-ANT_13_MAIN_MERGE4,org.apache.tools.ant.gui.command,MsgPanel,0,0,2,2,23,3,0,0,-1.0,0,2
ant-ANT_13_MAIN_MERGE4,org.apache.tools.ant.gui.command,EmacsNotifyCmd,1,0,2,2,29,3,0,2,1.0,0,2
ant-ANT_13_MAIN_MERGE4,org.apache.tools.ant.gui.command,ExitCmd,0,0,2,2,20,2,0,2,-1.0,0,2
ant-ANT_13_MAIN_MERGE4,org.apache.tools.ant.gui.command,LoadFileCmd,1,0,3,3,44,4,0,2,0.6666666666666666,2,2
ant-ANT_13_MAIN_MERGE4,org.apache.tools.ant.gui.command,NewProjectCmd,1,0,2,2,26,2,0,2,1.0,0,2
ant-ANT_13_MAIN_MERGE4,org.apache.tools.ant.gui.command,NewPropertyCmd,1,0,2,2,28,3,0,2,1.0,0,1
ant-ANT_13_MAIN_MERGE4,org.apache.tools.ant.gui.command,NewTargetCmd,1,0,2,2,27,2,0,2,1.0,0,1
ant-ANT_13_MAIN_MERGE4,org.apache.tools.ant.gui.command,NewTaskCmd,1,0,2,2,29,3,0,2,1.0,0,1
ant-ANT_13_MAIN_MERGE4,org.apache.tools.ant.gui.command,NoOpCmd,0,0,2,2,19,2,0,2,-1.0,0,1
ant-ANT_13_MAIN_MERGE4,org.apache.tools.ant.gui.command,OpenCmd,0,0,2,2,27,3,0,2,-1.0,0,1
ant-ANT_13_MAIN_MERGE4,org.apache.tools.ant.gui.command,SaveAsCmd,2,0,4,4,82,11,1,2,0.5,0,3
ant-ANT_13_MAIN_MERGE4,org.apache.tools.ant.gui.command,SaveCmd,0,0,1,1,18,2,0,3,-1.0,1,2
ant-ANT_13_MAIN_MERGE4,org.apache.tools.ant.gui.core,ActionManager,7,0,9,8,213,26,0,0,0.3333333333333333,1,6
ant-ANT_13_MAIN_MERGE4,org.apache.tools.ant.gui.core,Enabler,1,0,2,2,22,2,0,0,1.0,0,1
ant-ANT_13_MAIN_MERGE4,org.apache.tools.ant.gui.core,Filter,0,0,1,1,13,1,0,0,-1.0,6,0
ant-ANT_13_MAIN_MERGE4,org.apache.tools.ant.gui.core,AntAction,14,8,15,13,200,22,0,0,0.26666666666666666,2,2
ant-ANT_13_MAIN_MERGE4,org.apache.tools.ant.gui.core,AntModule,1,0,5,3,47,6,0,0,0.6,0,1
ant-ANT_13_MAIN_MERGE4,org.apache.tools.ant.gui.core,AppContext,6,0,8,8,89,8,0,0,0.5,42,5
ant-ANT_13_MAIN_MERGE4,org.apache.tools.ant.gui.core,BuildEventForwarder,1,0,9,8,73,9,0,0,0.0,1,1
ant-ANT_13_MAIN_MERGE4,org.apache.tools.ant.gui.core,EventDebugMonitor,1,0,4,4,40,4,0,0,1.0,0,1
ant-ANT_13_MAIN_MERGE4,org.apache.tools.ant.gui.core,Filter,0,0,1,1,8,1,0,0,-1.0,0,0
ant-ANT_13_MAIN_MERGE4,org.apache.tools.ant.gui.core,EventResponder,3,0,7,7,91,8,0,0,0.7142857142857143,0,3
ant-ANT_13_MAIN_MERGE4,org.apache.tools.ant.gui.core,ActionResponder,1,0,2,2,31,3,0,0,1.0,0,1
ant-ANT_13_MAIN_MERGE4,org.apache.tools.ant.gui.core,ActionFilter,0,0,1,1,8,1,0,0,-1.0,2,0
ant-ANT_13_MAIN_MERGE4,org.apache.tools.ant.gui.core,AntResponder,1,0,2,2,24,2,0,0,1.0,0,1
ant-ANT_13_MAIN_MERGE4,org.apache.tools.ant.gui.core,AntFilter,0,0,1,1,8,1,0,0,-1.0,2,0
ant-ANT_13_MAIN_MERGE4,org.apache.tools.ant.gui.core,EventToActionMapper,2,0,5,3,69,11,0,0,0.4,1,1
ant-ANT_13_MAIN_MERGE4,org.apache.tools.ant.gui.core,ProjectManager,6,0,16,15,239,25,0,0,0.4375,1,1
ant-ANT_13_MAIN_MERGE4,org.apache.tools.ant.gui.core,BuildRunner,3,0,3,2,81,9,0,0,0.0,0,1
ant-ANT_13_MAIN_MERGE4,org.apache.tools.ant.gui.core,ProjectSelectionMenu,4,0,6,6,95,9,0,0,0.6666666666666666,1,5
ant-ANT_13_MAIN_MERGE4,org.apache.tools.ant.gui.core,ProjectListener,2,0,2,2,37,3,0,0,1.0,0,3
ant-ANT_13_MAIN_MERGE4,org.apache.tools.ant.gui.core,Filter,0,0,1,1,8,1,0,0,-1.0,0,0
ant-ANT_13_MAIN_MERGE4,org.apache.tools.ant.gui.core,ActionHandler,0,0,1,1,9,1,0,0,-1.0,2,1
ant-ANT_13_MAIN_MERGE4,org.apache.tools.ant.gui.core,ResourceManager,4,0,15,14,208,22,0,0,0.13333333333333333,10,0
ant-ANT_13_MAIN_MERGE4,org.apache.tools.ant.gui.core,SelectionManager,4,0,7,7,74,9,0,0,0.5714285714285714,1,1
ant-ANT_13_MAIN_MERGE4,org.apache.tools.ant.gui.core,Filter,0,0,1,1,8,1,0,0,-1.0,0,0
ant-ANT_13_MAIN_MERGE4,org.apache.tools.ant.gui.core,XMLFileFilter,1,0,3,3,35,4,0,0,0.6666666666666666,0,1
ant-ANT_13_MAIN_MERGE4,org.apache.tools.ant.gui.customizer,AbstractPropertyEditor,4,1,14,12,126,15,7,0,0.5714285714285714,2,1
ant-ANT_13_MAIN_MERGE4,org.apache.tools.ant.gui.customizer,FocusHandler,2,0,3,3,36,4,0,0,0.0,0,1
ant-ANT_13_MAIN_MERGE4,org.apache.tools.ant.gui.customizer,DoublePropertyEditor,1,0,7,6,79,8,0,1,0.0,0,0
ant-ANT_13_MAIN_MERGE4,org.apache.tools.ant.gui.customizer,DynamicCustomizer,19,1,36,34,400,55,0,0,0.5277777777777778,4,3
ant-ANT_13_MAIN_MERGE4,org.apache.tools.ant.gui.customizer,EditorChangeListener,0,0,1,1,25,3,0,0,-1.0,1,0
ant-ANT_13_MAIN_MERGE4,org.apache.tools.ant.gui.customizer,PropertyComparator,0,0,1,1,20,3,0,0,-1.0,0,0
ant-ANT_13_MAIN_MERGE4,org.apache.tools.ant.gui.customizer,TestClass,10,0,21,21,83,21,0,0,0.5238095238095238,0,0
ant-ANT_13_MAIN_MERGE4,org.apache.tools.ant.gui.customizer,FilePropertyEditor,3,0,9,8,107,12,0,1,0.0,1,0
ant-ANT_13_MAIN_MERGE4,org.apache.tools.ant.gui.customizer,ActionHandler,0,0,1,1,19,2,0,0,-1.0,0,0
ant-ANT_13_MAIN_MERGE4,org.apache.tools.ant.gui.customizer,IntegerPropertyEditor,1,0,7,6,79,8,0,1,0.0,0,0
ant-ANT_13_MAIN_MERGE4,org.apache.tools.ant.gui.customizer,ObjectPropertyEditor,6,0,10,7,192,21,0,1,0.4,0,1
ant-ANT_13_MAIN_MERGE4,org.apache.tools.ant.gui.customizer,ActionHandler,0,0,1,1,34,4,0,0,-1.0,0,1
ant-ANT_13_MAIN_MERGE4,org.apache.tools.ant.gui.customizer,PropertiesPropertyEditor,7,0,15,14,188,26,0,1,0.4666666666666667,0,1
ant-ANT_13_MAIN_MERGE4,org.apache.tools.ant.gui.customizer,PropertiesTableModel,3,0,8,8,107,17,0,0,0.625,1,0
ant-ANT_13_MAIN_MERGE4,org.apache.tools.ant.gui.customizer,StringArrayPropertyEditor,1,0,7,6,78,12,0,1,0.0,0,0
ant-ANT_13_MAIN_MERGE4,org.apache.tools.ant.gui.customizer,StringPropertyEditor,1,0,8,7,68,9,0,1,0.25,0,0
ant-ANT_13_MAIN_MERGE4,org.apache.tools.ant.gui.event,AntBuildEvent,2,0,4,4,56,7,0,1,0.0,0,3
ant-ANT_13_MAIN_MERGE4,org.apache.tools.ant.gui.event,AntEvent,1,0,3,1,32,3,7,0,0.6666666666666666,0,1
ant-ANT_13_MAIN_MERGE4,org.apache.tools.ant.gui.event,BuildEventType,19,14,7,6,99,8,0,0,0.2857142857142857,4,1
ant-ANT_13_MAIN_MERGE4,org.apache.tools.ant.gui.event,BuildFinishedEvent,1,0,2,2,27,2,0,1,0.0,0,1
ant-ANT_13_MAIN_MERGE4,org.apache.tools.ant.gui.event,BuildStartedEvent,1,0,2,2,27,2,0,1,0.0,0,1
ant-ANT_13_MAIN_MERGE4,org.apache.tools.ant.gui.event,BusFilter,0,0,1,0,13,1,0,0,-1.0,2,0
ant-ANT_13_MAIN_MERGE4,org.apache.tools.ant.gui.event,BusMember,0,0,2,0,18,2,0,0,-1.0,2,0
ant-ANT_13_MAIN_MERGE4,org.apache.tools.ant.gui.event,ElementSelectionEvent,1,0,4,2,78,13,5,1,0.5,1,2
ant-ANT_13_MAIN_MERGE4,org.apache.tools.ant.gui.event,ErrorEvent,2,0,5,5,65,7,0,1,0.6,0,3
ant-ANT_13_MAIN_MERGE4,org.apache.tools.ant.gui.event,EventBus,6,4,6,6,111,16,0,0,0.5,2,3
ant-ANT_13_MAIN_MERGE4,org.apache.tools.ant.gui.event,EventDispatcher,1,0,2,2,36,7,0,0,0.0,1,2
ant-ANT_13_MAIN_MERGE4,org.apache.tools.ant.gui.event,NewElementEvent,0,0,1,0,12,1,4,0,-1.0,0,0
ant-ANT_13_MAIN_MERGE4,org.apache.tools.ant.gui.event,NewProjectEvent,0,0,2,2,24,3,0,3,-1.0,0,2
ant-ANT_13_MAIN_MERGE4,org.apache.tools.ant.gui.event,NewPropertyEvent,0,0,2,2,25,3,0,3,-1.0,0,2
ant-ANT_13_MAIN_MERGE4,org.apache.tools.ant.gui.event,NewTargetEvent,0,0,2,2,25,3,0,3,-1.0,0,2
ant-ANT_13_MAIN_MERGE4,org.apache.tools.ant.gui.event,NewTaskEvent,0,0,2,2,25,3,0,3,-1.0,0,2
ant-ANT_13_MAIN_MERGE4,org.apache.tools.ant.gui.event,NullSelectionEvent,0,0,1,1,15,1,0,2,-1.0,0,1
ant-ANT_13_MAIN_MERGE4,org.apache.tools.ant.gui.event,OpenRequestEvent,1,0,2,2,29,2,0,1,0.0,0,2
ant-ANT_13_MAIN_MERGE4,org.apache.tools.ant.gui.event,ProjectClosedEvent,0,0,1,1,14,1,0,1,-1.0,0,1
ant-ANT_13_MAIN_MERGE4,org.apache.tools.ant.gui.event,ProjectSelectedEvent,1,0,2,2,26,2,1,2,0.0,0,2
ant-ANT_13_MAIN_MERGE4,org.apache.tools.ant.gui.event,PropertySelectionEvent,0,0,2,2,21,2,1,2,-1.0,0,3
ant-ANT_13_MAIN_MERGE4,org.apache.tools.ant.gui.event,TargetSelectionEvent,0,0,2,2,21,2,1,2,-1.0,0,3
ant-ANT_13_MAIN_MERGE4,org.apache.tools.ant.gui.event,TaskSelectionEvent,0,0,2,2,21,2,1,2,-1.0,0,3
ant-ANT_13_MAIN_MERGE4,org.apache.tools.ant.gui.ide,EmacsNotifier,1,0,1,0,26,1,0,1,0.0,1,0
ant-ANT_13_MAIN_MERGE4,org.apache.tools.ant.gui.ide,FileErrorNotifier,1,0,8,7,72,12,1,0,0.875,0,0
ant-ANT_13_MAIN_MERGE4,org.apache.tools.ant.gui.modules,TargetMonitor,3,0,6,5,97,12,0,0,0.6666666666666666,0,2
ant-ANT_13_MAIN_MERGE4,org.apache.tools.ant.gui.modules,Handler,1,0,2,2,43,8,0,0,1.0,0,2
ant-ANT_13_MAIN_MERGE4,org.apache.tools.ant.gui.modules,Filter,0,0,1,1,13,1,0,0,-1.0,2,0
ant-ANT_13_MAIN_MERGE4,org.apache.tools.ant.gui.modules.console,BuildConsole,8,2,13,7,224,25,0,0,0.6153846153846154,0,4
ant-ANT_13_MAIN_MERGE4,org.apache.tools.ant.gui.modules.console,Handler,1,0,2,2,60,12,0,0,1.0,0,2
ant-ANT_13_MAIN_MERGE4,org.apache.tools.ant.gui.modules.console,ActionHandler,0,0,1,1,8,2,0,0,-1.0,0,0
ant-ANT_13_MAIN_MERGE4,org.apache.tools.ant.gui.modules.console,Filter,0,0,1,1,13,1,0,0,-1.0,2,0
ant-ANT_13_MAIN_MERGE4,org.apache.tools.ant.gui.modules.console,ConsoleStyleContext,3,2,6,1,78,7,0,0,0.3333333333333333,1,1
ant-ANT_13_MAIN_MERGE4,org.apache.tools.ant.gui.modules.console,LogLevelEnum,13,10,7,6,83,8,0,0,0.2857142857142857,4,1
ant-ANT_13_MAIN_MERGE4,org.apache.tools.ant.gui.modules.edit,ElementNavigator,3,0,10,9,131,15,0,0,0.8,2,2
ant-ANT_13_MAIN_MERGE4,org.apache.tools.ant.gui.modules.edit,Handler,1,0,2,2,50,6,0,0,1.0,0,1
ant-ANT_13_MAIN_MERGE4,org.apache.tools.ant.gui.modules.edit,SelectionForwarder,0,0,1,1,8,1,0,0,-1.0,0,0
ant-ANT_13_MAIN_MERGE4,org.apache.tools.ant.gui.modules.edit,Filter,0,0,1,1,13,1,0,0,-1.0,4,0
ant-ANT_13_MAIN_MERGE4,org.apache.tools.ant.gui.modules.edit,PopupHandler,0,0,4,3,21,5,0,0,-1.0,0,1
ant-ANT_13_MAIN_MERGE4,org.apache.tools.ant.gui.modules.edit,ElementTreeCellRenderer,0,0,1,1,25,2,0,0,-1.0,0,0
ant-ANT_13_MAIN_MERGE4,org.apache.tools.ant.gui.modules.edit,PropertyEditor,5,0,7,6,115,10,0,0,0.7142857142857143,0,2
ant-ANT_13_MAIN_MERGE4,org.apache.tools.ant.gui.modules.edit,Handler,1,0,2,2,29,3,0,0,1.0,0,1
ant-ANT_13_MAIN_MERGE4,org.apache.tools.ant.gui.modules.edit,Filter,0,0,1,1,13,1,0,0,-1.0,0,0
ant-ANT_13_MAIN_MERGE4,org.apache.tools.ant.gui.modules.edit,PropertyChangeForwarder,0,0,1,1,8,1,0,0,-1.0,1,0
ant-ANT_13_MAIN_MERGE4,org.apache.tools.ant.gui.util,ChangeLookAndFeel,2,0,3,2,68,6,0,0,0.0,2,3
ant-ANT_13_MAIN_MERGE4,org.apache.tools.ant.gui.util,ActionHandler,0,0,1,1,15,1,0,0,-1.0,0,2
ant-ANT_13_MAIN_MERGE4,org.apache.tools.ant.gui.util,LabelFieldGBC,0,0,5,5,58,5,0,0,-1.0,2,0
ant-ANT_13_MAIN_MERGE4,org.apache.tools.ant.gui.util,StackFrame,3,0,7,7,78,12,0,0,0.2857142857142857,5,1
ant-ANT_13_MAIN_MERGE4,org.apache.tools.ant.gui.util,WindowUtils,0,0,4,3,38,4,0,0,-1.0,5,0
ant-ANT_13_MAIN_MERGE4,org.apache.tools.ant.gui.util,XMLHelper,0,0,1,1,16,1,0,0,-1.0,1,0
ant-ANT_13_MAIN_MERGE4,org.apache.tools.ant.gui.wizard,AbstractWizardStep,6,0,15,13,140,16,1,1,0.4,0,2
ant-ANT_13_MAIN_MERGE4,org.apache.tools.ant.gui.wizard,ButtonNavigator,11,4,7,7,120,16,0,1,0.0,0,3
ant-ANT_13_MAIN_MERGE4,org.apache.tools.ant.gui.wizard,ActionHandler,0,0,1,1,39,10,0,0,-1.0,1,1
ant-ANT_13_MAIN_MERGE4,org.apache.tools.ant.gui.wizard,DefaultStateMachine,0,0,3,2,43,5,0,1,-1.0,0,2
ant-ANT_13_MAIN_MERGE4,org.apache.tools.ant.gui.wizard,InstructionStep,0,0,3,2,32,3,0,2,-1.0,0,0
ant-ANT_13_MAIN_MERGE4,org.apache.tools.ant.gui.wizard,NavigatorListener,0,0,5,0,28,5,1,0,-1.0,3,0
ant-ANT_13_MAIN_MERGE4,org.apache.tools.ant.gui.wizard,StateMachine,0,0,2,0,21,2,1,0,-1.0,0,2
ant-ANT_13_MAIN_MERGE4,org.apache.tools.ant.gui.wizard,Wizard,10,0,9,8,172,16,0,0,0.0,1,4
ant-ANT_13_MAIN_MERGE4,org.apache.tools.ant.gui.wizard,NavHandler,0,0,5,5,39,9,0,1,-1.0,0,1
ant-ANT_13_MAIN_MERGE4,org.apache.tools.ant.gui.wizard,WizardData,0,0,2,0,17,2,0,0,-1.0,5,0
ant-ANT_13_MAIN_MERGE4,org.apache.tools.ant.gui.wizard,WizardListener,0,0,2,0,16,2,0,0,-1.0,2,0
ant-ANT_13_MAIN_MERGE4,org.apache.tools.ant.gui.wizard,WizardNavigator,0,0,5,0,32,5,1,0,-1.0,1,1
ant-ANT_13_MAIN_MERGE4,org.apache.tools.ant.gui.wizard,WizardStep,0,0,14,0,74,14,1,0,-1.0,3,2
ant-ANT_13_MAIN_MERGE4,org.apache.tools.ant.gui.wizard.build,BuildData,6,0,12,12,100,12,0,0,0.5833333333333334,8,3
ant-ANT_13_MAIN_MERGE4,org.apache.tools.ant.gui.wizard.build,BuildStateMachine,1,0,5,4,66,7,0,0,0.0,0,3
ant-ANT_13_MAIN_MERGE4,org.apache.tools.ant.gui.wizard.build,Builder,1,0,2,2,27,2,0,0,0.0,1,1
ant-ANT_13_MAIN_MERGE4,org.apache.tools.ant.gui.wizard.build,CompileStep,0,0,5,4,37,5,0,1,-1.0,0,1
ant-ANT_13_MAIN_MERGE4,org.apache.tools.ant.gui.wizard.build,FinishStep,0,0,4,4,32,4,0,0,-1.0,1,1
ant-ANT_13_MAIN_MERGE4,org.apache.tools.ant.gui.wizard.build,JARStep,0,0,5,4,37,5,0,1,-1.0,0,1
ant-ANT_13_MAIN_MERGE4,org.apache.tools.ant.gui.wizard.build,JavaDocStep,0,0,5,4,37,5,0,1,-1.0,0,1
ant-ANT_13_MAIN_MERGE4,org.apache.tools.ant.gui.wizard.build,OptionalStep,0,0,0,0,7,0,3,0,-1.0,1,0
ant-ANT_13_MAIN_MERGE4,org.apache.tools.ant.gui.wizard.build,ProjectSetupStep,7,4,5,4,103,10,0,0,0.6,2,3
ant-ANT_13_MAIN_MERGE4,org.apache.tools.ant.gui.wizard.build,ProjectTypeStep,2,0,3,2,38,3,0,0,0.0,0,1
