Project Name,Package Name,Type Name,Code Smell
deeplearning4j-_old-deeplearning4j-parent-0.0.2,org.deeplearning4j.autoencoder,DeepAutoEncoder,Unutilized Abstraction
deeplearning4j-_old-deeplearning4j-parent-0.0.2,org.deeplearning4j.base,DeepLearningTest,Unutilized Abstraction
deeplearning4j-_old-deeplearning4j-parent-0.0.2,org.deeplearning4j.base,LFWLoader,Deficient Encapsulation
deeplearning4j-_old-deeplearning4j-parent-0.0.2,org.deeplearning4j.base,MnistFetcher,Deficient Encapsulation
deeplearning4j-_old-deeplearning4j-parent-0.0.2,org.deeplearning4j.berkeley,Counter,Cyclic-Dependent Modularization
deeplearning4j-_old-deeplearning4j-parent-0.0.2,org.deeplearning4j.berkeley,Counter,Insufficient Modularization
deeplearning4j-_old-deeplearning4j-parent-0.0.2,org.deeplearning4j.berkeley,CounterMap,Insufficient Modularization
deeplearning4j-_old-deeplearning4j-parent-0.0.2,org.deeplearning4j.berkeley,PairIterator,Unutilized Abstraction
deeplearning4j-_old-deeplearning4j-parent-0.0.2,org.deeplearning4j.berkeley,DefaultFactory,Unutilized Abstraction
deeplearning4j-_old-deeplearning4j-parent-0.0.2,org.deeplearning4j.berkeley,Iterators,Insufficient Modularization
deeplearning4j-_old-deeplearning4j-parent-0.0.2,org.deeplearning4j.berkeley,Transform,Unutilized Abstraction
deeplearning4j-_old-deeplearning4j-parent-0.0.2,org.deeplearning4j.berkeley,IteratorIterator,Unutilized Abstraction
deeplearning4j-_old-deeplearning4j-parent-0.0.2,org.deeplearning4j.berkeley,FilteredIterator,Unutilized Abstraction
deeplearning4j-_old-deeplearning4j-parent-0.0.2,org.deeplearning4j.berkeley,TransformingIterator,Unutilized Abstraction
deeplearning4j-_old-deeplearning4j-parent-0.0.2,org.deeplearning4j.berkeley,HashMapFactory,Unutilized Abstraction
deeplearning4j-_old-deeplearning4j-parent-0.0.2,org.deeplearning4j.berkeley,IdentityHashMapFactory,Unutilized Abstraction
deeplearning4j-_old-deeplearning4j-parent-0.0.2,org.deeplearning4j.berkeley,TreeMapFactory,Unutilized Abstraction
deeplearning4j-_old-deeplearning4j-parent-0.0.2,org.deeplearning4j.berkeley,WeakHashMapFactory,Unutilized Abstraction
deeplearning4j-_old-deeplearning4j-parent-0.0.2,org.deeplearning4j.berkeley,FirstComparator,Unutilized Abstraction
deeplearning4j-_old-deeplearning4j-parent-0.0.2,org.deeplearning4j.berkeley,ReverseFirstComparator,Unutilized Abstraction
deeplearning4j-_old-deeplearning4j-parent-0.0.2,org.deeplearning4j.berkeley,SecondComparator,Unutilized Abstraction
deeplearning4j-_old-deeplearning4j-parent-0.0.2,org.deeplearning4j.berkeley,ReverseSecondComparator,Unutilized Abstraction
deeplearning4j-_old-deeplearning4j-parent-0.0.2,org.deeplearning4j.berkeley,LexicographicPairComparator,Unutilized Abstraction
deeplearning4j-_old-deeplearning4j-parent-0.0.2,org.deeplearning4j.berkeley,DefaultLexicographicPairComparator,Unutilized Abstraction
deeplearning4j-_old-deeplearning4j-parent-0.0.2,org.deeplearning4j.berkeley,PriorityQueue,Unutilized Abstraction
deeplearning4j-_old-deeplearning4j-parent-0.0.2,org.deeplearning4j.berkeley,PriorityQueue,Cyclic-Dependent Modularization
deeplearning4j-_old-deeplearning4j-parent-0.0.2,org.deeplearning4j.berkeley,PriorityQueueInterface,Unutilized Abstraction
deeplearning4j-_old-deeplearning4j-parent-0.0.2,org.deeplearning4j.clustering,KMeansClustering,Unutilized Abstraction
deeplearning4j-_old-deeplearning4j-parent-0.0.2,org.deeplearning4j.conf,NeuralNetConfiguration,Unutilized Abstraction
deeplearning4j-_old-deeplearning4j-parent-0.0.2,org.deeplearning4j.conf,NeuralNetConfiguration,Deficient Encapsulation
deeplearning4j-_old-deeplearning4j-parent-0.0.2,org.deeplearning4j.conf,NeuralNetConfiguration,Insufficient Modularization
deeplearning4j-_old-deeplearning4j-parent-0.0.2,org.deeplearning4j.da,Builder,Unutilized Abstraction
deeplearning4j-_old-deeplearning4j-parent-0.0.2,org.deeplearning4j.datasets,DataSet,Insufficient Modularization
deeplearning4j-_old-deeplearning4j-parent-0.0.2,org.deeplearning4j.datasets,MyFrame,Unutilized Abstraction
deeplearning4j-_old-deeplearning4j-parent-0.0.2,org.deeplearning4j.datasets,InputPanel,Unutilized Abstraction
deeplearning4j-_old-deeplearning4j-parent-0.0.2,org.deeplearning4j.datasets,OutputPanel,Unutilized Abstraction
deeplearning4j-_old-deeplearning4j-parent-0.0.2,org.deeplearning4j.datasets,OptionsPanel,Unutilized Abstraction
deeplearning4j-_old-deeplearning4j-parent-0.0.2,org.deeplearning4j.datasets,MnistDbFile,Unutilized Abstraction
deeplearning4j-_old-deeplearning4j-parent-0.0.2,org.deeplearning4j.datasets,MnistImageFile,Unutilized Abstraction
deeplearning4j-_old-deeplearning4j-parent-0.0.2,org.deeplearning4j.datasets,MnistLabelFile,Unutilized Abstraction
deeplearning4j-_old-deeplearning4j-parent-0.0.2,org.deeplearning4j.datasets,MnistLabelFile,Broken Hierarchy
deeplearning4j-_old-deeplearning4j-parent-0.0.2,org.deeplearning4j.datasets.fetchers,BaseDataFetcher,Unutilized Abstraction
deeplearning4j-_old-deeplearning4j-parent-0.0.2,org.deeplearning4j.datasets.fetchers,IrisDataFetcher,Unutilized Abstraction
deeplearning4j-_old-deeplearning4j-parent-0.0.2,org.deeplearning4j.datasets.fetchers,IrisDataFetcher,Deficient Encapsulation
deeplearning4j-_old-deeplearning4j-parent-0.0.2,org.deeplearning4j.datasets.fetchers,IrisDataFetcher,Broken Hierarchy
deeplearning4j-_old-deeplearning4j-parent-0.0.2,org.deeplearning4j.datasets.fetchers,LFWDataFetcher,Unutilized Abstraction
deeplearning4j-_old-deeplearning4j-parent-0.0.2,org.deeplearning4j.datasets.fetchers,LFWDataFetcher,Deficient Encapsulation
deeplearning4j-_old-deeplearning4j-parent-0.0.2,org.deeplearning4j.datasets.fetchers,LFWDataFetcher,Broken Hierarchy
deeplearning4j-_old-deeplearning4j-parent-0.0.2,org.deeplearning4j.datasets.fetchers,MnistDataFetcher,Unutilized Abstraction
deeplearning4j-_old-deeplearning4j-parent-0.0.2,org.deeplearning4j.datasets.fetchers,MnistDataFetcher,Deficient Encapsulation
deeplearning4j-_old-deeplearning4j-parent-0.0.2,org.deeplearning4j.datasets.fetchers,BaseDataFetcherTest,Unutilized Abstraction
deeplearning4j-_old-deeplearning4j-parent-0.0.2,org.deeplearning4j.datasets.fetchers,IrisFetcherTest,Unutilized Abstraction
deeplearning4j-_old-deeplearning4j-parent-0.0.2,org.deeplearning4j.datasets.fetchers,MnistFetcherTest,Unutilized Abstraction
deeplearning4j-_old-deeplearning4j-parent-0.0.2,org.deeplearning4j.datasets.iterator,BaseDatasetIterator,Unutilized Abstraction
deeplearning4j-_old-deeplearning4j-parent-0.0.2,org.deeplearning4j.datasets.iterator,ListDataSetIteratorTest,Unutilized Abstraction
deeplearning4j-_old-deeplearning4j-parent-0.0.2,org.deeplearning4j.datasets.iterator.impl,IrisDataSetIterator,Unutilized Abstraction
deeplearning4j-_old-deeplearning4j-parent-0.0.2,org.deeplearning4j.datasets.iterator.impl,LFWDataSetIterator,Unutilized Abstraction
deeplearning4j-_old-deeplearning4j-parent-0.0.2,org.deeplearning4j.datasets.iterator.impl,ListDataSetIterator,Unutilized Abstraction
deeplearning4j-_old-deeplearning4j-parent-0.0.2,org.deeplearning4j.datasets.iterator.impl,BaseDataSetIteratorTest,Unutilized Abstraction
deeplearning4j-_old-deeplearning4j-parent-0.0.2,org.deeplearning4j.datasets.iterator.impl,IrisDataSetIteratorTest,Unutilized Abstraction
deeplearning4j-_old-deeplearning4j-parent-0.0.2,org.deeplearning4j.datasets.mnist.draw,DrawMnist,Unutilized Abstraction
deeplearning4j-_old-deeplearning4j-parent-0.0.2,org.deeplearning4j.datasets.mnist.draw,DrawMnistGreyScale,Deficient Encapsulation
deeplearning4j-_old-deeplearning4j-parent-0.0.2,org.deeplearning4j.datasets.mnist.draw,LoadAndDraw,Unutilized Abstraction
deeplearning4j-_old-deeplearning4j-parent-0.0.2,org.deeplearning4j.dbn,Builder,Unutilized Abstraction
deeplearning4j-_old-deeplearning4j-parent-0.0.2,org.deeplearning4j.dbn,Builder,Unutilized Abstraction
deeplearning4j-_old-deeplearning4j-parent-0.0.2,org.deeplearning4j.dbn,DBNTest,Unutilized Abstraction
deeplearning4j-_old-deeplearning4j-parent-0.0.2,org.deeplearning4j.distancefunction,BaseDistanceFunction,Unutilized Abstraction
deeplearning4j-_old-deeplearning4j-parent-0.0.2,org.deeplearning4j.distancefunction,BaseDistanceFunction,Broken Hierarchy
deeplearning4j-_old-deeplearning4j-parent-0.0.2,org.deeplearning4j.distancefunction,CosineSimilarity,Unutilized Abstraction
deeplearning4j-_old-deeplearning4j-parent-0.0.2,org.deeplearning4j.distancefunction,CosineSimilarity,Broken Hierarchy
deeplearning4j-_old-deeplearning4j-parent-0.0.2,org.deeplearning4j.distancefunction,DistanceFunction,Unnecessary Abstraction
deeplearning4j-_old-deeplearning4j-parent-0.0.2,org.deeplearning4j.distancefunction,EuclideanDistance,Unutilized Abstraction
deeplearning4j-_old-deeplearning4j-parent-0.0.2,org.deeplearning4j.distancefunction,EuclideanDistance,Broken Hierarchy
deeplearning4j-_old-deeplearning4j-parent-0.0.2,org.deeplearning4j.distancefunction,ManhattanDistance,Unutilized Abstraction
deeplearning4j-_old-deeplearning4j-parent-0.0.2,org.deeplearning4j.distancefunction,ManhattanDistance,Broken Hierarchy
deeplearning4j-_old-deeplearning4j-parent-0.0.2,org.deeplearning4j.eval,ModelTester,Unutilized Abstraction
deeplearning4j-_old-deeplearning4j-parent-0.0.2,org.deeplearning4j.exception,DeepLearningException,Unutilized Abstraction
deeplearning4j-_old-deeplearning4j-parent-0.0.2,org.deeplearning4j.nn,BaseMultiLayerNetwork,Unutilized Abstraction
deeplearning4j-_old-deeplearning4j-parent-0.0.2,org.deeplearning4j.nn,BaseMultiLayerNetwork,Deficient Encapsulation
deeplearning4j-_old-deeplearning4j-parent-0.0.2,org.deeplearning4j.nn,BaseMultiLayerNetwork,Cyclic-Dependent Modularization
deeplearning4j-_old-deeplearning4j-parent-0.0.2,org.deeplearning4j.nn,BaseMultiLayerNetwork,Insufficient Modularization
deeplearning4j-_old-deeplearning4j-parent-0.0.2,org.deeplearning4j.nn,Builder,Unutilized Abstraction
deeplearning4j-_old-deeplearning4j-parent-0.0.2,org.deeplearning4j.nn,Builder,Insufficient Modularization
deeplearning4j-_old-deeplearning4j-parent-0.0.2,org.deeplearning4j.nn,BaseNeuralNetwork,Deficient Encapsulation
deeplearning4j-_old-deeplearning4j-parent-0.0.2,org.deeplearning4j.nn,BaseNeuralNetwork,Rebellious Hierarchy
deeplearning4j-_old-deeplearning4j-parent-0.0.2,org.deeplearning4j.nn,BaseNeuralNetwork,Cyclic-Dependent Modularization
deeplearning4j-_old-deeplearning4j-parent-0.0.2,org.deeplearning4j.nn,BaseNeuralNetwork,Insufficient Modularization
deeplearning4j-_old-deeplearning4j-parent-0.0.2,org.deeplearning4j.nn,Builder,Unutilized Abstraction
deeplearning4j-_old-deeplearning4j-parent-0.0.2,org.deeplearning4j.nn,HiddenLayer,Insufficient Modularization
deeplearning4j-_old-deeplearning4j-parent-0.0.2,org.deeplearning4j.nn,Builder,Unutilized Abstraction
deeplearning4j-_old-deeplearning4j-parent-0.0.2,org.deeplearning4j.nn,LogisticRegression,Cyclic-Dependent Modularization
deeplearning4j-_old-deeplearning4j-parent-0.0.2,org.deeplearning4j.nn,LogisticRegression,Insufficient Modularization
deeplearning4j-_old-deeplearning4j-parent-0.0.2,org.deeplearning4j.nn,Builder,Unutilized Abstraction
deeplearning4j-_old-deeplearning4j-parent-0.0.2,org.deeplearning4j.nn,NeuralNetwork,Insufficient Modularization
deeplearning4j-_old-deeplearning4j-parent-0.0.2,org.deeplearning4j.nn,Persistable,Unutilized Abstraction
deeplearning4j-_old-deeplearning4j-parent-0.0.2,org.deeplearning4j.nn,HiddenLayerTest,Unutilized Abstraction
deeplearning4j-_old-deeplearning4j-parent-0.0.2,org.deeplearning4j.nn,LogisticTest,Unutilized Abstraction
deeplearning4j-_old-deeplearning4j-parent-0.0.2,org.deeplearning4j.nn,MatrixTests,Unutilized Abstraction
deeplearning4j-_old-deeplearning4j-parent-0.0.2,org.deeplearning4j.nn.activation,HardTanh,Unutilized Abstraction
deeplearning4j-_old-deeplearning4j-parent-0.0.2,org.deeplearning4j.nn.activation,Sigmoid,Unutilized Abstraction
deeplearning4j-_old-deeplearning4j-parent-0.0.2,org.deeplearning4j.nn.activation,Tanh,Unutilized Abstraction
deeplearning4j-_old-deeplearning4j-parent-0.0.2,org.deeplearning4j.optimize,LogisticRegressionOptimizer,Cyclic-Dependent Modularization
deeplearning4j-_old-deeplearning4j-parent-0.0.2,org.deeplearning4j.optimize,MultiLayerNetworkOptimizer,Cyclic-Dependent Modularization
deeplearning4j-_old-deeplearning4j-parent-0.0.2,org.deeplearning4j.optimize,NeuralNetworkOptimizer,Cyclic-Dependent Modularization
deeplearning4j-_old-deeplearning4j-parent-0.0.2,org.deeplearning4j.rbm,Builder,Unutilized Abstraction
deeplearning4j-_old-deeplearning4j-parent-0.0.2,org.deeplearning4j.rbm,Builder,Unutilized Abstraction
deeplearning4j-_old-deeplearning4j-parent-0.0.2,org.deeplearning4j.rbm,RBMOptimizer,Unutilized Abstraction
deeplearning4j-_old-deeplearning4j-parent-0.0.2,org.deeplearning4j.rbm,CRBMTest,Unutilized Abstraction
deeplearning4j-_old-deeplearning4j-parent-0.0.2,org.deeplearning4j.rbm,RBMTest,Unutilized Abstraction
deeplearning4j-_old-deeplearning4j-parent-0.0.2,org.deeplearning4j.rng,SynchronizedRandomGenerator,Unutilized Abstraction
deeplearning4j-_old-deeplearning4j-parent-0.0.2,org.deeplearning4j.sda,DenoisingAutoEncoderOptimizer,Unutilized Abstraction
deeplearning4j-_old-deeplearning4j-parent-0.0.2,org.deeplearning4j.sda,Builder,Unutilized Abstraction
deeplearning4j-_old-deeplearning4j-parent-0.0.2,org.deeplearning4j.sda,DenoisingTests,Unutilized Abstraction
deeplearning4j-_old-deeplearning4j-parent-0.0.2,org.deeplearning4j.sda,SdaTest,Unutilized Abstraction
deeplearning4j-_old-deeplearning4j-parent-0.0.2,org.deeplearning4j.transformation,Add,Unutilized Abstraction
deeplearning4j-_old-deeplearning4j-parent-0.0.2,org.deeplearning4j.transformation,Add,Broken Hierarchy
deeplearning4j-_old-deeplearning4j-parent-0.0.2,org.deeplearning4j.transformation,AddScalar,Unutilized Abstraction
deeplearning4j-_old-deeplearning4j-parent-0.0.2,org.deeplearning4j.transformation,Divide,Unutilized Abstraction
deeplearning4j-_old-deeplearning4j-parent-0.0.2,org.deeplearning4j.transformation,Divide,Broken Hierarchy
deeplearning4j-_old-deeplearning4j-parent-0.0.2,org.deeplearning4j.transformation,ExpTransform,Unutilized Abstraction
deeplearning4j-_old-deeplearning4j-parent-0.0.2,org.deeplearning4j.transformation,ExpTransform,Broken Hierarchy
deeplearning4j-_old-deeplearning4j-parent-0.0.2,org.deeplearning4j.transformation,LogTransform,Unutilized Abstraction
deeplearning4j-_old-deeplearning4j-parent-0.0.2,org.deeplearning4j.transformation,LogTransform,Broken Hierarchy
deeplearning4j-_old-deeplearning4j-parent-0.0.2,org.deeplearning4j.transformation,MatrixTransform,Unnecessary Abstraction
deeplearning4j-_old-deeplearning4j-parent-0.0.2,org.deeplearning4j.transformation,Multiply,Unutilized Abstraction
deeplearning4j-_old-deeplearning4j-parent-0.0.2,org.deeplearning4j.transformation,Multiply,Broken Hierarchy
deeplearning4j-_old-deeplearning4j-parent-0.0.2,org.deeplearning4j.transformation,MultiplyScalar,Unutilized Abstraction
deeplearning4j-_old-deeplearning4j-parent-0.0.2,org.deeplearning4j.transformation,PowScale,Unutilized Abstraction
deeplearning4j-_old-deeplearning4j-parent-0.0.2,org.deeplearning4j.transformation,ScalarMatrixTransform,Unutilized Abstraction
deeplearning4j-_old-deeplearning4j-parent-0.0.2,org.deeplearning4j.transformation,ScalarMatrixTransform,Broken Hierarchy
deeplearning4j-_old-deeplearning4j-parent-0.0.2,org.deeplearning4j.transformation,SqrtScalar,Unutilized Abstraction
deeplearning4j-_old-deeplearning4j-parent-0.0.2,org.deeplearning4j.transformation,SqrtScalar,Broken Hierarchy
deeplearning4j-_old-deeplearning4j-parent-0.0.2,org.deeplearning4j.transformation,Subtract,Unutilized Abstraction
deeplearning4j-_old-deeplearning4j-parent-0.0.2,org.deeplearning4j.transformation,Subtract,Broken Hierarchy
deeplearning4j-_old-deeplearning4j-parent-0.0.2,org.deeplearning4j.transformation,SubtractScalar,Unutilized Abstraction
deeplearning4j-_old-deeplearning4j-parent-0.0.2,org.deeplearning4j.util,ByteUtil,Unutilized Abstraction
deeplearning4j-_old-deeplearning4j-parent-0.0.2,org.deeplearning4j.util,MathUtils,Deficient Encapsulation
deeplearning4j-_old-deeplearning4j-parent-0.0.2,org.deeplearning4j.util,MathUtils,Insufficient Modularization
deeplearning4j-_old-deeplearning4j-parent-0.0.2,org.deeplearning4j.util,MatrixUtil,Insufficient Modularization
deeplearning4j-_old-deeplearning4j-parent-0.0.2,org.deeplearning4j.util,SerializationUtils,Unutilized Abstraction
deeplearning4j-_old-deeplearning4j-parent-0.0.2,org.deeplearning4j.example.mnist,MnistExample,Unutilized Abstraction
deeplearning4j-_old-deeplearning4j-parent-0.0.2,org.deeplearning4j.example.mnist,MnistExampleMultiThreaded,Unutilized Abstraction
deeplearning4j-_old-deeplearning4j-parent-0.0.2,org.deeplearning4j.example.mnist,RBMMnistExample,Unutilized Abstraction
deeplearning4j-_old-deeplearning4j-parent-0.0.2,org.deeplearning4j.apps,Word2VecQuizzer,Unutilized Abstraction
deeplearning4j-_old-deeplearning4j-parent-0.0.2,org.deeplearning4j.apps,Word2VecTrainer,Unutilized Abstraction
deeplearning4j-_old-deeplearning4j-parent-0.0.2,org.deeplearning4j.apps,DataSetTester,Unutilized Abstraction
deeplearning4j-_old-deeplearning4j-parent-0.0.2,org.deeplearning4j.apps,DataSetTrainer,Unutilized Abstraction
deeplearning4j-_old-deeplearning4j-parent-0.0.2,org.deeplearning4j.iterativereduce.actor,BatchActor,Unutilized Abstraction
deeplearning4j-_old-deeplearning4j-parent-0.0.2,org.deeplearning4j.iterativereduce.actor,BatchActorFactory,Unutilized Abstraction
deeplearning4j-_old-deeplearning4j-parent-0.0.2,org.deeplearning4j.stopwords,StopWords,Unutilized Abstraction
deeplearning4j-_old-deeplearning4j-parent-0.0.2,org.deeplearning4j.word2vec,Huffman,Unutilized Abstraction
deeplearning4j-_old-deeplearning4j-parent-0.0.2,org.deeplearning4j.word2vec,ModelReader,Unutilized Abstraction
deeplearning4j-_old-deeplearning4j-parent-0.0.2,org.deeplearning4j.word2vec,ModelTrainer,Unutilized Abstraction
deeplearning4j-_old-deeplearning4j-parent-0.0.2,org.deeplearning4j.word2vec,VocabWord,Insufficient Modularization
deeplearning4j-_old-deeplearning4j-parent-0.0.2,org.deeplearning4j.word2vec,Word2Vec,Deficient Encapsulation
deeplearning4j-_old-deeplearning4j-parent-0.0.2,org.deeplearning4j.word2vec,Word2Vec,Insufficient Modularization
deeplearning4j-_old-deeplearning4j-parent-0.0.2,org.deeplearning4j.word2vec.actor,SentenceActor,Unutilized Abstraction
deeplearning4j-_old-deeplearning4j-parent-0.0.2,org.deeplearning4j.word2vec.actor,SentenceActorCreator,Unutilized Abstraction
deeplearning4j-_old-deeplearning4j-parent-0.0.2,org.deeplearning4j.word2vec.actor,VocabMessage,Unutilized Abstraction
deeplearning4j-_old-deeplearning4j-parent-0.0.2,org.deeplearning4j.word2vec.iterator,Word2VecDataFetcher,Unutilized Abstraction
deeplearning4j-_old-deeplearning4j-parent-0.0.2,org.deeplearning4j.word2vec.iterator,Word2VecDataSetIteratorImpl,Unutilized Abstraction
deeplearning4j-_old-deeplearning4j-parent-0.0.2,org.deeplearning4j.word2vec.ner,InputHomogenization,Unutilized Abstraction
deeplearning4j-_old-deeplearning4j-parent-0.0.2,org.deeplearning4j.word2vec.sentenceiterator,BaseSentenceIterator,Unutilized Abstraction
deeplearning4j-_old-deeplearning4j-parent-0.0.2,org.deeplearning4j.word2vec.sentenceiterator,CollectionSentenceIterator,Unutilized Abstraction
deeplearning4j-_old-deeplearning4j-parent-0.0.2,org.deeplearning4j.word2vec.sentenceiterator,CollectionSentenceIterator,Broken Hierarchy
deeplearning4j-_old-deeplearning4j-parent-0.0.2,org.deeplearning4j.word2vec.sentenceiterator,FileSentenceIterator,Unutilized Abstraction
deeplearning4j-_old-deeplearning4j-parent-0.0.2,org.deeplearning4j.word2vec.sentenceiterator,FileSentenceIterator,Broken Hierarchy
deeplearning4j-_old-deeplearning4j-parent-0.0.2,org.deeplearning4j.word2vec.sentenceiterator,LineSentenceIterator,Unutilized Abstraction
deeplearning4j-_old-deeplearning4j-parent-0.0.2,org.deeplearning4j.word2vec.sentenceiterator,LineSentenceIterator,Broken Hierarchy
deeplearning4j-_old-deeplearning4j-parent-0.0.2,org.deeplearning4j.word2vec.similarity,Word2VecSimilarity,Unutilized Abstraction
deeplearning4j-_old-deeplearning4j-parent-0.0.2,org.deeplearning4j.word2vec.similarity,Word2VecSimilarityTester,Unutilized Abstraction
deeplearning4j-_old-deeplearning4j-parent-0.0.2,org.deeplearning4j.word2vec.tokenizer,DefaultTokenizer,Unutilized Abstraction
deeplearning4j-_old-deeplearning4j-parent-0.0.2,org.deeplearning4j.word2vec.tokenizer,DefaultTokenizerFactory,Unutilized Abstraction
deeplearning4j-_old-deeplearning4j-parent-0.0.2,org.deeplearning4j.word2vec.viterbi,Datum,Deficient Encapsulation
deeplearning4j-_old-deeplearning4j-parent-0.0.2,org.deeplearning4j.word2vec.viterbi,ViterbiTrainer,Unutilized Abstraction
deeplearning4j-_old-deeplearning4j-parent-0.0.2,org.deeplearning4j.iterativereduce.actor.core,FinishMessage,Unnecessary Abstraction
deeplearning4j-_old-deeplearning4j-parent-0.0.2,org.deeplearning4j.iterativereduce.actor.core,FinishMessage,Unutilized Abstraction
deeplearning4j-_old-deeplearning4j-parent-0.0.2,org.deeplearning4j.iterativereduce.actor.core,ResetMessage,Unnecessary Abstraction
deeplearning4j-_old-deeplearning4j-parent-0.0.2,org.deeplearning4j.iterativereduce.actor.core,ResetMessage,Unutilized Abstraction
deeplearning4j-_old-deeplearning4j-parent-0.0.2,org.deeplearning4j.iterativereduce.actor.core,SerializableFileIter,Unutilized Abstraction
deeplearning4j-_old-deeplearning4j-parent-0.0.2,org.deeplearning4j.iterativereduce.actor.core,ShutdownMessage,Unnecessary Abstraction
deeplearning4j-_old-deeplearning4j-parent-0.0.2,org.deeplearning4j.iterativereduce.actor.core,ShutdownMessage,Unutilized Abstraction
deeplearning4j-_old-deeplearning4j-parent-0.0.2,org.deeplearning4j.iterativereduce.actor.core.actor,BatchActor,Deficient Encapsulation
deeplearning4j-_old-deeplearning4j-parent-0.0.2,org.deeplearning4j.iterativereduce.actor.core.actor,BatchActorFactory,Unutilized Abstraction
deeplearning4j-_old-deeplearning4j-parent-0.0.2,org.deeplearning4j.iterativereduce.actor.core.actor,DoneReaper,Deficient Encapsulation
deeplearning4j-_old-deeplearning4j-parent-0.0.2,org.deeplearning4j.iterativereduce.actor.core.actor,MasterActor,Deficient Encapsulation
deeplearning4j-_old-deeplearning4j-parent-0.0.2,org.deeplearning4j.iterativereduce.actor.core.actor,MasterActor,Insufficient Modularization
deeplearning4j-_old-deeplearning4j-parent-0.0.2,org.deeplearning4j.iterativereduce.actor.core.actor,MasterActorFactory,Unutilized Abstraction
deeplearning4j-_old-deeplearning4j-parent-0.0.2,org.deeplearning4j.iterativereduce.actor.core.actor,ModelSavingActor,Deficient Encapsulation
deeplearning4j-_old-deeplearning4j-parent-0.0.2,org.deeplearning4j.iterativereduce.actor.core.actor,ModelSavingActorFactory,Unutilized Abstraction
deeplearning4j-_old-deeplearning4j-parent-0.0.2,org.deeplearning4j.iterativereduce.actor.core.actor,WorkerActor,Unutilized Abstraction
deeplearning4j-_old-deeplearning4j-parent-0.0.2,org.deeplearning4j.iterativereduce.actor.core.actor,WorkerActor,Deficient Encapsulation
deeplearning4j-_old-deeplearning4j-parent-0.0.2,org.deeplearning4j.iterativereduce.actor.core.actor,WorkerActor,Insufficient Modularization
deeplearning4j-_old-deeplearning4j-parent-0.0.2,org.deeplearning4j.iterativereduce.actor.core.actor,WorkerActorFactory,Unutilized Abstraction
deeplearning4j-_old-deeplearning4j-parent-0.0.2,org.deeplearning4j.iterativereduce.actor.multilayer,ActorNetworkRunner,Cyclic-Dependent Modularization
deeplearning4j-_old-deeplearning4j-parent-0.0.2,org.deeplearning4j.iterativereduce.actor.multilayer,ActorNetworkRunnerApp,Insufficient Modularization
deeplearning4j-_old-deeplearning4j-parent-0.0.2,org.deeplearning4j.iterativereduce.actor.multilayer,MasterActor,Cyclic-Dependent Modularization
deeplearning4j-_old-deeplearning4j-parent-0.0.2,org.deeplearning4j.iterativereduce.actor.multilayer,MasterActorFactory,Unutilized Abstraction
deeplearning4j-_old-deeplearning4j-parent-0.0.2,org.deeplearning4j.iterativereduce.actor.multilayer,WorkerActor,Deficient Encapsulation
deeplearning4j-_old-deeplearning4j-parent-0.0.2,org.deeplearning4j.iterativereduce.actor.multilayer,WorkerActor,Cyclic-Dependent Modularization
deeplearning4j-_old-deeplearning4j-parent-0.0.2,org.deeplearning4j.iterativereduce.actor.multilayer,WorkerActor,Insufficient Modularization
deeplearning4j-_old-deeplearning4j-parent-0.0.2,org.deeplearning4j.iterativereduce.actor.multilayer,WorkerActorFactory,Unutilized Abstraction
deeplearning4j-_old-deeplearning4j-parent-0.0.2,org.deeplearning4j.iterativereduce.actor.single,ActorNetworkRunner,Cyclic-Dependent Modularization
deeplearning4j-_old-deeplearning4j-parent-0.0.2,org.deeplearning4j.iterativereduce.actor.single,ActorNetworkRunnerApp,Insufficient Modularization
deeplearning4j-_old-deeplearning4j-parent-0.0.2,org.deeplearning4j.iterativereduce.actor.single,MasterActor,Cyclic-Dependent Modularization
deeplearning4j-_old-deeplearning4j-parent-0.0.2,org.deeplearning4j.iterativereduce.actor.single,MasterActorFactory,Unutilized Abstraction
deeplearning4j-_old-deeplearning4j-parent-0.0.2,org.deeplearning4j.iterativereduce.actor.single,WorkerActor,Deficient Encapsulation
deeplearning4j-_old-deeplearning4j-parent-0.0.2,org.deeplearning4j.iterativereduce.actor.single,WorkerActor,Cyclic-Dependent Modularization
deeplearning4j-_old-deeplearning4j-parent-0.0.2,org.deeplearning4j.iterativereduce.actor.single,WorkerActorFactory,Unutilized Abstraction
deeplearning4j-_old-deeplearning4j-parent-0.0.2,org.deeplearning4j.iterativereduce.akka,ComputableMasterAkka,Unutilized Abstraction
deeplearning4j-_old-deeplearning4j-parent-0.0.2,org.deeplearning4j.iterativereduce.akka,ComputableWorkerAkka,Unutilized Abstraction
deeplearning4j-_old-deeplearning4j-parent-0.0.2,org.deeplearning4j.scaleout.conf,Conf,Insufficient Modularization
deeplearning4j-_old-deeplearning4j-parent-0.0.2,org.deeplearning4j.scaleout.conf,DeepLearningConfigurable,Unutilized Abstraction
deeplearning4j-_old-deeplearning4j-parent-0.0.2,org.deeplearning4j.scaleout.conf,DeepLearningConfigurable,Deficient Encapsulation
deeplearning4j-_old-deeplearning4j-parent-0.0.2,org.deeplearning4j.scaleout.conf,ExtraParamsBuilder,Unutilized Abstraction
deeplearning4j-_old-deeplearning4j-parent-0.0.2,org.deeplearning4j.scaleout.iterativereduce,ComputableMaster,Unutilized Abstraction
deeplearning4j-_old-deeplearning4j-parent-0.0.2,org.deeplearning4j.scaleout.iterativereduce,ComputableWorker,Unutilized Abstraction
deeplearning4j-_old-deeplearning4j-parent-0.0.2,org.deeplearning4j.scaleout.core.conf,DeepLearningConfigurableDistributed,Unnecessary Abstraction
deeplearning4j-_old-deeplearning4j-parent-0.0.2,org.deeplearning4j.scaleout.core.conf,DeepLearningConfigurableDistributed,Unutilized Abstraction
deeplearning4j-_old-deeplearning4j-parent-0.0.2,org.deeplearning4j.scaleout.core.conf,DeepLearningConfigurableDistributed,Deficient Encapsulation
deeplearning4j-_old-deeplearning4j-parent-0.0.2,org.deeplearning4j.scaleout.iterativereduce.multi,ComputableMasterImpl,Unutilized Abstraction
deeplearning4j-_old-deeplearning4j-parent-0.0.2,org.deeplearning4j.scaleout.iterativereduce.multi,ComputableWorkerImpl,Unutilized Abstraction
deeplearning4j-_old-deeplearning4j-parent-0.0.2,org.deeplearning4j.scaleout.iterativereduce.single,ComputableMasterImpl,Unutilized Abstraction
deeplearning4j-_old-deeplearning4j-parent-0.0.2,org.deeplearning4j.scaleout.iterativereduce.single,ComputableWorkerImpl,Unutilized Abstraction
deeplearning4j-_old-deeplearning4j-parent-0.0.2,org.deeplearning4j.scaleout.zookeeper,ZookeeperBuilder,Unutilized Abstraction
deeplearning4j-_old-deeplearning4j-parent-0.0.2,org.deeplearning4j.scaleout.zookeeper,ZookeeperPathBuilder,Unutilized Abstraction
deeplearning4j-_old-deeplearning4j-parent-0.0.2,org.deeplearning4j.zookeeper,TestZookeeperRegister,Unutilized Abstraction
