Project Name,Package Name,Type Name,Method Name,Code Smell
deeplearning4j-_old-deeplearning4j-parent-0.0.2,org.deeplearning4j.base,DeepLearningTest,getMnistExample,Long Statement
deeplearning4j-_old-deeplearning4j-parent-0.0.2,org.deeplearning4j.base,DeepLearningTest,getMnistExample,Long Statement
deeplearning4j-_old-deeplearning4j-parent-0.0.2,org.deeplearning4j.base,DeepLearningTest,getMnistExample,Magic Number
deeplearning4j-_old-deeplearning4j-parent-0.0.2,org.deeplearning4j.base,DeepLearningTest,getMnistExampleBatches,Long Statement
deeplearning4j-_old-deeplearning4j-parent-0.0.2,org.deeplearning4j.base,DeepLearningTest,getMnistExampleBatches,Magic Number
deeplearning4j-_old-deeplearning4j-parent-0.0.2,org.deeplearning4j.base,DeepLearningTest,getMnistExampleBatches,Magic Number
deeplearning4j-_old-deeplearning4j-parent-0.0.2,org.deeplearning4j.base,DeepLearningTest,getMnistExampleBatch,Complex Conditional
deeplearning4j-_old-deeplearning4j-parent-0.0.2,org.deeplearning4j.base,DeepLearningTest,getMnistExampleBatch,Long Statement
deeplearning4j-_old-deeplearning4j-parent-0.0.2,org.deeplearning4j.base,DeepLearningTest,getMnistExampleBatch,Long Statement
deeplearning4j-_old-deeplearning4j-parent-0.0.2,org.deeplearning4j.base,DeepLearningTest,getMnistExampleBatch,Magic Number
deeplearning4j-_old-deeplearning4j-parent-0.0.2,org.deeplearning4j.base,DeepLearningTest,getMnistExampleBatch,Magic Number
deeplearning4j-_old-deeplearning4j-parent-0.0.2,org.deeplearning4j.base,DeepLearningTest,getMnistExampleBatch,Magic Number
deeplearning4j-_old-deeplearning4j-parent-0.0.2,org.deeplearning4j.base,IrisUtils,loadIris,Magic Number
deeplearning4j-_old-deeplearning4j-parent-0.0.2,org.deeplearning4j.base,IrisUtils,loadIris,Magic Number
deeplearning4j-_old-deeplearning4j-parent-0.0.2,org.deeplearning4j.base,IrisUtils,loadIris,Magic Number
deeplearning4j-_old-deeplearning4j-parent-0.0.2,org.deeplearning4j.base,IrisUtils,loadIris,Magic Number
deeplearning4j-_old-deeplearning4j-parent-0.0.2,org.deeplearning4j.base,IrisUtils,loadIris,Magic Number
deeplearning4j-_old-deeplearning4j-parent-0.0.2,org.deeplearning4j.base,IrisUtils,loadIris,Magic Number
deeplearning4j-_old-deeplearning4j-parent-0.0.2,org.deeplearning4j.base,IrisUtils,loadIris,Magic Number
deeplearning4j-_old-deeplearning4j-parent-0.0.2,org.deeplearning4j.base,IrisUtils,loadIris,Magic Number
deeplearning4j-_old-deeplearning4j-parent-0.0.2,org.deeplearning4j.base,IrisUtils,loadIris,Magic Number
deeplearning4j-_old-deeplearning4j-parent-0.0.2,org.deeplearning4j.base,IrisUtils,loadIris,Magic Number
deeplearning4j-_old-deeplearning4j-parent-0.0.2,org.deeplearning4j.base,IrisUtils,loadIris,Magic Number
deeplearning4j-_old-deeplearning4j-parent-0.0.2,org.deeplearning4j.base,IrisUtils,loadIris,Magic Number
deeplearning4j-_old-deeplearning4j-parent-0.0.2,org.deeplearning4j.base,IrisUtils,loadIris,Magic Number
deeplearning4j-_old-deeplearning4j-parent-0.0.2,org.deeplearning4j.base,IrisUtils,loadIris,Magic Number
deeplearning4j-_old-deeplearning4j-parent-0.0.2,org.deeplearning4j.base,IrisUtils,loadIris,Magic Number
deeplearning4j-_old-deeplearning4j-parent-0.0.2,org.deeplearning4j.base,IrisUtils,loadIris,Magic Number
deeplearning4j-_old-deeplearning4j-parent-0.0.2,org.deeplearning4j.base,IrisUtils,loadIris,Magic Number
deeplearning4j-_old-deeplearning4j-parent-0.0.2,org.deeplearning4j.base,IrisUtils,addRow,Magic Number
deeplearning4j-_old-deeplearning4j-parent-0.0.2,org.deeplearning4j.base,IrisUtils,addRow,Magic Number
deeplearning4j-_old-deeplearning4j-parent-0.0.2,org.deeplearning4j.base,LFWLoader,getIfNotExists,Long Statement
deeplearning4j-_old-deeplearning4j-parent-0.0.2,org.deeplearning4j.base,LFWLoader,getDataFor,Long Statement
deeplearning4j-_old-deeplearning4j-parent-0.0.2,org.deeplearning4j.base,LFWLoader,untarFile,Long Statement
deeplearning4j-_old-deeplearning4j-parent-0.0.2,org.deeplearning4j.base,MnistFetcher,untarFile,Long Statement
deeplearning4j-_old-deeplearning4j-parent-0.0.2,org.deeplearning4j.berkeley,Counter,maxMinHelp,Complex Conditional
deeplearning4j-_old-deeplearning4j-parent-0.0.2,org.deeplearning4j.berkeley,Counter,toStringSortedByKeys,Magic Number
deeplearning4j-_old-deeplearning4j-parent-0.0.2,org.deeplearning4j.berkeley,Counter,main,Magic Number
deeplearning4j-_old-deeplearning4j-parent-0.0.2,org.deeplearning4j.berkeley,Counter,main,Magic Number
deeplearning4j-_old-deeplearning4j-parent-0.0.2,org.deeplearning4j.berkeley,CounterMap,toString,Magic Number
deeplearning4j-_old-deeplearning4j-parent-0.0.2,org.deeplearning4j.berkeley,CounterMap,toString,Magic Number
deeplearning4j-_old-deeplearning4j-parent-0.0.2,org.deeplearning4j.berkeley,CounterMap,CounterMap,Long Statement
deeplearning4j-_old-deeplearning4j-parent-0.0.2,org.deeplearning4j.berkeley,CounterMap,main,Magic Number
deeplearning4j-_old-deeplearning4j-parent-0.0.2,org.deeplearning4j.berkeley,CounterMap,main,Magic Number
deeplearning4j-_old-deeplearning4j-parent-0.0.2,org.deeplearning4j.berkeley,Iterators,thread,Magic Number
deeplearning4j-_old-deeplearning4j-parent-0.0.2,org.deeplearning4j.berkeley,Pair,hashCode,Magic Number
deeplearning4j-_old-deeplearning4j-parent-0.0.2,org.deeplearning4j.berkeley,PriorityQueue,parent,Magic Number
deeplearning4j-_old-deeplearning4j-parent-0.0.2,org.deeplearning4j.berkeley,PriorityQueue,leftChild,Magic Number
deeplearning4j-_old-deeplearning4j-parent-0.0.2,org.deeplearning4j.berkeley,PriorityQueue,rightChild,Magic Number
deeplearning4j-_old-deeplearning4j-parent-0.0.2,org.deeplearning4j.berkeley,PriorityQueue,rightChild,Magic Number
deeplearning4j-_old-deeplearning4j-parent-0.0.2,org.deeplearning4j.berkeley,PriorityQueue,add,Magic Number
deeplearning4j-_old-deeplearning4j-parent-0.0.2,org.deeplearning4j.berkeley,PriorityQueue,toString,Magic Number
deeplearning4j-_old-deeplearning4j-parent-0.0.2,org.deeplearning4j.berkeley,PriorityQueue,PriorityQueue,Magic Number
deeplearning4j-_old-deeplearning4j-parent-0.0.2,org.deeplearning4j.berkeley,PriorityQueue,PriorityQueue,Magic Number
deeplearning4j-_old-deeplearning4j-parent-0.0.2,org.deeplearning4j.berkeley,PriorityQueue,main,Magic Number
deeplearning4j-_old-deeplearning4j-parent-0.0.2,org.deeplearning4j.berkeley,PriorityQueue,main,Magic Number
deeplearning4j-_old-deeplearning4j-parent-0.0.2,org.deeplearning4j.berkeley,PriorityQueue,main,Magic Number
deeplearning4j-_old-deeplearning4j-parent-0.0.2,org.deeplearning4j.berkeley,PriorityQueue,main,Magic Number
deeplearning4j-_old-deeplearning4j-parent-0.0.2,org.deeplearning4j.berkeley,Triple,hashCode,Magic Number
deeplearning4j-_old-deeplearning4j-parent-0.0.2,org.deeplearning4j.berkeley,Triple,equals,Complex Method
deeplearning4j-_old-deeplearning4j-parent-0.0.2,org.deeplearning4j.clustering,KMeansClustering,initIfPossible,Magic Number
deeplearning4j-_old-deeplearning4j-parent-0.0.2,org.deeplearning4j.clustering,KMeansClustering,computeDxs,Magic Number
deeplearning4j-_old-deeplearning4j-parent-0.0.2,org.deeplearning4j.da,DenoisingAutoEncoder,DenoisingAutoEncoder,Long Parameter List
deeplearning4j-_old-deeplearning4j-parent-0.0.2,org.deeplearning4j.da,DenoisingAutoEncoder,DenoisingAutoEncoder,Long Parameter List
deeplearning4j-_old-deeplearning4j-parent-0.0.2,org.deeplearning4j.da,DenoisingAutoEncoder,negativeLoglikelihood,Magic Number
deeplearning4j-_old-deeplearning4j-parent-0.0.2,org.deeplearning4j.da,DenoisingAutoEncoder,negativeLoglikelihood,Magic Number
deeplearning4j-_old-deeplearning4j-parent-0.0.2,org.deeplearning4j.datasets,DataSet,DataSet,Long Statement
deeplearning4j-_old-deeplearning4j-parent-0.0.2,org.deeplearning4j.datasets,DataSet,outcome,Long Statement
deeplearning4j-_old-deeplearning4j-parent-0.0.2,org.deeplearning4j.datasets,DataSet,splitTestAndTrain,Long Statement
deeplearning4j-_old-deeplearning4j-parent-0.0.2,org.deeplearning4j.datasets,DataSet,splitTestAndTrain,Magic Number
deeplearning4j-_old-deeplearning4j-parent-0.0.2,org.deeplearning4j.datasets,DataSet,sortByLabel,Complex Method
deeplearning4j-_old-deeplearning4j-parent-0.0.2,org.deeplearning4j.datasets,DataSet,toString,Long Statement
deeplearning4j-_old-deeplearning4j-parent-0.0.2,org.deeplearning4j.datasets,DataSet,main,Magic Number
deeplearning4j-_old-deeplearning4j-parent-0.0.2,org.deeplearning4j.datasets,MNISTViewer,MyFrame,Magic Number
deeplearning4j-_old-deeplearning4j-parent-0.0.2,org.deeplearning4j.datasets,MNISTViewer,drawCurrentOutput,Magic Number
deeplearning4j-_old-deeplearning4j-parent-0.0.2,org.deeplearning4j.datasets,MNISTViewer,drawCurrentOutput,Magic Number
deeplearning4j-_old-deeplearning4j-parent-0.0.2,org.deeplearning4j.datasets,MNISTViewer,paintComponent,Magic Number
deeplearning4j-_old-deeplearning4j-parent-0.0.2,org.deeplearning4j.datasets,MNISTViewer,paintComponent,Magic Number
deeplearning4j-_old-deeplearning4j-parent-0.0.2,org.deeplearning4j.datasets,MNISTViewer,drawInputNodes,Magic Number
deeplearning4j-_old-deeplearning4j-parent-0.0.2,org.deeplearning4j.datasets,MNISTViewer,drawInputNodes,Magic Number
deeplearning4j-_old-deeplearning4j-parent-0.0.2,org.deeplearning4j.datasets,MNISTViewer,drawInputNodes,Magic Number
deeplearning4j-_old-deeplearning4j-parent-0.0.2,org.deeplearning4j.datasets,MNISTViewer,drawState,Magic Number
deeplearning4j-_old-deeplearning4j-parent-0.0.2,org.deeplearning4j.datasets,MNISTViewer,drawState,Magic Number
deeplearning4j-_old-deeplearning4j-parent-0.0.2,org.deeplearning4j.datasets,MNISTViewer,drawState,Magic Number
deeplearning4j-_old-deeplearning4j-parent-0.0.2,org.deeplearning4j.datasets,MNISTViewer,drawState,Magic Number
deeplearning4j-_old-deeplearning4j-parent-0.0.2,org.deeplearning4j.datasets,MNISTViewer,drawOutputNodes,Magic Number
deeplearning4j-_old-deeplearning4j-parent-0.0.2,org.deeplearning4j.datasets,MNISTViewer,drawOutputNodes,Magic Number
deeplearning4j-_old-deeplearning4j-parent-0.0.2,org.deeplearning4j.datasets,MNISTViewer,drawOutputNodes,Magic Number
deeplearning4j-_old-deeplearning4j-parent-0.0.2,org.deeplearning4j.datasets,MNISTViewer,drawOutputNodes,Magic Number
deeplearning4j-_old-deeplearning4j-parent-0.0.2,org.deeplearning4j.datasets,MNISTViewer,paintComponent,Magic Number
deeplearning4j-_old-deeplearning4j-parent-0.0.2,org.deeplearning4j.datasets,MNISTViewer,paintComponent,Magic Number
deeplearning4j-_old-deeplearning4j-parent-0.0.2,org.deeplearning4j.datasets,MNISTViewer,OptionsPanel,Complex Method
deeplearning4j-_old-deeplearning4j-parent-0.0.2,org.deeplearning4j.datasets,MNISTViewer,OptionsPanel,Long Method
deeplearning4j-_old-deeplearning4j-parent-0.0.2,org.deeplearning4j.datasets,MNISTViewer,OptionsPanel,Magic Number
deeplearning4j-_old-deeplearning4j-parent-0.0.2,org.deeplearning4j.datasets,MNISTViewer,OptionsPanel,Magic Number
deeplearning4j-_old-deeplearning4j-parent-0.0.2,org.deeplearning4j.datasets,MNISTViewer,OptionsPanel,Magic Number
deeplearning4j-_old-deeplearning4j-parent-0.0.2,org.deeplearning4j.datasets,MNISTViewer,actionPerformed,Magic Number
deeplearning4j-_old-deeplearning4j-parent-0.0.2,org.deeplearning4j.datasets,MyFrame,MyFrame,Magic Number
deeplearning4j-_old-deeplearning4j-parent-0.0.2,org.deeplearning4j.datasets,InputPanel,drawCurrentOutput,Magic Number
deeplearning4j-_old-deeplearning4j-parent-0.0.2,org.deeplearning4j.datasets,InputPanel,drawCurrentOutput,Magic Number
deeplearning4j-_old-deeplearning4j-parent-0.0.2,org.deeplearning4j.datasets,InputPanel,paintComponent,Magic Number
deeplearning4j-_old-deeplearning4j-parent-0.0.2,org.deeplearning4j.datasets,InputPanel,paintComponent,Magic Number
deeplearning4j-_old-deeplearning4j-parent-0.0.2,org.deeplearning4j.datasets,OutputPanel,drawInputNodes,Magic Number
deeplearning4j-_old-deeplearning4j-parent-0.0.2,org.deeplearning4j.datasets,OutputPanel,drawInputNodes,Magic Number
deeplearning4j-_old-deeplearning4j-parent-0.0.2,org.deeplearning4j.datasets,OutputPanel,drawInputNodes,Magic Number
deeplearning4j-_old-deeplearning4j-parent-0.0.2,org.deeplearning4j.datasets,OutputPanel,drawState,Magic Number
deeplearning4j-_old-deeplearning4j-parent-0.0.2,org.deeplearning4j.datasets,OutputPanel,drawState,Magic Number
deeplearning4j-_old-deeplearning4j-parent-0.0.2,org.deeplearning4j.datasets,OutputPanel,drawState,Magic Number
deeplearning4j-_old-deeplearning4j-parent-0.0.2,org.deeplearning4j.datasets,OutputPanel,drawState,Magic Number
deeplearning4j-_old-deeplearning4j-parent-0.0.2,org.deeplearning4j.datasets,OutputPanel,drawOutputNodes,Magic Number
deeplearning4j-_old-deeplearning4j-parent-0.0.2,org.deeplearning4j.datasets,OutputPanel,drawOutputNodes,Magic Number
deeplearning4j-_old-deeplearning4j-parent-0.0.2,org.deeplearning4j.datasets,OutputPanel,drawOutputNodes,Magic Number
deeplearning4j-_old-deeplearning4j-parent-0.0.2,org.deeplearning4j.datasets,OutputPanel,drawOutputNodes,Magic Number
deeplearning4j-_old-deeplearning4j-parent-0.0.2,org.deeplearning4j.datasets,OutputPanel,paintComponent,Magic Number
deeplearning4j-_old-deeplearning4j-parent-0.0.2,org.deeplearning4j.datasets,OutputPanel,paintComponent,Magic Number
deeplearning4j-_old-deeplearning4j-parent-0.0.2,org.deeplearning4j.datasets,OptionsPanel,OptionsPanel,Complex Method
deeplearning4j-_old-deeplearning4j-parent-0.0.2,org.deeplearning4j.datasets,OptionsPanel,OptionsPanel,Long Method
deeplearning4j-_old-deeplearning4j-parent-0.0.2,org.deeplearning4j.datasets,OptionsPanel,OptionsPanel,Magic Number
deeplearning4j-_old-deeplearning4j-parent-0.0.2,org.deeplearning4j.datasets,OptionsPanel,OptionsPanel,Magic Number
deeplearning4j-_old-deeplearning4j-parent-0.0.2,org.deeplearning4j.datasets,OptionsPanel,OptionsPanel,Magic Number
deeplearning4j-_old-deeplearning4j-parent-0.0.2,org.deeplearning4j.datasets,OptionsPanel,actionPerformed,Magic Number
deeplearning4j-_old-deeplearning4j-parent-0.0.2,org.deeplearning4j.datasets,MnistDbFile,MnistDbFile,Abstract Function Call From Constructor
deeplearning4j-_old-deeplearning4j-parent-0.0.2,org.deeplearning4j.datasets,MnistDbFile,getHeaderSize,Magic Number
deeplearning4j-_old-deeplearning4j-parent-0.0.2,org.deeplearning4j.datasets,MnistImageFile,getMagicNumber,Magic Number
deeplearning4j-_old-deeplearning4j-parent-0.0.2,org.deeplearning4j.datasets,MnistImageFile,getHeaderSize,Magic Number
deeplearning4j-_old-deeplearning4j-parent-0.0.2,org.deeplearning4j.datasets,MnistLabelFile,getMagicNumber,Magic Number
deeplearning4j-_old-deeplearning4j-parent-0.0.2,org.deeplearning4j.datasets,NN,update,Complex Method
deeplearning4j-_old-deeplearning4j-parent-0.0.2,org.deeplearning4j.datasets,NN,update,Magic Number
deeplearning4j-_old-deeplearning4j-parent-0.0.2,org.deeplearning4j.datasets,NN,main,Magic Number
deeplearning4j-_old-deeplearning4j-parent-0.0.2,org.deeplearning4j.datasets,NN,main,Magic Number
deeplearning4j-_old-deeplearning4j-parent-0.0.2,org.deeplearning4j.datasets,NN,main,Magic Number
deeplearning4j-_old-deeplearning4j-parent-0.0.2,org.deeplearning4j.datasets.fetchers,IrisDataFetcher,IrisDataFetcher,Magic Number
deeplearning4j-_old-deeplearning4j-parent-0.0.2,org.deeplearning4j.datasets.fetchers,IrisDataFetcher,IrisDataFetcher,Magic Number
deeplearning4j-_old-deeplearning4j-parent-0.0.2,org.deeplearning4j.datasets.fetchers,MnistDataFetcher,MnistDataFetcher,Long Statement
deeplearning4j-_old-deeplearning4j-parent-0.0.2,org.deeplearning4j.datasets.fetchers,MnistDataFetcher,MnistDataFetcher,Magic Number
deeplearning4j-_old-deeplearning4j-parent-0.0.2,org.deeplearning4j.datasets.fetchers,MnistDataFetcher,fetch,Complex Method
deeplearning4j-_old-deeplearning4j-parent-0.0.2,org.deeplearning4j.datasets.fetchers,MnistDataFetcher,fetch,Long Statement
deeplearning4j-_old-deeplearning4j-parent-0.0.2,org.deeplearning4j.datasets.fetchers,MnistDataFetcher,fetch,Magic Number
deeplearning4j-_old-deeplearning4j-parent-0.0.2,org.deeplearning4j.datasets.fetchers,IrisFetcherTest,testIrisFetcher,Magic Number
deeplearning4j-_old-deeplearning4j-parent-0.0.2,org.deeplearning4j.datasets.fetchers,IrisFetcherTest,testIrisFetcher,Magic Number
deeplearning4j-_old-deeplearning4j-parent-0.0.2,org.deeplearning4j.datasets.fetchers,IrisFetcherTest,testIrisFetcher,Magic Number
deeplearning4j-_old-deeplearning4j-parent-0.0.2,org.deeplearning4j.datasets.fetchers,MnistFetcherTest,testMnistFetcher,Magic Number
deeplearning4j-_old-deeplearning4j-parent-0.0.2,org.deeplearning4j.datasets.fetchers,MnistFetcherTest,testMnistFetcher,Magic Number
deeplearning4j-_old-deeplearning4j-parent-0.0.2,org.deeplearning4j.datasets.fetchers,MnistFetcherTest,testMnistFetcher,Magic Number
deeplearning4j-_old-deeplearning4j-parent-0.0.2,org.deeplearning4j.datasets.iterator,ListDataSetIteratorTest,testIter,Magic Number
deeplearning4j-_old-deeplearning4j-parent-0.0.2,org.deeplearning4j.datasets.iterator,ListDataSetIteratorTest,testIter,Magic Number
deeplearning4j-_old-deeplearning4j-parent-0.0.2,org.deeplearning4j.datasets.iterator,ListDataSetIteratorTest,testIter,Magic Number
deeplearning4j-_old-deeplearning4j-parent-0.0.2,org.deeplearning4j.datasets.iterator,ListDataSetIteratorTest,testIter,Magic Number
deeplearning4j-_old-deeplearning4j-parent-0.0.2,org.deeplearning4j.datasets.iterator.impl,ListDataSetIterator,ListDataSetIterator,Magic Number
deeplearning4j-_old-deeplearning4j-parent-0.0.2,org.deeplearning4j.datasets.iterator.impl,IrisDataSetIteratorTest,testIris,Magic Number
deeplearning4j-_old-deeplearning4j-parent-0.0.2,org.deeplearning4j.datasets.iterator.impl,IrisDataSetIteratorTest,testIris,Magic Number
deeplearning4j-_old-deeplearning4j-parent-0.0.2,org.deeplearning4j.datasets.iterator.impl,IrisDataSetIteratorTest,testIris,Magic Number
deeplearning4j-_old-deeplearning4j-parent-0.0.2,org.deeplearning4j.datasets.iterator.impl,IrisDataSetIteratorTest,testIris,Magic Number
deeplearning4j-_old-deeplearning4j-parent-0.0.2,org.deeplearning4j.datasets.iterator.impl,IrisDataSetIteratorTest,getIter,Magic Number
deeplearning4j-_old-deeplearning4j-parent-0.0.2,org.deeplearning4j.datasets.iterator.impl,IrisDataSetIteratorTest,getIter,Magic Number
deeplearning4j-_old-deeplearning4j-parent-0.0.2,org.deeplearning4j.datasets.mnist.draw,DrawMnist,drawMnist,Magic Number
deeplearning4j-_old-deeplearning4j-parent-0.0.2,org.deeplearning4j.datasets.mnist.draw,DrawMnist,drawMnist,Magic Number
deeplearning4j-_old-deeplearning4j-parent-0.0.2,org.deeplearning4j.datasets.mnist.draw,DrawMnist,drawMnist,Magic Number
deeplearning4j-_old-deeplearning4j-parent-0.0.2,org.deeplearning4j.datasets.mnist.draw,DrawMnist,drawMnist,Magic Number
deeplearning4j-_old-deeplearning4j-parent-0.0.2,org.deeplearning4j.datasets.mnist.draw,DrawMnist,drawMnist,Magic Number
deeplearning4j-_old-deeplearning4j-parent-0.0.2,org.deeplearning4j.datasets.mnist.draw,DrawMnist,drawMnist,Magic Number
deeplearning4j-_old-deeplearning4j-parent-0.0.2,org.deeplearning4j.datasets.mnist.draw,DrawMnistGreyScale,start,Magic Number
deeplearning4j-_old-deeplearning4j-parent-0.0.2,org.deeplearning4j.datasets.mnist.draw,LoadAndDraw,main,Magic Number
deeplearning4j-_old-deeplearning4j-parent-0.0.2,org.deeplearning4j.datasets.mnist.draw,LoadAndDraw,main,Magic Number
deeplearning4j-_old-deeplearning4j-parent-0.0.2,org.deeplearning4j.datasets.mnist.draw,LoadAndDraw,main,Magic Number
deeplearning4j-_old-deeplearning4j-parent-0.0.2,org.deeplearning4j.datasets.mnist.draw,LoadAndDraw,main,Magic Number
deeplearning4j-_old-deeplearning4j-parent-0.0.2,org.deeplearning4j.datasets.mnist.draw,LoadAndDraw,main,Magic Number
deeplearning4j-_old-deeplearning4j-parent-0.0.2,org.deeplearning4j.datasets.mnist.draw,LoadAndDraw,main,Magic Number
deeplearning4j-_old-deeplearning4j-parent-0.0.2,org.deeplearning4j.datasets.mnist.draw,LoadAndDraw,main,Magic Number
deeplearning4j-_old-deeplearning4j-parent-0.0.2,org.deeplearning4j.datasets.mnist.draw,LoadAndDraw,main,Magic Number
deeplearning4j-_old-deeplearning4j-parent-0.0.2,org.deeplearning4j.dbn,CDBN,CDBN,Long Parameter List
deeplearning4j-_old-deeplearning4j-parent-0.0.2,org.deeplearning4j.dbn,CDBN,CDBN,Long Parameter List
deeplearning4j-_old-deeplearning4j-parent-0.0.2,org.deeplearning4j.dbn,CDBN,createLayer,Long Parameter List
deeplearning4j-_old-deeplearning4j-parent-0.0.2,org.deeplearning4j.dbn,CDBN,createLayer,Long Statement
deeplearning4j-_old-deeplearning4j-parent-0.0.2,org.deeplearning4j.dbn,CDBN,createLayer,Long Statement
deeplearning4j-_old-deeplearning4j-parent-0.0.2,org.deeplearning4j.dbn,DBN,DBN,Long Parameter List
deeplearning4j-_old-deeplearning4j-parent-0.0.2,org.deeplearning4j.dbn,DBN,DBN,Long Parameter List
deeplearning4j-_old-deeplearning4j-parent-0.0.2,org.deeplearning4j.dbn,DBN,trainNetwork,Magic Number
deeplearning4j-_old-deeplearning4j-parent-0.0.2,org.deeplearning4j.dbn,DBN,trainNetwork,Magic Number
deeplearning4j-_old-deeplearning4j-parent-0.0.2,org.deeplearning4j.dbn,DBN,trainNetwork,Magic Number
deeplearning4j-_old-deeplearning4j-parent-0.0.2,org.deeplearning4j.dbn,DBN,trainNetwork,Magic Number
deeplearning4j-_old-deeplearning4j-parent-0.0.2,org.deeplearning4j.dbn,DBN,trainNetwork,Magic Number
deeplearning4j-_old-deeplearning4j-parent-0.0.2,org.deeplearning4j.dbn,DBN,trainNetwork,Magic Number
deeplearning4j-_old-deeplearning4j-parent-0.0.2,org.deeplearning4j.dbn,DBN,pretrain,Complex Conditional
deeplearning4j-_old-deeplearning4j-parent-0.0.2,org.deeplearning4j.dbn,DBN,pretrain,Long Statement
deeplearning4j-_old-deeplearning4j-parent-0.0.2,org.deeplearning4j.dbn,DBN,createLayer,Long Parameter List
deeplearning4j-_old-deeplearning4j-parent-0.0.2,org.deeplearning4j.dbn,DBN,createLayer,Long Statement
deeplearning4j-_old-deeplearning4j-parent-0.0.2,org.deeplearning4j.dbn,DBNTest,testDBN,Long Statement
deeplearning4j-_old-deeplearning4j-parent-0.0.2,org.deeplearning4j.dbn,DBNTest,testDBN,Magic Number
deeplearning4j-_old-deeplearning4j-parent-0.0.2,org.deeplearning4j.dbn,DBNTest,testDBN,Magic Number
deeplearning4j-_old-deeplearning4j-parent-0.0.2,org.deeplearning4j.dbn,DBNTest,testDBN,Magic Number
deeplearning4j-_old-deeplearning4j-parent-0.0.2,org.deeplearning4j.dbn,DBNTest,testDBN,Magic Number
deeplearning4j-_old-deeplearning4j-parent-0.0.2,org.deeplearning4j.dbn,DBNTest,testDBN,Magic Number
deeplearning4j-_old-deeplearning4j-parent-0.0.2,org.deeplearning4j.dbn,DBNTest,testDBN,Magic Number
deeplearning4j-_old-deeplearning4j-parent-0.0.2,org.deeplearning4j.dbn,DBNTest,testDBN,Magic Number
deeplearning4j-_old-deeplearning4j-parent-0.0.2,org.deeplearning4j.dbn,DBNTest,testDBN,Magic Number
deeplearning4j-_old-deeplearning4j-parent-0.0.2,org.deeplearning4j.dbn,DBNTest,testDBN,Magic Number
deeplearning4j-_old-deeplearning4j-parent-0.0.2,org.deeplearning4j.dbn,DBNTest,testCDBN,Long Statement
deeplearning4j-_old-deeplearning4j-parent-0.0.2,org.deeplearning4j.dbn,DBNTest,testCDBN,Long Statement
deeplearning4j-_old-deeplearning4j-parent-0.0.2,org.deeplearning4j.dbn,DBNTest,testCDBN,Long Statement
deeplearning4j-_old-deeplearning4j-parent-0.0.2,org.deeplearning4j.dbn,DBNTest,testCDBN,Magic Number
deeplearning4j-_old-deeplearning4j-parent-0.0.2,org.deeplearning4j.dbn,DBNTest,testCDBN,Magic Number
deeplearning4j-_old-deeplearning4j-parent-0.0.2,org.deeplearning4j.dbn,DBNTest,testCDBN,Magic Number
deeplearning4j-_old-deeplearning4j-parent-0.0.2,org.deeplearning4j.dbn,DBNTest,testCDBN,Magic Number
deeplearning4j-_old-deeplearning4j-parent-0.0.2,org.deeplearning4j.dbn,DBNTest,testCDBN,Magic Number
deeplearning4j-_old-deeplearning4j-parent-0.0.2,org.deeplearning4j.dbn,DBNTest,testCDBN,Magic Number
deeplearning4j-_old-deeplearning4j-parent-0.0.2,org.deeplearning4j.dbn,DBNTest,testCDBN,Magic Number
deeplearning4j-_old-deeplearning4j-parent-0.0.2,org.deeplearning4j.dbn,DBNTest,testCDBN,Magic Number
deeplearning4j-_old-deeplearning4j-parent-0.0.2,org.deeplearning4j.dbn,DBNTest,testCDBN,Magic Number
deeplearning4j-_old-deeplearning4j-parent-0.0.2,org.deeplearning4j.eval,ConfusionMatrix,toHTML,Long Statement
deeplearning4j-_old-deeplearning4j-parent-0.0.2,org.deeplearning4j.eval,ConfusionMatrix,toHTML,Long Statement
deeplearning4j-_old-deeplearning4j-parent-0.0.2,org.deeplearning4j.eval,ConfusionMatrix,main,Magic Number
deeplearning4j-_old-deeplearning4j-parent-0.0.2,org.deeplearning4j.eval,ConfusionMatrix,main,Magic Number
deeplearning4j-_old-deeplearning4j-parent-0.0.2,org.deeplearning4j.eval,ConfusionMatrix,main,Magic Number
deeplearning4j-_old-deeplearning4j-parent-0.0.2,org.deeplearning4j.eval,ConfusionMatrix,main,Magic Number
deeplearning4j-_old-deeplearning4j-parent-0.0.2,org.deeplearning4j.eval,ConfusionMatrix,main,Magic Number
deeplearning4j-_old-deeplearning4j-parent-0.0.2,org.deeplearning4j.eval,ConfusionMatrix,main,Magic Number
deeplearning4j-_old-deeplearning4j-parent-0.0.2,org.deeplearning4j.eval,ConfusionMatrix,main,Magic Number
deeplearning4j-_old-deeplearning4j-parent-0.0.2,org.deeplearning4j.eval,ConfusionMatrix,main,Magic Number
deeplearning4j-_old-deeplearning4j-parent-0.0.2,org.deeplearning4j.eval,DataSetTester,main,Magic Number
deeplearning4j-_old-deeplearning4j-parent-0.0.2,org.deeplearning4j.eval,DataSetTester,main,Magic Number
deeplearning4j-_old-deeplearning4j-parent-0.0.2,org.deeplearning4j.eval,DataSetTester,getNeuralNet,Long Statement
deeplearning4j-_old-deeplearning4j-parent-0.0.2,org.deeplearning4j.eval,DataSetTester,getNeuralNet,Magic Number
deeplearning4j-_old-deeplearning4j-parent-0.0.2,org.deeplearning4j.eval,DataSetTester,loadDataset,Magic Number
deeplearning4j-_old-deeplearning4j-parent-0.0.2,org.deeplearning4j.eval,DataSetTester,loadDataset,Magic Number
deeplearning4j-_old-deeplearning4j-parent-0.0.2,org.deeplearning4j.eval,Evaluation,eval,Long Statement
deeplearning4j-_old-deeplearning4j-parent-0.0.2,org.deeplearning4j.eval,Evaluation,stats,Long Statement
deeplearning4j-_old-deeplearning4j-parent-0.0.2,org.deeplearning4j.eval,Evaluation,f1,Magic Number
deeplearning4j-_old-deeplearning4j-parent-0.0.2,org.deeplearning4j.eval,Evaluation,f1,Magic Number
deeplearning4j-_old-deeplearning4j-parent-0.0.2,org.deeplearning4j.eval,ModelTester,main,Magic Number
deeplearning4j-_old-deeplearning4j-parent-0.0.2,org.deeplearning4j.eval,ModelTester,main,Magic Number
deeplearning4j-_old-deeplearning4j-parent-0.0.2,org.deeplearning4j.nn,BaseMultiLayerNetwork,BaseMultiLayerNetwork,Long Parameter List
deeplearning4j-_old-deeplearning4j-parent-0.0.2,org.deeplearning4j.nn,BaseMultiLayerNetwork,BaseMultiLayerNetwork,Abstract Function Call From Constructor
deeplearning4j-_old-deeplearning4j-parent-0.0.2,org.deeplearning4j.nn,BaseMultiLayerNetwork,BaseMultiLayerNetwork,Long Parameter List
deeplearning4j-_old-deeplearning4j-parent-0.0.2,org.deeplearning4j.nn,BaseMultiLayerNetwork,BaseMultiLayerNetwork,Long Statement
deeplearning4j-_old-deeplearning4j-parent-0.0.2,org.deeplearning4j.nn,BaseMultiLayerNetwork,BaseMultiLayerNetwork,Magic Number
deeplearning4j-_old-deeplearning4j-parent-0.0.2,org.deeplearning4j.nn,BaseMultiLayerNetwork,dimensionCheck,Long Statement
deeplearning4j-_old-deeplearning4j-parent-0.0.2,org.deeplearning4j.nn,BaseMultiLayerNetwork,dimensionCheck,Long Statement
deeplearning4j-_old-deeplearning4j-parent-0.0.2,org.deeplearning4j.nn,BaseMultiLayerNetwork,dimensionCheck,Long Statement
deeplearning4j-_old-deeplearning4j-parent-0.0.2,org.deeplearning4j.nn,BaseMultiLayerNetwork,initializeLayers,Complex Method
deeplearning4j-_old-deeplearning4j-parent-0.0.2,org.deeplearning4j.nn,BaseMultiLayerNetwork,initializeLayers,Long Statement
deeplearning4j-_old-deeplearning4j-parent-0.0.2,org.deeplearning4j.nn,BaseMultiLayerNetwork,initializeLayers,Long Statement
deeplearning4j-_old-deeplearning4j-parent-0.0.2,org.deeplearning4j.nn,BaseMultiLayerNetwork,initializeLayers,Long Statement
deeplearning4j-_old-deeplearning4j-parent-0.0.2,org.deeplearning4j.nn,BaseMultiLayerNetwork,computeDeltas,Magic Number
deeplearning4j-_old-deeplearning4j-parent-0.0.2,org.deeplearning4j.nn,BaseMultiLayerNetwork,computeDeltas,Magic Number
deeplearning4j-_old-deeplearning4j-parent-0.0.2,org.deeplearning4j.nn,BaseMultiLayerNetwork,backPropStep,Complex Conditional
deeplearning4j-_old-deeplearning4j-parent-0.0.2,org.deeplearning4j.nn,BaseMultiLayerNetwork,predict,Complex Method
deeplearning4j-_old-deeplearning4j-parent-0.0.2,org.deeplearning4j.nn,BaseMultiLayerNetwork,reconstruct,Complex Method
deeplearning4j-_old-deeplearning4j-parent-0.0.2,org.deeplearning4j.nn,BaseMultiLayerNetwork,reconstruct,Long Statement
deeplearning4j-_old-deeplearning4j-parent-0.0.2,org.deeplearning4j.nn,BaseMultiLayerNetwork,negativeLogLikelihood,Magic Number
deeplearning4j-_old-deeplearning4j-parent-0.0.2,org.deeplearning4j.nn,BaseMultiLayerNetwork,negativeLogLikelihood,Magic Number
deeplearning4j-_old-deeplearning4j-parent-0.0.2,org.deeplearning4j.nn,BaseMultiLayerNetwork,negativeLogLikelihood,Magic Number
deeplearning4j-_old-deeplearning4j-parent-0.0.2,org.deeplearning4j.nn,BaseMultiLayerNetwork,negativeLogLikelihood,Magic Number
deeplearning4j-_old-deeplearning4j-parent-0.0.2,org.deeplearning4j.nn,BaseMultiLayerNetwork,createLayer,Long Parameter List
deeplearning4j-_old-deeplearning4j-parent-0.0.2,org.deeplearning4j.nn,BaseMultiLayerNetwork,merge,Long Statement
deeplearning4j-_old-deeplearning4j-parent-0.0.2,org.deeplearning4j.nn,BaseNeuralNetwork,BaseNeuralNetwork,Long Parameter List
deeplearning4j-_old-deeplearning4j-parent-0.0.2,org.deeplearning4j.nn,BaseNeuralNetwork,BaseNeuralNetwork,Long Parameter List
deeplearning4j-_old-deeplearning4j-parent-0.0.2,org.deeplearning4j.nn,BaseNeuralNetwork,BaseNeuralNetwork,Magic Number
deeplearning4j-_old-deeplearning4j-parent-0.0.2,org.deeplearning4j.nn,BaseNeuralNetwork,BaseNeuralNetwork,Magic Number
deeplearning4j-_old-deeplearning4j-parent-0.0.2,org.deeplearning4j.nn,BaseNeuralNetwork,l2RegularizedCoefficient,Magic Number
deeplearning4j-_old-deeplearning4j-parent-0.0.2,org.deeplearning4j.nn,BaseNeuralNetwork,l2RegularizedCoefficient,Magic Number
deeplearning4j-_old-deeplearning4j-parent-0.0.2,org.deeplearning4j.nn,BaseNeuralNetwork,initWeights,Complex Method
deeplearning4j-_old-deeplearning4j-parent-0.0.2,org.deeplearning4j.nn,BaseNeuralNetwork,initWeights,Magic Number
deeplearning4j-_old-deeplearning4j-parent-0.0.2,org.deeplearning4j.nn,BaseNeuralNetwork,squaredLoss,Magic Number
deeplearning4j-_old-deeplearning4j-parent-0.0.2,org.deeplearning4j.nn,BaseNeuralNetwork,squaredLoss,Magic Number
deeplearning4j-_old-deeplearning4j-parent-0.0.2,org.deeplearning4j.nn,BaseNeuralNetwork,squaredLoss,Magic Number
deeplearning4j-_old-deeplearning4j-parent-0.0.2,org.deeplearning4j.nn,BaseNeuralNetwork,buildWithoutInput,Complex Conditional
deeplearning4j-_old-deeplearning4j-parent-0.0.2,org.deeplearning4j.nn,BaseNeuralNetwork,buildWithInput,Complex Conditional
deeplearning4j-_old-deeplearning4j-parent-0.0.2,org.deeplearning4j.nn,Builder,buildWithoutInput,Complex Conditional
deeplearning4j-_old-deeplearning4j-parent-0.0.2,org.deeplearning4j.nn,Builder,buildWithInput,Complex Conditional
deeplearning4j-_old-deeplearning4j-parent-0.0.2,org.deeplearning4j.nn,HiddenLayer,HiddenLayer,Long Parameter List
deeplearning4j-_old-deeplearning4j-parent-0.0.2,org.deeplearning4j.nn,HiddenLayer,HiddenLayer,Magic Number
deeplearning4j-_old-deeplearning4j-parent-0.0.2,org.deeplearning4j.nn,HiddenLayer,HiddenLayer,Magic Number
deeplearning4j-_old-deeplearning4j-parent-0.0.2,org.deeplearning4j.nn,HiddenLayer,HiddenLayer,Long Parameter List
deeplearning4j-_old-deeplearning4j-parent-0.0.2,org.deeplearning4j.nn,HiddenLayer,HiddenLayer,Magic Number
deeplearning4j-_old-deeplearning4j-parent-0.0.2,org.deeplearning4j.nn,HiddenLayer,HiddenLayer,Magic Number
deeplearning4j-_old-deeplearning4j-parent-0.0.2,org.deeplearning4j.nn,LogisticRegression,negativeLogLikelihood,Magic Number
deeplearning4j-_old-deeplearning4j-parent-0.0.2,org.deeplearning4j.nn,LogisticRegression,negativeLogLikelihood,Magic Number
deeplearning4j-_old-deeplearning4j-parent-0.0.2,org.deeplearning4j.nn,LogisticRegressionGradient,hashCode,Magic Number
deeplearning4j-_old-deeplearning4j-parent-0.0.2,org.deeplearning4j.nn,LogisticRegressionGradient,equals,Complex Method
deeplearning4j-_old-deeplearning4j-parent-0.0.2,org.deeplearning4j.nn,NeuralNetworkGradient,hashCode,Magic Number
deeplearning4j-_old-deeplearning4j-parent-0.0.2,org.deeplearning4j.nn,NeuralNetworkGradient,equals,Complex Method
deeplearning4j-_old-deeplearning4j-parent-0.0.2,org.deeplearning4j.nn,HiddenLayerTest,testSimple,Long Statement
deeplearning4j-_old-deeplearning4j-parent-0.0.2,org.deeplearning4j.nn,HiddenLayerTest,testSimple,Magic Number
deeplearning4j-_old-deeplearning4j-parent-0.0.2,org.deeplearning4j.nn,HiddenLayerTest,testSimple,Magic Number
deeplearning4j-_old-deeplearning4j-parent-0.0.2,org.deeplearning4j.nn,LogisticTest,testLogistic,Magic Number
deeplearning4j-_old-deeplearning4j-parent-0.0.2,org.deeplearning4j.nn,LogisticTest,testLogistic,Magic Number
deeplearning4j-_old-deeplearning4j-parent-0.0.2,org.deeplearning4j.nn,LogisticTest,testLogistic,Magic Number
deeplearning4j-_old-deeplearning4j-parent-0.0.2,org.deeplearning4j.nn,LogisticTest,testLogistic,Magic Number
deeplearning4j-_old-deeplearning4j-parent-0.0.2,org.deeplearning4j.nn,LogisticTest,testIris,Magic Number
deeplearning4j-_old-deeplearning4j-parent-0.0.2,org.deeplearning4j.nn,LogisticTest,testIris,Magic Number
deeplearning4j-_old-deeplearning4j-parent-0.0.2,org.deeplearning4j.nn,LogisticTest,testIris,Magic Number
deeplearning4j-_old-deeplearning4j-parent-0.0.2,org.deeplearning4j.nn,LogisticTest,testIris,Magic Number
deeplearning4j-_old-deeplearning4j-parent-0.0.2,org.deeplearning4j.nn,LogisticTest,testIris,Magic Number
deeplearning4j-_old-deeplearning4j-parent-0.0.2,org.deeplearning4j.nn,LogisticTest,testIris,Magic Number
deeplearning4j-_old-deeplearning4j-parent-0.0.2,org.deeplearning4j.nn,LogisticTest,testIrisCg,Magic Number
deeplearning4j-_old-deeplearning4j-parent-0.0.2,org.deeplearning4j.nn,LogisticTest,testIrisCg,Magic Number
deeplearning4j-_old-deeplearning4j-parent-0.0.2,org.deeplearning4j.nn,LogisticTest,testIrisCg,Magic Number
deeplearning4j-_old-deeplearning4j-parent-0.0.2,org.deeplearning4j.nn,LogisticTest,testIrisCg,Magic Number
deeplearning4j-_old-deeplearning4j-parent-0.0.2,org.deeplearning4j.nn,LogisticTest,testIrisCg,Magic Number
deeplearning4j-_old-deeplearning4j-parent-0.0.2,org.deeplearning4j.nn,LogisticTest,testIrisCg,Magic Number
deeplearning4j-_old-deeplearning4j-parent-0.0.2,org.deeplearning4j.nn,MatrixTests,testSoftMax,Long Statement
deeplearning4j-_old-deeplearning4j-parent-0.0.2,org.deeplearning4j.nn,MatrixTests,testSigmoid,Long Statement
deeplearning4j-_old-deeplearning4j-parent-0.0.2,org.deeplearning4j.nn,MatrixTests,testSigmoid,Long Statement
deeplearning4j-_old-deeplearning4j-parent-0.0.2,org.deeplearning4j.nn,MatrixTests,testSigmoid,Magic Number
deeplearning4j-_old-deeplearning4j-parent-0.0.2,org.deeplearning4j.nn,MatrixTests,testSigmoid,Magic Number
deeplearning4j-_old-deeplearning4j-parent-0.0.2,org.deeplearning4j.nn,MatrixTests,testSigmoid,Magic Number
deeplearning4j-_old-deeplearning4j-parent-0.0.2,org.deeplearning4j.nn,MatrixTests,testSigmoid,Magic Number
deeplearning4j-_old-deeplearning4j-parent-0.0.2,org.deeplearning4j.nn,MatrixTests,testSigmoid,Magic Number
deeplearning4j-_old-deeplearning4j-parent-0.0.2,org.deeplearning4j.nn,MatrixTests,testSigmoid,Magic Number
deeplearning4j-_old-deeplearning4j-parent-0.0.2,org.deeplearning4j.nn,MatrixTests,testSigmoid,Magic Number
deeplearning4j-_old-deeplearning4j-parent-0.0.2,org.deeplearning4j.nn,MatrixTests,testSigmoid,Magic Number
deeplearning4j-_old-deeplearning4j-parent-0.0.2,org.deeplearning4j.nn,MatrixTests,testSigmoid,Magic Number
deeplearning4j-_old-deeplearning4j-parent-0.0.2,org.deeplearning4j.nn,MatrixTests,testSigmoid,Magic Number
deeplearning4j-_old-deeplearning4j-parent-0.0.2,org.deeplearning4j.nn,MatrixTests,testSigmoid,Magic Number
deeplearning4j-_old-deeplearning4j-parent-0.0.2,org.deeplearning4j.nn,MatrixTests,testSigmoid,Magic Number
deeplearning4j-_old-deeplearning4j-parent-0.0.2,org.deeplearning4j.nn,MatrixTests,testSigmoid,Magic Number
deeplearning4j-_old-deeplearning4j-parent-0.0.2,org.deeplearning4j.nn,MatrixTests,testSigmoid,Magic Number
deeplearning4j-_old-deeplearning4j-parent-0.0.2,org.deeplearning4j.nn,MatrixTests,testSigmoid,Magic Number
deeplearning4j-_old-deeplearning4j-parent-0.0.2,org.deeplearning4j.nn,MatrixTests,testSigmoid,Magic Number
deeplearning4j-_old-deeplearning4j-parent-0.0.2,org.deeplearning4j.nn,MatrixTests,testSigmoid,Magic Number
deeplearning4j-_old-deeplearning4j-parent-0.0.2,org.deeplearning4j.nn,MatrixTests,testSigmoid,Magic Number
deeplearning4j-_old-deeplearning4j-parent-0.0.2,org.deeplearning4j.nn,MatrixTests,testSigmoid,Magic Number
deeplearning4j-_old-deeplearning4j-parent-0.0.2,org.deeplearning4j.nn,MatrixTests,testSigmoid,Magic Number
deeplearning4j-_old-deeplearning4j-parent-0.0.2,org.deeplearning4j.nn,MatrixTests,testSigmoid,Magic Number
deeplearning4j-_old-deeplearning4j-parent-0.0.2,org.deeplearning4j.nn,MatrixTests,testSigmoid,Magic Number
deeplearning4j-_old-deeplearning4j-parent-0.0.2,org.deeplearning4j.nn,MatrixTests,testSigmoid,Magic Number
deeplearning4j-_old-deeplearning4j-parent-0.0.2,org.deeplearning4j.nn,MatrixTests,testSigmoid,Magic Number
deeplearning4j-_old-deeplearning4j-parent-0.0.2,org.deeplearning4j.nn,MatrixTests,testSigmoid,Magic Number
deeplearning4j-_old-deeplearning4j-parent-0.0.2,org.deeplearning4j.nn,MatrixTests,testSigmoid,Magic Number
deeplearning4j-_old-deeplearning4j-parent-0.0.2,org.deeplearning4j.nn,MatrixTests,testSigmoid,Magic Number
deeplearning4j-_old-deeplearning4j-parent-0.0.2,org.deeplearning4j.nn,MatrixTests,testSigmoid,Magic Number
deeplearning4j-_old-deeplearning4j-parent-0.0.2,org.deeplearning4j.nn,MatrixTests,testSigmoid,Magic Number
deeplearning4j-_old-deeplearning4j-parent-0.0.2,org.deeplearning4j.nn,MatrixTests,testSigmoid,Magic Number
deeplearning4j-_old-deeplearning4j-parent-0.0.2,org.deeplearning4j.nn,MatrixTests,testSigmoid,Magic Number
deeplearning4j-_old-deeplearning4j-parent-0.0.2,org.deeplearning4j.nn,MatrixTests,testSigmoid,Magic Number
deeplearning4j-_old-deeplearning4j-parent-0.0.2,org.deeplearning4j.nn,MatrixTests,testSigmoid,Magic Number
deeplearning4j-_old-deeplearning4j-parent-0.0.2,org.deeplearning4j.nn,MatrixTests,testSigmoid,Magic Number
deeplearning4j-_old-deeplearning4j-parent-0.0.2,org.deeplearning4j.nn,MatrixTests,testSigmoid,Magic Number
deeplearning4j-_old-deeplearning4j-parent-0.0.2,org.deeplearning4j.nn,MatrixTests,testSigmoid,Magic Number
deeplearning4j-_old-deeplearning4j-parent-0.0.2,org.deeplearning4j.nn,MatrixTests,testSigmoid,Magic Number
deeplearning4j-_old-deeplearning4j-parent-0.0.2,org.deeplearning4j.nn,MatrixTests,testSigmoid,Magic Number
deeplearning4j-_old-deeplearning4j-parent-0.0.2,org.deeplearning4j.nn,MatrixTests,testSigmoid,Magic Number
deeplearning4j-_old-deeplearning4j-parent-0.0.2,org.deeplearning4j.nn,MatrixTests,testSigmoid,Magic Number
deeplearning4j-_old-deeplearning4j-parent-0.0.2,org.deeplearning4j.nn,MatrixTests,testSigmoid,Magic Number
deeplearning4j-_old-deeplearning4j-parent-0.0.2,org.deeplearning4j.nn,MatrixTests,testSigmoid,Magic Number
deeplearning4j-_old-deeplearning4j-parent-0.0.2,org.deeplearning4j.nn,MatrixTests,testSigmoid,Magic Number
deeplearning4j-_old-deeplearning4j-parent-0.0.2,org.deeplearning4j.nn,MatrixTests,testSigmoid,Magic Number
deeplearning4j-_old-deeplearning4j-parent-0.0.2,org.deeplearning4j.nn,MatrixTests,testSigmoid,Magic Number
deeplearning4j-_old-deeplearning4j-parent-0.0.2,org.deeplearning4j.nn,MatrixTests,testSigmoid,Magic Number
deeplearning4j-_old-deeplearning4j-parent-0.0.2,org.deeplearning4j.nn,MatrixTests,testSigmoid,Magic Number
deeplearning4j-_old-deeplearning4j-parent-0.0.2,org.deeplearning4j.nn,MatrixTests,testSigmoid,Magic Number
deeplearning4j-_old-deeplearning4j-parent-0.0.2,org.deeplearning4j.nn,MatrixTests,testSigmoid,Magic Number
deeplearning4j-_old-deeplearning4j-parent-0.0.2,org.deeplearning4j.nn,MatrixTests,testSigmoid,Magic Number
deeplearning4j-_old-deeplearning4j-parent-0.0.2,org.deeplearning4j.nn,MatrixTests,testSigmoid,Magic Number
deeplearning4j-_old-deeplearning4j-parent-0.0.2,org.deeplearning4j.nn,MatrixTests,testSigmoid,Magic Number
deeplearning4j-_old-deeplearning4j-parent-0.0.2,org.deeplearning4j.nn,MatrixTests,testSigmoid,Magic Number
deeplearning4j-_old-deeplearning4j-parent-0.0.2,org.deeplearning4j.nn,MatrixTests,testSigmoid,Magic Number
deeplearning4j-_old-deeplearning4j-parent-0.0.2,org.deeplearning4j.nn,MatrixTests,testSigmoid,Magic Number
deeplearning4j-_old-deeplearning4j-parent-0.0.2,org.deeplearning4j.nn,MatrixTests,testSigmoid,Magic Number
deeplearning4j-_old-deeplearning4j-parent-0.0.2,org.deeplearning4j.nn,MatrixTests,testSigmoid,Magic Number
deeplearning4j-_old-deeplearning4j-parent-0.0.2,org.deeplearning4j.nn,MatrixTests,testSigmoid,Magic Number
deeplearning4j-_old-deeplearning4j-parent-0.0.2,org.deeplearning4j.nn,MatrixTests,testSigmoid,Magic Number
deeplearning4j-_old-deeplearning4j-parent-0.0.2,org.deeplearning4j.nn,MatrixTests,testSigmoid,Magic Number
deeplearning4j-_old-deeplearning4j-parent-0.0.2,org.deeplearning4j.nn,MatrixTests,testSigmoid,Magic Number
deeplearning4j-_old-deeplearning4j-parent-0.0.2,org.deeplearning4j.nn,MatrixTests,testSigmoid,Magic Number
deeplearning4j-_old-deeplearning4j-parent-0.0.2,org.deeplearning4j.nn,MatrixTests,testSigmoid,Magic Number
deeplearning4j-_old-deeplearning4j-parent-0.0.2,org.deeplearning4j.nn,MatrixTests,testSigmoid,Magic Number
deeplearning4j-_old-deeplearning4j-parent-0.0.2,org.deeplearning4j.nn,MatrixTests,testSigmoid,Magic Number
deeplearning4j-_old-deeplearning4j-parent-0.0.2,org.deeplearning4j.nn,MatrixTests,testSigmoid,Magic Number
deeplearning4j-_old-deeplearning4j-parent-0.0.2,org.deeplearning4j.nn,MatrixTests,testSigmoid,Magic Number
deeplearning4j-_old-deeplearning4j-parent-0.0.2,org.deeplearning4j.nn,MatrixTests,testSigmoid,Magic Number
deeplearning4j-_old-deeplearning4j-parent-0.0.2,org.deeplearning4j.nn,MatrixTests,testSigmoid,Magic Number
deeplearning4j-_old-deeplearning4j-parent-0.0.2,org.deeplearning4j.nn,MatrixTests,testSigmoid,Magic Number
deeplearning4j-_old-deeplearning4j-parent-0.0.2,org.deeplearning4j.nn,MatrixTests,testSigmoid,Magic Number
deeplearning4j-_old-deeplearning4j-parent-0.0.2,org.deeplearning4j.nn,MatrixTests,testSigmoid,Magic Number
deeplearning4j-_old-deeplearning4j-parent-0.0.2,org.deeplearning4j.nn,MatrixTests,testSigmoid,Magic Number
deeplearning4j-_old-deeplearning4j-parent-0.0.2,org.deeplearning4j.nn,MatrixTests,testSigmoid,Magic Number
deeplearning4j-_old-deeplearning4j-parent-0.0.2,org.deeplearning4j.nn,MatrixTests,testSigmoid,Magic Number
deeplearning4j-_old-deeplearning4j-parent-0.0.2,org.deeplearning4j.nn,MatrixTests,testSigmoid,Magic Number
deeplearning4j-_old-deeplearning4j-parent-0.0.2,org.deeplearning4j.nn,MatrixTests,testSigmoid,Magic Number
deeplearning4j-_old-deeplearning4j-parent-0.0.2,org.deeplearning4j.nn,MatrixTests,testSigmoid,Magic Number
deeplearning4j-_old-deeplearning4j-parent-0.0.2,org.deeplearning4j.nn,MatrixTests,testSigmoid,Magic Number
deeplearning4j-_old-deeplearning4j-parent-0.0.2,org.deeplearning4j.nn,MatrixTests,testSigmoid,Magic Number
deeplearning4j-_old-deeplearning4j-parent-0.0.2,org.deeplearning4j.nn,MatrixTests,testSigmoid,Magic Number
deeplearning4j-_old-deeplearning4j-parent-0.0.2,org.deeplearning4j.nn,MatrixTests,testSigmoid,Magic Number
deeplearning4j-_old-deeplearning4j-parent-0.0.2,org.deeplearning4j.nn,MatrixTests,testSigmoid,Magic Number
deeplearning4j-_old-deeplearning4j-parent-0.0.2,org.deeplearning4j.nn,MatrixTests,testSigmoid,Magic Number
deeplearning4j-_old-deeplearning4j-parent-0.0.2,org.deeplearning4j.nn,MatrixTests,testSigmoid,Magic Number
deeplearning4j-_old-deeplearning4j-parent-0.0.2,org.deeplearning4j.nn,MatrixTests,testSigmoid,Magic Number
deeplearning4j-_old-deeplearning4j-parent-0.0.2,org.deeplearning4j.nn,MatrixTests,testSigmoid,Magic Number
deeplearning4j-_old-deeplearning4j-parent-0.0.2,org.deeplearning4j.nn,MatrixTests,testSigmoid,Magic Number
deeplearning4j-_old-deeplearning4j-parent-0.0.2,org.deeplearning4j.nn,MatrixTests,testSigmoid,Magic Number
deeplearning4j-_old-deeplearning4j-parent-0.0.2,org.deeplearning4j.nn,MatrixTests,testSigmoid,Magic Number
deeplearning4j-_old-deeplearning4j-parent-0.0.2,org.deeplearning4j.nn,MatrixTests,testSigmoid,Magic Number
deeplearning4j-_old-deeplearning4j-parent-0.0.2,org.deeplearning4j.nn,MatrixTests,testSigmoid,Magic Number
deeplearning4j-_old-deeplearning4j-parent-0.0.2,org.deeplearning4j.nn,MatrixTests,testSigmoid,Magic Number
deeplearning4j-_old-deeplearning4j-parent-0.0.2,org.deeplearning4j.nn,MatrixTests,testMean,Long Statement
deeplearning4j-_old-deeplearning4j-parent-0.0.2,org.deeplearning4j.nn,MatrixTests,testMean,Long Statement
deeplearning4j-_old-deeplearning4j-parent-0.0.2,org.deeplearning4j.nn,MatrixTests,testMean,Magic Number
deeplearning4j-_old-deeplearning4j-parent-0.0.2,org.deeplearning4j.nn,MatrixTests,testMean,Magic Number
deeplearning4j-_old-deeplearning4j-parent-0.0.2,org.deeplearning4j.nn,MatrixTests,testMean,Magic Number
deeplearning4j-_old-deeplearning4j-parent-0.0.2,org.deeplearning4j.nn,MatrixTests,testMean,Magic Number
deeplearning4j-_old-deeplearning4j-parent-0.0.2,org.deeplearning4j.nn,MatrixTests,testMean,Magic Number
deeplearning4j-_old-deeplearning4j-parent-0.0.2,org.deeplearning4j.nn,MatrixTests,testMean,Magic Number
deeplearning4j-_old-deeplearning4j-parent-0.0.2,org.deeplearning4j.nn,MatrixTests,testMean,Magic Number
deeplearning4j-_old-deeplearning4j-parent-0.0.2,org.deeplearning4j.nn,MatrixTests,testMean,Magic Number
deeplearning4j-_old-deeplearning4j-parent-0.0.2,org.deeplearning4j.nn,MatrixTests,testMean,Magic Number
deeplearning4j-_old-deeplearning4j-parent-0.0.2,org.deeplearning4j.nn,MatrixTests,testMean,Magic Number
deeplearning4j-_old-deeplearning4j-parent-0.0.2,org.deeplearning4j.nn,MatrixTests,testMean,Magic Number
deeplearning4j-_old-deeplearning4j-parent-0.0.2,org.deeplearning4j.nn,MatrixTests,testMean,Magic Number
deeplearning4j-_old-deeplearning4j-parent-0.0.2,org.deeplearning4j.nn,MatrixTests,testMean,Magic Number
deeplearning4j-_old-deeplearning4j-parent-0.0.2,org.deeplearning4j.nn,MatrixTests,testMean,Magic Number
deeplearning4j-_old-deeplearning4j-parent-0.0.2,org.deeplearning4j.nn,MatrixTests,testMean,Magic Number
deeplearning4j-_old-deeplearning4j-parent-0.0.2,org.deeplearning4j.nn,MatrixTests,testMean,Magic Number
deeplearning4j-_old-deeplearning4j-parent-0.0.2,org.deeplearning4j.nn,MatrixTests,testMean,Magic Number
deeplearning4j-_old-deeplearning4j-parent-0.0.2,org.deeplearning4j.nn,MatrixTests,testMean,Magic Number
deeplearning4j-_old-deeplearning4j-parent-0.0.2,org.deeplearning4j.nn,MatrixTests,testMean,Magic Number
deeplearning4j-_old-deeplearning4j-parent-0.0.2,org.deeplearning4j.nn,MatrixTests,testMean,Magic Number
deeplearning4j-_old-deeplearning4j-parent-0.0.2,org.deeplearning4j.nn,MatrixTests,testMean,Magic Number
deeplearning4j-_old-deeplearning4j-parent-0.0.2,org.deeplearning4j.nn,MatrixTests,testMean,Magic Number
deeplearning4j-_old-deeplearning4j-parent-0.0.2,org.deeplearning4j.nn,MatrixTests,testMean,Magic Number
deeplearning4j-_old-deeplearning4j-parent-0.0.2,org.deeplearning4j.nn,MatrixTests,testMean,Magic Number
deeplearning4j-_old-deeplearning4j-parent-0.0.2,org.deeplearning4j.nn,MatrixTests,testMean,Magic Number
deeplearning4j-_old-deeplearning4j-parent-0.0.2,org.deeplearning4j.nn,MatrixTests,testMean,Magic Number
deeplearning4j-_old-deeplearning4j-parent-0.0.2,org.deeplearning4j.nn,MatrixTests,testMean,Magic Number
deeplearning4j-_old-deeplearning4j-parent-0.0.2,org.deeplearning4j.nn,MatrixTests,testMean,Magic Number
deeplearning4j-_old-deeplearning4j-parent-0.0.2,org.deeplearning4j.nn,MatrixTests,testMean,Magic Number
deeplearning4j-_old-deeplearning4j-parent-0.0.2,org.deeplearning4j.nn,MatrixTests,testMean,Magic Number
deeplearning4j-_old-deeplearning4j-parent-0.0.2,org.deeplearning4j.nn,MatrixTests,testMean,Magic Number
deeplearning4j-_old-deeplearning4j-parent-0.0.2,org.deeplearning4j.nn,MatrixTests,testMean,Magic Number
deeplearning4j-_old-deeplearning4j-parent-0.0.2,org.deeplearning4j.nn,MatrixTests,testMean,Magic Number
deeplearning4j-_old-deeplearning4j-parent-0.0.2,org.deeplearning4j.nn,MatrixTests,testMean,Magic Number
deeplearning4j-_old-deeplearning4j-parent-0.0.2,org.deeplearning4j.nn,MatrixTests,testMean,Magic Number
deeplearning4j-_old-deeplearning4j-parent-0.0.2,org.deeplearning4j.nn,MatrixTests,testMean,Magic Number
deeplearning4j-_old-deeplearning4j-parent-0.0.2,org.deeplearning4j.nn,MatrixTests,testMean,Magic Number
deeplearning4j-_old-deeplearning4j-parent-0.0.2,org.deeplearning4j.nn,MatrixTests,testMean,Magic Number
deeplearning4j-_old-deeplearning4j-parent-0.0.2,org.deeplearning4j.nn,MatrixTests,testMean,Magic Number
deeplearning4j-_old-deeplearning4j-parent-0.0.2,org.deeplearning4j.nn,MatrixTests,testMean,Magic Number
deeplearning4j-_old-deeplearning4j-parent-0.0.2,org.deeplearning4j.nn,MatrixTests,testMean,Magic Number
deeplearning4j-_old-deeplearning4j-parent-0.0.2,org.deeplearning4j.nn,MatrixTests,testMean,Magic Number
deeplearning4j-_old-deeplearning4j-parent-0.0.2,org.deeplearning4j.nn,MatrixTests,testMean,Magic Number
deeplearning4j-_old-deeplearning4j-parent-0.0.2,org.deeplearning4j.nn,MatrixTests,testMean,Magic Number
deeplearning4j-_old-deeplearning4j-parent-0.0.2,org.deeplearning4j.nn,MatrixTests,testMean,Magic Number
deeplearning4j-_old-deeplearning4j-parent-0.0.2,org.deeplearning4j.nn,MatrixTests,testMean,Magic Number
deeplearning4j-_old-deeplearning4j-parent-0.0.2,org.deeplearning4j.nn,MatrixTests,testMean,Magic Number
deeplearning4j-_old-deeplearning4j-parent-0.0.2,org.deeplearning4j.nn,MatrixTests,testMean,Magic Number
deeplearning4j-_old-deeplearning4j-parent-0.0.2,org.deeplearning4j.nn,MatrixTests,testMean,Magic Number
deeplearning4j-_old-deeplearning4j-parent-0.0.2,org.deeplearning4j.nn,MatrixTests,testMean,Magic Number
deeplearning4j-_old-deeplearning4j-parent-0.0.2,org.deeplearning4j.nn,MatrixTests,testMean,Magic Number
deeplearning4j-_old-deeplearning4j-parent-0.0.2,org.deeplearning4j.nn,MatrixTests,testMean,Magic Number
deeplearning4j-_old-deeplearning4j-parent-0.0.2,org.deeplearning4j.nn,MatrixTests,testMean,Magic Number
deeplearning4j-_old-deeplearning4j-parent-0.0.2,org.deeplearning4j.nn,MatrixTests,testMean,Magic Number
deeplearning4j-_old-deeplearning4j-parent-0.0.2,org.deeplearning4j.nn,MatrixTests,testMean,Magic Number
deeplearning4j-_old-deeplearning4j-parent-0.0.2,org.deeplearning4j.nn,MatrixTests,testMean,Magic Number
deeplearning4j-_old-deeplearning4j-parent-0.0.2,org.deeplearning4j.nn,MatrixTests,testMean,Magic Number
deeplearning4j-_old-deeplearning4j-parent-0.0.2,org.deeplearning4j.nn,MatrixTests,testMean,Magic Number
deeplearning4j-_old-deeplearning4j-parent-0.0.2,org.deeplearning4j.nn,MatrixTests,testMean,Magic Number
deeplearning4j-_old-deeplearning4j-parent-0.0.2,org.deeplearning4j.nn,MatrixTests,testMean,Magic Number
deeplearning4j-_old-deeplearning4j-parent-0.0.2,org.deeplearning4j.nn,MatrixTests,testMean,Magic Number
deeplearning4j-_old-deeplearning4j-parent-0.0.2,org.deeplearning4j.nn,MatrixTests,testMean,Magic Number
deeplearning4j-_old-deeplearning4j-parent-0.0.2,org.deeplearning4j.nn,MatrixTests,testMean,Magic Number
deeplearning4j-_old-deeplearning4j-parent-0.0.2,org.deeplearning4j.nn,MatrixTests,testMean,Magic Number
deeplearning4j-_old-deeplearning4j-parent-0.0.2,org.deeplearning4j.nn,MatrixTests,testMean,Magic Number
deeplearning4j-_old-deeplearning4j-parent-0.0.2,org.deeplearning4j.nn,MatrixTests,testMean,Magic Number
deeplearning4j-_old-deeplearning4j-parent-0.0.2,org.deeplearning4j.nn,MatrixTests,testMean,Magic Number
deeplearning4j-_old-deeplearning4j-parent-0.0.2,org.deeplearning4j.nn,MatrixTests,testMean,Magic Number
deeplearning4j-_old-deeplearning4j-parent-0.0.2,org.deeplearning4j.nn,MatrixTests,testMean,Magic Number
deeplearning4j-_old-deeplearning4j-parent-0.0.2,org.deeplearning4j.nn,MatrixTests,testMean,Magic Number
deeplearning4j-_old-deeplearning4j-parent-0.0.2,org.deeplearning4j.nn,MatrixTests,testMean,Magic Number
deeplearning4j-_old-deeplearning4j-parent-0.0.2,org.deeplearning4j.nn,MatrixTests,testMean,Magic Number
deeplearning4j-_old-deeplearning4j-parent-0.0.2,org.deeplearning4j.nn,MatrixTests,testMean,Magic Number
deeplearning4j-_old-deeplearning4j-parent-0.0.2,org.deeplearning4j.nn,MatrixTests,testMean,Magic Number
deeplearning4j-_old-deeplearning4j-parent-0.0.2,org.deeplearning4j.nn,MatrixTests,testMean,Magic Number
deeplearning4j-_old-deeplearning4j-parent-0.0.2,org.deeplearning4j.nn,MatrixTests,testMean,Magic Number
deeplearning4j-_old-deeplearning4j-parent-0.0.2,org.deeplearning4j.nn,MatrixTests,testMean,Magic Number
deeplearning4j-_old-deeplearning4j-parent-0.0.2,org.deeplearning4j.nn,MatrixTests,testMean,Magic Number
deeplearning4j-_old-deeplearning4j-parent-0.0.2,org.deeplearning4j.nn,MatrixTests,testMean,Magic Number
deeplearning4j-_old-deeplearning4j-parent-0.0.2,org.deeplearning4j.nn,MatrixTests,testMean,Magic Number
deeplearning4j-_old-deeplearning4j-parent-0.0.2,org.deeplearning4j.nn,MatrixTests,testMean,Magic Number
deeplearning4j-_old-deeplearning4j-parent-0.0.2,org.deeplearning4j.nn,MatrixTests,testMean,Magic Number
deeplearning4j-_old-deeplearning4j-parent-0.0.2,org.deeplearning4j.nn,MatrixTests,testMean,Magic Number
deeplearning4j-_old-deeplearning4j-parent-0.0.2,org.deeplearning4j.nn,MatrixTests,testMean,Magic Number
deeplearning4j-_old-deeplearning4j-parent-0.0.2,org.deeplearning4j.nn,MatrixTests,testMean,Magic Number
deeplearning4j-_old-deeplearning4j-parent-0.0.2,org.deeplearning4j.nn,MatrixTests,testMean,Magic Number
deeplearning4j-_old-deeplearning4j-parent-0.0.2,org.deeplearning4j.nn,MatrixTests,testMean,Magic Number
deeplearning4j-_old-deeplearning4j-parent-0.0.2,org.deeplearning4j.nn,MatrixTests,testMean,Magic Number
deeplearning4j-_old-deeplearning4j-parent-0.0.2,org.deeplearning4j.nn,MatrixTests,testMean,Magic Number
deeplearning4j-_old-deeplearning4j-parent-0.0.2,org.deeplearning4j.nn,MatrixTests,testMean,Magic Number
deeplearning4j-_old-deeplearning4j-parent-0.0.2,org.deeplearning4j.nn,MatrixTests,testMean,Magic Number
deeplearning4j-_old-deeplearning4j-parent-0.0.2,org.deeplearning4j.nn,MatrixTests,testMean,Magic Number
deeplearning4j-_old-deeplearning4j-parent-0.0.2,org.deeplearning4j.nn,MatrixTests,testMean,Magic Number
deeplearning4j-_old-deeplearning4j-parent-0.0.2,org.deeplearning4j.nn,MatrixTests,testMean,Magic Number
deeplearning4j-_old-deeplearning4j-parent-0.0.2,org.deeplearning4j.nn,MatrixTests,testMean,Magic Number
deeplearning4j-_old-deeplearning4j-parent-0.0.2,org.deeplearning4j.nn,MatrixTests,testMean,Magic Number
deeplearning4j-_old-deeplearning4j-parent-0.0.2,org.deeplearning4j.nn,MatrixTests,testMean,Magic Number
deeplearning4j-_old-deeplearning4j-parent-0.0.2,org.deeplearning4j.nn,MatrixTests,testMean,Magic Number
deeplearning4j-_old-deeplearning4j-parent-0.0.2,org.deeplearning4j.nn,MatrixTests,testMean,Magic Number
deeplearning4j-_old-deeplearning4j-parent-0.0.2,org.deeplearning4j.nn,MatrixTests,testMean,Magic Number
deeplearning4j-_old-deeplearning4j-parent-0.0.2,org.deeplearning4j.nn,MatrixTests,testMean,Magic Number
deeplearning4j-_old-deeplearning4j-parent-0.0.2,org.deeplearning4j.nn,MatrixTests,testMean,Magic Number
deeplearning4j-_old-deeplearning4j-parent-0.0.2,org.deeplearning4j.nn,MatrixTests,testMean,Magic Number
deeplearning4j-_old-deeplearning4j-parent-0.0.2,org.deeplearning4j.nn,MatrixTests,testMean,Magic Number
deeplearning4j-_old-deeplearning4j-parent-0.0.2,org.deeplearning4j.nn,MatrixTests,testMean,Magic Number
deeplearning4j-_old-deeplearning4j-parent-0.0.2,org.deeplearning4j.nn,MatrixTests,testMean,Magic Number
deeplearning4j-_old-deeplearning4j-parent-0.0.2,org.deeplearning4j.nn,MatrixTests,testMean,Magic Number
deeplearning4j-_old-deeplearning4j-parent-0.0.2,org.deeplearning4j.nn,MatrixTests,testMean,Magic Number
deeplearning4j-_old-deeplearning4j-parent-0.0.2,org.deeplearning4j.nn,MatrixTests,testMean,Magic Number
deeplearning4j-_old-deeplearning4j-parent-0.0.2,org.deeplearning4j.nn,MatrixTests,testMean,Magic Number
deeplearning4j-_old-deeplearning4j-parent-0.0.2,org.deeplearning4j.nn,MatrixTests,testMean,Magic Number
deeplearning4j-_old-deeplearning4j-parent-0.0.2,org.deeplearning4j.nn,MatrixTests,testMean,Magic Number
deeplearning4j-_old-deeplearning4j-parent-0.0.2,org.deeplearning4j.nn,MatrixTests,testMean,Magic Number
deeplearning4j-_old-deeplearning4j-parent-0.0.2,org.deeplearning4j.nn,MatrixTests,testMean,Magic Number
deeplearning4j-_old-deeplearning4j-parent-0.0.2,org.deeplearning4j.nn,MatrixTests,testMean,Magic Number
deeplearning4j-_old-deeplearning4j-parent-0.0.2,org.deeplearning4j.nn,MatrixTests,testMean,Magic Number
deeplearning4j-_old-deeplearning4j-parent-0.0.2,org.deeplearning4j.nn,MatrixTests,testMean,Magic Number
deeplearning4j-_old-deeplearning4j-parent-0.0.2,org.deeplearning4j.nn,MatrixTests,testMean,Magic Number
deeplearning4j-_old-deeplearning4j-parent-0.0.2,org.deeplearning4j.nn,MatrixTests,testMean,Magic Number
deeplearning4j-_old-deeplearning4j-parent-0.0.2,org.deeplearning4j.nn,MatrixTests,testMean,Magic Number
deeplearning4j-_old-deeplearning4j-parent-0.0.2,org.deeplearning4j.nn,MatrixTests,testMean,Magic Number
deeplearning4j-_old-deeplearning4j-parent-0.0.2,org.deeplearning4j.nn,MatrixTests,testMean,Magic Number
deeplearning4j-_old-deeplearning4j-parent-0.0.2,org.deeplearning4j.nn,MatrixTests,testMean,Magic Number
deeplearning4j-_old-deeplearning4j-parent-0.0.2,org.deeplearning4j.nn,MatrixTests,testMean,Magic Number
deeplearning4j-_old-deeplearning4j-parent-0.0.2,org.deeplearning4j.nn,MatrixTests,testMean,Magic Number
deeplearning4j-_old-deeplearning4j-parent-0.0.2,org.deeplearning4j.nn,MatrixTests,testMean,Magic Number
deeplearning4j-_old-deeplearning4j-parent-0.0.2,org.deeplearning4j.nn,MatrixTests,testMean,Magic Number
deeplearning4j-_old-deeplearning4j-parent-0.0.2,org.deeplearning4j.nn,MatrixTests,testMean,Magic Number
deeplearning4j-_old-deeplearning4j-parent-0.0.2,org.deeplearning4j.nn,MatrixTests,testMean,Magic Number
deeplearning4j-_old-deeplearning4j-parent-0.0.2,org.deeplearning4j.nn,MatrixTests,testMean,Magic Number
deeplearning4j-_old-deeplearning4j-parent-0.0.2,org.deeplearning4j.nn,MatrixTests,testMean,Magic Number
deeplearning4j-_old-deeplearning4j-parent-0.0.2,org.deeplearning4j.nn.activation,HardTanh,applyDerivative,Magic Number
deeplearning4j-_old-deeplearning4j-parent-0.0.2,org.deeplearning4j.nn.activation,Tanh,applyDerivative,Magic Number
deeplearning4j-_old-deeplearning4j-parent-0.0.2,org.deeplearning4j.optimize,MultiLayerNetworkOptimizer,getValueGradient,Long Statement
deeplearning4j-_old-deeplearning4j-parent-0.0.2,org.deeplearning4j.optimize,NeuralNetworkOptimizer,train,Magic Number
deeplearning4j-_old-deeplearning4j-parent-0.0.2,org.deeplearning4j.optimize,NeuralNetworkOptimizer,train,Magic Number
deeplearning4j-_old-deeplearning4j-parent-0.0.2,org.deeplearning4j.plot,NeuralNetPlotter,plotNetworkGradient,Long Statement
deeplearning4j-_old-deeplearning4j-parent-0.0.2,org.deeplearning4j.plot,NeuralNetPlotter,plotMatrices,Magic Number
deeplearning4j-_old-deeplearning4j-parent-0.0.2,org.deeplearning4j.plot,NeuralNetPlotter,plotMatrices,Magic Number
deeplearning4j-_old-deeplearning4j-parent-0.0.2,org.deeplearning4j.plot,NeuralNetPlotter,plotMatrices,Magic Number
deeplearning4j-_old-deeplearning4j-parent-0.0.2,org.deeplearning4j.plot,NeuralNetPlotter,plotMatrices,Magic Number
deeplearning4j-_old-deeplearning4j-parent-0.0.2,org.deeplearning4j.plot,NeuralNetPlotter,plotWeights,Empty catch clause
deeplearning4j-_old-deeplearning4j-parent-0.0.2,org.deeplearning4j.plot,NeuralNetPlotter,plotActivations,Magic Number
deeplearning4j-_old-deeplearning4j-parent-0.0.2,org.deeplearning4j.rbm,CRBM,CRBM,Long Parameter List
deeplearning4j-_old-deeplearning4j-parent-0.0.2,org.deeplearning4j.rbm,CRBM,CRBM,Long Parameter List
deeplearning4j-_old-deeplearning4j-parent-0.0.2,org.deeplearning4j.rbm,RBM,RBM,Long Parameter List
deeplearning4j-_old-deeplearning4j-parent-0.0.2,org.deeplearning4j.rbm,RBM,RBM,Long Parameter List
deeplearning4j-_old-deeplearning4j-parent-0.0.2,org.deeplearning4j.rbm,RBM,getGradient,Long Statement
deeplearning4j-_old-deeplearning4j-parent-0.0.2,org.deeplearning4j.rbm,RBMOptimizer,getValueGradient,Magic Number
deeplearning4j-_old-deeplearning4j-parent-0.0.2,org.deeplearning4j.rbm,RBMOptimizer,getValueGradient,Magic Number
deeplearning4j-_old-deeplearning4j-parent-0.0.2,org.deeplearning4j.rbm,RBMOptimizer,getValueGradient,Magic Number
deeplearning4j-_old-deeplearning4j-parent-0.0.2,org.deeplearning4j.rbm,CRBMTest,testBasic,Long Statement
deeplearning4j-_old-deeplearning4j-parent-0.0.2,org.deeplearning4j.rbm,CRBMTest,testBasic,Magic Number
deeplearning4j-_old-deeplearning4j-parent-0.0.2,org.deeplearning4j.rbm,CRBMTest,testBasic,Magic Number
deeplearning4j-_old-deeplearning4j-parent-0.0.2,org.deeplearning4j.rbm,CRBMTest,testBasic,Magic Number
deeplearning4j-_old-deeplearning4j-parent-0.0.2,org.deeplearning4j.rbm,RBMTest,testBasic,Long Statement
deeplearning4j-_old-deeplearning4j-parent-0.0.2,org.deeplearning4j.rbm,RBMTest,testBasic,Magic Number
deeplearning4j-_old-deeplearning4j-parent-0.0.2,org.deeplearning4j.rbm,RBMTest,testBasic,Magic Number
deeplearning4j-_old-deeplearning4j-parent-0.0.2,org.deeplearning4j.rbm,RBMTest,testBasic,Magic Number
deeplearning4j-_old-deeplearning4j-parent-0.0.2,org.deeplearning4j.rbm,RBMTest,testBasic,Magic Number
deeplearning4j-_old-deeplearning4j-parent-0.0.2,org.deeplearning4j.rbm,RBMTest,testBasic,Magic Number
deeplearning4j-_old-deeplearning4j-parent-0.0.2,org.deeplearning4j.rbm,RBMTest,testBasic,Magic Number
deeplearning4j-_old-deeplearning4j-parent-0.0.2,org.deeplearning4j.sda,StackedDenoisingAutoEncoder,StackedDenoisingAutoEncoder,Long Parameter List
deeplearning4j-_old-deeplearning4j-parent-0.0.2,org.deeplearning4j.sda,StackedDenoisingAutoEncoder,StackedDenoisingAutoEncoder,Long Parameter List
deeplearning4j-_old-deeplearning4j-parent-0.0.2,org.deeplearning4j.sda,StackedDenoisingAutoEncoder,trainNetwork,Magic Number
deeplearning4j-_old-deeplearning4j-parent-0.0.2,org.deeplearning4j.sda,StackedDenoisingAutoEncoder,trainNetwork,Magic Number
deeplearning4j-_old-deeplearning4j-parent-0.0.2,org.deeplearning4j.sda,StackedDenoisingAutoEncoder,trainNetwork,Magic Number
deeplearning4j-_old-deeplearning4j-parent-0.0.2,org.deeplearning4j.sda,StackedDenoisingAutoEncoder,trainNetwork,Magic Number
deeplearning4j-_old-deeplearning4j-parent-0.0.2,org.deeplearning4j.sda,StackedDenoisingAutoEncoder,createLayer,Long Parameter List
deeplearning4j-_old-deeplearning4j-parent-0.0.2,org.deeplearning4j.sda,StackedDenoisingAutoEncoder,createLayer,Long Statement
deeplearning4j-_old-deeplearning4j-parent-0.0.2,org.deeplearning4j.sda,DenoisingTests,init,Long Statement
deeplearning4j-_old-deeplearning4j-parent-0.0.2,org.deeplearning4j.sda,DenoisingTests,init,Long Statement
deeplearning4j-_old-deeplearning4j-parent-0.0.2,org.deeplearning4j.sda,DenoisingTests,init,Magic Number
deeplearning4j-_old-deeplearning4j-parent-0.0.2,org.deeplearning4j.sda,DenoisingTests,testOther,Long Statement
deeplearning4j-_old-deeplearning4j-parent-0.0.2,org.deeplearning4j.sda,DenoisingTests,testOther,Magic Number
deeplearning4j-_old-deeplearning4j-parent-0.0.2,org.deeplearning4j.sda,DenoisingTests,testOther,Magic Number
deeplearning4j-_old-deeplearning4j-parent-0.0.2,org.deeplearning4j.sda,DenoisingTests,testOther,Magic Number
deeplearning4j-_old-deeplearning4j-parent-0.0.2,org.deeplearning4j.sda,DenoisingTests,testOther,Magic Number
deeplearning4j-_old-deeplearning4j-parent-0.0.2,org.deeplearning4j.sda,DenoisingTests,testOther,Magic Number
deeplearning4j-_old-deeplearning4j-parent-0.0.2,org.deeplearning4j.sda,SdaTest,testOutput,Long Statement
deeplearning4j-_old-deeplearning4j-parent-0.0.2,org.deeplearning4j.sda,SdaTest,testOutput,Magic Number
deeplearning4j-_old-deeplearning4j-parent-0.0.2,org.deeplearning4j.sda,SdaTest,testOutput,Magic Number
deeplearning4j-_old-deeplearning4j-parent-0.0.2,org.deeplearning4j.util,ByteUtil,readString,Magic Number
deeplearning4j-_old-deeplearning4j-parent-0.0.2,org.deeplearning4j.util,ByteUtil,readString,Magic Number
deeplearning4j-_old-deeplearning4j-parent-0.0.2,org.deeplearning4j.util,ByteUtil,readString,Magic Number
deeplearning4j-_old-deeplearning4j-parent-0.0.2,org.deeplearning4j.util,InputSplit,splitInputs,Long Parameter List
deeplearning4j-_old-deeplearning4j-parent-0.0.2,org.deeplearning4j.util,MathUtils,ssReg,Magic Number
deeplearning4j-_old-deeplearning4j-parent-0.0.2,org.deeplearning4j.util,MathUtils,ssError,Magic Number
deeplearning4j-_old-deeplearning4j-parent-0.0.2,org.deeplearning4j.util,MathUtils,vectorLength,Magic Number
deeplearning4j-_old-deeplearning4j-parent-0.0.2,org.deeplearning4j.util,MathUtils,idf,Long Identifier
deeplearning4j-_old-deeplearning4j-parent-0.0.2,org.deeplearning4j.util,MathUtils,squaredLoss,Magic Number
deeplearning4j-_old-deeplearning4j-parent-0.0.2,org.deeplearning4j.util,MathUtils,w_1,Magic Number
deeplearning4j-_old-deeplearning4j-parent-0.0.2,org.deeplearning4j.util,MathUtils,sumOfMeanDifferencesOnePoint,Magic Number
deeplearning4j-_old-deeplearning4j-parent-0.0.2,org.deeplearning4j.util,MathUtils,coordSplit,Magic Number
deeplearning4j-_old-deeplearning4j-parent-0.0.2,org.deeplearning4j.util,MathUtils,coordSplit,Magic Number
deeplearning4j-_old-deeplearning4j-parent-0.0.2,org.deeplearning4j.util,MathUtils,coordSplit,Magic Number
deeplearning4j-_old-deeplearning4j-parent-0.0.2,org.deeplearning4j.util,MathUtils,coordSplit,Magic Number
deeplearning4j-_old-deeplearning4j-parent-0.0.2,org.deeplearning4j.util,MathUtils,coordSplit,Magic Number
deeplearning4j-_old-deeplearning4j-parent-0.0.2,org.deeplearning4j.util,MathUtils,coordSplit,Magic Number
deeplearning4j-_old-deeplearning4j-parent-0.0.2,org.deeplearning4j.util,MathUtils,xVals,Magic Number
deeplearning4j-_old-deeplearning4j-parent-0.0.2,org.deeplearning4j.util,MathUtils,xVals,Magic Number
deeplearning4j-_old-deeplearning4j-parent-0.0.2,org.deeplearning4j.util,MathUtils,yVals,Magic Number
deeplearning4j-_old-deeplearning4j-parent-0.0.2,org.deeplearning4j.util,MathUtils,yVals,Magic Number
deeplearning4j-_old-deeplearning4j-parent-0.0.2,org.deeplearning4j.util,MathUtils,sumOfSquares,Magic Number
deeplearning4j-_old-deeplearning4j-parent-0.0.2,org.deeplearning4j.util,MathUtils,determinationCoefficient,Magic Number
deeplearning4j-_old-deeplearning4j-parent-0.0.2,org.deeplearning4j.util,MathUtils,rootMeansSquaredError,Magic Number
deeplearning4j-_old-deeplearning4j-parent-0.0.2,org.deeplearning4j.util,MathUtils,probToLogOdds,Magic Number
deeplearning4j-_old-deeplearning4j-parent-0.0.2,org.deeplearning4j.util,MathUtils,round,Magic Number
deeplearning4j-_old-deeplearning4j-parent-0.0.2,org.deeplearning4j.util,MathUtils,round,Magic Number
deeplearning4j-_old-deeplearning4j-parent-0.0.2,org.deeplearning4j.util,MathUtils,roundDouble,Magic Number
deeplearning4j-_old-deeplearning4j-parent-0.0.2,org.deeplearning4j.util,MathUtils,toDecimal,Magic Number
deeplearning4j-_old-deeplearning4j-parent-0.0.2,org.deeplearning4j.util,MathUtils,toDecimal,Magic Number
deeplearning4j-_old-deeplearning4j-parent-0.0.2,org.deeplearning4j.util,MathUtils,toDecimal,Magic Number
deeplearning4j-_old-deeplearning4j-parent-0.0.2,org.deeplearning4j.util,MathUtils,distanceFinderZValue,Magic Number
deeplearning4j-_old-deeplearning4j-parent-0.0.2,org.deeplearning4j.util,MathUtils,euclideanDistance,Magic Number
deeplearning4j-_old-deeplearning4j-parent-0.0.2,org.deeplearning4j.util,MathUtils,euclideanDistance,Magic Number
deeplearning4j-_old-deeplearning4j-parent-0.0.2,org.deeplearning4j.util,MathUtils,main,Magic Number
deeplearning4j-_old-deeplearning4j-parent-0.0.2,org.deeplearning4j.util,MatrixUtil,xorData,Magic Number
deeplearning4j-_old-deeplearning4j-parent-0.0.2,org.deeplearning4j.util,MatrixUtil,xorData,Magic Number
deeplearning4j-_old-deeplearning4j-parent-0.0.2,org.deeplearning4j.util,MatrixUtil,xorData,Magic Number
deeplearning4j-_old-deeplearning4j-parent-0.0.2,org.deeplearning4j.util,MatrixUtil,xorData,Magic Number
deeplearning4j-_old-deeplearning4j-parent-0.0.2,org.deeplearning4j.util,MatrixUtil,xorData,Magic Number
deeplearning4j-_old-deeplearning4j-parent-0.0.2,org.deeplearning4j.util,MatrixUtil,xorData,Magic Number
deeplearning4j-_old-deeplearning4j-parent-0.0.2,org.deeplearning4j.util,MatrixUtil,xorData,Magic Number
deeplearning4j-_old-deeplearning4j-parent-0.0.2,org.deeplearning4j.util,MatrixUtil,cosine,Magic Number
deeplearning4j-_old-deeplearning4j-parent-0.0.2,org.deeplearning4j.util,MatrixUtil,assertIntMatrix,Long Statement
deeplearning4j-_old-deeplearning4j-parent-0.0.2,org.deeplearning4j.util,MatrixUtil,oneDiv,Magic Number
deeplearning4j-_old-deeplearning4j-parent-0.0.2,org.deeplearning4j.util,NonZeroStoppingConjugateGradient,NonZeroStoppingConjugateGradient,Magic Number
deeplearning4j-_old-deeplearning4j-parent-0.0.2,org.deeplearning4j.util,NonZeroStoppingConjugateGradient,NonZeroStoppingConjugateGradient,Magic Number
deeplearning4j-_old-deeplearning4j-parent-0.0.2,org.deeplearning4j.util,NonZeroStoppingConjugateGradient,optimize,Complex Method
deeplearning4j-_old-deeplearning4j-parent-0.0.2,org.deeplearning4j.util,NonZeroStoppingConjugateGradient,optimize,Magic Number
deeplearning4j-_old-deeplearning4j-parent-0.0.2,org.deeplearning4j.example.mnist,MnistExample,main,Long Statement
deeplearning4j-_old-deeplearning4j-parent-0.0.2,org.deeplearning4j.example.mnist,MnistExample,main,Magic Number
deeplearning4j-_old-deeplearning4j-parent-0.0.2,org.deeplearning4j.example.mnist,MnistExample,main,Magic Number
deeplearning4j-_old-deeplearning4j-parent-0.0.2,org.deeplearning4j.example.mnist,MnistExample,main,Magic Number
deeplearning4j-_old-deeplearning4j-parent-0.0.2,org.deeplearning4j.example.mnist,MnistExample,main,Magic Number
deeplearning4j-_old-deeplearning4j-parent-0.0.2,org.deeplearning4j.example.mnist,MnistExample,main,Magic Number
deeplearning4j-_old-deeplearning4j-parent-0.0.2,org.deeplearning4j.example.mnist,MnistExample,main,Magic Number
deeplearning4j-_old-deeplearning4j-parent-0.0.2,org.deeplearning4j.example.mnist,MnistExample,main,Magic Number
deeplearning4j-_old-deeplearning4j-parent-0.0.2,org.deeplearning4j.example.mnist,MnistExample,main,Magic Number
deeplearning4j-_old-deeplearning4j-parent-0.0.2,org.deeplearning4j.example.mnist,MnistExampleMultiThreaded,main,Magic Number
deeplearning4j-_old-deeplearning4j-parent-0.0.2,org.deeplearning4j.example.mnist,MnistExampleMultiThreaded,main,Magic Number
deeplearning4j-_old-deeplearning4j-parent-0.0.2,org.deeplearning4j.example.mnist,MnistExampleMultiThreaded,main,Magic Number
deeplearning4j-_old-deeplearning4j-parent-0.0.2,org.deeplearning4j.example.mnist,MnistExampleMultiThreaded,main,Magic Number
deeplearning4j-_old-deeplearning4j-parent-0.0.2,org.deeplearning4j.example.mnist,MnistExampleMultiThreaded,main,Magic Number
deeplearning4j-_old-deeplearning4j-parent-0.0.2,org.deeplearning4j.example.mnist,MnistExampleMultiThreaded,main,Magic Number
deeplearning4j-_old-deeplearning4j-parent-0.0.2,org.deeplearning4j.example.mnist,RBMMnistExample,main,Magic Number
deeplearning4j-_old-deeplearning4j-parent-0.0.2,org.deeplearning4j.example.mnist,RBMMnistExample,main,Magic Number
deeplearning4j-_old-deeplearning4j-parent-0.0.2,org.deeplearning4j.example.mnist,RBMMnistExample,main,Magic Number
deeplearning4j-_old-deeplearning4j-parent-0.0.2,org.deeplearning4j.example.mnist,RBMMnistExample,main,Magic Number
deeplearning4j-_old-deeplearning4j-parent-0.0.2,org.deeplearning4j.example.mnist,RBMMnistExample,main,Magic Number
deeplearning4j-_old-deeplearning4j-parent-0.0.2,org.deeplearning4j.example.mnist,RBMMnistExample,main,Magic Number
deeplearning4j-_old-deeplearning4j-parent-0.0.2,org.deeplearning4j.example.mnist,RBMMnistExample,main,Magic Number
deeplearning4j-_old-deeplearning4j-parent-0.0.2,org.deeplearning4j.example.mnist,RBMMnistExample,main,Magic Number
deeplearning4j-_old-deeplearning4j-parent-0.0.2,org.deeplearning4j.example.mnist,RBMMnistExample,main,Magic Number
deeplearning4j-_old-deeplearning4j-parent-0.0.2,org.deeplearning4j.example.mnist,RBMMnistExample,main,Magic Number
deeplearning4j-_old-deeplearning4j-parent-0.0.2,org.deeplearning4j.example.mnist,RBMMnistExample,main,Magic Number
deeplearning4j-_old-deeplearning4j-parent-0.0.2,org.deeplearning4j.apps,DataSetTester,main,Magic Number
deeplearning4j-_old-deeplearning4j-parent-0.0.2,org.deeplearning4j.apps,DataSetTrainer,main,Long Statement
deeplearning4j-_old-deeplearning4j-parent-0.0.2,org.deeplearning4j.apps,DataSetTrainer,main,Magic Number
deeplearning4j-_old-deeplearning4j-parent-0.0.2,org.deeplearning4j.apps,DataSetTrainer,main,Magic Number
deeplearning4j-_old-deeplearning4j-parent-0.0.2,org.deeplearning4j.apps,DataSetTrainer,main,Magic Number
deeplearning4j-_old-deeplearning4j-parent-0.0.2,org.deeplearning4j.apps,DataSetTrainer,main,Magic Number
deeplearning4j-_old-deeplearning4j-parent-0.0.2,org.deeplearning4j.apps,DataSetTrainer,main,Magic Number
deeplearning4j-_old-deeplearning4j-parent-0.0.2,org.deeplearning4j.apps,DataSetTrainer,main,Magic Number
deeplearning4j-_old-deeplearning4j-parent-0.0.2,org.deeplearning4j.apps,DataSetTrainer,main,Magic Number
deeplearning4j-_old-deeplearning4j-parent-0.0.2,org.deeplearning4j.word2vec,ModelReader,main,Complex Method
deeplearning4j-_old-deeplearning4j-parent-0.0.2,org.deeplearning4j.word2vec,ModelReader,main,Long Statement
deeplearning4j-_old-deeplearning4j-parent-0.0.2,org.deeplearning4j.word2vec,ModelReader,main,Magic Number
deeplearning4j-_old-deeplearning4j-parent-0.0.2,org.deeplearning4j.word2vec,ModelTrainer,main,Magic Number
deeplearning4j-_old-deeplearning4j-parent-0.0.2,org.deeplearning4j.word2vec,ModelTrainer,main,Magic Number
deeplearning4j-_old-deeplearning4j-parent-0.0.2,org.deeplearning4j.word2vec,VocabWord,toString,Long Statement
deeplearning4j-_old-deeplearning4j-parent-0.0.2,org.deeplearning4j.word2vec,VocabWord,hashCode,Magic Number
deeplearning4j-_old-deeplearning4j-parent-0.0.2,org.deeplearning4j.word2vec,VocabWord,hashCode,Magic Number
deeplearning4j-_old-deeplearning4j-parent-0.0.2,org.deeplearning4j.word2vec,VocabWord,equals,Complex Method
deeplearning4j-_old-deeplearning4j-parent-0.0.2,org.deeplearning4j.word2vec,Word2Vec,Word2Vec,Magic Number
deeplearning4j-_old-deeplearning4j-parent-0.0.2,org.deeplearning4j.word2vec,Word2Vec,train,Complex Method
deeplearning4j-_old-deeplearning4j-parent-0.0.2,org.deeplearning4j.word2vec,Word2Vec,train,Long Statement
deeplearning4j-_old-deeplearning4j-parent-0.0.2,org.deeplearning4j.word2vec,Word2Vec,train,Long Statement
deeplearning4j-_old-deeplearning4j-parent-0.0.2,org.deeplearning4j.word2vec,Word2Vec,train,Magic Number
deeplearning4j-_old-deeplearning4j-parent-0.0.2,org.deeplearning4j.word2vec,Word2Vec,train,Magic Number
deeplearning4j-_old-deeplearning4j-parent-0.0.2,org.deeplearning4j.word2vec,Word2Vec,processSentence,Magic Number
deeplearning4j-_old-deeplearning4j-parent-0.0.2,org.deeplearning4j.word2vec,Word2Vec,analogy,Complex Conditional
deeplearning4j-_old-deeplearning4j-parent-0.0.2,org.deeplearning4j.word2vec,Word2Vec,analogy,Complex Conditional
deeplearning4j-_old-deeplearning4j-parent-0.0.2,org.deeplearning4j.word2vec,Word2Vec,buildVocab,Long Statement
deeplearning4j-_old-deeplearning4j-parent-0.0.2,org.deeplearning4j.word2vec,Word2Vec,buildVocab,Magic Number
deeplearning4j-_old-deeplearning4j-parent-0.0.2,org.deeplearning4j.word2vec,Word2Vec,trainSentence,Long Statement
deeplearning4j-_old-deeplearning4j-parent-0.0.2,org.deeplearning4j.word2vec,Word2Vec,trainSentence,Magic Number
deeplearning4j-_old-deeplearning4j-parent-0.0.2,org.deeplearning4j.word2vec,Word2Vec,trainSentence,Magic Number
deeplearning4j-_old-deeplearning4j-parent-0.0.2,org.deeplearning4j.word2vec,Word2Vec,trainSentence,Magic Number
deeplearning4j-_old-deeplearning4j-parent-0.0.2,org.deeplearning4j.word2vec,Word2Vec,trainSentence,Magic Number
deeplearning4j-_old-deeplearning4j-parent-0.0.2,org.deeplearning4j.word2vec,Word2Vec,trainSentence,Magic Number
deeplearning4j-_old-deeplearning4j-parent-0.0.2,org.deeplearning4j.word2vec,Word2Vec,trainSentence,Magic Number
deeplearning4j-_old-deeplearning4j-parent-0.0.2,org.deeplearning4j.word2vec,Word2Vec,trainSentence,Magic Number
deeplearning4j-_old-deeplearning4j-parent-0.0.2,org.deeplearning4j.word2vec,Word2Vec,skipGram,Magic Number
deeplearning4j-_old-deeplearning4j-parent-0.0.2,org.deeplearning4j.word2vec,Word2Vec,resetWeights,Magic Number
deeplearning4j-_old-deeplearning4j-parent-0.0.2,org.deeplearning4j.word2vec.actor,VocabActor,VocabActor,Long Parameter List
deeplearning4j-_old-deeplearning4j-parent-0.0.2,org.deeplearning4j.word2vec.actor,VocabActor,onReceive,Complex Method
deeplearning4j-_old-deeplearning4j-parent-0.0.2,org.deeplearning4j.word2vec.iterator,Word2VecDataFetcher,Word2VecDataFetcher,Complex Conditional
deeplearning4j-_old-deeplearning4j-parent-0.0.2,org.deeplearning4j.word2vec.iterator,Word2VecDataFetcher,Word2VecDataFetcher,Long Statement
deeplearning4j-_old-deeplearning4j-parent-0.0.2,org.deeplearning4j.word2vec.iterator,Word2VecDataFetcher,next,Complex Method
deeplearning4j-_old-deeplearning4j-parent-0.0.2,org.deeplearning4j.word2vec.ner,InputHomogenization,transform,Long Statement
deeplearning4j-_old-deeplearning4j-parent-0.0.2,org.deeplearning4j.word2vec.sentenceiterator,FileSentenceIterator,nextSentence,Complex Method
deeplearning4j-_old-deeplearning4j-parent-0.0.2,org.deeplearning4j.word2vec.sentenceiterator,FileSentenceIterator,nextSentence,Magic Number
deeplearning4j-_old-deeplearning4j-parent-0.0.2,org.deeplearning4j.word2vec.similarity,SimilarArticleTrainer,main,Long Statement
deeplearning4j-_old-deeplearning4j-parent-0.0.2,org.deeplearning4j.word2vec.similarity,SimilarArticleTrainer,main,Long Statement
deeplearning4j-_old-deeplearning4j-parent-0.0.2,org.deeplearning4j.word2vec.similarity,SimilarArticleTrainer,main,Magic Number
deeplearning4j-_old-deeplearning4j-parent-0.0.2,org.deeplearning4j.word2vec.similarity,SimilarArticleTrainer,main,Magic Number
deeplearning4j-_old-deeplearning4j-parent-0.0.2,org.deeplearning4j.word2vec.similarity,SimilarArticleTrainer,main,Magic Number
deeplearning4j-_old-deeplearning4j-parent-0.0.2,org.deeplearning4j.word2vec.similarity,SimilarArticleTrainer,main,Magic Number
deeplearning4j-_old-deeplearning4j-parent-0.0.2,org.deeplearning4j.word2vec.similarity,SimilarArticleTrainer,main,Magic Number
deeplearning4j-_old-deeplearning4j-parent-0.0.2,org.deeplearning4j.word2vec.similarity,SimilarArticleTrainer,main,Magic Number
deeplearning4j-_old-deeplearning4j-parent-0.0.2,org.deeplearning4j.word2vec.similarity,SimilarArticleTrainer,main,Magic Number
deeplearning4j-_old-deeplearning4j-parent-0.0.2,org.deeplearning4j.word2vec.similarity,SimilarArticleTrainer,main,Magic Number
deeplearning4j-_old-deeplearning4j-parent-0.0.2,org.deeplearning4j.word2vec.similarity,Word2VecSimilarityTester,main,Complex Method
deeplearning4j-_old-deeplearning4j-parent-0.0.2,org.deeplearning4j.word2vec.similarity,Word2VecSimilarityTester,main,Magic Number
deeplearning4j-_old-deeplearning4j-parent-0.0.2,org.deeplearning4j.word2vec.util,Util,parallelCounter,Magic Number
deeplearning4j-_old-deeplearning4j-parent-0.0.2,org.deeplearning4j.word2vec.util,Window,Window,Magic Number
deeplearning4j-_old-deeplearning4j-parent-0.0.2,org.deeplearning4j.word2vec.util,Window,initContext,Magic Number
deeplearning4j-_old-deeplearning4j-parent-0.0.2,org.deeplearning4j.word2vec.util,Windows,windows,Magic Number
deeplearning4j-_old-deeplearning4j-parent-0.0.2,org.deeplearning4j.word2vec.util,Windows,windowForWordInPosition,Magic Number
deeplearning4j-_old-deeplearning4j-parent-0.0.2,org.deeplearning4j.word2vec.viterbi,Viterbi,decode,Complex Method
deeplearning4j-_old-deeplearning4j-parent-0.0.2,org.deeplearning4j.word2vec.viterbi,Viterbi,decode,Long Statement
deeplearning4j-_old-deeplearning4j-parent-0.0.2,org.deeplearning4j.word2vec.viterbi,ViterbiTrainer,main,Magic Number
deeplearning4j-_old-deeplearning4j-parent-0.0.2,org.deeplearning4j.iterativereduce.actor.core.actor,BatchActor,BatchActor,Magic Number
deeplearning4j-_old-deeplearning4j-parent-0.0.2,org.deeplearning4j.iterativereduce.actor.core.actor,BatchActor,BatchActor,Magic Number
deeplearning4j-_old-deeplearning4j-parent-0.0.2,org.deeplearning4j.iterativereduce.actor.core.actor,BatchActor,BatchActor,Magic Number
deeplearning4j-_old-deeplearning4j-parent-0.0.2,org.deeplearning4j.iterativereduce.actor.core.actor,BatchActor,run,Magic Number
deeplearning4j-_old-deeplearning4j-parent-0.0.2,org.deeplearning4j.iterativereduce.actor.core.actor,BatchActor,onReceive,Magic Number
deeplearning4j-_old-deeplearning4j-parent-0.0.2,org.deeplearning4j.iterativereduce.actor.core.actor,MasterActor,MasterActor,Abstract Function Call From Constructor
deeplearning4j-_old-deeplearning4j-parent-0.0.2,org.deeplearning4j.iterativereduce.actor.core.actor,MasterActor,onReceive,Complex Method
deeplearning4j-_old-deeplearning4j-parent-0.0.2,org.deeplearning4j.iterativereduce.actor.multilayer,ActorNetworkRunner,startBackend,Long Statement
deeplearning4j-_old-deeplearning4j-parent-0.0.2,org.deeplearning4j.iterativereduce.actor.multilayer,ActorNetworkRunner,setup,Magic Number
deeplearning4j-_old-deeplearning4j-parent-0.0.2,org.deeplearning4j.iterativereduce.actor.multilayer,ActorNetworkRunner,setup,Magic Number
deeplearning4j-_old-deeplearning4j-parent-0.0.2,org.deeplearning4j.iterativereduce.actor.multilayer,ActorNetworkRunner,setup,Magic Number
deeplearning4j-_old-deeplearning4j-parent-0.0.2,org.deeplearning4j.iterativereduce.actor.multilayer,ActorNetworkRunner,train,Magic Number
deeplearning4j-_old-deeplearning4j-parent-0.0.2,org.deeplearning4j.iterativereduce.actor.multilayer,ActorNetworkRunnerApp,exec,Magic Number
deeplearning4j-_old-deeplearning4j-parent-0.0.2,org.deeplearning4j.iterativereduce.actor.multilayer,ActorNetworkRunnerApp,exec,Magic Number
deeplearning4j-_old-deeplearning4j-parent-0.0.2,org.deeplearning4j.iterativereduce.actor.multilayer,MasterActor,setup,Long Statement
deeplearning4j-_old-deeplearning4j-parent-0.0.2,org.deeplearning4j.iterativereduce.actor.multilayer,MasterActor,onReceive,Complex Method
deeplearning4j-_old-deeplearning4j-parent-0.0.2,org.deeplearning4j.iterativereduce.actor.multilayer,WorkerActor,setup,Long Statement
deeplearning4j-_old-deeplearning4j-parent-0.0.2,org.deeplearning4j.iterativereduce.actor.single,ActorNetworkRunner,startBackend,Long Statement
deeplearning4j-_old-deeplearning4j-parent-0.0.2,org.deeplearning4j.iterativereduce.actor.single,ActorNetworkRunner,startWorker,Magic Number
deeplearning4j-_old-deeplearning4j-parent-0.0.2,org.deeplearning4j.iterativereduce.actor.single,ActorNetworkRunner,setup,Magic Number
deeplearning4j-_old-deeplearning4j-parent-0.0.2,org.deeplearning4j.iterativereduce.actor.single,ActorNetworkRunner,setup,Magic Number
deeplearning4j-_old-deeplearning4j-parent-0.0.2,org.deeplearning4j.iterativereduce.actor.single,ActorNetworkRunner,train,Magic Number
deeplearning4j-_old-deeplearning4j-parent-0.0.2,org.deeplearning4j.iterativereduce.actor.single,ActorNetworkRunner,epochComplete,Magic Number
deeplearning4j-_old-deeplearning4j-parent-0.0.2,org.deeplearning4j.iterativereduce.actor.single,ActorNetworkRunnerApp,exec,Magic Number
deeplearning4j-_old-deeplearning4j-parent-0.0.2,org.deeplearning4j.iterativereduce.actor.single,ActorNetworkRunnerApp,exec,Magic Number
deeplearning4j-_old-deeplearning4j-parent-0.0.2,org.deeplearning4j.iterativereduce.actor.single,ActorNetworkRunnerApp,exec,Magic Number
deeplearning4j-_old-deeplearning4j-parent-0.0.2,org.deeplearning4j.iterativereduce.actor.single,MasterActor,setup,Long Statement
deeplearning4j-_old-deeplearning4j-parent-0.0.2,org.deeplearning4j.iterativereduce.actor.single,MasterActor,onReceive,Complex Method
deeplearning4j-_old-deeplearning4j-parent-0.0.2,org.deeplearning4j.iterativereduce.actor.single,WorkerActor,setup,Long Statement
deeplearning4j-_old-deeplearning4j-parent-0.0.2,org.deeplearning4j.iterativereduce.akka,ComputableMasterAkka,setup,Long Statement
deeplearning4j-_old-deeplearning4j-parent-0.0.2,org.deeplearning4j.iterativereduce.akka,ComputableWorkerAkka,setup,Long Statement
deeplearning4j-_old-deeplearning4j-parent-0.0.2,org.deeplearning4j.scaleout.conf,ExtraParamsBuilder,build,Complex Method
deeplearning4j-_old-deeplearning4j-parent-0.0.2,org.deeplearning4j.scaleout.zookeeper,ZooKeeperConfigurationRegister,register,Long Statement
deeplearning4j-_old-deeplearning4j-parent-0.0.2,org.deeplearning4j.scaleout.zookeeper,ZooKeeperConfigurationRegister,register,Long Statement
deeplearning4j-_old-deeplearning4j-parent-0.0.2,org.deeplearning4j.scaleout.zookeeper,ZooKeeperConfigurationRegister,register,Long Statement
deeplearning4j-_old-deeplearning4j-parent-0.0.2,org.deeplearning4j.scaleout.zookeeper,ZooKeeperConfigurationRegister,register,Long Statement
deeplearning4j-_old-deeplearning4j-parent-0.0.2,org.deeplearning4j.scaleout.zookeeper,ZookeeperBuilder,ZookeeperBuilder,Magic Number
deeplearning4j-_old-deeplearning4j-parent-0.0.2,org.deeplearning4j.scaleout.zookeeper,ZookeeperBuilder,ZookeeperBuilder,Magic Number
deeplearning4j-_old-deeplearning4j-parent-0.0.2,org.deeplearning4j.scaleout.zookeeper,ZookeeperConfigurationRetriever,ZookeeperConfigurationRetriever,Magic Number
deeplearning4j-_old-deeplearning4j-parent-0.0.2,org.deeplearning4j.scaleout.zookeeper,ZookeeperConfigurationRetriever,retreive,Long Statement
deeplearning4j-_old-deeplearning4j-parent-0.0.2,org.deeplearning4j.scaleout.zookeeper,ZookeeperConfigurationRetriever,retreive,Empty catch clause
deeplearning4j-_old-deeplearning4j-parent-0.0.2,org.deeplearning4j.zookeeper,TestZookeeperRegister,init,Magic Number
deeplearning4j-_old-deeplearning4j-parent-0.0.2,org.deeplearning4j.zookeeper,TestZookeeperRegister,init,Magic Number
deeplearning4j-_old-deeplearning4j-parent-0.0.2,org.deeplearning4j.zookeeper,TestZookeeperRegister,init,Magic Number
deeplearning4j-_old-deeplearning4j-parent-0.0.2,org.deeplearning4j.zookeeper,TestZookeeperRegister,testPathBuilder,Magic Number
deeplearning4j-_old-deeplearning4j-parent-0.0.2,org.deeplearning4j.zookeeper,TestZookeeperRegister,testZookeeper,Magic Number
