Project Name,Package Name,Type Name,NOF,NOPF,NOM,NOPM,LOC,WMC,NC,DIT,LCOM,FANIN,FANOUT
deeplearning4j-_old-deeplearning4j-parent-0.0.2,org.deeplearning4j.autoencoder,DeepAutoEncoder,4,0,4,4,26,4,0,0,0.0,0,1
deeplearning4j-_old-deeplearning4j-parent-0.0.2,org.deeplearning4j.base,DeepLearningTest,1,0,9,9,122,16,0,0,1.0,0,8
deeplearning4j-_old-deeplearning4j-parent-0.0.2,org.deeplearning4j.base,IrisUtils,0,0,4,3,78,12,0,0,-1.0,3,2
deeplearning4j-_old-deeplearning4j-parent-0.0.2,org.deeplearning4j.base,LFWLoader,11,2,13,13,119,23,0,0,0.0,2,3
deeplearning4j-_old-deeplearning4j-parent-0.0.2,org.deeplearning4j.base,MnistFetcher,9,2,3,3,58,10,0,0,0.0,3,1
deeplearning4j-_old-deeplearning4j-parent-0.0.2,org.deeplearning4j.berkeley,Counter,6,0,56,53,461,99,0,0,0.07142857142857142,11,4
deeplearning4j-_old-deeplearning4j-parent-0.0.2,org.deeplearning4j.berkeley,CounterMap,7,0,40,37,291,65,0,0,0.125,4,4
deeplearning4j-_old-deeplearning4j-parent-0.0.2,org.deeplearning4j.berkeley,PairIterator,3,0,5,4,28,7,0,0,0.4,0,1
deeplearning4j-_old-deeplearning4j-parent-0.0.2,org.deeplearning4j.berkeley,Factory,1,0,3,2,18,3,1,0,-1.0,2,0
deeplearning4j-_old-deeplearning4j-parent-0.0.2,org.deeplearning4j.berkeley,DefaultFactory,1,0,2,2,15,2,0,1,0.0,0,0
deeplearning4j-_old-deeplearning4j-parent-0.0.2,org.deeplearning4j.berkeley,Filter,0,0,1,0,7,1,0,0,-1.0,2,0
deeplearning4j-_old-deeplearning4j-parent-0.0.2,org.deeplearning4j.berkeley,Iterators,17,0,60,55,317,76,0,0,0.35,2,5
deeplearning4j-_old-deeplearning4j-parent-0.0.2,org.deeplearning4j.berkeley,Transform,1,0,5,4,19,5,0,0,0.0,0,0
deeplearning4j-_old-deeplearning4j-parent-0.0.2,org.deeplearning4j.berkeley,IteratorIterator,3,0,5,4,33,9,0,0,0.4,0,1
deeplearning4j-_old-deeplearning4j-parent-0.0.2,org.deeplearning4j.berkeley,FilteredIterator,3,0,6,5,35,8,0,0,0.3333333333333333,0,1
deeplearning4j-_old-deeplearning4j-parent-0.0.2,org.deeplearning4j.berkeley,TransformingIterator,2,0,4,4,17,4,0,0,0.0,0,1
deeplearning4j-_old-deeplearning4j-parent-0.0.2,org.deeplearning4j.berkeley,MapFactory,4,0,5,5,31,5,4,0,1.0,3,0
deeplearning4j-_old-deeplearning4j-parent-0.0.2,org.deeplearning4j.berkeley,HashMapFactory,1,0,1,1,6,1,0,1,0.0,0,0
deeplearning4j-_old-deeplearning4j-parent-0.0.2,org.deeplearning4j.berkeley,IdentityHashMapFactory,1,0,1,1,6,1,0,1,0.0,0,0
deeplearning4j-_old-deeplearning4j-parent-0.0.2,org.deeplearning4j.berkeley,TreeMapFactory,1,0,1,1,6,1,0,1,0.0,0,0
deeplearning4j-_old-deeplearning4j-parent-0.0.2,org.deeplearning4j.berkeley,WeakHashMapFactory,1,0,1,1,6,1,0,1,0.0,0,0
deeplearning4j-_old-deeplearning4j-parent-0.0.2,org.deeplearning4j.berkeley,MyMethod,0,0,1,1,7,1,0,0,-1.0,2,0
deeplearning4j-_old-deeplearning4j-parent-0.0.2,org.deeplearning4j.berkeley,Pair,5,0,18,18,93,24,0,0,0.0,22,1
deeplearning4j-_old-deeplearning4j-parent-0.0.2,org.deeplearning4j.berkeley,FirstComparator,0,0,1,1,5,1,0,0,-1.0,0,1
deeplearning4j-_old-deeplearning4j-parent-0.0.2,org.deeplearning4j.berkeley,ReverseFirstComparator,0,0,1,1,5,1,0,0,-1.0,0,1
deeplearning4j-_old-deeplearning4j-parent-0.0.2,org.deeplearning4j.berkeley,SecondComparator,0,0,1,1,5,1,0,0,-1.0,0,1
deeplearning4j-_old-deeplearning4j-parent-0.0.2,org.deeplearning4j.berkeley,ReverseSecondComparator,0,0,1,1,5,1,0,0,-1.0,0,1
deeplearning4j-_old-deeplearning4j-parent-0.0.2,org.deeplearning4j.berkeley,LexicographicPairComparator,2,0,2,2,13,3,0,0,0.0,0,1
deeplearning4j-_old-deeplearning4j-parent-0.0.2,org.deeplearning4j.berkeley,DefaultLexicographicPairComparator,0,0,1,1,9,2,0,0,-1.0,0,1
deeplearning4j-_old-deeplearning4j-parent-0.0.2,org.deeplearning4j.berkeley,PriorityQueue,5,0,24,16,194,44,0,1,0.125,3,2
deeplearning4j-_old-deeplearning4j-parent-0.0.2,org.deeplearning4j.berkeley,PriorityQueueInterface,0,0,8,8,36,8,1,0,-1.0,0,0
deeplearning4j-_old-deeplearning4j-parent-0.0.2,org.deeplearning4j.berkeley,Triple,3,0,11,11,61,23,0,0,0.18181818181818182,2,1
deeplearning4j-_old-deeplearning4j-parent-0.0.2,org.deeplearning4j.clustering,KMeansClustering,7,0,13,7,146,26,0,0,0.0,0,1
deeplearning4j-_old-deeplearning4j-parent-0.0.2,org.deeplearning4j.conf,NeuralNetConfiguration,20,16,38,38,138,38,0,0,0.5,0,3
deeplearning4j-_old-deeplearning4j-parent-0.0.2,org.deeplearning4j.da,DenoisingAutoEncoder,1,0,15,15,115,22,0,0,0.4666666666666667,2,1
deeplearning4j-_old-deeplearning4j-parent-0.0.2,org.deeplearning4j.da,Builder,0,0,1,1,5,1,0,0,-1.0,0,0
deeplearning4j-_old-deeplearning4j-parent-0.0.2,org.deeplearning4j.datasets,DataSet,2,0,39,37,312,67,0,0,0.41025641025641024,18,5
deeplearning4j-_old-deeplearning4j-parent-0.0.2,org.deeplearning4j.datasets,MNISTViewer,20,0,21,18,310,48,0,0,0.09523809523809523,1,3
deeplearning4j-_old-deeplearning4j-parent-0.0.2,org.deeplearning4j.datasets,MyFrame,0,0,1,1,16,1,0,0,-1.0,0,0
deeplearning4j-_old-deeplearning4j-parent-0.0.2,org.deeplearning4j.datasets,InputPanel,6,0,6,6,74,11,0,0,0.0,0,0
deeplearning4j-_old-deeplearning4j-parent-0.0.2,org.deeplearning4j.datasets,OutputPanel,4,0,5,2,83,13,0,0,0.4,0,0
deeplearning4j-_old-deeplearning4j-parent-0.0.2,org.deeplearning4j.datasets,OptionsPanel,0,0,7,7,106,21,0,0,-1.0,0,0
deeplearning4j-_old-deeplearning4j-parent-0.0.2,org.deeplearning4j.datasets,MnistDbFile,1,0,9,8,80,13,2,0,0.0,0,0
deeplearning4j-_old-deeplearning4j-parent-0.0.2,org.deeplearning4j.datasets,MnistImageFile,2,0,9,8,70,11,0,1,0.5555555555555556,1,0
deeplearning4j-_old-deeplearning4j-parent-0.0.2,org.deeplearning4j.datasets,MnistLabelFile,0,0,3,2,26,3,0,1,-1.0,1,0
deeplearning4j-_old-deeplearning4j-parent-0.0.2,org.deeplearning4j.datasets,MnistManager,2,0,7,7,91,13,0,0,0.2857142857142857,3,2
deeplearning4j-_old-deeplearning4j-parent-0.0.2,org.deeplearning4j.datasets,NN,11,0,18,15,218,50,0,0,0.0,2,1
deeplearning4j-_old-deeplearning4j-parent-0.0.2,org.deeplearning4j.datasets.fetchers,BaseDataFetcher,7,0,11,7,51,13,3,0,0.18181818181818182,0,2
deeplearning4j-_old-deeplearning4j-parent-0.0.2,org.deeplearning4j.datasets.fetchers,IrisDataFetcher,1,1,2,2,20,3,0,1,1.0,1,1
deeplearning4j-_old-deeplearning4j-parent-0.0.2,org.deeplearning4j.datasets.fetchers,LFWDataFetcher,2,1,2,2,28,5,0,1,0.0,0,1
deeplearning4j-_old-deeplearning4j-parent-0.0.2,org.deeplearning4j.datasets.fetchers,MnistDataFetcher,2,1,3,3,66,13,0,1,0.6666666666666666,1,4
deeplearning4j-_old-deeplearning4j-parent-0.0.2,org.deeplearning4j.datasets.fetchers,BaseDataFetcherTest,1,0,4,4,19,4,2,0,0.0,0,1
deeplearning4j-_old-deeplearning4j-parent-0.0.2,org.deeplearning4j.datasets.fetchers,IrisFetcherTest,0,0,2,2,9,2,0,1,-1.0,0,0
deeplearning4j-_old-deeplearning4j-parent-0.0.2,org.deeplearning4j.datasets.fetchers,MnistFetcherTest,0,0,2,2,20,2,0,1,-1.0,0,2
deeplearning4j-_old-deeplearning4j-parent-0.0.2,org.deeplearning4j.datasets.iterator,BaseDatasetIterator,4,0,11,11,46,12,0,1,0.18181818181818182,0,1
deeplearning4j-_old-deeplearning4j-parent-0.0.2,org.deeplearning4j.datasets.iterator,DataSetFetcher,0,0,8,0,10,8,0,0,-1.0,3,0
deeplearning4j-_old-deeplearning4j-parent-0.0.2,org.deeplearning4j.datasets.iterator,DataSetIterator,0,0,7,0,9,7,1,0,-1.0,11,0
deeplearning4j-_old-deeplearning4j-parent-0.0.2,org.deeplearning4j.datasets.iterator,ListDataSetIteratorTest,0,0,1,1,17,2,0,0,-1.0,0,2
deeplearning4j-_old-deeplearning4j-parent-0.0.2,org.deeplearning4j.datasets.iterator.impl,IrisDataSetIterator,0,0,1,1,5,1,0,0,-1.0,0,0
deeplearning4j-_old-deeplearning4j-parent-0.0.2,org.deeplearning4j.datasets.iterator.impl,LFWDataSetIterator,0,0,1,1,5,1,0,0,-1.0,0,0
deeplearning4j-_old-deeplearning4j-parent-0.0.2,org.deeplearning4j.datasets.iterator.impl,ListDataSetIterator,4,0,12,12,60,14,0,0,0.25,0,1
deeplearning4j-_old-deeplearning4j-parent-0.0.2,org.deeplearning4j.datasets.iterator.impl,MnistDataSetIterator,0,0,1,1,5,1,0,0,-1.0,2,0
deeplearning4j-_old-deeplearning4j-parent-0.0.2,org.deeplearning4j.datasets.iterator.impl,BaseDataSetIteratorTest,1,0,6,2,30,8,1,0,0.5,0,1
deeplearning4j-_old-deeplearning4j-parent-0.0.2,org.deeplearning4j.datasets.iterator.impl,IrisDataSetIteratorTest,0,0,2,2,11,2,0,1,-1.0,0,0
deeplearning4j-_old-deeplearning4j-parent-0.0.2,org.deeplearning4j.datasets.mnist.draw,DrawMnist,0,0,1,1,18,2,0,0,-1.0,0,3
deeplearning4j-_old-deeplearning4j-parent-0.0.2,org.deeplearning4j.datasets.mnist.draw,DrawMnistGreyScale,7,2,6,6,55,11,0,0,0.0,3,0
deeplearning4j-_old-deeplearning4j-parent-0.0.2,org.deeplearning4j.datasets.mnist.draw,LoadAndDraw,0,0,1,1,29,3,0,0,-1.0,0,5
deeplearning4j-_old-deeplearning4j-parent-0.0.2,org.deeplearning4j.dbn,CDBN,1,0,6,6,27,7,0,1,1.0,4,0
deeplearning4j-_old-deeplearning4j-parent-0.0.2,org.deeplearning4j.dbn,Builder,0,0,1,1,5,1,0,0,-1.0,0,0
deeplearning4j-_old-deeplearning4j-parent-0.0.2,org.deeplearning4j.dbn,DBN,2,0,9,9,75,15,1,0,0.7777777777777778,3,1
deeplearning4j-_old-deeplearning4j-parent-0.0.2,org.deeplearning4j.dbn,Builder,0,0,1,1,5,1,0,0,-1.0,0,0
deeplearning4j-_old-deeplearning4j-parent-0.0.2,org.deeplearning4j.dbn,DBNTest,1,0,2,2,41,2,0,0,0.0,0,5
deeplearning4j-_old-deeplearning4j-parent-0.0.2,org.deeplearning4j.distancefunction,BaseDistanceFunction,2,0,1,1,14,1,3,1,0.0,0,0
deeplearning4j-_old-deeplearning4j-parent-0.0.2,org.deeplearning4j.distancefunction,CosineSimilarity,1,0,2,2,9,2,0,2,1.0,0,1
deeplearning4j-_old-deeplearning4j-parent-0.0.2,org.deeplearning4j.distancefunction,DistanceFunction,0,0,0,0,2,0,1,0,-1.0,1,0
deeplearning4j-_old-deeplearning4j-parent-0.0.2,org.deeplearning4j.distancefunction,EuclideanDistance,1,0,2,2,11,2,0,2,1.0,0,0
deeplearning4j-_old-deeplearning4j-parent-0.0.2,org.deeplearning4j.distancefunction,ManhattanDistance,1,0,2,2,11,2,0,2,1.0,0,0
deeplearning4j-_old-deeplearning4j-parent-0.0.2,org.deeplearning4j.eval,ConfusionMatrix,2,0,13,13,191,28,0,0,0.0,2,1
deeplearning4j-_old-deeplearning4j-parent-0.0.2,org.deeplearning4j.eval,DataSetTester,5,0,11,4,108,25,0,0,0.18181818181818182,1,4
deeplearning4j-_old-deeplearning4j-parent-0.0.2,org.deeplearning4j.eval,Evaluation,4,0,14,14,127,25,0,0,0.0,7,2
deeplearning4j-_old-deeplearning4j-parent-0.0.2,org.deeplearning4j.eval,ModelTester,1,0,1,1,20,2,0,0,0.0,0,4
deeplearning4j-_old-deeplearning4j-parent-0.0.2,org.deeplearning4j.exception,DeepLearningException,1,0,5,5,20,5,0,0,1.0,0,0
deeplearning4j-_old-deeplearning4j-parent-0.0.2,org.deeplearning4j.nn,BaseMultiLayerNetwork,52,3,109,102,874,172,0,1,0.027522935779816515,11,7
deeplearning4j-_old-deeplearning4j-parent-0.0.2,org.deeplearning4j.nn,Builder,21,0,22,22,196,24,0,0,0.0,0,2
deeplearning4j-_old-deeplearning4j-parent-0.0.2,org.deeplearning4j.nn,BaseNeuralNetwork,32,15,64,61,429,82,0,1,0.0625,9,3
deeplearning4j-_old-deeplearning4j-parent-0.0.2,org.deeplearning4j.nn,Builder,16,0,20,18,135,25,0,0,0.0,0,0
deeplearning4j-_old-deeplearning4j-parent-0.0.2,org.deeplearning4j.nn,HiddenLayer,15,0,31,30,192,40,0,0,0.06451612903225806,4,3
deeplearning4j-_old-deeplearning4j-parent-0.0.2,org.deeplearning4j.nn,Builder,7,0,8,8,42,8,0,0,0.0,0,2
deeplearning4j-_old-deeplearning4j-parent-0.0.2,org.deeplearning4j.nn,LogisticRegression,15,0,35,33,219,39,0,0,0.05714285714285714,6,5
deeplearning4j-_old-deeplearning4j-parent-0.0.2,org.deeplearning4j.nn,Builder,6,0,5,5,30,7,0,0,0.0,0,1
deeplearning4j-_old-deeplearning4j-parent-0.0.2,org.deeplearning4j.nn,LogisticRegressionGradient,3,0,7,7,44,16,0,0,0.0,3,1
deeplearning4j-_old-deeplearning4j-parent-0.0.2,org.deeplearning4j.nn,NeuralNetwork,0,0,35,34,42,35,1,0,-1.0,5,1
deeplearning4j-_old-deeplearning4j-parent-0.0.2,org.deeplearning4j.nn,NeuralNetworkGradient,4,0,9,9,59,21,0,0,0.0,6,1
deeplearning4j-_old-deeplearning4j-parent-0.0.2,org.deeplearning4j.nn,Persistable,0,0,2,0,4,2,2,0,-1.0,0,0
deeplearning4j-_old-deeplearning4j-parent-0.0.2,org.deeplearning4j.nn,HiddenLayerTest,1,0,1,1,9,1,0,0,0.0,0,1
deeplearning4j-_old-deeplearning4j-parent-0.0.2,org.deeplearning4j.nn,LogisticTest,7,0,3,3,44,5,0,0,0.0,0,4
deeplearning4j-_old-deeplearning4j-parent-0.0.2,org.deeplearning4j.nn,MatrixTests,1,0,3,3,25,3,0,0,0.6666666666666666,0,1
deeplearning4j-_old-deeplearning4j-parent-0.0.2,org.deeplearning4j.nn.activation,ActivationFunction,0,0,1,1,12,1,3,0,-1.0,7,0
deeplearning4j-_old-deeplearning4j-parent-0.0.2,org.deeplearning4j.nn.activation,HardTanh,1,0,2,2,25,8,0,1,1.0,0,0
deeplearning4j-_old-deeplearning4j-parent-0.0.2,org.deeplearning4j.nn.activation,Sigmoid,1,0,2,2,11,2,0,1,1.0,0,1
deeplearning4j-_old-deeplearning4j-parent-0.0.2,org.deeplearning4j.nn.activation,Tanh,1,0,2,2,11,2,0,1,1.0,0,0
deeplearning4j-_old-deeplearning4j-parent-0.0.2,org.deeplearning4j.optimize,LogisticRegressionOptimizer,3,0,8,8,43,14,0,0,0.0,1,2
deeplearning4j-_old-deeplearning4j-parent-0.0.2,org.deeplearning4j.optimize,MultiLayerNetworkOptimizer,4,0,9,9,78,21,0,0,0.0,2,1
deeplearning4j-_old-deeplearning4j-parent-0.0.2,org.deeplearning4j.optimize,NeuralNetEpochListener,0,0,1,0,3,1,1,0,-1.0,1,0
deeplearning4j-_old-deeplearning4j-parent-0.0.2,org.deeplearning4j.optimize,NeuralNetworkOptimizer,9,0,12,11,89,23,0,1,0.25,2,3
deeplearning4j-_old-deeplearning4j-parent-0.0.2,org.deeplearning4j.plot,NeuralNetPlotter,2,0,7,5,101,13,0,0,0.0,1,3
deeplearning4j-_old-deeplearning4j-parent-0.0.2,org.deeplearning4j.rbm,CRBM,1,0,6,6,34,6,0,1,0.8333333333333334,1,0
deeplearning4j-_old-deeplearning4j-parent-0.0.2,org.deeplearning4j.rbm,Builder,0,0,1,1,5,1,0,0,-1.0,0,0
deeplearning4j-_old-deeplearning4j-parent-0.0.2,org.deeplearning4j.rbm,RBM,2,0,16,16,146,24,1,0,0.4375,3,3
deeplearning4j-_old-deeplearning4j-parent-0.0.2,org.deeplearning4j.rbm,Builder,0,0,1,1,5,1,0,0,-1.0,0,0
deeplearning4j-_old-deeplearning4j-parent-0.0.2,org.deeplearning4j.rbm,RBMOptimizer,3,0,2,2,26,8,0,0,1.0,0,2
deeplearning4j-_old-deeplearning4j-parent-0.0.2,org.deeplearning4j.rbm,CRBMTest,1,0,1,1,11,1,0,0,0.0,0,1
deeplearning4j-_old-deeplearning4j-parent-0.0.2,org.deeplearning4j.rbm,RBMTest,1,0,1,1,22,2,0,0,0.0,0,2
deeplearning4j-_old-deeplearning4j-parent-0.0.2,org.deeplearning4j.rng,SynchronizedRandomGenerator,1,0,12,12,84,12,0,0,0.0,0,0
deeplearning4j-_old-deeplearning4j-parent-0.0.2,org.deeplearning4j.sda,DenoisingAutoEncoderOptimizer,1,0,2,2,23,5,0,0,1.0,0,2
deeplearning4j-_old-deeplearning4j-parent-0.0.2,org.deeplearning4j.sda,StackedDenoisingAutoEncoder,2,0,9,9,73,16,0,0,0.7777777777777778,1,1
deeplearning4j-_old-deeplearning4j-parent-0.0.2,org.deeplearning4j.sda,Builder,0,0,1,1,5,1,0,0,-1.0,0,0
deeplearning4j-_old-deeplearning4j-parent-0.0.2,org.deeplearning4j.sda,DenoisingTests,5,0,2,2,24,3,0,0,0.0,0,3
deeplearning4j-_old-deeplearning4j-parent-0.0.2,org.deeplearning4j.sda,SdaTest,13,0,2,2,30,2,0,0,0.0,0,4
deeplearning4j-_old-deeplearning4j-parent-0.0.2,org.deeplearning4j.transformation,Add,1,0,1,1,8,1,0,1,0.0,0,0
deeplearning4j-_old-deeplearning4j-parent-0.0.2,org.deeplearning4j.transformation,AddScalar,1,0,2,2,11,2,0,2,1.0,0,0
deeplearning4j-_old-deeplearning4j-parent-0.0.2,org.deeplearning4j.transformation,Divide,1,0,1,1,8,1,0,1,0.0,0,0
deeplearning4j-_old-deeplearning4j-parent-0.0.2,org.deeplearning4j.transformation,ExpTransform,1,0,1,1,8,1,0,1,0.0,0,0
deeplearning4j-_old-deeplearning4j-parent-0.0.2,org.deeplearning4j.transformation,LogTransform,1,0,1,1,8,1,0,1,0.0,0,0
deeplearning4j-_old-deeplearning4j-parent-0.0.2,org.deeplearning4j.transformation,MatrixTransform,0,0,0,0,2,0,8,0,-1.0,2,0
deeplearning4j-_old-deeplearning4j-parent-0.0.2,org.deeplearning4j.transformation,Multiply,1,0,1,1,8,1,0,1,0.0,0,0
deeplearning4j-_old-deeplearning4j-parent-0.0.2,org.deeplearning4j.transformation,MultiplyScalar,1,0,2,2,11,2,0,2,1.0,0,0
deeplearning4j-_old-deeplearning4j-parent-0.0.2,org.deeplearning4j.transformation,PowScale,1,0,2,2,11,2,0,2,1.0,0,0
deeplearning4j-_old-deeplearning4j-parent-0.0.2,org.deeplearning4j.transformation,ScalarMatrixTransform,2,0,2,2,10,2,4,1,1.0,0,0
deeplearning4j-_old-deeplearning4j-parent-0.0.2,org.deeplearning4j.transformation,SqrtScalar,1,0,1,1,8,1,0,1,0.0,0,0
deeplearning4j-_old-deeplearning4j-parent-0.0.2,org.deeplearning4j.transformation,Subtract,1,0,1,1,8,1,0,1,0.0,0,0
deeplearning4j-_old-deeplearning4j-parent-0.0.2,org.deeplearning4j.transformation,SubtractScalar,1,0,2,2,11,2,0,2,1.0,0,0
deeplearning4j-_old-deeplearning4j-parent-0.0.2,org.deeplearning4j.util,ArrayUtil,0,0,4,4,26,10,0,0,-1.0,4,0
deeplearning4j-_old-deeplearning4j-parent-0.0.2,org.deeplearning4j.util,ByteUtil,0,0,1,1,25,3,0,0,-1.0,0,0
deeplearning4j-_old-deeplearning4j-parent-0.0.2,org.deeplearning4j.util,DeepLearningIOUtil,0,0,1,1,10,1,0,0,-1.0,1,0
deeplearning4j-_old-deeplearning4j-parent-0.0.2,org.deeplearning4j.util,FileOperations,0,0,3,2,24,3,0,0,-1.0,1,0
deeplearning4j-_old-deeplearning4j-parent-0.0.2,org.deeplearning4j.util,ImageLoader,0,0,4,4,19,6,0,0,-1.0,1,2
deeplearning4j-_old-deeplearning4j-parent-0.0.2,org.deeplearning4j.util,InputSplit,0,0,2,2,17,5,0,0,-1.0,1,1
deeplearning4j-_old-deeplearning4j-parent-0.0.2,org.deeplearning4j.util,MathUtils,2,2,74,72,935,158,0,0,0.6351351351351351,4,3
deeplearning4j-_old-deeplearning4j-parent-0.0.2,org.deeplearning4j.util,MatrixUtil,1,0,45,45,359,104,0,0,0.8888888888888888,28,2
deeplearning4j-_old-deeplearning4j-parent-0.0.2,org.deeplearning4j.util,NonZeroStoppingConjugateGradient,23,0,17,17,148,28,0,0,0.11764705882352941,2,1
deeplearning4j-_old-deeplearning4j-parent-0.0.2,org.deeplearning4j.util,SerializationUtils,0,0,2,2,22,2,0,0,-1.0,0,0
deeplearning4j-_old-deeplearning4j-parent-0.0.2,org.deeplearning4j.util,SetUtils,0,0,5,4,28,7,0,0,-1.0,3,0
deeplearning4j-_old-deeplearning4j-parent-0.0.2,org.deeplearning4j.example.mnist,MnistExample,1,0,1,1,31,3,0,0,0.0,0,4
deeplearning4j-_old-deeplearning4j-parent-0.0.2,org.deeplearning4j.example.mnist,MnistExampleMultiThreaded,0,0,1,1,24,1,0,0,-1.0,0,4
deeplearning4j-_old-deeplearning4j-parent-0.0.2,org.deeplearning4j.example.mnist,RBMMnistExample,0,0,1,1,32,4,0,0,-1.0,0,5
deeplearning4j-_old-deeplearning4j-parent-0.0.2,org.deeplearning4j.apps,Word2VecQuizzer,1,0,1,1,20,2,0,0,0.0,0,1
deeplearning4j-_old-deeplearning4j-parent-0.0.2,org.deeplearning4j.apps,Word2VecTrainer,0,0,1,1,15,1,0,0,-1.0,0,2
deeplearning4j-_old-deeplearning4j-parent-0.0.2,org.deeplearning4j.apps,DataSetTester,0,0,1,1,24,2,0,0,-1.0,0,5
deeplearning4j-_old-deeplearning4j-parent-0.0.2,org.deeplearning4j.apps,DataSetTrainer,0,0,1,1,25,2,0,0,-1.0,0,3
deeplearning4j-_old-deeplearning4j-parent-0.0.2,org.deeplearning4j.iterativereduce.actor,BatchActor,7,0,6,6,40,9,0,0,0.0,0,2
deeplearning4j-_old-deeplearning4j-parent-0.0.2,org.deeplearning4j.iterativereduce.actor,BatchActorFactory,2,0,2,2,13,3,0,0,0.0,0,1
deeplearning4j-_old-deeplearning4j-parent-0.0.2,org.deeplearning4j.stopwords,StopWords,1,0,1,1,16,2,0,0,0.0,0,0
deeplearning4j-_old-deeplearning4j-parent-0.0.2,org.deeplearning4j.word2vec,Huffman,3,0,2,2,27,3,0,0,0.0,0,2
deeplearning4j-_old-deeplearning4j-parent-0.0.2,org.deeplearning4j.word2vec,ModelReader,0,0,1,1,30,9,0,0,-1.0,0,2
deeplearning4j-_old-deeplearning4j-parent-0.0.2,org.deeplearning4j.word2vec,ModelTrainer,1,0,1,1,26,3,0,0,0.0,0,2
deeplearning4j-_old-deeplearning4j-parent-0.0.2,org.deeplearning4j.word2vec,VocabWord,10,0,27,27,135,46,0,0,0.1111111111111111,5,1
deeplearning4j-_old-deeplearning4j-parent-0.0.2,org.deeplearning4j.word2vec,Word2Vec,26,1,65,60,568,123,0,0,0.07692307692307693,18,12
deeplearning4j-_old-deeplearning4j-parent-0.0.2,org.deeplearning4j.word2vec.actor,SentenceActor,3,0,6,6,37,7,0,0,0.0,0,2
deeplearning4j-_old-deeplearning4j-parent-0.0.2,org.deeplearning4j.word2vec.actor,SentenceActorCreator,1,0,2,2,9,2,0,0,0.0,0,1
deeplearning4j-_old-deeplearning4j-parent-0.0.2,org.deeplearning4j.word2vec.actor,SentenceMessage,4,0,7,7,32,7,0,0,0.0,1,1
deeplearning4j-_old-deeplearning4j-parent-0.0.2,org.deeplearning4j.word2vec.actor,VocabActor,9,0,2,2,48,9,0,0,0.0,1,6
deeplearning4j-_old-deeplearning4j-parent-0.0.2,org.deeplearning4j.word2vec.actor,VocabMessage,3,0,5,5,24,5,0,0,0.0,0,0
deeplearning4j-_old-deeplearning4j-parent-0.0.2,org.deeplearning4j.word2vec.iterator,Word2VecDataFetcher,11,0,17,16,122,29,0,0,0.29411764705882354,0,4
deeplearning4j-_old-deeplearning4j-parent-0.0.2,org.deeplearning4j.word2vec.iterator,Word2VecDataSetIterator,0,0,7,0,9,7,1,0,-1.0,2,0
deeplearning4j-_old-deeplearning4j-parent-0.0.2,org.deeplearning4j.word2vec.iterator,Word2VecDataSetIteratorImpl,8,0,17,11,120,29,0,1,0.29411764705882354,0,3
deeplearning4j-_old-deeplearning4j-parent-0.0.2,org.deeplearning4j.word2vec.loader,Word2VecLoader,1,0,3,2,59,9,0,0,0.6666666666666666,4,3
deeplearning4j-_old-deeplearning4j-parent-0.0.2,org.deeplearning4j.word2vec.loader,Word2VecSaver,1,0,2,2,50,6,0,0,1.0,1,4
deeplearning4j-_old-deeplearning4j-parent-0.0.2,org.deeplearning4j.word2vec.ner,InputHomogenization,3,0,4,4,42,8,0,0,0.0,0,0
deeplearning4j-_old-deeplearning4j-parent-0.0.2,org.deeplearning4j.word2vec.sentenceiterator,BaseSentenceIterator,1,0,5,5,22,5,3,1,0.6,0,1
deeplearning4j-_old-deeplearning4j-parent-0.0.2,org.deeplearning4j.word2vec.sentenceiterator,CollectionSentenceIterator,2,0,5,5,23,6,0,2,0.0,0,1
deeplearning4j-_old-deeplearning4j-parent-0.0.2,org.deeplearning4j.word2vec.sentenceiterator,FileSentenceIterator,4,0,6,5,64,19,0,2,0.0,1,1
deeplearning4j-_old-deeplearning4j-parent-0.0.2,org.deeplearning4j.word2vec.sentenceiterator,LineSentenceIterator,2,0,4,4,33,6,0,2,0.0,0,0
deeplearning4j-_old-deeplearning4j-parent-0.0.2,org.deeplearning4j.word2vec.sentenceiterator,SentenceIterator,0,0,6,0,26,6,1,0,-1.0,1,1
deeplearning4j-_old-deeplearning4j-parent-0.0.2,org.deeplearning4j.word2vec.sentenceiterator,SentencePreProcessor,0,0,1,0,3,1,0,0,-1.0,4,0
deeplearning4j-_old-deeplearning4j-parent-0.0.2,org.deeplearning4j.word2vec.similarity,SimilarArticleTrainer,1,0,4,1,79,14,0,0,0.0,1,6
deeplearning4j-_old-deeplearning4j-parent-0.0.2,org.deeplearning4j.word2vec.similarity,Word2VecSimilarity,4,0,3,3,48,8,0,0,0.0,0,5
deeplearning4j-_old-deeplearning4j-parent-0.0.2,org.deeplearning4j.word2vec.similarity,Word2VecSimilarityTester,1,0,1,1,52,13,0,0,0.0,0,6
deeplearning4j-_old-deeplearning4j-parent-0.0.2,org.deeplearning4j.word2vec.similarity,WordMetaData,4,0,8,7,40,11,0,0,0.0,3,2
deeplearning4j-_old-deeplearning4j-parent-0.0.2,org.deeplearning4j.word2vec.tokenizer,DefaultTokenizer,1,0,5,5,22,6,0,1,0.0,0,0
deeplearning4j-_old-deeplearning4j-parent-0.0.2,org.deeplearning4j.word2vec.tokenizer,DefaultTokenizerFactory,0,0,1,1,5,1,0,1,-1.0,0,0
deeplearning4j-_old-deeplearning4j-parent-0.0.2,org.deeplearning4j.word2vec.tokenizer,Tokenizer,0,0,4,0,10,4,1,0,-1.0,2,0
deeplearning4j-_old-deeplearning4j-parent-0.0.2,org.deeplearning4j.word2vec.tokenizer,TokenizerFactory,0,0,1,0,12,1,1,0,-1.0,2,0
deeplearning4j-_old-deeplearning4j-parent-0.0.2,org.deeplearning4j.word2vec.util,Util,1,0,3,3,21,5,0,0,1.0,4,2
deeplearning4j-_old-deeplearning4j-parent-0.0.2,org.deeplearning4j.word2vec.util,Window,9,0,15,14,93,21,0,0,0.0,3,0
deeplearning4j-_old-deeplearning4j-parent-0.0.2,org.deeplearning4j.word2vec.util,WindowConverter,0,0,2,2,20,4,0,0,-1.0,3,3
deeplearning4j-_old-deeplearning4j-parent-0.0.2,org.deeplearning4j.word2vec.util,Windows,0,0,3,3,40,8,0,0,-1.0,5,1
deeplearning4j-_old-deeplearning4j-parent-0.0.2,org.deeplearning4j.word2vec.util,WordConverter,3,0,6,5,40,11,0,0,0.0,1,5
deeplearning4j-_old-deeplearning4j-parent-0.0.2,org.deeplearning4j.word2vec.viterbi,CounterUtil,0,0,1,1,12,2,0,0,-1.0,2,1
deeplearning4j-_old-deeplearning4j-parent-0.0.2,org.deeplearning4j.word2vec.viterbi,Datum,5,5,4,4,29,5,0,0,0.0,3,2
deeplearning4j-_old-deeplearning4j-parent-0.0.2,org.deeplearning4j.word2vec.viterbi,Index,3,0,7,7,63,11,0,0,0.2857142857142857,7,1
deeplearning4j-_old-deeplearning4j-parent-0.0.2,org.deeplearning4j.word2vec.viterbi,Viterbi,5,0,10,8,127,28,0,0,0.4,2,4
deeplearning4j-_old-deeplearning4j-parent-0.0.2,org.deeplearning4j.word2vec.viterbi,ViterbiTrainer,1,0,1,1,36,6,0,0,0.0,0,6
deeplearning4j-_old-deeplearning4j-parent-0.0.2,org.deeplearning4j.word2vec.viterbi,ViterbiUtil,0,0,8,8,94,20,0,0,-1.0,3,7
deeplearning4j-_old-deeplearning4j-parent-0.0.2,org.deeplearning4j.iterativereduce.actor.core,FinetuneMessage,2,0,3,3,16,3,0,0,0.0,1,1
deeplearning4j-_old-deeplearning4j-parent-0.0.2,org.deeplearning4j.iterativereduce.actor.core,FinishMessage,1,0,0,0,5,0,0,0,-1.0,0,0
deeplearning4j-_old-deeplearning4j-parent-0.0.2,org.deeplearning4j.iterativereduce.actor.core,ResetMessage,1,0,0,0,9,0,0,0,-1.0,0,0
deeplearning4j-_old-deeplearning4j-parent-0.0.2,org.deeplearning4j.iterativereduce.actor.core,SerializableFileIter,3,0,6,6,28,6,0,0,0.3333333333333333,0,0
deeplearning4j-_old-deeplearning4j-parent-0.0.2,org.deeplearning4j.iterativereduce.actor.core,ShutdownMessage,1,0,0,0,9,0,0,0,-1.0,0,0
deeplearning4j-_old-deeplearning4j-parent-0.0.2,org.deeplearning4j.iterativereduce.actor.core,UpdateMessage,2,0,2,2,13,2,0,0,0.0,3,1
deeplearning4j-_old-deeplearning4j-parent-0.0.2,org.deeplearning4j.iterativereduce.actor.core.actor,BatchActor,10,1,9,9,93,19,0,0,0.2222222222222222,1,6
deeplearning4j-_old-deeplearning4j-parent-0.0.2,org.deeplearning4j.iterativereduce.actor.core.actor,BatchActorFactory,3,0,2,2,14,3,0,0,0.0,0,1
deeplearning4j-_old-deeplearning4j-parent-0.0.2,org.deeplearning4j.iterativereduce.actor.core.actor,DoneReaper,4,1,2,2,12,2,0,0,1.0,5,0
deeplearning4j-_old-deeplearning4j-parent-0.0.2,org.deeplearning4j.iterativereduce.actor.core.actor,MasterActor,18,4,27,25,195,48,0,0,0.14814814814814814,4,5
deeplearning4j-_old-deeplearning4j-parent-0.0.2,org.deeplearning4j.iterativereduce.actor.core.actor,MasterActorFactory,3,0,2,2,12,2,0,0,1.0,0,1
deeplearning4j-_old-deeplearning4j-parent-0.0.2,org.deeplearning4j.iterativereduce.actor.core.actor,ModelSavingActor,6,1,4,4,43,6,0,0,0.5,2,2
deeplearning4j-_old-deeplearning4j-parent-0.0.2,org.deeplearning4j.iterativereduce.actor.core.actor,ModelSavingActorFactory,2,0,2,2,10,2,0,0,0.0,0,0
deeplearning4j-_old-deeplearning4j-parent-0.0.2,org.deeplearning4j.iterativereduce.actor.core.actor,SimpleClusterListener,2,0,3,3,33,8,0,0,0.6666666666666666,2,0
deeplearning4j-_old-deeplearning4j-parent-0.0.2,org.deeplearning4j.iterativereduce.actor.core.actor,WorkerActor,21,1,46,45,207,50,0,0,0.08695652173913043,0,4
deeplearning4j-_old-deeplearning4j-parent-0.0.2,org.deeplearning4j.iterativereduce.actor.core.actor,WorkerActorFactory,2,0,2,2,10,2,0,0,1.0,0,1
deeplearning4j-_old-deeplearning4j-parent-0.0.2,org.deeplearning4j.iterativereduce.actor.core.api,EpochDoneListener,0,0,2,0,4,2,0,0,-1.0,1,0
deeplearning4j-_old-deeplearning4j-parent-0.0.2,org.deeplearning4j.iterativereduce.actor.multilayer,ActorNetworkRunner,11,0,14,14,151,18,0,0,0.21428571428571427,4,11
deeplearning4j-_old-deeplearning4j-parent-0.0.2,org.deeplearning4j.iterativereduce.actor.multilayer,ActorNetworkRunnerApp,21,0,27,25,185,39,0,0,0.2222222222222222,1,6
deeplearning4j-_old-deeplearning4j-parent-0.0.2,org.deeplearning4j.iterativereduce.actor.multilayer,MasterActor,3,0,8,8,94,19,0,0,0.25,4,8
deeplearning4j-_old-deeplearning4j-parent-0.0.2,org.deeplearning4j.iterativereduce.actor.multilayer,MasterActorFactory,3,0,2,2,14,2,0,0,0.0,0,1
deeplearning4j-_old-deeplearning4j-parent-0.0.2,org.deeplearning4j.iterativereduce.actor.multilayer,WorkerActor,8,1,23,22,121,29,0,0,0.08695652173913043,2,6
deeplearning4j-_old-deeplearning4j-parent-0.0.2,org.deeplearning4j.iterativereduce.actor.multilayer,WorkerActorFactory,2,0,2,2,12,2,0,0,0.0,0,1
deeplearning4j-_old-deeplearning4j-parent-0.0.2,org.deeplearning4j.iterativereduce.actor.single,ActorNetworkRunner,12,0,13,13,148,17,0,0,0.23076923076923078,3,10
deeplearning4j-_old-deeplearning4j-parent-0.0.2,org.deeplearning4j.iterativereduce.actor.single,ActorNetworkRunnerApp,19,0,23,21,169,35,0,0,0.17391304347826086,1,7
deeplearning4j-_old-deeplearning4j-parent-0.0.2,org.deeplearning4j.iterativereduce.actor.single,MasterActor,3,0,8,8,102,20,0,0,0.25,3,7
deeplearning4j-_old-deeplearning4j-parent-0.0.2,org.deeplearning4j.iterativereduce.actor.single,MasterActorFactory,3,0,2,2,14,2,0,0,0.0,0,1
deeplearning4j-_old-deeplearning4j-parent-0.0.2,org.deeplearning4j.iterativereduce.actor.single,SingleNetworkAccumulator,1,0,2,2,16,4,0,0,0.0,1,1
deeplearning4j-_old-deeplearning4j-parent-0.0.2,org.deeplearning4j.iterativereduce.actor.single,WorkerActor,8,1,13,12,85,17,0,0,0.15384615384615385,2,6
deeplearning4j-_old-deeplearning4j-parent-0.0.2,org.deeplearning4j.iterativereduce.actor.single,WorkerActorFactory,2,0,2,2,12,2,0,0,0.0,0,1
deeplearning4j-_old-deeplearning4j-parent-0.0.2,org.deeplearning4j.iterativereduce.akka,ComputableMasterAkka,0,0,2,2,13,3,0,0,-1.0,0,3
deeplearning4j-_old-deeplearning4j-parent-0.0.2,org.deeplearning4j.iterativereduce.akka,ComputableWorkerAkka,19,0,5,5,54,5,0,0,0.4,0,3
deeplearning4j-_old-deeplearning4j-parent-0.0.2,org.deeplearning4j.iterativereduce.akka,DeepLearningAccumulator,1,0,2,2,16,4,0,0,0.0,2,1
deeplearning4j-_old-deeplearning4j-parent-0.0.2,org.deeplearning4j.scaleout.conf,Conf,22,0,46,46,171,47,0,0,0.5217391304347826,26,1
deeplearning4j-_old-deeplearning4j-parent-0.0.2,org.deeplearning4j.scaleout.conf,DeepLearningConfigurable,30,30,1,0,33,1,1,0,-1.0,0,1
deeplearning4j-_old-deeplearning4j-parent-0.0.2,org.deeplearning4j.scaleout.conf,ExtraParamsBuilder,8,0,9,9,50,16,0,1,0.2222222222222222,0,1
deeplearning4j-_old-deeplearning4j-parent-0.0.2,org.deeplearning4j.scaleout.iterativereduce,ComputableMaster,0,0,4,0,11,4,0,0,-1.0,0,1
deeplearning4j-_old-deeplearning4j-parent-0.0.2,org.deeplearning4j.scaleout.iterativereduce,ComputableWorker,0,0,6,1,13,6,0,0,-1.0,0,1
deeplearning4j-_old-deeplearning4j-parent-0.0.2,org.deeplearning4j.scaleout.iterativereduce,Updateable,0,0,6,0,13,6,0,0,-1.0,3,0
deeplearning4j-_old-deeplearning4j-parent-0.0.2,org.deeplearning4j.scaleout.core.conf,DeepLearningConfigurableDistributed,1,1,0,0,3,0,0,0,-1.0,0,0
deeplearning4j-_old-deeplearning4j-parent-0.0.2,org.deeplearning4j.scaleout.iterativereduce.multi,ComputableMasterImpl,1,0,2,2,13,2,0,0,0.0,0,1
deeplearning4j-_old-deeplearning4j-parent-0.0.2,org.deeplearning4j.scaleout.iterativereduce.multi,ComputableWorkerImpl,1,0,2,2,13,2,0,0,0.0,0,1
deeplearning4j-_old-deeplearning4j-parent-0.0.2,org.deeplearning4j.scaleout.iterativereduce.multi,UpdateableImpl,3,0,7,7,36,8,0,0,0.2857142857142857,6,1
deeplearning4j-_old-deeplearning4j-parent-0.0.2,org.deeplearning4j.scaleout.iterativereduce.single,ComputableMasterImpl,1,0,2,2,13,2,0,0,0.0,0,1
deeplearning4j-_old-deeplearning4j-parent-0.0.2,org.deeplearning4j.scaleout.iterativereduce.single,ComputableWorkerImpl,1,0,2,2,13,2,0,0,0.0,0,1
deeplearning4j-_old-deeplearning4j-parent-0.0.2,org.deeplearning4j.scaleout.iterativereduce.single,UpdateableSingleImpl,3,0,7,7,36,8,0,0,0.2857142857142857,5,1
deeplearning4j-_old-deeplearning4j-parent-0.0.2,org.deeplearning4j.scaleout.zookeeper,ZooKeeperConfigurationRegister,6,0,6,6,104,10,0,0,0.3333333333333333,5,2
deeplearning4j-_old-deeplearning4j-parent-0.0.2,org.deeplearning4j.scaleout.zookeeper,ZookeeperBuilder,6,0,7,7,57,11,0,0,0.0,0,0
deeplearning4j-_old-deeplearning4j-parent-0.0.2,org.deeplearning4j.scaleout.zookeeper,ZookeeperConfigurationRetriever,5,0,7,7,64,10,0,0,0.0,3,2
deeplearning4j-_old-deeplearning4j-parent-0.0.2,org.deeplearning4j.scaleout.zookeeper,ZookeeperPathBuilder,3,0,7,7,36,10,0,0,0.0,0,0
deeplearning4j-_old-deeplearning4j-parent-0.0.2,org.deeplearning4j.zookeeper,TestZookeeperRegister,6,0,6,6,47,6,0,0,0.3333333333333333,0,3
