Project Name,Package Name,Type Name,Code Smell
maven-maven-3.0-alpha-4,org.apache.maven.settings,GlobalSettingsTest,Unutilized Abstraction
maven-maven-3.0-alpha-4,org.apache.maven.settings,DefaultMavenSettingsBuilder,Unutilized Abstraction
maven-maven-3.0-alpha-4,org.apache.maven.settings,MavenSettingsBuilder,Unutilized Abstraction
maven-maven-3.0-alpha-4,org.apache.maven.settings,SettingsConfigurationException,Unutilized Abstraction
maven-maven-3.0-alpha-4,org.apache.maven.settings,SettingsUtilsTest,Unutilized Abstraction
maven-maven-3.0-alpha-4,org.apache.maven.settings,RuntimeInfo,Deficient Encapsulation
maven-maven-3.0-alpha-4,org.apache.maven.artifact,Artifact,Cyclic-Dependent Modularization
maven-maven-3.0-alpha-4,org.apache.maven.artifact,Artifact,Insufficient Modularization
maven-maven-3.0-alpha-4,org.apache.maven.artifact,DefaultArtifact,Insufficient Modularization
maven-maven-3.0-alpha-4,org.apache.maven.artifact,InvalidArtifactRTException,Unutilized Abstraction
maven-maven-3.0-alpha-4,org.apache.maven.artifact,UnknownRepositoryLayoutException,Unutilized Abstraction
maven-maven-3.0-alpha-4,org.apache.maven.artifact,UnknownRepositoryLayoutException,Broken Hierarchy
maven-maven-3.0-alpha-4,org.apache.maven.artifact,AbstractArtifactComponentTestCase,Unutilized Abstraction
maven-maven-3.0-alpha-4,org.apache.maven.artifact,ArtifactUtilsTest,Unutilized Abstraction
maven-maven-3.0-alpha-4,org.apache.maven.artifact,DefaultArtifactTest,Unutilized Abstraction
maven-maven-3.0-alpha-4,org.apache.maven.artifact,DependencyResolutionRequiredException,Unutilized Abstraction
maven-maven-3.0-alpha-4,org.apache.maven.artifact,InvalidRepositoryException,Unutilized Abstraction
maven-maven-3.0-alpha-4,org.apache.maven.artifact.handler,DefaultArtifactHandler,Unutilized Abstraction
maven-maven-3.0-alpha-4,org.apache.maven.artifact.metadata,TestMetadataSource,Unutilized Abstraction
maven-maven-3.0-alpha-4,org.apache.maven.artifact.metadata,AbstractArtifactMetadata,Unutilized Abstraction
maven-maven-3.0-alpha-4,org.apache.maven.artifact.metadata,ArtifactMetadataRetrievalException,Unutilized Abstraction
maven-maven-3.0-alpha-4,org.apache.maven.artifact.repository,ArtifactRepository,Cyclic-Dependent Modularization
maven-maven-3.0-alpha-4,org.apache.maven.artifact.repository,ArtifactRepositoryPolicy,Deficient Encapsulation
maven-maven-3.0-alpha-4,org.apache.maven.artifact.repository,DefaultArtifactRepository,Unutilized Abstraction
maven-maven-3.0-alpha-4,org.apache.maven.artifact.repository,DefaultArtifactRepository,Insufficient Modularization
maven-maven-3.0-alpha-4,org.apache.maven.artifact.repository,DefaultArtifactRepositoryFactory,Unutilized Abstraction
maven-maven-3.0-alpha-4,org.apache.maven.artifact.repository,MavenArtifactRepositoryTest,Unutilized Abstraction
maven-maven-3.0-alpha-4,org.apache.maven.artifact.repository,DefaultRepositoryRequest,Unutilized Abstraction
maven-maven-3.0-alpha-4,org.apache.maven.artifact.repository,MavenArtifactRepository,Insufficient Modularization
maven-maven-3.0-alpha-4,org.apache.maven.artifact.repository,RepositoryCache,Cyclic-Dependent Modularization
maven-maven-3.0-alpha-4,org.apache.maven.artifact.repository,RepositoryRequest,Cyclic-Dependent Modularization
maven-maven-3.0-alpha-4,org.apache.maven.artifact.repository.layout,ArtifactRepositoryLayout,Cyclic-Dependent Modularization
maven-maven-3.0-alpha-4,org.apache.maven.artifact.repository.layout,FlatRepositoryLayout,Unutilized Abstraction
maven-maven-3.0-alpha-4,org.apache.maven.artifact.repository.layout,DefaultRepositoryLayout,Unutilized Abstraction
maven-maven-3.0-alpha-4,org.apache.maven.artifact.repository.metadata,RepositoryMetadataStoreException,Unutilized Abstraction
maven-maven-3.0-alpha-4,org.apache.maven.artifact.repository.metadata,GroupRepositoryMetadata,Unutilized Abstraction
maven-maven-3.0-alpha-4,org.apache.maven.artifact.repository.metadata,GroupRepositoryMetadata,Broken Hierarchy
maven-maven-3.0-alpha-4,org.apache.maven.artifact.repository.metadata,RepositoryMetadataReadException,Unutilized Abstraction
maven-maven-3.0-alpha-4,org.apache.maven.artifact.repository.metadata,SnapshotArtifactRepositoryMetadata,Broken Hierarchy
maven-maven-3.0-alpha-4,org.apache.maven.artifact.repository.metadata,ArtifactRepositoryMetadata,Unutilized Abstraction
maven-maven-3.0-alpha-4,org.apache.maven.artifact.repository.metadata,ArtifactRepositoryMetadata,Broken Hierarchy
maven-maven-3.0-alpha-4,org.apache.maven.artifact.repository.metadata,RepositoryMetadataDeploymentException,Unutilized Abstraction
maven-maven-3.0-alpha-4,org.apache.maven.artifact.repository.metadata,RepositoryMetadataInstallationException,Unutilized Abstraction
maven-maven-3.0-alpha-4,org.apache.maven.artifact.repository.metadata,RepositoryMetadataResolutionException,Unutilized Abstraction
maven-maven-3.0-alpha-4,org.apache.maven.artifact.resolver,ArtifactNotFoundException,Broken Hierarchy
maven-maven-3.0-alpha-4,org.apache.maven.artifact.resolver,ArtifactResolutionException,Broken Hierarchy
maven-maven-3.0-alpha-4,org.apache.maven.artifact.resolver,CyclicDependencyException,Broken Hierarchy
maven-maven-3.0-alpha-4,org.apache.maven.artifact.resolver,MultipleArtifactsNotFoundException,Broken Hierarchy
maven-maven-3.0-alpha-4,org.apache.maven.artifact.resolver,DebugResolutionListener,Unutilized Abstraction
maven-maven-3.0-alpha-4,org.apache.maven.artifact.resolver,DefaultArtifactCollector,Unnecessary Abstraction
maven-maven-3.0-alpha-4,org.apache.maven.artifact.resolver,DefaultArtifactCollector,Unutilized Abstraction
maven-maven-3.0-alpha-4,org.apache.maven.artifact.resolver,UnresolvedArtifacts,Unutilized Abstraction
maven-maven-3.0-alpha-4,org.apache.maven.artifact.resolver,WarningResolutionListener,Unutilized Abstraction
maven-maven-3.0-alpha-4,org.apache.maven.artifact.resolver,ArtifactResolutionExceptionTest,Unutilized Abstraction
maven-maven-3.0-alpha-4,org.apache.maven.artifact.resolver,ArtifactResolverTest,Unutilized Abstraction
maven-maven-3.0-alpha-4,org.apache.maven.artifact.resolver,DefaultArtifactResolverTest,Unutilized Abstraction
maven-maven-3.0-alpha-4,org.apache.maven.artifact.resolver,TestFileWagon,Unutilized Abstraction
maven-maven-3.0-alpha-4,org.apache.maven.artifact.resolver,ArtifactResolutionRequest,Insufficient Modularization
maven-maven-3.0-alpha-4,org.apache.maven.artifact.resolver,ArtifactResolutionResult,Insufficient Modularization
maven-maven-3.0-alpha-4,org.apache.maven.artifact.resolver,DefaultResolutionErrorHandler,Unutilized Abstraction
maven-maven-3.0-alpha-4,org.apache.maven.artifact.resolver.filter,ArtifactFilter,Cyclic-Dependent Modularization
maven-maven-3.0-alpha-4,org.apache.maven.artifact.resolver.filter,AndArtifactFilterTest,Unutilized Abstraction
maven-maven-3.0-alpha-4,org.apache.maven.artifact.resolver.filter,FilterHashEqualsTest,Unutilized Abstraction
maven-maven-3.0-alpha-4,org.apache.maven.artifact.resolver.filter,OrArtifactFilterTest,Unutilized Abstraction
maven-maven-3.0-alpha-4,org.apache.maven.artifact.resolver.filter,ScopeArtifactFilterTest,Unutilized Abstraction
maven-maven-3.0-alpha-4,org.apache.maven.artifact.resolver.filter,AbstractScopeArtifactFilter,Unutilized Abstraction
maven-maven-3.0-alpha-4,org.apache.maven.artifact.resolver.filter,CumulativeScopeArtifactFilter,Unutilized Abstraction
maven-maven-3.0-alpha-4,org.apache.maven.artifact.resolver.filter,CumulativeScopeArtifactFilter,Broken Hierarchy
maven-maven-3.0-alpha-4,org.apache.maven.artifact.resolver.filter,ExcludesArtifactFilter,Unutilized Abstraction
maven-maven-3.0-alpha-4,org.apache.maven.artifact.resolver.filter,ScopeArtifactFilter,Unutilized Abstraction
maven-maven-3.0-alpha-4,org.apache.maven.artifact.resolver.filter,ScopeArtifactFilter,Broken Hierarchy
maven-maven-3.0-alpha-4,org.apache.maven.artifact.versioning,ComparableVersion,Deficient Encapsulation
maven-maven-3.0-alpha-4,org.apache.maven.artifact.versioning,ComparableVersion,Insufficient Modularization
maven-maven-3.0-alpha-4,org.apache.maven.artifact.versioning,Item,Deficient Encapsulation
maven-maven-3.0-alpha-4,org.apache.maven.artifact.versioning,IntegerItem,Deficient Encapsulation
maven-maven-3.0-alpha-4,org.apache.maven.artifact.versioning,OverConstrainedVersionException,Unutilized Abstraction
maven-maven-3.0-alpha-4,org.apache.maven.artifact.versioning,Restriction,Deficient Encapsulation
maven-maven-3.0-alpha-4,org.apache.maven.artifact.versioning,VersionRange,Cyclic-Dependent Modularization
maven-maven-3.0-alpha-4,org.apache.maven.artifact.versioning,ComparableVersionTest,Unutilized Abstraction
maven-maven-3.0-alpha-4,org.apache.maven.artifact.versioning,DefaultArtifactVersionTest,Unutilized Abstraction
maven-maven-3.0-alpha-4,org.apache.maven.artifact.versioning,VersionRangeTest,Unutilized Abstraction
maven-maven-3.0-alpha-4,org.apache.maven.repository,Proxy,Deficient Encapsulation
maven-maven-3.0-alpha-4,org.apache.maven.repository,MavenArtifactMetadata,Deficient Encapsulation
maven-maven-3.0-alpha-4,org.apache.maven.repository,MetadataResolutionRequest,Insufficient Modularization
maven-maven-3.0-alpha-4,org.apache.maven.repository,MetadataResolutionResult,Unutilized Abstraction
maven-maven-3.0-alpha-4,org.apache.maven.repository,MetadataResolutionResult,Insufficient Modularization
maven-maven-3.0-alpha-4,org.apache.maven.repository,UserLocalArtifactRepository,Unutilized Abstraction
maven-maven-3.0-alpha-4,org.apache.maven.repository,LegacyRepositoryLayout,Unutilized Abstraction
maven-maven-3.0-alpha-4,org.apache.maven.repository,LegacyRepositorySystemTest,Unutilized Abstraction
maven-maven-3.0-alpha-4,org.apache.maven.repository,MirrorProcessorTest,Unutilized Abstraction
maven-maven-3.0-alpha-4,org.apache.maven.repository,ArtifactDoesNotExistException,Unutilized Abstraction
maven-maven-3.0-alpha-4,org.apache.maven.repository,ArtifactTransferEvent,Deficient Encapsulation
maven-maven-3.0-alpha-4,org.apache.maven.repository,ArtifactTransferEvent,Insufficient Modularization
maven-maven-3.0-alpha-4,org.apache.maven.repository,ArtifactTransferFailedException,Unutilized Abstraction
maven-maven-3.0-alpha-4,org.apache.maven.repository,DefaultLocalRepositoryMaintainerEvent,Unutilized Abstraction
maven-maven-3.0-alpha-4,org.apache.maven.repository,LocalArtifactRepository,Deficient Encapsulation
maven-maven-3.0-alpha-4,org.apache.maven.repository,LocalRepositoryNotAccessibleException,Unutilized Abstraction
maven-maven-3.0-alpha-4,org.apache.maven.repository,LegacyRepositoryLayout,Unutilized Abstraction
maven-maven-3.0-alpha-4,org.apache.maven.repository,TestArtifactHandler,Unutilized Abstraction
maven-maven-3.0-alpha-4,org.apache.maven.repository,TestRepositorySystem,Unutilized Abstraction
maven-maven-3.0-alpha-4,org.apache.maven.repository.legacy.metadata,AbstractArtifactMetadata,Unutilized Abstraction
maven-maven-3.0-alpha-4,org.apache.maven.repository.legacy.metadata,ArtifactMetadataRetrievalException,Unutilized Abstraction
maven-maven-3.0-alpha-4,org.apache.maven.repository.legacy.metadata,ArtifactMetadataSource,Unutilized Abstraction
maven-maven-3.0-alpha-4,org.apache.maven.repository.legacy.metadata,DefaultMetadataResolutionRequest,Unutilized Abstraction
maven-maven-3.0-alpha-4,org.apache.maven.repository.legacy.metadata,DefaultMetadataResolutionRequest,Insufficient Modularization
maven-maven-3.0-alpha-4,org.apache.maven.repository.legacy.metadata,ResolutionGroup,Unutilized Abstraction
maven-maven-3.0-alpha-4,org.apache.maven.artifact.deployer,ArtifactDeploymentException,Unutilized Abstraction
maven-maven-3.0-alpha-4,org.apache.maven.artifact.deployer,DefaultArtifactDeployer,Unutilized Abstraction
maven-maven-3.0-alpha-4,org.apache.maven.artifact.deployer,ArtifactDeployerTest,Unutilized Abstraction
maven-maven-3.0-alpha-4,org.apache.maven.artifact.deployer,SimpleArtifactMetadataSource,Unutilized Abstraction
maven-maven-3.0-alpha-4,org.apache.maven.artifact.factory,DefaultArtifactFactory,Unutilized Abstraction
maven-maven-3.0-alpha-4,org.apache.maven.artifact.factory,DefaultArtifactFactoryTest,Unutilized Abstraction
maven-maven-3.0-alpha-4,org.apache.maven.artifact.installer,ArtifactInstallationException,Unutilized Abstraction
maven-maven-3.0-alpha-4,org.apache.maven.artifact.installer,DefaultArtifactInstaller,Unutilized Abstraction
maven-maven-3.0-alpha-4,org.apache.maven.artifact.installer,ArtifactInstallerTest,Unutilized Abstraction
maven-maven-3.0-alpha-4,org.apache.maven.artifact.manager,DefaultWagonManager,Unutilized Abstraction
maven-maven-3.0-alpha-4,org.apache.maven.artifact.manager,WagonConfigurationException,Unutilized Abstraction
maven-maven-3.0-alpha-4,org.apache.maven.artifact.manager,WagonManager,Unutilized Abstraction
maven-maven-3.0-alpha-4,org.apache.maven.execution,DefaultRuntimeInformation,Unutilized Abstraction
maven-maven-3.0-alpha-4,org.apache.maven.execution,RuntimeInformation,Unutilized Abstraction
maven-maven-3.0-alpha-4,org.apache.maven.execution,AbstractExecutionListener,Unutilized Abstraction
maven-maven-3.0-alpha-4,org.apache.maven.execution,BuildFailure,Unutilized Abstraction
maven-maven-3.0-alpha-4,org.apache.maven.execution,BuildFailure,Broken Hierarchy
maven-maven-3.0-alpha-4,org.apache.maven.execution,BuildSuccess,Unutilized Abstraction
maven-maven-3.0-alpha-4,org.apache.maven.execution,BuildSuccess,Broken Hierarchy
maven-maven-3.0-alpha-4,org.apache.maven.execution,BuildSummary,Cyclic-Dependent Modularization
maven-maven-3.0-alpha-4,org.apache.maven.execution,DefaultLifecycleEvent,Unutilized Abstraction
maven-maven-3.0-alpha-4,org.apache.maven.execution,DefaultMavenExecutionRequest,Insufficient Modularization
maven-maven-3.0-alpha-4,org.apache.maven.execution,DefaultMavenExecutionRequestPopulator,Unutilized Abstraction
maven-maven-3.0-alpha-4,org.apache.maven.execution,DefaultMavenExecutionResult,Unutilized Abstraction
maven-maven-3.0-alpha-4,org.apache.maven.execution,MavenExecutionRequest,Insufficient Modularization
maven-maven-3.0-alpha-4,org.apache.maven.execution,MavenExecutionRequestPopulationException,Unutilized Abstraction
maven-maven-3.0-alpha-4,org.apache.maven.execution,MavenExecutionResult,Cyclic-Dependent Modularization
maven-maven-3.0-alpha-4,org.apache.maven.execution,MavenSession,Cyclic-Dependent Modularization
maven-maven-3.0-alpha-4,org.apache.maven.execution,MavenSession,Insufficient Modularization
maven-maven-3.0-alpha-4,org.apache.maven.execution,ProjectDependencyGraph,Cyclic-Dependent Modularization
maven-maven-3.0-alpha-4,org.apache.maven.execution,ReactorManager,Deficient Encapsulation
maven-maven-3.0-alpha-4,org.apache.maven.execution,ReactorManager,Cyclic-Dependent Modularization
maven-maven-3.0-alpha-4,org.apache.maven.execution,SessionRepositoryCache,Unutilized Abstraction
maven-maven-3.0-alpha-4,org.apache.maven.execution,SettingsAdapter,Unutilized Abstraction
maven-maven-3.0-alpha-4,org.apache.maven.profiles,DefaultMavenProfilesBuilder,Unutilized Abstraction
maven-maven-3.0-alpha-4,org.apache.maven.profiles,DefaultProfileManager,Unutilized Abstraction
maven-maven-3.0-alpha-4,org.apache.maven.profiles,MavenProfilesBuilder,Unutilized Abstraction
maven-maven-3.0-alpha-4,org.apache.maven.profiles.activation,ProfileActivationException,Unutilized Abstraction
maven-maven-3.0-alpha-4,org.apache.maven.project,DefaultMavenProjectBuilder,Unutilized Abstraction
maven-maven-3.0-alpha-4,org.apache.maven.project,InvalidProjectModelException,Unutilized Abstraction
maven-maven-3.0-alpha-4,org.apache.maven.project,InvalidProjectModelException,Broken Hierarchy
maven-maven-3.0-alpha-4,org.apache.maven.project,MavenProjectBuilder,Unutilized Abstraction
maven-maven-3.0-alpha-4,org.apache.maven.project,MissingRepositoryElementException,Unutilized Abstraction
maven-maven-3.0-alpha-4,org.apache.maven.project,EmptyLifecycleExecutor,Unutilized Abstraction
maven-maven-3.0-alpha-4,org.apache.maven.project,ModelUtilsTest,Unutilized Abstraction
maven-maven-3.0-alpha-4,org.apache.maven.project,ProjectClasspathTest,Broken Hierarchy
maven-maven-3.0-alpha-4,org.apache.maven.project,TestArtifactResolver,Unnecessary Abstraction
maven-maven-3.0-alpha-4,org.apache.maven.project,TestArtifactResolver,Unutilized Abstraction
maven-maven-3.0-alpha-4,org.apache.maven.project,TestMavenRepositorySystem,Unnecessary Abstraction
maven-maven-3.0-alpha-4,org.apache.maven.project,TestMavenRepositorySystem,Unutilized Abstraction
maven-maven-3.0-alpha-4,org.apache.maven.project,TestProjectBuilder,Unutilized Abstraction
maven-maven-3.0-alpha-4,org.apache.maven.project,DefaultMavenProjectHelper,Unutilized Abstraction
maven-maven-3.0-alpha-4,org.apache.maven.project,DefaultMavenProjectHelper,Insufficient Modularization
maven-maven-3.0-alpha-4,org.apache.maven.project,AttachedArtifact,Unutilized Abstraction
maven-maven-3.0-alpha-4,org.apache.maven.project,AttachedArtifact,Insufficient Modularization
maven-maven-3.0-alpha-4,org.apache.maven.project,DefaultProjectBuilderConfiguration,Unutilized Abstraction
maven-maven-3.0-alpha-4,org.apache.maven.project,DefaultProjectBuildingHelper,Unutilized Abstraction
maven-maven-3.0-alpha-4,org.apache.maven.project,DefaultProjectBuildingRequest,Unutilized Abstraction
maven-maven-3.0-alpha-4,org.apache.maven.project,DefaultProjectBuildingRequest,Insufficient Modularization
maven-maven-3.0-alpha-4,org.apache.maven.project,DefaultProjectBuildingResult,Unutilized Abstraction
maven-maven-3.0-alpha-4,org.apache.maven.project,DefaultProjectRealmCache,Unutilized Abstraction
maven-maven-3.0-alpha-4,org.apache.maven.project,DuplicateProjectException,Unutilized Abstraction
maven-maven-3.0-alpha-4,org.apache.maven.project,InvalidProjectVersionException,Broken Hierarchy
maven-maven-3.0-alpha-4,org.apache.maven.project,MavenProject,Deficient Encapsulation
maven-maven-3.0-alpha-4,org.apache.maven.project,MavenProject,Cyclic-Dependent Modularization
maven-maven-3.0-alpha-4,org.apache.maven.project,MavenProject,Insufficient Modularization
maven-maven-3.0-alpha-4,org.apache.maven.project,ProjectBuilder,Cyclic-Dependent Modularization
maven-maven-3.0-alpha-4,org.apache.maven.project,ProjectBuilderConfiguration,Rebellious Hierarchy
maven-maven-3.0-alpha-4,org.apache.maven.project,ProjectBuildingRequest,Cyclic-Dependent Modularization
maven-maven-3.0-alpha-4,org.apache.maven.project,ProjectBuildingRequest,Insufficient Modularization
maven-maven-3.0-alpha-4,org.apache.maven.project,ProjectRealmCache,Deficient Encapsulation
maven-maven-3.0-alpha-4,org.apache.maven.project,CacheRecord,Deficient Encapsulation
maven-maven-3.0-alpha-4,org.apache.maven.project,ProjectSorter,Cyclic-Dependent Modularization
maven-maven-3.0-alpha-4,org.apache.maven.project,CacheKey,Unutilized Abstraction
maven-maven-3.0-alpha-4,org.apache.maven.project,CacheKey,Unutilized Abstraction
maven-maven-3.0-alpha-4,org.apache.maven.project,RepositoryModelResolver,Unutilized Abstraction
maven-maven-3.0-alpha-4,org.apache.maven.project,AbstractMavenProjectTestCase,Unutilized Abstraction
maven-maven-3.0-alpha-4,org.apache.maven.project,DefaultMavenProjectBuilderTest,Unutilized Abstraction
maven-maven-3.0-alpha-4,org.apache.maven.project,DefaultMavenProjectBuilderTest,Broken Hierarchy
maven-maven-3.0-alpha-4,org.apache.maven.project,EmptyLifecycleExecutor,Unutilized Abstraction
maven-maven-3.0-alpha-4,org.apache.maven.project,EmptyProjectBuildingHelper,Unutilized Abstraction
maven-maven-3.0-alpha-4,org.apache.maven.project,ExtensionDescriptorBuilderTest,Unutilized Abstraction
maven-maven-3.0-alpha-4,org.apache.maven.project,MavenProjectTest,Unutilized Abstraction
maven-maven-3.0-alpha-4,org.apache.maven.project,MavenProjectTest,Broken Hierarchy
maven-maven-3.0-alpha-4,org.apache.maven.project,PomConstructionTest,Insufficient Modularization
maven-maven-3.0-alpha-4,org.apache.maven.project,ProjectBuilderTest,Unutilized Abstraction
maven-maven-3.0-alpha-4,org.apache.maven.project,TestMetadataSource,Unutilized Abstraction
maven-maven-3.0-alpha-4,org.apache.maven.project.inheritance,DefaultModelInheritanceAssembler,Unutilized Abstraction
maven-maven-3.0-alpha-4,org.apache.maven.project.inheritance,DefaultModelInheritanceAssembler,Insufficient Modularization
maven-maven-3.0-alpha-4,org.apache.maven.project.inheritance,ModelInheritanceAssembler,Unutilized Abstraction
maven-maven-3.0-alpha-4,org.apache.maven.project.inheritance,AbstractProjectInheritanceTestCase,Unutilized Abstraction
maven-maven-3.0-alpha-4,org.apache.maven.project.interpolation,AbstractStringBasedModelInterpolator,Unutilized Abstraction
maven-maven-3.0-alpha-4,org.apache.maven.project.interpolation,BuildTimestampValueSource,Unutilized Abstraction
maven-maven-3.0-alpha-4,org.apache.maven.project.interpolation,ModelInterpolator,Unutilized Abstraction
maven-maven-3.0-alpha-4,org.apache.maven.project.interpolation,PathTranslatingPostProcessor,Unutilized Abstraction
maven-maven-3.0-alpha-4,org.apache.maven.project.interpolation,RegexBasedModelInterpolator,Unutilized Abstraction
maven-maven-3.0-alpha-4,org.apache.maven.project.interpolation,RegexBasedModelInterpolator,Broken Hierarchy
maven-maven-3.0-alpha-4,org.apache.maven.project.interpolation,StringSearchModelInterpolator,Unutilized Abstraction
maven-maven-3.0-alpha-4,org.apache.maven.project.interpolation,StringSearchModelInterpolator,Cyclic-Dependent Modularization
maven-maven-3.0-alpha-4,org.apache.maven.project.interpolation,InterpolateObjectAction,Cyclic-Dependent Modularization
maven-maven-3.0-alpha-4,org.apache.maven.project.path,DefaultPathTranslator,Unutilized Abstraction
maven-maven-3.0-alpha-4,org.apache.maven.project.path,DefaultPathTranslatorTest,Unutilized Abstraction
maven-maven-3.0-alpha-4,org.apache.maven.project.validation,DefaultModelValidator,Unutilized Abstraction
maven-maven-3.0-alpha-4,org.apache.maven.project.validation,ModelValidator,Unutilized Abstraction
maven-maven-3.0-alpha-4,org.apache.maven.reporting,MavenReportException,Unutilized Abstraction
maven-maven-3.0-alpha-4,org.apache.maven.repository.legacy,ChecksumFailedException,Unutilized Abstraction
maven-maven-3.0-alpha-4,org.apache.maven.repository.legacy,DefaultUpdateCheckManager,Deficient Encapsulation
maven-maven-3.0-alpha-4,org.apache.maven.repository.legacy,LegacyRepositorySystem,Unutilized Abstraction
maven-maven-3.0-alpha-4,org.apache.maven.repository.legacy,LegacyRepositorySystem,Insufficient Modularization
maven-maven-3.0-alpha-4,org.apache.maven.repository.legacy,MavenArtifact,Unutilized Abstraction
maven-maven-3.0-alpha-4,org.apache.maven.repository.legacy,WagonConfigurationException,Unutilized Abstraction
maven-maven-3.0-alpha-4,org.apache.maven.repository.legacy,DefaultUpdateCheckManagerTest,Unutilized Abstraction
maven-maven-3.0-alpha-4,org.apache.maven.repository.legacy,DefaultWagonManagerTest,Unutilized Abstraction
maven-maven-3.0-alpha-4,org.apache.maven.repository.legacy,DefaultWagonManagerTest,Deficient Encapsulation
maven-maven-3.0-alpha-4,org.apache.maven.repository.legacy,TransferListener,Deficient Encapsulation
maven-maven-3.0-alpha-4,org.apache.maven.repository.legacy,ArtifactRepositoryLayoutStub,Unutilized Abstraction
maven-maven-3.0-alpha-4,org.apache.maven.repository.legacy,LegacyRepositorySystemTest,Unutilized Abstraction
maven-maven-3.0-alpha-4,org.apache.maven.repository.legacy,WagonA,Unutilized Abstraction
maven-maven-3.0-alpha-4,org.apache.maven.repository.legacy,WagonA,Broken Hierarchy
maven-maven-3.0-alpha-4,org.apache.maven.repository.legacy,WagonB,Unutilized Abstraction
maven-maven-3.0-alpha-4,org.apache.maven.repository.legacy,WagonB,Broken Hierarchy
maven-maven-3.0-alpha-4,org.apache.maven.repository.legacy,WagonC,Unutilized Abstraction
maven-maven-3.0-alpha-4,org.apache.maven.repository.legacy,WagonC,Broken Hierarchy
maven-maven-3.0-alpha-4,org.apache.maven.repository.legacy,WagonMock,Unutilized Abstraction
maven-maven-3.0-alpha-4,org.apache.maven.repository.legacy.resolver,DefaultLegacyArtifactCollector,Unutilized Abstraction
maven-maven-3.0-alpha-4,org.apache.maven.repository.legacy.resolver,DefaultArtifactCollectorTest,Insufficient Modularization
maven-maven-3.0-alpha-4,org.apache.maven.repository.legacy.resolver.conflict,ConflictResolverFactory,Unutilized Abstraction
maven-maven-3.0-alpha-4,org.apache.maven.repository.legacy.resolver.conflict,ConflictResolverNotFoundException,Unutilized Abstraction
maven-maven-3.0-alpha-4,org.apache.maven.repository.legacy.resolver.conflict,DefaultConflictResolver,Unnecessary Abstraction
maven-maven-3.0-alpha-4,org.apache.maven.repository.legacy.resolver.conflict,DefaultConflictResolver,Unutilized Abstraction
maven-maven-3.0-alpha-4,org.apache.maven.repository.legacy.resolver.conflict,DefaultConflictResolverFactory,Unutilized Abstraction
maven-maven-3.0-alpha-4,org.apache.maven.repository.legacy.resolver.conflict,FarthestConflictResolver,Unutilized Abstraction
maven-maven-3.0-alpha-4,org.apache.maven.repository.legacy.resolver.conflict,NearestConflictResolver,Unutilized Abstraction
maven-maven-3.0-alpha-4,org.apache.maven.repository.legacy.resolver.conflict,NewestConflictResolver,Unutilized Abstraction
maven-maven-3.0-alpha-4,org.apache.maven.repository.legacy.resolver.conflict,OldestConflictResolver,Unutilized Abstraction
maven-maven-3.0-alpha-4,org.apache.maven.repository.legacy.resolver.conflict,AbstractConflictResolverTest,Unutilized Abstraction
maven-maven-3.0-alpha-4,org.apache.maven.repository.legacy.resolver.conflict,FarthestConflictResolverTest,Unutilized Abstraction
maven-maven-3.0-alpha-4,org.apache.maven.repository.legacy.resolver.conflict,FarthestConflictResolverTest,Broken Hierarchy
maven-maven-3.0-alpha-4,org.apache.maven.repository.legacy.resolver.conflict,NearestConflictResolverTest,Unutilized Abstraction
maven-maven-3.0-alpha-4,org.apache.maven.repository.legacy.resolver.conflict,NearestConflictResolverTest,Broken Hierarchy
maven-maven-3.0-alpha-4,org.apache.maven.repository.legacy.resolver.conflict,NewestConflictResolverTest,Unutilized Abstraction
maven-maven-3.0-alpha-4,org.apache.maven.repository.legacy.resolver.conflict,NewestConflictResolverTest,Broken Hierarchy
maven-maven-3.0-alpha-4,org.apache.maven.repository.legacy.resolver.conflict,OldestConflictResolverTest,Unutilized Abstraction
maven-maven-3.0-alpha-4,org.apache.maven.repository.legacy.resolver.conflict,OldestConflictResolverTest,Broken Hierarchy
maven-maven-3.0-alpha-4,org.apache.maven.repository.legacy.resolver.transform,AbstractVersionTransformation,Unutilized Abstraction
maven-maven-3.0-alpha-4,org.apache.maven.repository.legacy.resolver.transform,ArtifactTransformation,Unutilized Abstraction
maven-maven-3.0-alpha-4,org.apache.maven.repository.legacy.resolver.transform,DefaultArtifactTransformationManager,Unutilized Abstraction
maven-maven-3.0-alpha-4,org.apache.maven.repository.legacy.resolver.transform,LatestArtifactTransformation,Unutilized Abstraction
maven-maven-3.0-alpha-4,org.apache.maven.repository.legacy.resolver.transform,ReleaseArtifactTransformation,Unutilized Abstraction
maven-maven-3.0-alpha-4,org.apache.maven.repository.legacy.resolver.transform,SnapshotTransformation,Unutilized Abstraction
maven-maven-3.0-alpha-4,org.apache.maven.repository.metadata,ArtifactMetadata,Insufficient Modularization
maven-maven-3.0-alpha-4,org.apache.maven.repository.metadata,DefaultClasspathTransformation,Unutilized Abstraction
maven-maven-3.0-alpha-4,org.apache.maven.repository.metadata,DefaultGraphConflictResolutionPolicy,Unutilized Abstraction
maven-maven-3.0-alpha-4,org.apache.maven.repository.metadata,DefaultGraphConflictResolver,Unutilized Abstraction
maven-maven-3.0-alpha-4,org.apache.maven.repository.metadata,GraphConflictResolutionException,Unutilized Abstraction
maven-maven-3.0-alpha-4,org.apache.maven.repository.metadata,MetadataGraph,Deficient Encapsulation
maven-maven-3.0-alpha-4,org.apache.maven.repository.metadata,MetadataGraph,Insufficient Modularization
maven-maven-3.0-alpha-4,org.apache.maven.repository.metadata,MetadataGraphTransformationException,Unutilized Abstraction
maven-maven-3.0-alpha-4,org.apache.maven.repository.metadata,MetadataResolution,Unutilized Abstraction
maven-maven-3.0-alpha-4,org.apache.maven.repository.metadata,MetadataResolutionException,Unutilized Abstraction
maven-maven-3.0-alpha-4,org.apache.maven.repository.metadata,MetadataResolutionResult,Unutilized Abstraction
maven-maven-3.0-alpha-4,org.apache.maven.repository.metadata,MetadataRetrievalException,Unutilized Abstraction
maven-maven-3.0-alpha-4,org.apache.maven.repository.metadata,MetadataSource,Unutilized Abstraction
maven-maven-3.0-alpha-4,org.apache.maven.repository.metadata,DefaultClasspathTransformationTest,Unutilized Abstraction
maven-maven-3.0-alpha-4,org.apache.maven.repository.metadata,DefaultGraphConflictResolutionPolicyTest,Unutilized Abstraction
maven-maven-3.0-alpha-4,org.apache.maven.repository.metadata,DefaultGraphConflictResolverTest,Unutilized Abstraction
maven-maven-3.0-alpha-4,org.apache.maven.repository.metadata,TestMetadataSource,Unutilized Abstraction
maven-maven-3.0-alpha-4,org.apache.maven.usability.plugin,ExpressionDocumentationException,Unutilized Abstraction
maven-maven-3.0-alpha-4,org.apache.maven.artifact.testutils,MockManager,Unutilized Abstraction
maven-maven-3.0-alpha-4,org.apache.maven.artifact.testutils,TestFileManager,Unutilized Abstraction
maven-maven-3.0-alpha-4,org.apache.maven.artifact.testutils,TestFileManager,Deficient Encapsulation
maven-maven-3.0-alpha-4,org.apache.maven.artifact.transform,TransformationManagerTest,Unutilized Abstraction
maven-maven-3.0-alpha-4,org.apache.maven.profiles.manager,DefaultProfileManagerTest,Unutilized Abstraction
maven-maven-3.0-alpha-4,org.apache.maven.project.inheritance.t00,ProjectInheritanceTest,Unutilized Abstraction
maven-maven-3.0-alpha-4,org.apache.maven.project.inheritance.t01,ProjectInheritanceTest,Unutilized Abstraction
maven-maven-3.0-alpha-4,org.apache.maven.project.inheritance.t02,ProjectInheritanceTest,Imperative Abstraction
maven-maven-3.0-alpha-4,org.apache.maven.project.inheritance.t02,ProjectInheritanceTest,Unutilized Abstraction
maven-maven-3.0-alpha-4,org.apache.maven.project.inheritance.t03,ProjectInheritanceTest,Unutilized Abstraction
maven-maven-3.0-alpha-4,org.apache.maven.project.inheritance.t04,ProjectInheritanceTest,Unutilized Abstraction
maven-maven-3.0-alpha-4,org.apache.maven.project.inheritance.t05,ProjectInheritanceTest,Unutilized Abstraction
maven-maven-3.0-alpha-4,org.apache.maven.project.inheritance.t06,ProjectInheritanceTest,Unutilized Abstraction
maven-maven-3.0-alpha-4,org.apache.maven.project.inheritance.t07,ProjectInheritanceTest,Unutilized Abstraction
maven-maven-3.0-alpha-4,org.apache.maven.project.inheritance.t08,ProjectInheritanceTest,Unutilized Abstraction
maven-maven-3.0-alpha-4,org.apache.maven.project.inheritance.t09,ProjectInheritanceTest,Unutilized Abstraction
maven-maven-3.0-alpha-4,org.apache.maven.project.inheritance.t10,ProjectInheritanceTest,Unutilized Abstraction
maven-maven-3.0-alpha-4,org.apache.maven.project.inheritance.t11,ProjectInheritanceTest,Unutilized Abstraction
maven-maven-3.0-alpha-4,org.apache.maven.project.inheritance.t12,ProjectInheritanceTest,Unutilized Abstraction
maven-maven-3.0-alpha-4,org.apache.maven.project.inheritance.t12scm,ProjectInheritanceTest,Unutilized Abstraction
maven-maven-3.0-alpha-4,org.apache.maven.repository.ideworkspace,IdeWorkspaceRepositoryTest,Unutilized Abstraction
maven-maven-3.0-alpha-4,org.apache.maven.repository.ideworkspace,TestIdeWorkspaceRepository,Deficient Encapsulation
maven-maven-3.0-alpha-4,org.apache.maven,BuildFailureException,Unutilized Abstraction
maven-maven-3.0-alpha-4,org.apache.maven,DefaultArtifactFilterManager,Unutilized Abstraction
maven-maven-3.0-alpha-4,org.apache.maven,DefaultMaven,Unutilized Abstraction
maven-maven-3.0-alpha-4,org.apache.maven,DefaultProjectDependenciesResolver,Unutilized Abstraction
maven-maven-3.0-alpha-4,org.apache.maven,DefaultProjectDependencyGraph,Unutilized Abstraction
maven-maven-3.0-alpha-4,org.apache.maven,DuplicateProjectException,Unutilized Abstraction
maven-maven-3.0-alpha-4,org.apache.maven,DuplicateProjectException,Broken Hierarchy
maven-maven-3.0-alpha-4,org.apache.maven,FilteredProjectDependencyGraph,Unutilized Abstraction
maven-maven-3.0-alpha-4,org.apache.maven,InternalErrorException,Unutilized Abstraction
maven-maven-3.0-alpha-4,org.apache.maven,InternalErrorException,Broken Hierarchy
maven-maven-3.0-alpha-4,org.apache.maven,MavenExecutionException,Unutilized Abstraction
maven-maven-3.0-alpha-4,org.apache.maven,MissingModuleException,Unutilized Abstraction
maven-maven-3.0-alpha-4,org.apache.maven,MissingModuleException,Broken Hierarchy
maven-maven-3.0-alpha-4,org.apache.maven,ProjectBuildFailureException,Unutilized Abstraction
maven-maven-3.0-alpha-4,org.apache.maven,ProjectBuildFailureException,Broken Hierarchy
maven-maven-3.0-alpha-4,org.apache.maven,ProjectCycleException,Unutilized Abstraction
maven-maven-3.0-alpha-4,org.apache.maven,ProjectCycleException,Broken Hierarchy
maven-maven-3.0-alpha-4,org.apache.maven,AbstractCoreMavenComponentTestCase,Unutilized Abstraction
maven-maven-3.0-alpha-4,org.apache.maven,PluginBuilder,Unutilized Abstraction
maven-maven-3.0-alpha-4,org.apache.maven,MavenLifecycleParticipantTest,Unutilized Abstraction
maven-maven-3.0-alpha-4,org.apache.maven,MavenLifecycleParticipantTest,Broken Hierarchy
maven-maven-3.0-alpha-4,org.apache.maven,InjectDependencyLifecycleListener,Unutilized Abstraction
maven-maven-3.0-alpha-4,org.apache.maven,MavenTest,Unutilized Abstraction
maven-maven-3.0-alpha-4,org.apache.maven,MavenTest,Broken Hierarchy
maven-maven-3.0-alpha-4,org.apache.maven,ProjectDependenciesResolverTest,Unutilized Abstraction
maven-maven-3.0-alpha-4,org.apache.maven,ProjectDependenciesResolverTest,Broken Hierarchy
maven-maven-3.0-alpha-4,org.apache.maven,App,Unutilized Abstraction
maven-maven-3.0-alpha-4,org.apache.maven,AppTest,Unutilized Abstraction
maven-maven-3.0-alpha-4,org.apache.maven.artifact.handler.manager,DefaultArtifactHandlerManager,Unutilized Abstraction
maven-maven-3.0-alpha-4,org.apache.maven.artifact.repository.metadata.io,DefaultMetadataReader,Unutilized Abstraction
maven-maven-3.0-alpha-4,org.apache.maven.artifact.repository.metadata.io,MetadataParseException,Unutilized Abstraction
maven-maven-3.0-alpha-4,org.apache.maven.classrealm,DefaultClassRealmManager,Unutilized Abstraction
maven-maven-3.0-alpha-4,org.apache.maven.exception,DefaultExceptionHandler,Unutilized Abstraction
maven-maven-3.0-alpha-4,org.apache.maven.lifecycle,DefaultLifecycleExecutor,Missing Hierarchy
maven-maven-3.0-alpha-4,org.apache.maven.lifecycle,DefaultLifecycleExecutor,Cyclic-Dependent Modularization
maven-maven-3.0-alpha-4,org.apache.maven.lifecycle,DefaultLifecycleExecutor,Insufficient Modularization
maven-maven-3.0-alpha-4,org.apache.maven.lifecycle,ProjectIndex,Cyclic-Dependent Modularization
maven-maven-3.0-alpha-4,org.apache.maven.lifecycle,GoalTask,Unutilized Abstraction
maven-maven-3.0-alpha-4,org.apache.maven.lifecycle,LifecycleTask,Unutilized Abstraction
maven-maven-3.0-alpha-4,org.apache.maven.lifecycle,LifecycleExecutionException,Unutilized Abstraction
maven-maven-3.0-alpha-4,org.apache.maven.lifecycle,LifecycleNotFoundException,Unutilized Abstraction
maven-maven-3.0-alpha-4,org.apache.maven.lifecycle,LifecyclePhaseNotFoundException,Unutilized Abstraction
maven-maven-3.0-alpha-4,org.apache.maven.lifecycle,LifecycleExecutorTest,Unutilized Abstraction
maven-maven-3.0-alpha-4,org.apache.maven.lifecycle,MojoExecutionXPathContainer,Unutilized Abstraction
maven-maven-3.0-alpha-4,org.apache.maven.lifecycle.mapping,DefaultLifecycleMapping,Unutilized Abstraction
maven-maven-3.0-alpha-4,org.apache.maven.model.plugin,DefaultLifecycleBindingsInjector,Unutilized Abstraction
maven-maven-3.0-alpha-4,org.apache.maven.model.plugin,DefaultPluginConfigurationExpander,Unutilized Abstraction
maven-maven-3.0-alpha-4,org.apache.maven.model.plugin,DefaultReportingConverter,Unutilized Abstraction
maven-maven-3.0-alpha-4,org.apache.maven.plugin,CycleDetectedInPluginGraphException,Unutilized Abstraction
maven-maven-3.0-alpha-4,org.apache.maven.plugin,DebugConfigurationListener,Unutilized Abstraction
maven-maven-3.0-alpha-4,org.apache.maven.plugin,DefaultExtensionRealmCache,Unutilized Abstraction
maven-maven-3.0-alpha-4,org.apache.maven.plugin,CacheKey,Unutilized Abstraction
maven-maven-3.0-alpha-4,org.apache.maven.plugin,CacheKey,Unutilized Abstraction
maven-maven-3.0-alpha-4,org.apache.maven.plugin,CacheKey,Broken Hierarchy
maven-maven-3.0-alpha-4,org.apache.maven.plugin,CacheKey,Unutilized Abstraction
maven-maven-3.0-alpha-4,org.apache.maven.plugin,ExtensionRealmCache,Deficient Encapsulation
maven-maven-3.0-alpha-4,org.apache.maven.plugin,CacheRecord,Deficient Encapsulation
maven-maven-3.0-alpha-4,org.apache.maven.plugin,LegacySupport,Cyclic-Dependent Modularization
maven-maven-3.0-alpha-4,org.apache.maven.plugin,MojoExecution,Insufficient Modularization
maven-maven-3.0-alpha-4,org.apache.maven.plugin,PluginArtifactsCache,Deficient Encapsulation
maven-maven-3.0-alpha-4,org.apache.maven.plugin,CacheRecord,Unutilized Abstraction
maven-maven-3.0-alpha-4,org.apache.maven.plugin,CacheRecord,Deficient Encapsulation
maven-maven-3.0-alpha-4,org.apache.maven.plugin,PluginConfigurationException,Unutilized Abstraction
maven-maven-3.0-alpha-4,org.apache.maven.plugin,PluginContainerException,Unutilized Abstraction
maven-maven-3.0-alpha-4,org.apache.maven.plugin,PluginContainerException,Broken Hierarchy
maven-maven-3.0-alpha-4,org.apache.maven.plugin,Key,Unnecessary Abstraction
maven-maven-3.0-alpha-4,org.apache.maven.plugin,PluginExecutionException,Broken Hierarchy
maven-maven-3.0-alpha-4,org.apache.maven.plugin,PluginLoaderException,Unutilized Abstraction
maven-maven-3.0-alpha-4,org.apache.maven.plugin,PluginManager,Unutilized Abstraction
maven-maven-3.0-alpha-4,org.apache.maven.plugin,PluginParameterException,Unutilized Abstraction
maven-maven-3.0-alpha-4,org.apache.maven.plugin,PluginParameterException,Broken Hierarchy
maven-maven-3.0-alpha-4,org.apache.maven.plugin,PluginRealmCache,Deficient Encapsulation
maven-maven-3.0-alpha-4,org.apache.maven.plugin,CacheRecord,Unutilized Abstraction
maven-maven-3.0-alpha-4,org.apache.maven.plugin,CacheRecord,Deficient Encapsulation
maven-maven-3.0-alpha-4,org.apache.maven.plugin,PluginResolutionException,Unutilized Abstraction
maven-maven-3.0-alpha-4,org.apache.maven.plugin,PluginManagerTest,Unutilized Abstraction
maven-maven-3.0-alpha-4,org.apache.maven.plugin,AbstractMojo,Unutilized Abstraction
maven-maven-3.0-alpha-4,org.apache.maven.plugin,AbstractMojoExecutionException,Unutilized Abstraction
maven-maven-3.0-alpha-4,org.apache.maven.plugin,ContextEnabled,Unutilized Abstraction
maven-maven-3.0-alpha-4,org.apache.maven.plugin,MojoExecutionException,Unutilized Abstraction
maven-maven-3.0-alpha-4,org.apache.maven.plugin,MojoExecutionException,Broken Hierarchy
maven-maven-3.0-alpha-4,org.apache.maven.plugin,MojoFailureException,Unutilized Abstraction
maven-maven-3.0-alpha-4,org.apache.maven.plugin,MojoFailureException,Broken Hierarchy
maven-maven-3.0-alpha-4,org.apache.maven.plugin.internal,DefaultLegacySupport,Unutilized Abstraction
maven-maven-3.0-alpha-4,org.apache.maven.plugin.internal,DefaultMavenPluginManager,Unutilized Abstraction
maven-maven-3.0-alpha-4,org.apache.maven.plugin.internal,DefaultPluginManager,Unutilized Abstraction
maven-maven-3.0-alpha-4,org.apache.maven.plugin.prefix,DefaultPluginPrefixRequest,Unutilized Abstraction
maven-maven-3.0-alpha-4,org.apache.maven.plugin.prefix,DefaultPluginPrefixRequest,Insufficient Modularization
maven-maven-3.0-alpha-4,org.apache.maven.plugin.prefix.internal,DefaultPluginPrefixResolver,Unutilized Abstraction
maven-maven-3.0-alpha-4,org.apache.maven.plugin.prefix.internal,DefaultPluginPrefixResult,Unutilized Abstraction
maven-maven-3.0-alpha-4,org.apache.maven.plugin.version,DefaultPluginVersionRequest,Unutilized Abstraction
maven-maven-3.0-alpha-4,org.apache.maven.plugin.version,DefaultPluginVersionRequest,Insufficient Modularization
maven-maven-3.0-alpha-4,org.apache.maven.plugin.version,PluginVersionResult,Unutilized Abstraction
maven-maven-3.0-alpha-4,org.apache.maven.plugin.version.internal,DefaultPluginVersionResolver,Imperative Abstraction
maven-maven-3.0-alpha-4,org.apache.maven.plugin.version.internal,DefaultPluginVersionResolver,Unutilized Abstraction
maven-maven-3.0-alpha-4,org.apache.maven.project.artifact,ActiveProjectArtifact,Unutilized Abstraction
maven-maven-3.0-alpha-4,org.apache.maven.project.artifact,ActiveProjectArtifact,Insufficient Modularization
maven-maven-3.0-alpha-4,org.apache.maven.project.artifact,ArtifactWithDependencies,Unutilized Abstraction
maven-maven-3.0-alpha-4,org.apache.maven.project.artifact,DefaultMavenMetadataCache,Cyclic-Dependent Modularization
maven-maven-3.0-alpha-4,org.apache.maven.project.artifact,CacheKey,Cyclic-Dependent Modularization
maven-maven-3.0-alpha-4,org.apache.maven.project.artifact,DefaultMetadataSource,Unnecessary Abstraction
maven-maven-3.0-alpha-4,org.apache.maven.project.artifact,DefaultMetadataSource,Unutilized Abstraction
maven-maven-3.0-alpha-4,org.apache.maven.project.artifact,MavenMetadataSource,Cyclic-Dependent Modularization
maven-maven-3.0-alpha-4,org.apache.maven.project.artifact,ProjectRelocation,Unnecessary Abstraction
maven-maven-3.0-alpha-4,org.apache.maven.project.artifact,ProjectRelocation,Cyclic-Dependent Modularization
maven-maven-3.0-alpha-4,org.apache.maven.project.artifact,PluginArtifact,Unutilized Abstraction
maven-maven-3.0-alpha-4,org.apache.maven.project.artifact,PluginArtifactHandler,Unutilized Abstraction
maven-maven-3.0-alpha-4,org.apache.maven.project.artifact,ProjectArtifact,Unutilized Abstraction
maven-maven-3.0-alpha-4,org.apache.maven.project.artifact,PomArtifactHandler,Unutilized Abstraction
maven-maven-3.0-alpha-4,org.apache.maven.project.artifact,DefaultMavenMetadataCacheTest,Unutilized Abstraction
maven-maven-3.0-alpha-4,org.apache.maven.project.artifact,MavenMetadataSourceTest,Unutilized Abstraction
maven-maven-3.0-alpha-4,org.apache.maven.settings.building,DefaultSettingsBuilder,Unutilized Abstraction
maven-maven-3.0-alpha-4,org.apache.maven.settings.building,DefaultSettingsBuildingRequest,Unutilized Abstraction
maven-maven-3.0-alpha-4,org.apache.maven.settings.building,DefaultSettingsBuildingResult,Unutilized Abstraction
maven-maven-3.0-alpha-4,org.apache.maven.settings.building,DefaultSettingsProblem,Unutilized Abstraction
maven-maven-3.0-alpha-4,org.apache.maven.settings.io,DefaultSettingsReader,Unutilized Abstraction
maven-maven-3.0-alpha-4,org.apache.maven.settings.io,DefaultSettingsWriter,Unutilized Abstraction
maven-maven-3.0-alpha-4,org.apache.maven.settings.io,SettingsParseException,Unutilized Abstraction
maven-maven-3.0-alpha-4,org.apache.maven.settings.validation,DefaultSettingsValidatorTest,Unutilized Abstraction
maven-maven-3.0-alpha-4,org.apache.maven.toolchain,DefaultToolchain,Unutilized Abstraction
maven-maven-3.0-alpha-4,org.apache.maven.toolchain,DefaultToolchain,Deficient Encapsulation
maven-maven-3.0-alpha-4,org.apache.maven.toolchain,DefaultToolchain,Multipath Hierarchy
maven-maven-3.0-alpha-4,org.apache.maven.toolchain,DefaultToolchainManager,Unutilized Abstraction
maven-maven-3.0-alpha-4,org.apache.maven.toolchain,DefaultToolchainManagerPrivate,Unutilized Abstraction
maven-maven-3.0-alpha-4,org.apache.maven.toolchain,DefaultToolchainManagerPrivate,Broken Hierarchy
maven-maven-3.0-alpha-4,org.apache.maven.toolchain,DefaultToolchainsBuilder,Unutilized Abstraction
maven-maven-3.0-alpha-4,org.apache.maven.toolchain,MisconfiguredToolchainException,Unutilized Abstraction
maven-maven-3.0-alpha-4,org.apache.maven.toolchain,ExactMatcher,Unutilized Abstraction
maven-maven-3.0-alpha-4,org.apache.maven.toolchain,VersionMatcher,Unutilized Abstraction
maven-maven-3.0-alpha-4,org.apache.maven.toolchain,Toolchain,Unutilized Abstraction
maven-maven-3.0-alpha-4,org.apache.maven.toolchain,ToolchainManager,Unutilized Abstraction
maven-maven-3.0-alpha-4,org.apache.maven.toolchain,ToolchainManagerPrivate,Unutilized Abstraction
maven-maven-3.0-alpha-4,org.apache.maven.toolchain,ToolchainPrivate,Unutilized Abstraction
maven-maven-3.0-alpha-4,org.apache.maven.toolchain,RequirementMatcherFactoryTest,Unutilized Abstraction
maven-maven-3.0-alpha-4,org.apache.maven.toolchain.java,DefaultJavaToolChain,Unutilized Abstraction
maven-maven-3.0-alpha-4,org.apache.maven.toolchain.java,DefaultJavaToolChain,Deficient Encapsulation
maven-maven-3.0-alpha-4,org.apache.maven.toolchain.java,DefaultJavaToolChain,Broken Hierarchy
maven-maven-3.0-alpha-4,org.apache.maven.toolchain.java,DefaultJavaToolchainFactory,Unutilized Abstraction
maven-maven-3.0-alpha-4,org.apache.maven.toolchain.java,JavaToolChain,Unnecessary Abstraction
maven-maven-3.0-alpha-4,org.apache.maven.toolchain.java,JavaToolChain,Unutilized Abstraction
maven-maven-3.0-alpha-4,org.apache.maven.project.canonical,CanonicalProjectBuilderTest,Unutilized Abstraction
maven-maven-3.0-alpha-4,org.apache.maven.project.harness,Xpp3DomAttributeIterator,Unutilized Abstraction
maven-maven-3.0-alpha-4,org.apache.maven.project.harness,Xpp3DomAttributePointer,Unutilized Abstraction
maven-maven-3.0-alpha-4,org.apache.maven.project.harness,Xpp3DomNodeIterator,Unutilized Abstraction
maven-maven-3.0-alpha-4,org.apache.maven.project.harness,Xpp3DomPointerFactory,Unutilized Abstraction
maven-maven-3.0-alpha-4,org.apache.maven.lifecycle.test,App,Unutilized Abstraction
maven-maven-3.0-alpha-4,org.apache.maven.lifecycle.test,AppTest,Unutilized Abstraction
maven-maven-3.0-alpha-4,org.apache.maven.embedder,App,Unutilized Abstraction
maven-maven-3.0-alpha-4,org.apache.maven.embedder,AppTest,Unutilized Abstraction
maven-maven-3.0-alpha-4,org.apache.maven.cli,AbstractMavenTransferListener,Unutilized Abstraction
maven-maven-3.0-alpha-4,org.apache.maven.cli,BatchModeMavenTransferListener,Unutilized Abstraction
maven-maven-3.0-alpha-4,org.apache.maven.cli,BatchModeMavenTransferListener,Broken Hierarchy
maven-maven-3.0-alpha-4,org.apache.maven.cli,CLIManager,Deficient Encapsulation
maven-maven-3.0-alpha-4,org.apache.maven.cli,CLIReportingUtils,Deficient Encapsulation
maven-maven-3.0-alpha-4,org.apache.maven.cli,ConsoleMavenTransferListener,Unutilized Abstraction
maven-maven-3.0-alpha-4,org.apache.maven.cli,ConsoleMavenTransferListener,Broken Hierarchy
maven-maven-3.0-alpha-4,org.apache.maven.cli,MavenCli,Deficient Encapsulation
maven-maven-3.0-alpha-4,org.apache.maven.cli,MavenCli,Insufficient Modularization
maven-maven-3.0-alpha-4,org.apache.maven.cli,ExitException,Unutilized Abstraction
maven-maven-3.0-alpha-4,org.apache.maven.cli,ExitException,Deficient Encapsulation
maven-maven-3.0-alpha-4,org.apache.maven.cli,MavenLoggerManager,Unutilized Abstraction
maven-maven-3.0-alpha-4,org.plugin,TestPlugin,Unutilized Abstraction
maven-maven-3.0-alpha-4,org.plugin,TestPlugin,Unutilized Abstraction
maven-maven-3.0-alpha-4,org.plugin,TestPlugin,Unutilized Abstraction
maven-maven-3.0-alpha-4,org.plugin,TestPlugin,Unutilized Abstraction
maven-maven-3.0-alpha-4,org.plugin,TestPlugin,Unutilized Abstraction
maven-maven-3.0-alpha-4,org.plugin,TestPlugin,Unutilized Abstraction
maven-maven-3.0-alpha-4,org.plugin,ComponentOne,Unnecessary Abstraction
maven-maven-3.0-alpha-4,org.plugin,ComponentOne,Cyclic-Dependent Modularization
maven-maven-3.0-alpha-4,org.plugin,ComponentTwo,Unnecessary Abstraction
maven-maven-3.0-alpha-4,org.plugin,ComponentTwo,Cyclic-Dependent Modularization
maven-maven-3.0-alpha-4,org.plugin,TestPlugin,Unutilized Abstraction
maven-maven-3.0-alpha-4,org.plugin,TestPlugin,Unutilized Abstraction
maven-maven-3.0-alpha-4,org.plugin,TestPlugin,Unutilized Abstraction
maven-maven-3.0-alpha-4,org.plugin,TestPlugin,Unutilized Abstraction
maven-maven-3.0-alpha-4,org.plugin,TestPlugin,Unutilized Abstraction
maven-maven-3.0-alpha-4,org.plugin,TestPlugin,Unutilized Abstraction
maven-maven-3.0-alpha-4,org.plugin,TestPlugin,Unutilized Abstraction
maven-maven-3.0-alpha-4,org.apache.maven.test.error.mojoFailure,App,Unutilized Abstraction
maven-maven-3.0-alpha-4,org.apache.maven.test.error.mojoFailure,AppTest,Unutilized Abstraction
maven-maven-3.0-alpha-4,org.apache.maven.test.error.mojoFailure,App,Unutilized Abstraction
maven-maven-3.0-alpha-4,org.apache.maven.test.error.mojoFailure,AppTest,Unutilized Abstraction
maven-maven-3.0-alpha-4,org.apache.maven.test.error.mojoFailure,App,Unutilized Abstraction
maven-maven-3.0-alpha-4,org.apache.maven.test.error.mojoFailure,AppTest,Unutilized Abstraction
maven-maven-3.0-alpha-4,org.ext,App,Unutilized Abstraction
maven-maven-3.0-alpha-4,org.ext,App,Unutilized Abstraction
maven-maven-3.0-alpha-4,org.test,App,Unutilized Abstraction
maven-maven-3.0-alpha-4,org.test,AppTest,Unutilized Abstraction
maven-maven-3.0-alpha-4,org.codehaus.m2eclipse,App,Unutilized Abstraction
maven-maven-3.0-alpha-4,org.codehaus.m2eclipse,AppTest,Unutilized Abstraction
maven-maven-3.0-alpha-4,org.apache.maven.model.building,AbstractModelBuildingListener,Unutilized Abstraction
maven-maven-3.0-alpha-4,org.apache.maven.model.building,DefaultModelBuilder,Unutilized Abstraction
maven-maven-3.0-alpha-4,org.apache.maven.model.building,DefaultModelBuildingEvent,Unutilized Abstraction
maven-maven-3.0-alpha-4,org.apache.maven.model.building,DefaultModelBuildingRequest,Unutilized Abstraction
maven-maven-3.0-alpha-4,org.apache.maven.model.building,DefaultModelBuildingRequest,Insufficient Modularization
maven-maven-3.0-alpha-4,org.apache.maven.model.building,DefaultModelProblem,Unutilized Abstraction
maven-maven-3.0-alpha-4,org.apache.maven.model.building,DefaultModelProcessor,Unutilized Abstraction
maven-maven-3.0-alpha-4,org.apache.maven.model.building,DefaultModelProcessor,Broken Hierarchy
maven-maven-3.0-alpha-4,org.apache.maven.model.building,FileModelSource,Unutilized Abstraction
maven-maven-3.0-alpha-4,org.apache.maven.model.building,ModelEventListener,Unutilized Abstraction
maven-maven-3.0-alpha-4,org.apache.maven.model.building,ModelProcessor,Unnecessary Abstraction
maven-maven-3.0-alpha-4,org.apache.maven.model.building,UrlModelSource,Unutilized Abstraction
maven-maven-3.0-alpha-4,org.apache.maven.model.composition,DefaultDependencyManagementImporter,Unutilized Abstraction
maven-maven-3.0-alpha-4,org.apache.maven.model.inheritance,DefaultInheritanceAssembler,Unutilized Abstraction
maven-maven-3.0-alpha-4,org.apache.maven.model.interpolation,AbstractStringBasedModelInterpolator,Unutilized Abstraction
maven-maven-3.0-alpha-4,org.apache.maven.model.interpolation,AbstractStringBasedModelInterpolator,Broken Hierarchy
maven-maven-3.0-alpha-4,org.apache.maven.model.interpolation,BuildTimestampValueSource,Unutilized Abstraction
maven-maven-3.0-alpha-4,org.apache.maven.model.interpolation,PathTranslatingPostProcessor,Unutilized Abstraction
maven-maven-3.0-alpha-4,org.apache.maven.model.interpolation,ProblemDetectingValueSource,Unutilized Abstraction
maven-maven-3.0-alpha-4,org.apache.maven.model.interpolation,StringSearchModelInterpolator,Unutilized Abstraction
maven-maven-3.0-alpha-4,org.apache.maven.model.interpolation,StringSearchModelInterpolator,Broken Hierarchy
maven-maven-3.0-alpha-4,org.apache.maven.model.interpolation,StringSearchModelInterpolator,Cyclic-Dependent Modularization
maven-maven-3.0-alpha-4,org.apache.maven.model.interpolation,InterpolateObjectAction,Cyclic-Dependent Modularization
maven-maven-3.0-alpha-4,org.apache.maven.model.io,DefaultModelReader,Unutilized Abstraction
maven-maven-3.0-alpha-4,org.apache.maven.model.io,DefaultModelWriter,Unutilized Abstraction
maven-maven-3.0-alpha-4,org.apache.maven.model.io,ModelWriter,Unutilized Abstraction
maven-maven-3.0-alpha-4,org.apache.maven.model.locator,DefaultModelLocator,Unutilized Abstraction
maven-maven-3.0-alpha-4,org.apache.maven.model.locator,ModelLocator,Unutilized Abstraction
maven-maven-3.0-alpha-4,org.apache.maven.model.management,DefaultDependencyManagementInjector,Unutilized Abstraction
maven-maven-3.0-alpha-4,org.apache.maven.model.management,DefaultPluginManagementInjector,Unutilized Abstraction
maven-maven-3.0-alpha-4,org.apache.maven.model.management,ManagementModelMerger,Unutilized Abstraction
maven-maven-3.0-alpha-4,org.apache.maven.model.merge,MavenModelMerger,Unutilized Abstraction
maven-maven-3.0-alpha-4,org.apache.maven.model.merge,MavenModelMerger,Deficient Encapsulation
maven-maven-3.0-alpha-4,org.apache.maven.model.merge,MavenModelMerger,Insufficient Modularization
maven-maven-3.0-alpha-4,org.apache.maven.model.merge,ModelMerger,Unutilized Abstraction
maven-maven-3.0-alpha-4,org.apache.maven.model.merge,ModelMerger,Insufficient Modularization
maven-maven-3.0-alpha-4,org.apache.maven.model.normalization,DefaultModelNormalizer,Unutilized Abstraction
maven-maven-3.0-alpha-4,org.apache.maven.model.path,DefaultModelPathTranslator,Unutilized Abstraction
maven-maven-3.0-alpha-4,org.apache.maven.model.path,DefaultPathTranslator,Unutilized Abstraction
maven-maven-3.0-alpha-4,org.apache.maven.model.profile,DefaultProfileInjector,Unutilized Abstraction
maven-maven-3.0-alpha-4,org.apache.maven.model.profile,DefaultProfileSelector,Unutilized Abstraction
maven-maven-3.0-alpha-4,org.apache.maven.model.profile.activation,FileProfileActivator,Unutilized Abstraction
maven-maven-3.0-alpha-4,org.apache.maven.model.profile.activation,OperatingSystemProfileActivator,Unutilized Abstraction
maven-maven-3.0-alpha-4,org.apache.maven.model.profile.activation,PropertyProfileActivator,Unutilized Abstraction
maven-maven-3.0-alpha-4,org.apache.maven.model.profile.activation,AbstractProfileActivatorTest,Unutilized Abstraction
maven-maven-3.0-alpha-4,org.apache.maven.model.profile.activation,JdkVersionProfileActivatorTest,Unutilized Abstraction
maven-maven-3.0-alpha-4,org.apache.maven.model.profile.activation,JdkVersionProfileActivatorTest,Broken Hierarchy
maven-maven-3.0-alpha-4,org.apache.maven.model.profile.activation,PropertyProfileActivatorTest,Unutilized Abstraction
maven-maven-3.0-alpha-4,org.apache.maven.model.profile.activation,PropertyProfileActivatorTest,Broken Hierarchy
maven-maven-3.0-alpha-4,org.apache.maven.model.resolution,InvalidRepositoryException,Unutilized Abstraction
maven-maven-3.0-alpha-4,org.apache.maven.model.resolution,UnresolvableModelException,Unutilized Abstraction
maven-maven-3.0-alpha-4,org.apache.maven.model.superpom,DefaultSuperPomProvider,Unutilized Abstraction
maven-maven-3.0-alpha-4,org.apache.maven.model.validation,DefaultModelValidatorTest,Unutilized Abstraction
maven-maven-3.0-alpha-4,org.apache.maven.model.validation,DefaultModelValidatorTest,Insufficient Modularization
maven-maven-3.0-alpha-4,org.apache.maven.model,ActivationFileTest,Unutilized Abstraction
maven-maven-3.0-alpha-4,org.apache.maven.model,ActivationOSTest,Unutilized Abstraction
maven-maven-3.0-alpha-4,org.apache.maven.model,ActivationPropertyTest,Unutilized Abstraction
maven-maven-3.0-alpha-4,org.apache.maven.model,ActivationTest,Unutilized Abstraction
maven-maven-3.0-alpha-4,org.apache.maven.model,BuildTest,Unutilized Abstraction
maven-maven-3.0-alpha-4,org.apache.maven.model,CiManagementTest,Unutilized Abstraction
maven-maven-3.0-alpha-4,org.apache.maven.model,ContributorTest,Unutilized Abstraction
maven-maven-3.0-alpha-4,org.apache.maven.model,DependencyManagementTest,Unutilized Abstraction
maven-maven-3.0-alpha-4,org.apache.maven.model,DependencyTest,Unutilized Abstraction
maven-maven-3.0-alpha-4,org.apache.maven.model,DeploymentRepositoryTest,Unutilized Abstraction
maven-maven-3.0-alpha-4,org.apache.maven.model,DeveloperTest,Unutilized Abstraction
maven-maven-3.0-alpha-4,org.apache.maven.model,DistributionManagementTest,Unutilized Abstraction
maven-maven-3.0-alpha-4,org.apache.maven.model,ExclusionTest,Unutilized Abstraction
maven-maven-3.0-alpha-4,org.apache.maven.model,ExtensionTest,Unutilized Abstraction
maven-maven-3.0-alpha-4,org.apache.maven.model,IssueManagementTest,Unutilized Abstraction
maven-maven-3.0-alpha-4,org.apache.maven.model,LicenseTest,Unutilized Abstraction
maven-maven-3.0-alpha-4,org.apache.maven.model,MailingListTest,Unutilized Abstraction
maven-maven-3.0-alpha-4,org.apache.maven.model,ModelTest,Unutilized Abstraction
maven-maven-3.0-alpha-4,org.apache.maven.model,NotifierTest,Unutilized Abstraction
maven-maven-3.0-alpha-4,org.apache.maven.model,OrganizationTest,Unutilized Abstraction
maven-maven-3.0-alpha-4,org.apache.maven.model,ParentTest,Unutilized Abstraction
maven-maven-3.0-alpha-4,org.apache.maven.model,PluginConfigurationTest,Unutilized Abstraction
maven-maven-3.0-alpha-4,org.apache.maven.model,PluginContainerTest,Unutilized Abstraction
maven-maven-3.0-alpha-4,org.apache.maven.model,PluginExecutionTest,Unutilized Abstraction
maven-maven-3.0-alpha-4,org.apache.maven.model,PluginManagementTest,Unutilized Abstraction
maven-maven-3.0-alpha-4,org.apache.maven.model,PluginTest,Unutilized Abstraction
maven-maven-3.0-alpha-4,org.apache.maven.model,PrerequisitesTest,Unutilized Abstraction
maven-maven-3.0-alpha-4,org.apache.maven.model,ProfileTest,Unutilized Abstraction
maven-maven-3.0-alpha-4,org.apache.maven.model,RelocationTest,Unutilized Abstraction
maven-maven-3.0-alpha-4,org.apache.maven.model,ReportPluginTest,Unutilized Abstraction
maven-maven-3.0-alpha-4,org.apache.maven.model,ReportSetTest,Unutilized Abstraction
maven-maven-3.0-alpha-4,org.apache.maven.model,ReportingTest,Unutilized Abstraction
maven-maven-3.0-alpha-4,org.apache.maven.model,RepositoryPolicyTest,Unutilized Abstraction
maven-maven-3.0-alpha-4,org.apache.maven.model,RepositoryTest,Unutilized Abstraction
maven-maven-3.0-alpha-4,org.apache.maven.model,ResourceTest,Unutilized Abstraction
maven-maven-3.0-alpha-4,org.apache.maven.model,ScmTest,Unutilized Abstraction
maven-maven-3.0-alpha-4,org.apache.maven.model,SiteTest,Unutilized Abstraction
maven-maven-3.0-alpha-4,org.apache.maven.monitor.logging,DefaultLog,Unutilized Abstraction
maven-maven-3.0-alpha-4,org.apache.maven.plugin.descriptor,DuplicateMojoDescriptorException,Unutilized Abstraction
maven-maven-3.0-alpha-4,org.apache.maven.plugin.descriptor,DuplicateMojoDescriptorException,Broken Hierarchy
maven-maven-3.0-alpha-4,org.apache.maven.plugin.descriptor,DuplicateParameterException,Unutilized Abstraction
maven-maven-3.0-alpha-4,org.apache.maven.plugin.descriptor,DuplicateParameterException,Broken Hierarchy
maven-maven-3.0-alpha-4,org.apache.maven.plugin.descriptor,InvalidParameterException,Unutilized Abstraction
maven-maven-3.0-alpha-4,org.apache.maven.plugin.descriptor,InvalidParameterException,Broken Hierarchy
maven-maven-3.0-alpha-4,org.apache.maven.plugin.descriptor,InvalidPluginDescriptorException,Unutilized Abstraction
maven-maven-3.0-alpha-4,org.apache.maven.plugin.descriptor,MojoDescriptor,Deficient Encapsulation
maven-maven-3.0-alpha-4,org.apache.maven.plugin.descriptor,MojoDescriptor,Cyclic-Dependent Modularization
maven-maven-3.0-alpha-4,org.apache.maven.plugin.descriptor,MojoDescriptor,Insufficient Modularization
maven-maven-3.0-alpha-4,org.apache.maven.plugin.descriptor,Parameter,Insufficient Modularization
maven-maven-3.0-alpha-4,org.apache.maven.plugin.descriptor,PluginDescriptor,Cyclic-Dependent Modularization
maven-maven-3.0-alpha-4,org.apache.maven.plugin.descriptor,PluginDescriptor,Insufficient Modularization
maven-maven-3.0-alpha-4,org.apache.maven.plugin.descriptor,PluginDescriptorBuilderTest,Imperative Abstraction
maven-maven-3.0-alpha-4,org.apache.maven.plugin.descriptor,PluginDescriptorBuilderTest,Unutilized Abstraction
maven-maven-3.0-alpha-4,org.apache.maven.plugin.logging,SystemStreamLog,Unutilized Abstraction
maven-maven-3.0-alpha-4,org.apache.maven.plugin.lifecycle,LifecycleXpp3ReaderTest,Unutilized Abstraction
