Project Name,Package Name,Type Name,NOF,NOPF,NOM,NOPM,LOC,WMC,NC,DIT,LCOM,FANIN,FANOUT
maven-maven-3.0-alpha-4,org.apache.maven.settings,GlobalSettingsTest,0,0,1,1,19,1,0,0,-1.0,0,0
maven-maven-3.0-alpha-4,org.apache.maven.settings,DefaultMavenSettingsBuilder,1,0,5,2,113,14,0,1,0.0,0,4
maven-maven-3.0-alpha-4,org.apache.maven.settings,MavenSettingsBuilder,1,0,2,0,9,2,1,0,-1.0,0,1
maven-maven-3.0-alpha-4,org.apache.maven.settings,SettingsConfigurationException,2,0,5,5,25,5,0,0,0.6,0,0
maven-maven-3.0-alpha-4,org.apache.maven.settings,SettingsUtils,0,0,8,3,182,32,0,0,-1.0,6,1
maven-maven-3.0-alpha-4,org.apache.maven.settings,PomConstructionWithSettingsTest,5,0,7,3,65,8,0,0,0.0,1,7
maven-maven-3.0-alpha-4,org.apache.maven.settings,SettingsUtilsTest,0,0,1,1,16,1,0,0,-1.0,0,1
maven-maven-3.0-alpha-4,org.apache.maven.settings,RuntimeInfo,4,3,3,3,19,3,0,0,0.0,1,0
maven-maven-3.0-alpha-4,org.apache.maven.artifact,Artifact,12,0,45,0,59,45,1,0,-1.0,142,5
maven-maven-3.0-alpha-4,org.apache.maven.artifact,ArtifactUtils,0,0,12,11,111,31,0,0,-1.0,19,4
maven-maven-3.0-alpha-4,org.apache.maven.artifact,DefaultArtifact,19,0,58,52,338,89,0,1,0.15517241379310345,2,6
maven-maven-3.0-alpha-4,org.apache.maven.artifact,InvalidArtifactRTException,5,0,9,9,46,9,0,0,0.0,0,0
maven-maven-3.0-alpha-4,org.apache.maven.artifact,UnknownRepositoryLayoutException,1,0,3,3,18,3,0,1,0.0,0,0
maven-maven-3.0-alpha-4,org.apache.maven.artifact,AbstractArtifactComponentTestCase,2,0,23,0,133,30,0,0,0.08695652173913043,0,5
maven-maven-3.0-alpha-4,org.apache.maven.artifact,ArtifactUtilsTest,0,0,4,3,36,4,0,0,-1.0,0,2
maven-maven-3.0-alpha-4,org.apache.maven.artifact,DefaultArtifactTest,13,0,12,11,67,12,0,0,0.0,0,4
maven-maven-3.0-alpha-4,org.apache.maven.artifact,DependencyResolutionRequiredException,0,0,1,1,11,1,0,0,-1.0,0,1
maven-maven-3.0-alpha-4,org.apache.maven.artifact,InvalidRepositoryException,1,0,5,4,27,5,1,0,0.0,0,0
maven-maven-3.0-alpha-4,org.apache.maven.artifact.handler,ArtifactHandler,1,0,7,0,14,7,2,0,-1.0,11,0
maven-maven-3.0-alpha-4,org.apache.maven.artifact.handler,ArtifactHandlerMock,7,0,14,14,46,14,0,1,0.5,1,0
maven-maven-3.0-alpha-4,org.apache.maven.artifact.handler,DefaultArtifactHandler,8,0,10,10,56,14,0,1,0.6,0,0
maven-maven-3.0-alpha-4,org.apache.maven.artifact.metadata,ArtifactMetadata,0,0,1,0,3,1,1,0,-1.0,23,1
maven-maven-3.0-alpha-4,org.apache.maven.artifact.metadata,TestMetadataSource,1,0,5,5,39,7,0,1,0.6,0,4
maven-maven-3.0-alpha-4,org.apache.maven.artifact.metadata,AbstractArtifactMetadata,0,0,1,0,5,1,0,1,-1.0,0,1
maven-maven-3.0-alpha-4,org.apache.maven.artifact.metadata,ArtifactMetadataRetrievalException,0,0,1,1,5,1,0,0,-1.0,0,1
maven-maven-3.0-alpha-4,org.apache.maven.artifact.metadata,ArtifactMetadataSource,0,0,5,0,7,5,1,0,-1.0,7,3
maven-maven-3.0-alpha-4,org.apache.maven.artifact.metadata,ResolutionGroup,0,0,2,2,8,2,0,0,-1.0,6,1
maven-maven-3.0-alpha-4,org.apache.maven.artifact.repository,ArtifactRepository,0,0,24,0,31,24,2,0,-1.0,119,7
maven-maven-3.0-alpha-4,org.apache.maven.artifact.repository,ArtifactRepositoryPolicy,10,7,10,10,90,19,0,0,0.2,16,0
maven-maven-3.0-alpha-4,org.apache.maven.artifact.repository,Authentication,2,0,5,5,42,5,0,0,0.0,6,0
maven-maven-3.0-alpha-4,org.apache.maven.artifact.repository,ArtifactRepositoryFactory,3,0,7,0,15,7,1,0,-1.0,5,2
maven-maven-3.0-alpha-4,org.apache.maven.artifact.repository,DefaultArtifactRepository,4,0,23,23,126,28,0,1,0.391304347826087,0,7
maven-maven-3.0-alpha-4,org.apache.maven.artifact.repository,DefaultArtifactRepositoryFactory,4,0,8,7,55,13,0,1,0.25,0,3
maven-maven-3.0-alpha-4,org.apache.maven.artifact.repository,MavenArtifactRepositoryTest,1,0,3,3,22,3,0,0,0.6666666666666666,0,1
maven-maven-3.0-alpha-4,org.apache.maven.artifact.repository,MavenArtifactRepositorySubclass,1,0,2,2,9,2,0,2,0.0,1,0
maven-maven-3.0-alpha-4,org.apache.maven.artifact.repository,DefaultRepositoryRequest,6,0,14,14,74,15,0,1,0.14285714285714285,0,4
maven-maven-3.0-alpha-4,org.apache.maven.artifact.repository,MavenArtifactRepository,9,0,33,29,213,50,1,1,0.24242424242424243,1,8
maven-maven-3.0-alpha-4,org.apache.maven.artifact.repository,RepositoryCache,0,0,2,0,20,2,0,0,-1.0,14,1
maven-maven-3.0-alpha-4,org.apache.maven.artifact.repository,RepositoryRequest,0,0,12,0,72,12,1,0,-1.0,35,3
maven-maven-3.0-alpha-4,org.apache.maven.artifact.repository.layout,ArtifactRepositoryLayout,1,0,4,0,10,4,2,0,-1.0,12,3
maven-maven-3.0-alpha-4,org.apache.maven.artifact.repository.layout,FlatRepositoryLayout,2,0,5,4,34,7,0,1,0.6,0,4
maven-maven-3.0-alpha-4,org.apache.maven.artifact.repository.layout,DefaultRepositoryLayout,3,0,6,4,47,10,0,1,0.3333333333333333,0,4
maven-maven-3.0-alpha-4,org.apache.maven.artifact.repository.metadata,RepositoryMetadataStoreException,0,0,2,2,13,2,0,0,-1.0,0,0
maven-maven-3.0-alpha-4,org.apache.maven.artifact.repository.metadata,DefaultRepositoryMetadataManager,8,0,17,7,305,56,0,1,0.17647058823529413,1,12
maven-maven-3.0-alpha-4,org.apache.maven.artifact.repository.metadata,CacheKey,4,0,6,2,65,17,0,0,0.3333333333333333,2,4
maven-maven-3.0-alpha-4,org.apache.maven.artifact.repository.metadata,CacheRecord,2,0,1,0,8,1,0,0,0.0,1,2
maven-maven-3.0-alpha-4,org.apache.maven.artifact.repository.metadata,GroupRepositoryMetadata,1,0,12,12,58,15,0,2,0.75,0,1
maven-maven-3.0-alpha-4,org.apache.maven.artifact.repository.metadata,MetadataUtils,0,0,4,4,52,9,0,0,-1.0,3,1
maven-maven-3.0-alpha-4,org.apache.maven.artifact.repository.metadata,RepositoryMetadataReadException,0,0,2,2,13,2,0,0,-1.0,0,0
maven-maven-3.0-alpha-4,org.apache.maven.artifact.repository.metadata,SnapshotArtifactRepositoryMetadata,1,0,11,11,44,11,0,2,0.2727272727272727,1,2
maven-maven-3.0-alpha-4,org.apache.maven.artifact.repository.metadata,AbstractRepositoryMetadata,1,0,13,9,112,18,3,1,0.5384615384615384,1,5
maven-maven-3.0-alpha-4,org.apache.maven.artifact.repository.metadata,ArtifactRepositoryMetadata,1,0,11,11,41,11,0,2,0.6363636363636364,0,2
maven-maven-3.0-alpha-4,org.apache.maven.artifact.repository.metadata,RepositoryMetadata,0,0,5,0,33,5,1,0,-1.0,10,1
maven-maven-3.0-alpha-4,org.apache.maven.artifact.repository.metadata,RepositoryMetadataDeploymentException,0,0,2,2,13,2,0,0,-1.0,0,0
maven-maven-3.0-alpha-4,org.apache.maven.artifact.repository.metadata,RepositoryMetadataInstallationException,0,0,2,2,13,2,0,0,-1.0,0,0
maven-maven-3.0-alpha-4,org.apache.maven.artifact.repository.metadata,RepositoryMetadataManager,0,0,5,0,18,5,1,0,-1.0,4,4
maven-maven-3.0-alpha-4,org.apache.maven.artifact.repository.metadata,RepositoryMetadataResolutionException,0,0,2,2,13,2,0,0,-1.0,0,0
maven-maven-3.0-alpha-4,org.apache.maven.artifact.resolver,AbstractArtifactResolutionException,10,0,18,10,198,31,2,0,0.0,2,4
maven-maven-3.0-alpha-4,org.apache.maven.artifact.resolver,ArtifactNotFoundException,1,0,6,3,26,6,0,1,0.6666666666666666,2,1
maven-maven-3.0-alpha-4,org.apache.maven.artifact.resolver,ArtifactResolutionException,0,0,6,6,24,6,2,1,-1.0,5,1
maven-maven-3.0-alpha-4,org.apache.maven.artifact.resolver,CyclicDependencyException,1,0,2,2,15,2,0,2,0.0,2,1
maven-maven-3.0-alpha-4,org.apache.maven.artifact.resolver,MultipleArtifactsNotFoundException,2,0,5,4,59,7,0,2,0.0,1,2
maven-maven-3.0-alpha-4,org.apache.maven.artifact.resolver,ArtifactCollector,0,0,1,0,3,1,1,0,-1.0,1,4
maven-maven-3.0-alpha-4,org.apache.maven.artifact.resolver,ArtifactResolver,1,0,10,5,16,10,1,0,-1.0,4,5
maven-maven-3.0-alpha-4,org.apache.maven.artifact.resolver,DebugResolutionListener,3,0,15,15,83,22,0,1,0.13333333333333333,0,2
maven-maven-3.0-alpha-4,org.apache.maven.artifact.resolver,DefaultArtifactCollector,0,0,0,0,2,0,0,1,-1.0,0,0
maven-maven-3.0-alpha-4,org.apache.maven.artifact.resolver,DefaultArtifactResolver,10,0,16,12,283,53,0,1,0.125,1,21
maven-maven-3.0-alpha-4,org.apache.maven.artifact.resolver,ResolutionListenerForDepMgmt,0,0,3,0,8,3,1,0,-1.0,1,1
maven-maven-3.0-alpha-4,org.apache.maven.artifact.resolver,UnresolvedArtifacts,3,0,4,4,23,4,0,0,0.0,0,1
maven-maven-3.0-alpha-4,org.apache.maven.artifact.resolver,WarningResolutionListener,1,0,12,12,33,12,0,1,1.0,0,2
maven-maven-3.0-alpha-4,org.apache.maven.artifact.resolver,ArtifactResolutionExceptionTest,1,0,1,1,21,1,0,0,0.0,0,1
maven-maven-3.0-alpha-4,org.apache.maven.artifact.resolver,ArtifactResolverTest,2,0,17,12,129,21,0,0,0.4117647058823529,0,7
maven-maven-3.0-alpha-4,org.apache.maven.artifact.resolver,DefaultArtifactResolverTest,0,0,1,1,5,1,0,0,-1.0,0,1
maven-maven-3.0-alpha-4,org.apache.maven.artifact.resolver,TestFileWagon,2,0,5,3,34,8,0,0,0.0,0,1
maven-maven-3.0-alpha-4,org.apache.maven.artifact.resolver,TestTransferListener,1,0,2,2,9,2,0,0,0.0,1,0
maven-maven-3.0-alpha-4,org.apache.maven.artifact.resolver,ArtifactResolutionRequest,17,0,38,38,177,41,0,0,0.2894736842105263,17,7
maven-maven-3.0-alpha-4,org.apache.maven.artifact.resolver,ArtifactResolutionResult,10,0,33,32,172,42,0,0,0.18181818181818182,16,3
maven-maven-3.0-alpha-4,org.apache.maven.artifact.resolver,DefaultResolutionErrorHandler,0,0,2,1,28,8,0,1,-1.0,0,2
maven-maven-3.0-alpha-4,org.apache.maven.artifact.resolver,ResolutionErrorHandler,0,0,1,1,6,1,1,0,-1.0,7,2
maven-maven-3.0-alpha-4,org.apache.maven.artifact.resolver,ResolutionListener,15,0,11,0,41,11,2,0,-1.0,2,2
maven-maven-3.0-alpha-4,org.apache.maven.artifact.resolver,ResolutionNode,8,0,18,17,137,33,0,0,0.0,12,4
maven-maven-3.0-alpha-4,org.apache.maven.artifact.resolver.filter,ArtifactFilter,0,0,1,0,7,1,7,0,-1.0,25,1
maven-maven-3.0-alpha-4,org.apache.maven.artifact.resolver.filter,InversionArtifactFilter,1,0,4,4,24,6,0,1,0.0,1,3
maven-maven-3.0-alpha-4,org.apache.maven.artifact.resolver.filter,OrArtifactFilter,1,0,6,6,39,10,0,1,0.0,2,3
maven-maven-3.0-alpha-4,org.apache.maven.artifact.resolver.filter,TypeArtifactFilter,1,0,4,4,27,6,0,1,0.0,1,2
maven-maven-3.0-alpha-4,org.apache.maven.artifact.resolver.filter,AndArtifactFilterTest,0,0,3,2,23,3,0,0,-1.0,0,2
maven-maven-3.0-alpha-4,org.apache.maven.artifact.resolver.filter,FilterHashEqualsTest,0,0,1,1,16,1,0,0,-1.0,0,1
maven-maven-3.0-alpha-4,org.apache.maven.artifact.resolver.filter,OrArtifactFilterTest,0,0,3,2,23,3,0,0,-1.0,0,2
maven-maven-3.0-alpha-4,org.apache.maven.artifact.resolver.filter,ScopeArtifactFilterTest,0,0,6,5,49,6,0,0,-1.0,0,2
maven-maven-3.0-alpha-4,org.apache.maven.artifact.resolver.filter,AbstractScopeArtifactFilter,5,0,2,1,61,12,2,1,0.0,0,1
maven-maven-3.0-alpha-4,org.apache.maven.artifact.resolver.filter,AndArtifactFilter,1,0,7,7,45,11,0,1,0.0,3,3
maven-maven-3.0-alpha-4,org.apache.maven.artifact.resolver.filter,CumulativeScopeArtifactFilter,1,0,7,5,58,13,0,2,0.0,2,1
maven-maven-3.0-alpha-4,org.apache.maven.artifact.resolver.filter,ExcludesArtifactFilter,0,0,2,2,14,2,0,2,-1.0,0,1
maven-maven-3.0-alpha-4,org.apache.maven.artifact.resolver.filter,ExclusionSetFilter,1,0,5,5,31,7,0,1,0.0,1,2
maven-maven-3.0-alpha-4,org.apache.maven.artifact.resolver.filter,IncludesArtifactFilter,1,0,5,5,39,9,1,1,0.0,2,2
maven-maven-3.0-alpha-4,org.apache.maven.artifact.resolver.filter,ScopeArtifactFilter,1,0,5,4,33,7,0,2,0.4,3,1
maven-maven-3.0-alpha-4,org.apache.maven.artifact.versioning,ArtifactVersion,0,0,6,0,13,6,1,0,-1.0,10,0
maven-maven-3.0-alpha-4,org.apache.maven.artifact.versioning,ComparableVersion,14,4,27,24,265,62,0,0,0.2962962962962963,3,5
maven-maven-3.0-alpha-4,org.apache.maven.artifact.versioning,Item,3,3,3,3,8,3,3,0,-1.0,5,1
maven-maven-3.0-alpha-4,org.apache.maven.artifact.versioning,IntegerItem,3,1,6,5,38,10,0,1,0.3333333333333333,2,2
maven-maven-3.0-alpha-4,org.apache.maven.artifact.versioning,StringItem,5,0,6,6,67,14,0,1,0.3333333333333333,2,2
maven-maven-3.0-alpha-4,org.apache.maven.artifact.versioning,ListItem,0,0,5,4,62,16,0,1,-1.0,1,1
maven-maven-3.0-alpha-4,org.apache.maven.artifact.versioning,DefaultArtifactVersion,6,0,12,11,143,30,0,1,0.0,3,2
maven-maven-3.0-alpha-4,org.apache.maven.artifact.versioning,InvalidVersionSpecificationException,0,0,1,1,10,1,0,0,-1.0,5,0
maven-maven-3.0-alpha-4,org.apache.maven.artifact.versioning,OverConstrainedVersionException,0,0,2,2,13,2,0,0,-1.0,0,1
maven-maven-3.0-alpha-4,org.apache.maven.artifact.versioning,Restriction,5,1,9,9,114,29,0,0,0.0,3,2
maven-maven-3.0-alpha-4,org.apache.maven.artifact.versioning,VersionRange,2,0,17,14,343,75,0,0,0.17647058823529413,25,4
maven-maven-3.0-alpha-4,org.apache.maven.artifact.versioning,ManagedVersionMap,0,0,2,2,20,5,0,0,-1.0,1,0
maven-maven-3.0-alpha-4,org.apache.maven.artifact.versioning,ComparableVersionTest,2,0,10,6,131,14,0,0,0.0,0,1
maven-maven-3.0-alpha-4,org.apache.maven.artifact.versioning,DefaultArtifactVersionTest,0,0,11,7,130,11,0,0,-1.0,0,1
maven-maven-3.0-alpha-4,org.apache.maven.artifact.versioning,VersionRangeTest,8,0,7,6,586,7,0,0,0.5714285714285714,0,4
maven-maven-3.0-alpha-4,org.apache.maven.repository,Proxy,11,3,16,16,124,16,0,0,0.5,6,0
maven-maven-3.0-alpha-4,org.apache.maven.repository,DefaultMirrorSelector,2,0,5,1,106,24,0,1,0.0,2,2
maven-maven-3.0-alpha-4,org.apache.maven.repository,MavenArtifactMetadata,8,1,15,15,59,15,0,0,0.2,3,0
maven-maven-3.0-alpha-4,org.apache.maven.repository,MetadataGraph,2,0,6,6,54,8,0,0,0.3333333333333333,1,2
maven-maven-3.0-alpha-4,org.apache.maven.repository,MetadataGraphNode,3,0,6,6,48,10,0,0,0.3333333333333333,2,2
maven-maven-3.0-alpha-4,org.apache.maven.repository,MetadataResolutionRequest,10,0,23,23,109,23,0,0,0.34782608695652173,2,2
maven-maven-3.0-alpha-4,org.apache.maven.repository,MetadataResolutionResult,13,0,33,32,169,42,0,0,0.2727272727272727,0,4
maven-maven-3.0-alpha-4,org.apache.maven.repository,MirrorSelector,0,0,1,0,13,1,1,0,-1.0,2,1
maven-maven-3.0-alpha-4,org.apache.maven.repository,UserLocalArtifactRepository,1,0,6,6,24,6,0,1,0.3333333333333333,0,3
maven-maven-3.0-alpha-4,org.apache.maven.repository,VersionNotFoundException,4,0,6,5,33,6,0,0,0.0,1,3
maven-maven-3.0-alpha-4,org.apache.maven.repository,LegacyRepositoryLayout,1,0,5,4,35,7,0,0,0.6,0,4
maven-maven-3.0-alpha-4,org.apache.maven.repository,LegacyRepositorySystemTest,2,0,6,2,77,6,0,0,0.0,0,6
maven-maven-3.0-alpha-4,org.apache.maven.repository,MirrorProcessorTest,2,0,14,8,151,14,0,0,0.14285714285714285,0,4
maven-maven-3.0-alpha-4,org.apache.maven.repository,ArtifactDoesNotExistException,0,0,2,2,8,2,0,0,-1.0,0,0
maven-maven-3.0-alpha-4,org.apache.maven.repository,ArtifactTransferEvent,16,7,21,21,224,43,0,0,0.23809523809523808,5,2
maven-maven-3.0-alpha-4,org.apache.maven.repository,ArtifactTransferFailedException,0,0,2,2,8,2,0,0,-1.0,0,0
maven-maven-3.0-alpha-4,org.apache.maven.repository,ArtifactTransferListener,0,0,6,0,8,6,0,0,-1.0,17,1
maven-maven-3.0-alpha-4,org.apache.maven.repository,ArtifactTransferResource,0,0,5,0,31,5,0,0,-1.0,3,0
maven-maven-3.0-alpha-4,org.apache.maven.repository,DefaultLocalRepositoryMaintainerEvent,3,0,8,8,35,8,0,1,0.0,0,2
maven-maven-3.0-alpha-4,org.apache.maven.repository,DelegatingLocalArtifactRepository,3,0,17,17,90,25,0,0,0.0,4,5
maven-maven-3.0-alpha-4,org.apache.maven.repository,LocalArtifactRepository,1,1,2,2,5,2,1,0,1.0,3,1
maven-maven-3.0-alpha-4,org.apache.maven.repository,LocalRepositoryMaintainer,0,0,2,0,16,2,0,0,-1.0,2,1
maven-maven-3.0-alpha-4,org.apache.maven.repository,LocalRepositoryMaintainerEvent,0,0,7,0,41,7,1,0,-1.0,3,0
maven-maven-3.0-alpha-4,org.apache.maven.repository,LocalRepositoryNotAccessibleException,0,0,2,2,13,2,0,0,-1.0,0,0
maven-maven-3.0-alpha-4,org.apache.maven.repository,RepositorySystem,6,0,19,0,56,19,1,0,-1.0,25,5
maven-maven-3.0-alpha-4,org.apache.maven.repository,LegacyRepositoryLayout,1,0,5,4,35,7,0,0,1.0,0,4
maven-maven-3.0-alpha-4,org.apache.maven.repository,TestArtifactHandler,2,0,9,9,36,9,0,0,0.5555555555555556,0,0
maven-maven-3.0-alpha-4,org.apache.maven.repository,TestRepositorySystem,1,0,20,19,125,31,0,1,0.7,0,8
maven-maven-3.0-alpha-4,org.apache.maven.repository.legacy.metadata,ArtifactMetadata,0,0,11,0,46,11,1,0,-1.0,5,2
maven-maven-3.0-alpha-4,org.apache.maven.repository.legacy.metadata,AbstractArtifactMetadata,1,0,5,4,28,5,0,1,0.4,0,1
maven-maven-3.0-alpha-4,org.apache.maven.repository.legacy.metadata,ArtifactMetadataRetrievalException,1,0,5,5,33,5,0,0,0.8,0,1
maven-maven-3.0-alpha-4,org.apache.maven.repository.legacy.metadata,ArtifactMetadataSource,0,0,4,0,27,4,0,0,-1.0,0,3
maven-maven-3.0-alpha-4,org.apache.maven.repository.legacy.metadata,DefaultMetadataResolutionRequest,6,0,25,25,110,28,0,1,0.12,0,6
maven-maven-3.0-alpha-4,org.apache.maven.repository.legacy.metadata,MetadataResolutionRequest,0,0,18,0,78,18,1,0,-1.0,9,3
maven-maven-3.0-alpha-4,org.apache.maven.repository.legacy.metadata,ResolutionGroup,5,0,7,7,32,7,0,0,0.0,0,1
maven-maven-3.0-alpha-4,org.apache.maven.artifact.deployer,ArtifactDeployer,1,0,2,0,23,2,1,0,-1.0,1,2
maven-maven-3.0-alpha-4,org.apache.maven.artifact.deployer,ArtifactDeploymentException,0,0,3,3,15,3,0,0,-1.0,0,0
maven-maven-3.0-alpha-4,org.apache.maven.artifact.deployer,DefaultArtifactDeployer,3,0,2,2,35,4,0,1,0.0,0,5
maven-maven-3.0-alpha-4,org.apache.maven.artifact.deployer,ArtifactDeployerTest,1,0,3,1,25,3,0,0,0.6666666666666666,0,3
maven-maven-3.0-alpha-4,org.apache.maven.artifact.deployer,SimpleArtifactMetadataSource,0,0,4,4,17,4,0,0,-1.0,0,3
maven-maven-3.0-alpha-4,org.apache.maven.artifact.factory,DefaultArtifactFactory,1,0,15,12,72,22,0,1,0.13333333333333333,0,4
maven-maven-3.0-alpha-4,org.apache.maven.artifact.factory,DefaultArtifactFactoryTest,0,0,1,1,15,1,0,0,-1.0,0,3
maven-maven-3.0-alpha-4,org.apache.maven.artifact.factory,ArtifactFactory,1,0,12,0,15,12,1,0,-1.0,13,1
maven-maven-3.0-alpha-4,org.apache.maven.artifact.installer,ArtifactInstallationException,0,0,3,3,15,3,0,0,-1.0,0,0
maven-maven-3.0-alpha-4,org.apache.maven.artifact.installer,ArtifactInstaller,1,0,2,0,25,2,1,0,-1.0,1,2
maven-maven-3.0-alpha-4,org.apache.maven.artifact.installer,DefaultArtifactInstaller,3,0,2,2,41,5,0,1,0.0,0,6
maven-maven-3.0-alpha-4,org.apache.maven.artifact.installer,ArtifactInstallerTest,1,0,3,1,21,3,0,0,0.6666666666666666,0,2
maven-maven-3.0-alpha-4,org.apache.maven.artifact.manager,DefaultWagonManager,0,0,4,4,14,4,0,1,-1.0,0,2
maven-maven-3.0-alpha-4,org.apache.maven.artifact.manager,WagonConfigurationException,0,0,2,2,11,2,0,0,-1.0,0,0
maven-maven-3.0-alpha-4,org.apache.maven.artifact.manager,WagonManager,0,0,4,0,14,4,1,0,-1.0,0,2
maven-maven-3.0-alpha-4,org.apache.maven.execution,DefaultRuntimeInformation,3,0,2,2,35,4,0,1,0.0,0,1
maven-maven-3.0-alpha-4,org.apache.maven.execution,RuntimeInformation,0,0,1,0,8,1,1,0,-1.0,0,0
maven-maven-3.0-alpha-4,org.apache.maven.execution,AbstractExecutionListener,0,0,14,14,34,14,0,1,-1.0,0,1
maven-maven-3.0-alpha-4,org.apache.maven.execution,BuildFailure,1,0,2,2,27,2,0,1,0.0,0,1
maven-maven-3.0-alpha-4,org.apache.maven.execution,BuildSuccess,0,0,1,1,14,1,0,1,-1.0,0,1
maven-maven-3.0-alpha-4,org.apache.maven.execution,BuildSummary,2,0,3,2,40,4,2,0,0.0,3,1
maven-maven-3.0-alpha-4,org.apache.maven.execution,DefaultLifecycleEvent,2,0,4,4,21,4,0,1,0.0,0,2
maven-maven-3.0-alpha-4,org.apache.maven.execution,DefaultMavenExecutionRequest,39,0,94,94,605,146,0,1,0.07446808510638298,1,8
maven-maven-3.0-alpha-4,org.apache.maven.execution,DefaultMavenExecutionRequestPopulator,3,0,10,3,132,26,0,1,0.2,0,3
maven-maven-3.0-alpha-4,org.apache.maven.execution,DefaultMavenExecutionResult,5,0,11,11,53,13,0,1,0.36363636363636365,0,3
maven-maven-3.0-alpha-4,org.apache.maven.execution,ExecutionEvent,0,0,3,0,21,3,1,0,-1.0,7,0
maven-maven-3.0-alpha-4,org.apache.maven.execution,ExecutionListener,0,0,14,0,20,14,1,0,-1.0,6,1
maven-maven-3.0-alpha-4,org.apache.maven.execution,MavenExecutionRequest,14,0,88,0,131,88,1,0,-1.0,16,6
maven-maven-3.0-alpha-4,org.apache.maven.execution,MavenExecutionRequestPopulationException,0,0,3,3,14,3,0,0,-1.0,0,0
maven-maven-3.0-alpha-4,org.apache.maven.execution,MavenExecutionRequestPopulator,0,0,2,0,21,2,1,0,-1.0,2,1
maven-maven-3.0-alpha-4,org.apache.maven.execution,MavenExecutionResult,0,0,11,0,25,11,1,0,-1.0,7,3
maven-maven-3.0-alpha-4,org.apache.maven.execution,MavenSession,11,0,38,37,188,45,0,0,0.10526315789473684,39,8
maven-maven-3.0-alpha-4,org.apache.maven.execution,ProjectDependencyGraph,0,0,3,0,25,3,0,0,-1.0,3,1
maven-maven-3.0-alpha-4,org.apache.maven.execution,ReactorManager,12,6,19,17,101,27,0,0,0.15789473684210525,2,5
maven-maven-3.0-alpha-4,org.apache.maven.execution,SessionRepositoryCache,1,0,2,2,13,2,0,0,0.0,0,1
maven-maven-3.0-alpha-4,org.apache.maven.execution,SettingsAdapter,2,0,11,11,45,12,0,0,0.18181818181818182,0,2
maven-maven-3.0-alpha-4,org.apache.maven.execution,ProjectSorterTest,0,0,20,12,207,20,0,0,-1.0,1,2
maven-maven-3.0-alpha-4,org.apache.maven.profiles,DefaultMavenProfilesBuilder,1,0,1,1,32,2,0,1,0.0,0,0
maven-maven-3.0-alpha-4,org.apache.maven.profiles,DefaultProfileManager,7,0,19,19,115,28,0,1,0.3157894736842105,0,2
maven-maven-3.0-alpha-4,org.apache.maven.profiles,MavenProfilesBuilder,1,0,1,0,8,1,1,0,-1.0,0,0
maven-maven-3.0-alpha-4,org.apache.maven.profiles,ProfileManager,0,0,12,0,14,12,1,0,-1.0,3,0
maven-maven-3.0-alpha-4,org.apache.maven.profiles,ProfilesConversionUtils,0,0,4,1,74,14,0,0,-1.0,1,1
maven-maven-3.0-alpha-4,org.apache.maven.profiles.activation,ProfileActivationException,1,0,2,2,9,2,0,0,1.0,0,0
maven-maven-3.0-alpha-4,org.apache.maven.project,DefaultMavenProjectBuilder,3,0,10,8,112,19,0,1,0.0,0,10
maven-maven-3.0-alpha-4,org.apache.maven.project,InvalidProjectModelException,1,0,5,5,32,5,0,1,0.6,0,1
maven-maven-3.0-alpha-4,org.apache.maven.project,MavenProjectBuilder,0,0,7,0,9,7,1,0,-1.0,0,4
maven-maven-3.0-alpha-4,org.apache.maven.project,MissingRepositoryElementException,0,0,2,2,8,2,0,0,-1.0,0,0
maven-maven-3.0-alpha-4,org.apache.maven.project,ModelUtils,0,0,7,5,192,47,0,0,-1.0,3,1
maven-maven-3.0-alpha-4,org.apache.maven.project,ProjectUtils,0,0,6,3,47,9,0,0,-1.0,1,6
maven-maven-3.0-alpha-4,org.apache.maven.project,AbstractMavenProjectTestCase,2,0,9,0,74,13,3,0,0.2222222222222222,2,6
maven-maven-3.0-alpha-4,org.apache.maven.project,EmptyLifecycleExecutor,0,0,11,10,56,13,0,0,-1.0,0,5
maven-maven-3.0-alpha-4,org.apache.maven.project,ModelUtilsTest,0,0,17,15,374,19,0,0,-1.0,0,1
maven-maven-3.0-alpha-4,org.apache.maven.project,ProjectClasspathTest,1,0,6,2,77,8,0,1,0.5,1,4
maven-maven-3.0-alpha-4,org.apache.maven.project,TestArtifactResolver,1,0,0,0,3,0,0,0,-1.0,0,1
maven-maven-3.0-alpha-4,org.apache.maven.project,TestMavenRepositorySystem,1,0,0,0,3,0,0,0,-1.0,0,1
maven-maven-3.0-alpha-4,org.apache.maven.project,TestProjectBuilder,0,0,2,2,24,4,0,2,-1.0,0,5
maven-maven-3.0-alpha-4,org.apache.maven.project,DefaultMavenProjectHelper,2,0,29,29,120,32,0,1,0.5517241379310345,0,7
maven-maven-3.0-alpha-4,org.apache.maven.project,AttachedArtifact,1,0,23,23,66,24,0,0,0.5652173913043478,0,5
maven-maven-3.0-alpha-4,org.apache.maven.project,DefaultModelBuildingListener,5,0,3,3,75,8,0,0,0.0,2,6
maven-maven-3.0-alpha-4,org.apache.maven.project,DefaultProjectBuilder,11,0,12,4,256,29,1,1,0.0,2,18
maven-maven-3.0-alpha-4,org.apache.maven.project,InterimResult,6,0,1,0,15,1,0,0,0.0,1,3
maven-maven-3.0-alpha-4,org.apache.maven.project,DefaultProjectBuilderConfiguration,0,0,7,7,30,7,0,2,-1.0,0,2
maven-maven-3.0-alpha-4,org.apache.maven.project,DefaultProjectBuildingHelper,11,0,3,2,201,34,0,1,0.0,0,18
maven-maven-3.0-alpha-4,org.apache.maven.project,DefaultProjectBuildingRequest,21,0,44,44,232,54,1,1,0.25,0,5
maven-maven-3.0-alpha-4,org.apache.maven.project,DefaultProjectBuildingResult,5,0,7,7,53,8,0,1,0.0,0,2
maven-maven-3.0-alpha-4,org.apache.maven.project,DefaultProjectRealmCache,3,0,7,7,47,11,0,1,0.2857142857142857,0,4
maven-maven-3.0-alpha-4,org.apache.maven.project,CacheKey,2,0,3,3,21,5,0,0,0.0,6,1
maven-maven-3.0-alpha-4,org.apache.maven.project,DuplicateArtifactAttachmentException,3,0,4,3,25,4,0,0,0.0,2,3
maven-maven-3.0-alpha-4,org.apache.maven.project,DuplicateProjectException,3,0,6,6,40,6,0,0,0.3333333333333333,0,0
maven-maven-3.0-alpha-4,org.apache.maven.project,ExtensionDescriptor,2,0,5,4,38,9,0,0,0.6,6,0
maven-maven-3.0-alpha-4,org.apache.maven.project,ExtensionDescriptorBuilder,0,0,4,1,79,12,0,0,-1.0,2,1
maven-maven-3.0-alpha-4,org.apache.maven.project,InvalidProjectVersionException,2,0,4,3,18,4,0,1,0.0,1,2
maven-maven-3.0-alpha-4,org.apache.maven.project,MavenProject,41,3,168,154,1155,294,0,0,0.047619047619047616,89,10
maven-maven-3.0-alpha-4,org.apache.maven.project,MavenProjectHelper,1,0,5,0,8,5,1,0,-1.0,1,1
maven-maven-3.0-alpha-4,org.apache.maven.project,ProjectBuilder,0,0,4,0,14,4,1,0,-1.0,10,2
maven-maven-3.0-alpha-4,org.apache.maven.project,ProjectBuilderConfiguration,0,0,17,0,26,17,1,1,-1.0,5,2
maven-maven-3.0-alpha-4,org.apache.maven.project,ProjectBuildingException,3,0,10,7,85,14,2,0,0.0,3,1
maven-maven-3.0-alpha-4,org.apache.maven.project,ProjectBuildingHelper,0,0,2,0,24,2,2,0,-1.0,2,4
maven-maven-3.0-alpha-4,org.apache.maven.project,ProjectBuildingRequest,0,0,41,0,86,41,2,0,-1.0,17,4
maven-maven-3.0-alpha-4,org.apache.maven.project,ProjectBuildingResult,0,0,5,0,31,5,1,0,-1.0,2,0
maven-maven-3.0-alpha-4,org.apache.maven.project,ProjectRealmCache,2,2,5,1,24,5,1,0,-1.0,4,3
maven-maven-3.0-alpha-4,org.apache.maven.project,CacheRecord,2,2,1,1,8,1,0,0,0.0,2,1
maven-maven-3.0-alpha-4,org.apache.maven.project,ProjectSorter,4,0,12,9,133,35,0,0,0.0,4,3
maven-maven-3.0-alpha-4,org.apache.maven.project,ReactorModelCache,6,0,5,5,45,7,0,0,0.0,1,1
maven-maven-3.0-alpha-4,org.apache.maven.project,CacheKey,5,0,3,3,32,5,0,0,0.0,0,1
maven-maven-3.0-alpha-4,org.apache.maven.project,ReactorModelPool,5,0,6,6,47,8,0,0,0.0,2,1
maven-maven-3.0-alpha-4,org.apache.maven.project,CacheKey,4,0,4,4,34,6,0,0,0.0,0,1
maven-maven-3.0-alpha-4,org.apache.maven.project,RepositoryModelResolver,7,0,5,4,91,12,0,0,0.4,0,8
maven-maven-3.0-alpha-4,org.apache.maven.project,AbstractMavenProjectTestCase,2,0,9,0,74,13,0,0,0.4444444444444444,0,6
maven-maven-3.0-alpha-4,org.apache.maven.project,DefaultMavenProjectBuilderTest,2,0,6,5,55,11,0,1,0.6666666666666666,0,4
maven-maven-3.0-alpha-4,org.apache.maven.project,EmptyLifecycleExecutor,0,0,11,10,56,13,0,0,-1.0,0,5
maven-maven-3.0-alpha-4,org.apache.maven.project,EmptyProjectBuildingHelper,0,0,2,2,17,3,0,1,-1.0,0,4
maven-maven-3.0-alpha-4,org.apache.maven.project,ExtensionDescriptorBuilderTest,1,0,5,2,39,5,0,0,0.0,0,2
maven-maven-3.0-alpha-4,org.apache.maven.project,MavenProjectTest,0,0,7,7,77,7,0,1,-1.0,0,1
maven-maven-3.0-alpha-4,org.apache.maven.project,PomConstructionTest,6,0,136,125,1193,144,0,0,0.9264705882352942,1,7
maven-maven-3.0-alpha-4,org.apache.maven.project,ProjectBuilderTest,0,0,2,1,13,2,0,0,-1.0,0,2
maven-maven-3.0-alpha-4,org.apache.maven.project,TestMetadataSource,0,0,1,1,9,2,0,0,-1.0,0,3
maven-maven-3.0-alpha-4,org.apache.maven.project.inheritance,DefaultModelInheritanceAssembler,0,0,18,5,394,107,0,1,-1.0,1,2
maven-maven-3.0-alpha-4,org.apache.maven.project.inheritance,ModelInheritanceAssembler,1,0,4,0,12,4,1,0,-1.0,0,0
maven-maven-3.0-alpha-4,org.apache.maven.project.inheritance,AbstractProjectInheritanceTestCase,0,0,4,0,19,4,0,0,-1.0,0,0
maven-maven-3.0-alpha-4,org.apache.maven.project.interpolation,AbstractStringBasedModelInterpolator,5,0,17,8,206,34,2,1,0.29411764705882354,0,2
maven-maven-3.0-alpha-4,org.apache.maven.project.interpolation,BuildTimestampValueSource,3,0,2,2,22,4,0,0,0.0,0,0
maven-maven-3.0-alpha-4,org.apache.maven.project.interpolation,ModelInterpolationException,2,0,6,6,29,6,0,0,0.5,1,0
maven-maven-3.0-alpha-4,org.apache.maven.project.interpolation,ModelInterpolator,3,0,4,0,18,4,1,0,-1.0,0,1
maven-maven-3.0-alpha-4,org.apache.maven.project.interpolation,PathTranslatingPostProcessor,4,0,2,2,22,3,0,0,0.0,0,1
maven-maven-3.0-alpha-4,org.apache.maven.project.interpolation,RegexBasedModelInterpolator,0,0,4,3,18,4,0,2,-1.0,0,1
maven-maven-3.0-alpha-4,org.apache.maven.project.interpolation,StringSearchModelInterpolator,8,0,11,5,221,47,0,2,0.5454545454545454,2,5
maven-maven-3.0-alpha-4,org.apache.maven.project.interpolation,InterpolateObjectAction,6,0,6,2,189,41,0,0,0.0,1,1
maven-maven-3.0-alpha-4,org.apache.maven.project.path,DefaultPathTranslator,1,0,6,4,123,29,0,1,0.6666666666666666,0,0
maven-maven-3.0-alpha-4,org.apache.maven.project.path,DefaultPathTranslatorTest,0,0,2,2,12,2,0,0,-1.0,0,0
maven-maven-3.0-alpha-4,org.apache.maven.project.path,PathTranslator,1,0,4,0,11,4,1,0,-1.0,5,0
maven-maven-3.0-alpha-4,org.apache.maven.project.validation,DefaultModelValidator,2,0,6,6,30,6,0,1,0.6666666666666666,0,4
maven-maven-3.0-alpha-4,org.apache.maven.project.validation,SimpleModelProblemCollector,1,0,5,5,16,5,0,0,0.6,1,1
maven-maven-3.0-alpha-4,org.apache.maven.project.validation,ModelValidationResult,2,0,7,7,40,9,0,0,0.0,3,0
maven-maven-3.0-alpha-4,org.apache.maven.project.validation,ModelValidator,1,0,1,0,9,1,1,0,-1.0,0,0
maven-maven-3.0-alpha-4,org.apache.maven.reporting,MavenReportException,0,0,2,2,14,2,0,0,-1.0,0,0
maven-maven-3.0-alpha-4,org.apache.maven.repository.legacy,ChecksumFailedException,0,0,2,2,13,2,0,0,-1.0,0,0
maven-maven-3.0-alpha-4,org.apache.maven.repository.legacy,DefaultUpdateCheckManager,2,1,13,7,204,33,0,1,0.23076923076923078,1,5
maven-maven-3.0-alpha-4,org.apache.maven.repository.legacy,DefaultWagonManager,6,0,18,10,379,57,0,1,0.16666666666666666,1,6
maven-maven-3.0-alpha-4,org.apache.maven.repository.legacy,LegacyRepositorySystem,7,0,30,24,340,76,0,0,0.26666666666666666,0,19
maven-maven-3.0-alpha-4,org.apache.maven.repository.legacy,MavenArtifact,3,0,7,7,43,11,0,0,0.0,0,0
maven-maven-3.0-alpha-4,org.apache.maven.repository.legacy,TransferListenerAdapter,3,0,10,7,87,17,0,1,0.2,2,3
maven-maven-3.0-alpha-4,org.apache.maven.repository.legacy,UpdateCheckManager,0,0,4,0,6,4,1,0,-1.0,3,3
maven-maven-3.0-alpha-4,org.apache.maven.repository.legacy,WagonConfigurationException,3,0,4,4,21,4,0,0,0.0,0,0
maven-maven-3.0-alpha-4,org.apache.maven.repository.legacy,WagonManager,0,0,10,0,12,10,1,0,-1.0,6,4
maven-maven-3.0-alpha-4,org.apache.maven.repository.legacy,DefaultUpdateCheckManagerTest,1,0,9,7,116,9,0,0,0.2222222222222222,0,5
maven-maven-3.0-alpha-4,org.apache.maven.repository.legacy,DefaultWagonManagerTest,5,1,21,12,228,21,0,0,0.23809523809523808,0,12
maven-maven-3.0-alpha-4,org.apache.maven.repository.legacy,TransferListener,1,1,1,1,6,1,1,0,0.0,4,0
maven-maven-3.0-alpha-4,org.apache.maven.repository.legacy,ArtifactRepositoryLayoutStub,0,0,4,4,14,4,0,0,-1.0,0,3
maven-maven-3.0-alpha-4,org.apache.maven.repository.legacy,LegacyRepositorySystemTest,1,0,4,2,32,4,0,0,0.0,0,3
maven-maven-3.0-alpha-4,org.apache.maven.repository.legacy,StringWagon,1,0,7,6,36,8,0,0,0.7142857142857143,1,0
maven-maven-3.0-alpha-4,org.apache.maven.repository.legacy,WagonA,0,0,1,1,11,1,0,1,-1.0,0,0
maven-maven-3.0-alpha-4,org.apache.maven.repository.legacy,WagonB,0,0,1,1,11,1,0,1,-1.0,0,0
maven-maven-3.0-alpha-4,org.apache.maven.repository.legacy,WagonC,0,0,1,1,11,1,0,1,-1.0,0,0
maven-maven-3.0-alpha-4,org.apache.maven.repository.legacy,WagonMock,1,0,2,2,18,2,3,0,0.0,0,0
maven-maven-3.0-alpha-4,org.apache.maven.repository.legacy.resolver,DefaultLegacyArtifactCollector,3,0,12,4,423,79,0,1,0.0,0,19
maven-maven-3.0-alpha-4,org.apache.maven.repository.legacy.resolver,LegacyArtifactCollector,0,0,3,0,10,3,1,0,-1.0,1,5
maven-maven-3.0-alpha-4,org.apache.maven.repository.legacy.resolver,DefaultArtifactCollectorTest,9,0,65,43,564,79,0,0,0.09230769230769231,1,12
maven-maven-3.0-alpha-4,org.apache.maven.repository.legacy.resolver,ArtifactSpec,2,0,5,3,23,6,0,0,0.0,3,2
maven-maven-3.0-alpha-4,org.apache.maven.repository.legacy.resolver,Source,2,0,9,6,73,16,0,0,0.0,1,7
maven-maven-3.0-alpha-4,org.apache.maven.repository.legacy.resolver.conflict,ConflictResolver,1,0,1,0,17,1,4,0,-1.0,3,1
maven-maven-3.0-alpha-4,org.apache.maven.repository.legacy.resolver.conflict,ConflictResolverFactory,1,0,1,0,20,1,1,0,-1.0,0,0
maven-maven-3.0-alpha-4,org.apache.maven.repository.legacy.resolver.conflict,ConflictResolverNotFoundException,1,0,1,1,19,1,0,0,0.0,0,0
maven-maven-3.0-alpha-4,org.apache.maven.repository.legacy.resolver.conflict,DefaultConflictResolver,0,0,0,0,9,0,0,2,-1.0,0,0
maven-maven-3.0-alpha-4,org.apache.maven.repository.legacy.resolver.conflict,DefaultConflictResolverFactory,1,0,2,2,24,2,0,1,0.0,0,1
maven-maven-3.0-alpha-4,org.apache.maven.repository.legacy.resolver.conflict,FarthestConflictResolver,0,0,1,1,11,1,0,1,-1.0,0,1
maven-maven-3.0-alpha-4,org.apache.maven.repository.legacy.resolver.conflict,NearestConflictResolver,0,0,1,1,12,1,1,1,-1.0,0,1
maven-maven-3.0-alpha-4,org.apache.maven.repository.legacy.resolver.conflict,NewestConflictResolver,0,0,1,1,19,1,0,1,-1.0,0,2
maven-maven-3.0-alpha-4,org.apache.maven.repository.legacy.resolver.conflict,OldestConflictResolver,0,0,1,1,19,1,0,1,-1.0,0,2
maven-maven-3.0-alpha-4,org.apache.maven.repository.legacy.resolver.conflict,AbstractConflictResolverTest,7,0,10,1,58,10,4,0,0.0,0,5
maven-maven-3.0-alpha-4,org.apache.maven.repository.legacy.resolver.conflict,FarthestConflictResolverTest,0,0,5,5,45,5,0,1,-1.0,0,1
maven-maven-3.0-alpha-4,org.apache.maven.repository.legacy.resolver.conflict,NearestConflictResolverTest,0,0,5,5,45,5,0,1,-1.0,0,1
maven-maven-3.0-alpha-4,org.apache.maven.repository.legacy.resolver.conflict,NewestConflictResolverTest,0,0,5,5,45,5,0,1,-1.0,0,1
maven-maven-3.0-alpha-4,org.apache.maven.repository.legacy.resolver.conflict,OldestConflictResolverTest,0,0,5,5,45,5,0,1,-1.0,0,1
maven-maven-3.0-alpha-4,org.apache.maven.repository.legacy.resolver.transform,AbstractVersionTransformation,2,0,4,1,55,10,3,1,0.5,0,6
maven-maven-3.0-alpha-4,org.apache.maven.repository.legacy.resolver.transform,ArtifactTransformation,1,0,4,0,34,4,1,0,-1.0,0,3
maven-maven-3.0-alpha-4,org.apache.maven.repository.legacy.resolver.transform,ArtifactTransformationManager,1,0,5,0,34,5,1,0,-1.0,4,3
maven-maven-3.0-alpha-4,org.apache.maven.repository.legacy.resolver.transform,DefaultArtifactTransformationManager,1,0,5,5,29,9,0,1,0.0,0,3
maven-maven-3.0-alpha-4,org.apache.maven.repository.legacy.resolver.transform,LatestArtifactTransformation,0,0,4,3,24,6,0,2,-1.0,0,2
maven-maven-3.0-alpha-4,org.apache.maven.repository.legacy.resolver.transform,ReleaseArtifactTransformation,0,0,5,3,42,8,0,2,-1.0,0,3
maven-maven-3.0-alpha-4,org.apache.maven.repository.legacy.resolver.transform,SnapshotTransformation,3,0,8,6,87,15,0,2,0.375,1,5
maven-maven-3.0-alpha-4,org.apache.maven.repository.metadata,ArtifactMetadata,13,0,43,43,193,46,0,0,0.11627906976744186,12,1
maven-maven-3.0-alpha-4,org.apache.maven.repository.metadata,ClasspathContainer,2,0,10,10,68,17,0,0,0.0,4,2
maven-maven-3.0-alpha-4,org.apache.maven.repository.metadata,ClasspathTransformation,1,0,1,0,15,1,1,0,-1.0,2,1
maven-maven-3.0-alpha-4,org.apache.maven.repository.metadata,DefaultClasspathTransformation,4,0,4,2,75,14,0,1,0.75,0,7
maven-maven-3.0-alpha-4,org.apache.maven.repository.metadata,ClasspathGraphVisitor,3,0,3,1,42,10,0,0,0.6666666666666666,1,5
maven-maven-3.0-alpha-4,org.apache.maven.repository.metadata,DefaultGraphConflictResolutionPolicy,2,0,1,1,30,4,0,1,0.0,0,2
maven-maven-3.0-alpha-4,org.apache.maven.repository.metadata,DefaultGraphConflictResolver,1,0,4,1,93,27,0,1,0.0,0,5
maven-maven-3.0-alpha-4,org.apache.maven.repository.metadata,GraphConflictResolutionException,1,0,4,4,18,4,0,0,1.0,0,0
maven-maven-3.0-alpha-4,org.apache.maven.repository.metadata,GraphConflictResolutionPolicy,1,0,1,1,9,1,1,0,-1.0,2,1
maven-maven-3.0-alpha-4,org.apache.maven.repository.metadata,GraphConflictResolver,1,0,1,0,16,1,1,0,-1.0,3,1
maven-maven-3.0-alpha-4,org.apache.maven.repository.metadata,MetadataGraph,9,2,33,24,314,73,0,0,0.09090909090909091,9,5
maven-maven-3.0-alpha-4,org.apache.maven.repository.metadata,MetadataGraphEdge,8,0,20,19,99,23,0,0,0.0,8,2
maven-maven-3.0-alpha-4,org.apache.maven.repository.metadata,MetadataGraphTransformationException,1,0,4,4,17,4,0,0,1.0,0,0
maven-maven-3.0-alpha-4,org.apache.maven.repository.metadata,MetadataGraphVertex,3,0,13,12,115,28,0,0,0.0,8,2
maven-maven-3.0-alpha-4,org.apache.maven.repository.metadata,MetadataResolution,2,0,6,6,32,6,0,0,0.0,0,1
maven-maven-3.0-alpha-4,org.apache.maven.repository.metadata,MetadataResolutionException,0,0,4,4,13,4,0,0,-1.0,0,0
maven-maven-3.0-alpha-4,org.apache.maven.repository.metadata,MetadataResolutionRequest,3,0,8,8,33,8,0,0,0.25,1,2
maven-maven-3.0-alpha-4,org.apache.maven.repository.metadata,MetadataResolutionResult,3,0,10,10,89,25,0,0,0.2,0,5
maven-maven-3.0-alpha-4,org.apache.maven.repository.metadata,MetadataRetrievalException,1,0,5,5,24,5,0,0,0.8,0,1
maven-maven-3.0-alpha-4,org.apache.maven.repository.metadata,MetadataSource,1,0,1,0,9,1,0,0,-1.0,0,2
maven-maven-3.0-alpha-4,org.apache.maven.repository.metadata,MetadataTreeNode,4,0,15,15,69,19,0,0,0.2,4,3
maven-maven-3.0-alpha-4,org.apache.maven.repository.metadata,DefaultClasspathTransformationTest,6,0,4,3,53,4,0,0,0.0,0,5
maven-maven-3.0-alpha-4,org.apache.maven.repository.metadata,DefaultGraphConflictResolutionPolicyTest,4,0,2,1,24,2,0,0,0.0,0,2
maven-maven-3.0-alpha-4,org.apache.maven.repository.metadata,DefaultGraphConflictResolverTest,7,0,4,3,74,4,0,0,0.0,0,3
maven-maven-3.0-alpha-4,org.apache.maven.repository.metadata,TestMetadataSource,1,0,4,4,36,6,0,0,0.75,0,4
maven-maven-3.0-alpha-4,org.apache.maven.usability.plugin,ExpressionDocumentationException,1,0,2,2,9,2,0,0,1.0,0,0
maven-maven-3.0-alpha-4,org.apache.maven.usability.plugin,ExpressionDocumenter,3,0,3,1,67,9,0,0,0.0,1,1
maven-maven-3.0-alpha-4,org.apache.maven.artifact.testutils,MockManager,1,0,3,3,18,5,0,0,0.0,0,0
maven-maven-3.0-alpha-4,org.apache.maven.artifact.testutils,TestFileManager,7,1,14,11,99,19,0,0,0.21428571428571427,0,0
maven-maven-3.0-alpha-4,org.apache.maven.artifact.transform,TransformationManagerTest,0,0,1,1,13,1,0,0,-1.0,0,1
maven-maven-3.0-alpha-4,org.apache.maven.profiles.manager,DefaultProfileManagerTest,0,0,6,6,95,6,0,0,-1.0,0,1
maven-maven-3.0-alpha-4,org.apache.maven.project.inheritance.t00,ProjectInheritanceTest,0,0,1,1,17,1,0,0,-1.0,0,1
maven-maven-3.0-alpha-4,org.apache.maven.project.inheritance.t01,ProjectInheritanceTest,0,0,1,1,19,1,0,0,-1.0,0,1
maven-maven-3.0-alpha-4,org.apache.maven.project.inheritance.t02,ProjectInheritanceTest,0,0,1,1,61,5,0,0,-1.0,0,1
maven-maven-3.0-alpha-4,org.apache.maven.project.inheritance.t03,ProjectInheritanceTest,0,0,1,1,16,1,0,0,-1.0,0,1
maven-maven-3.0-alpha-4,org.apache.maven.project.inheritance.t04,ProjectInheritanceTest,0,0,1,1,26,2,0,0,-1.0,0,2
maven-maven-3.0-alpha-4,org.apache.maven.project.inheritance.t05,ProjectInheritanceTest,0,0,1,1,25,2,0,0,-1.0,0,2
maven-maven-3.0-alpha-4,org.apache.maven.project.inheritance.t06,ProjectInheritanceTest,0,0,1,1,26,2,0,0,-1.0,0,2
maven-maven-3.0-alpha-4,org.apache.maven.project.inheritance.t07,ProjectInheritanceTest,0,0,1,1,27,2,0,0,-1.0,0,2
maven-maven-3.0-alpha-4,org.apache.maven.project.inheritance.t08,ProjectInheritanceTest,0,0,1,1,27,2,0,0,-1.0,0,2
maven-maven-3.0-alpha-4,org.apache.maven.project.inheritance.t09,ProjectInheritanceTest,0,0,2,2,48,2,0,0,-1.0,0,1
maven-maven-3.0-alpha-4,org.apache.maven.project.inheritance.t10,ProjectInheritanceTest,0,0,1,1,31,1,0,0,-1.0,0,2
maven-maven-3.0-alpha-4,org.apache.maven.project.inheritance.t11,ProjectInheritanceTest,0,0,1,1,18,1,0,0,-1.0,0,1
maven-maven-3.0-alpha-4,org.apache.maven.project.inheritance.t12,ProjectInheritanceTest,0,0,1,1,18,1,0,0,-1.0,0,1
maven-maven-3.0-alpha-4,org.apache.maven.project.inheritance.t12scm,ProjectInheritanceTest,0,0,2,2,39,2,0,0,-1.0,0,1
maven-maven-3.0-alpha-4,org.apache.maven.repository.ideworkspace,IdeWorkspaceRepositoryTest,2,0,4,2,38,4,0,0,0.0,0,6
maven-maven-3.0-alpha-4,org.apache.maven.repository.ideworkspace,TestIdeWorkspaceRepository,4,4,2,2,16,3,0,0,1.0,1,2
maven-maven-3.0-alpha-4,org.apache.maven,AbstractMavenLifecycleParticipant,0,0,2,2,15,2,1,0,-1.0,2,1
maven-maven-3.0-alpha-4,org.apache.maven,ArtifactFilterManager,0,0,3,0,15,3,1,0,-1.0,2,0
maven-maven-3.0-alpha-4,org.apache.maven,ArtifactFilterManagerDelegate,0,0,2,0,4,2,0,0,-1.0,1,0
maven-maven-3.0-alpha-4,org.apache.maven,BuildFailureException,0,0,2,2,13,2,2,0,-1.0,0,0
maven-maven-3.0-alpha-4,org.apache.maven,DefaultArtifactFilterManager,3,0,5,4,79,7,0,1,0.0,0,1
maven-maven-3.0-alpha-4,org.apache.maven,DefaultMaven,5,0,13,1,320,59,0,1,0.0,0,17
maven-maven-3.0-alpha-4,org.apache.maven,DefaultProjectDependenciesResolver,2,0,4,4,62,12,0,1,0.75,0,8
maven-maven-3.0-alpha-4,org.apache.maven,DefaultProjectDependencyGraph,1,0,8,5,64,17,0,0,0.0,0,2
maven-maven-3.0-alpha-4,org.apache.maven,DuplicateProjectException,1,0,2,2,23,2,0,1,0.0,0,0
maven-maven-3.0-alpha-4,org.apache.maven,ExecutionEventCatapult,1,0,2,1,18,2,0,0,-1.0,1,2
maven-maven-3.0-alpha-4,org.apache.maven,FilteredProjectDependencyGraph,3,0,6,5,48,11,0,0,0.0,0,2
maven-maven-3.0-alpha-4,org.apache.maven,InternalErrorException,0,0,1,1,9,1,0,1,-1.0,0,0
maven-maven-3.0-alpha-4,org.apache.maven,Maven,1,0,1,0,7,1,1,0,-1.0,3,1
maven-maven-3.0-alpha-4,org.apache.maven,MavenExecutionException,1,0,4,4,21,4,3,0,0.5,0,1
maven-maven-3.0-alpha-4,org.apache.maven,MissingModuleException,2,0,3,3,15,3,0,1,0.0,0,0
maven-maven-3.0-alpha-4,org.apache.maven,ProjectBuildFailureException,1,0,3,3,17,3,0,1,0.6666666666666666,0,1
maven-maven-3.0-alpha-4,org.apache.maven,ProjectCycleException,0,0,1,1,8,1,0,1,-1.0,1,0
maven-maven-3.0-alpha-4,org.apache.maven,ProjectDependenciesResolver,0,0,3,3,27,3,1,0,-1.0,2,2
maven-maven-3.0-alpha-4,org.apache.maven,ReactorArtifactRepository,4,0,12,7,158,34,0,0,0.25,1,6
maven-maven-3.0-alpha-4,org.apache.maven,AbstractCoreMavenComponentTestCase,4,0,28,16,165,33,3,0,0.2857142857142857,0,7
maven-maven-3.0-alpha-4,org.apache.maven,ProjectBuilder,1,0,11,11,58,13,0,0,0.0,1,2
maven-maven-3.0-alpha-4,org.apache.maven,PluginBuilder,1,0,5,5,33,7,0,0,0.4,0,1
maven-maven-3.0-alpha-4,org.apache.maven,MavenLifecycleParticipantTest,1,0,5,3,46,5,0,1,0.8,0,6
maven-maven-3.0-alpha-4,org.apache.maven,InjectDependencyLifecycleListener,0,0,2,2,20,2,0,1,-1.0,0,2
maven-maven-3.0-alpha-4,org.apache.maven,MavenTest,2,0,4,1,19,4,0,1,0.75,0,2
maven-maven-3.0-alpha-4,org.apache.maven,ProjectDependenciesResolverTest,1,0,5,2,34,5,0,1,0.4,0,4
maven-maven-3.0-alpha-4,org.apache.maven,App,0,0,1,1,8,1,0,0,-1.0,0,0
maven-maven-3.0-alpha-4,org.apache.maven,AppTest,0,0,3,3,24,3,0,0,-1.0,0,0
maven-maven-3.0-alpha-4,org.apache.maven.artifact.handler.manager,ArtifactHandlerManager,1,0,2,0,9,2,1,0,-1.0,2,0
maven-maven-3.0-alpha-4,org.apache.maven.artifact.handler.manager,DefaultArtifactHandlerManager,1,0,3,3,20,4,0,1,0.0,0,1
maven-maven-3.0-alpha-4,org.apache.maven.artifact.repository.metadata.io,DefaultMetadataReader,0,0,4,3,47,7,0,1,-1.0,0,0
maven-maven-3.0-alpha-4,org.apache.maven.artifact.repository.metadata.io,MetadataParseException,2,0,4,4,52,4,0,0,0.0,0,0
maven-maven-3.0-alpha-4,org.apache.maven.artifact.repository.metadata.io,MetadataReader,1,0,3,0,37,3,1,0,-1.0,2,0
maven-maven-3.0-alpha-4,org.apache.maven.classrealm,ClassRealmManager,0,0,3,0,26,3,1,0,-1.0,2,0
maven-maven-3.0-alpha-4,org.apache.maven.classrealm,ClassRealmManagerDelegate,0,0,1,0,7,1,0,0,-1.0,1,0
maven-maven-3.0-alpha-4,org.apache.maven.classrealm,DefaultClassRealmManager,2,0,10,3,128,20,0,1,0.2,0,2
maven-maven-3.0-alpha-4,org.apache.maven.exception,DefaultExceptionHandler,0,0,7,1,118,34,0,1,-1.0,0,3
maven-maven-3.0-alpha-4,org.apache.maven.exception,ExceptionHandler,0,0,1,0,3,1,1,0,-1.0,3,0
maven-maven-3.0-alpha-4,org.apache.maven.exception,ExceptionSummary,4,0,6,6,27,6,0,0,0.0,2,0
maven-maven-3.0-alpha-4,org.apache.maven.lifecycle,DefaultLifecycleExecutor,24,0,55,13,913,190,0,1,0.0,3,29
maven-maven-3.0-alpha-4,org.apache.maven.lifecycle,DependencyContext,6,0,5,1,38,7,0,0,0.0,1,4
maven-maven-3.0-alpha-4,org.apache.maven.lifecycle,ProjectIndex,2,0,1,0,14,2,0,0,0.0,1,2
maven-maven-3.0-alpha-4,org.apache.maven.lifecycle,ProjectBuild,2,0,2,1,11,2,0,0,0.0,1,2
maven-maven-3.0-alpha-4,org.apache.maven.lifecycle,TaskSegment,2,0,2,1,11,2,0,0,0.0,2,0
maven-maven-3.0-alpha-4,org.apache.maven.lifecycle,GoalTask,1,0,2,1,9,2,0,0,0.0,0,1
maven-maven-3.0-alpha-4,org.apache.maven.lifecycle,LifecycleTask,1,0,2,1,9,2,0,0,0.0,0,0
maven-maven-3.0-alpha-4,org.apache.maven.lifecycle,Lifecycle,3,0,4,4,20,4,0,0,0.5,1,0
maven-maven-3.0-alpha-4,org.apache.maven.lifecycle,LifecycleEventCatapult,13,0,14,13,90,14,0,0,-1.0,1,2
maven-maven-3.0-alpha-4,org.apache.maven.lifecycle,LifecycleExecutionException,1,0,5,5,23,5,0,0,0.8,0,1
maven-maven-3.0-alpha-4,org.apache.maven.lifecycle,LifecycleExecutor,1,0,5,0,33,5,1,0,-1.0,3,2
maven-maven-3.0-alpha-4,org.apache.maven.lifecycle,LifecycleNotFoundException,1,0,2,2,22,2,0,0,0.0,0,0
maven-maven-3.0-alpha-4,org.apache.maven.lifecycle,LifecyclePhaseNotFoundException,1,0,2,2,22,2,0,0,0.0,0,0
maven-maven-3.0-alpha-4,org.apache.maven.lifecycle,MavenExecutionPlan,3,0,4,4,28,4,0,0,0.0,3,0
maven-maven-3.0-alpha-4,org.apache.maven.lifecycle,LifecycleExecutorTest,1,0,13,10,142,13,0,0,0.15384615384615385,0,8
maven-maven-3.0-alpha-4,org.apache.maven.lifecycle,MojoExecutionXPathContainer,2,0,5,5,28,5,0,0,0.0,0,1
maven-maven-3.0-alpha-4,org.apache.maven.lifecycle.mapping,DefaultLifecycleMapping,3,0,4,3,53,11,0,1,0.5,0,1
maven-maven-3.0-alpha-4,org.apache.maven.lifecycle.mapping,Lifecycle,3,0,4,4,40,4,0,0,0.5,2,0
maven-maven-3.0-alpha-4,org.apache.maven.lifecycle.mapping,LifecycleMapping,1,0,3,0,6,3,1,0,-1.0,1,0
maven-maven-3.0-alpha-4,org.apache.maven.model.plugin,DefaultLifecycleBindingsInjector,3,0,4,2,77,15,0,1,0.75,0,4
maven-maven-3.0-alpha-4,org.apache.maven.model.plugin,LifecycleBindingsMerger,1,0,3,1,56,12,0,0,0.6666666666666666,1,0
maven-maven-3.0-alpha-4,org.apache.maven.model.plugin,DefaultPluginConfigurationExpander,0,0,2,1,41,11,0,1,-1.0,0,2
maven-maven-3.0-alpha-4,org.apache.maven.model.plugin,DefaultReportingConverter,0,0,6,1,104,26,0,1,-1.0,0,2
maven-maven-3.0-alpha-4,org.apache.maven.model.plugin,LifecycleBindingsInjector,0,0,1,0,13,1,1,0,-1.0,1,2
maven-maven-3.0-alpha-4,org.apache.maven.model.plugin,PluginConfigurationExpander,0,0,1,0,13,1,1,0,-1.0,1,2
maven-maven-3.0-alpha-4,org.apache.maven.model.plugin,ReportingConverter,0,0,1,0,13,1,1,0,-1.0,1,2
maven-maven-3.0-alpha-4,org.apache.maven.monitor.event,EventDispatcher,0,0,4,0,9,4,0,0,-1.0,1,1
maven-maven-3.0-alpha-4,org.apache.maven.monitor.event,EventMonitor,0,0,3,0,8,3,0,0,-1.0,1,0
maven-maven-3.0-alpha-4,org.apache.maven.plugin,BuildPluginManager,0,0,4,0,9,4,1,0,-1.0,3,4
maven-maven-3.0-alpha-4,org.apache.maven.plugin,CycleDetectedInPluginGraphException,1,0,2,2,15,2,0,0,0.0,0,0
maven-maven-3.0-alpha-4,org.apache.maven.plugin,DebugConfigurationListener,1,0,4,3,45,9,0,0,0.0,0,0
maven-maven-3.0-alpha-4,org.apache.maven.plugin,DefaultBuildPluginManager,3,0,4,4,94,6,0,1,0.0,1,9
maven-maven-3.0-alpha-4,org.apache.maven.plugin,DefaultExtensionRealmCache,3,0,7,7,50,12,0,1,0.42857142857142855,0,4
maven-maven-3.0-alpha-4,org.apache.maven.plugin,CacheKey,2,0,3,3,24,6,0,0,0.0,8,1
maven-maven-3.0-alpha-4,org.apache.maven.plugin,DefaultPluginArtifactsCache,5,0,12,7,115,24,0,1,0.25,2,6
maven-maven-3.0-alpha-4,org.apache.maven.plugin,CacheKey,4,0,3,3,30,5,0,0,0.0,0,4
maven-maven-3.0-alpha-4,org.apache.maven.plugin,DefaultPluginDescriptorCache,6,0,10,8,87,15,0,1,0.3,1,7
maven-maven-3.0-alpha-4,org.apache.maven.plugin,CacheKey,5,0,4,4,37,6,0,1,0.0,0,2
maven-maven-3.0-alpha-4,org.apache.maven.plugin,DefaultPluginRealmCache,6,0,12,7,118,24,0,1,0.25,2,5
maven-maven-3.0-alpha-4,org.apache.maven.plugin,CacheKey,5,0,3,3,33,5,0,0,0.0,0,3
maven-maven-3.0-alpha-4,org.apache.maven.plugin,ExtensionRealmCache,2,2,5,1,24,5,1,0,-1.0,1,3
maven-maven-3.0-alpha-4,org.apache.maven.plugin,CacheRecord,2,2,1,1,8,1,0,0,0.0,6,1
maven-maven-3.0-alpha-4,org.apache.maven.plugin,InvalidPluginDescriptorException,1,0,2,1,15,3,0,0,0.0,1,1
maven-maven-3.0-alpha-4,org.apache.maven.plugin,InvalidPluginException,0,0,3,3,16,3,0,0,-1.0,1,2
maven-maven-3.0-alpha-4,org.apache.maven.plugin,LegacySupport,0,0,2,0,16,2,0,0,-1.0,7,1
maven-maven-3.0-alpha-4,org.apache.maven.plugin,MavenPluginManager,0,0,5,0,43,5,0,0,-1.0,2,4
maven-maven-3.0-alpha-4,org.apache.maven.plugin,MavenPluginValidator,3,0,4,4,29,8,0,0,0.0,1,2
maven-maven-3.0-alpha-4,org.apache.maven.plugin,MojoExecution,8,0,22,22,130,28,0,0,0.13636363636363635,18,1
maven-maven-3.0-alpha-4,org.apache.maven.plugin,PluginArtifactsCache,1,1,5,1,22,5,1,0,-1.0,1,4
maven-maven-3.0-alpha-4,org.apache.maven.plugin,CacheRecord,1,1,1,1,6,1,0,0,0.0,0,0
maven-maven-3.0-alpha-4,org.apache.maven.plugin,PluginConfigurationException,2,0,5,5,33,5,1,0,0.0,0,1
maven-maven-3.0-alpha-4,org.apache.maven.plugin,PluginContainerException,1,0,6,6,30,6,0,1,0.0,0,1
maven-maven-3.0-alpha-4,org.apache.maven.plugin,PluginDescriptorCache,0,0,4,0,15,4,1,0,-1.0,1,3
maven-maven-3.0-alpha-4,org.apache.maven.plugin,Key,0,0,0,0,5,0,1,0,-1.0,2,0
maven-maven-3.0-alpha-4,org.apache.maven.plugin,PluginDescriptorParsingException,1,0,2,1,23,5,0,0,0.0,1,1
maven-maven-3.0-alpha-4,org.apache.maven.plugin,PluginExecutionException,1,0,6,5,38,8,0,1,0.0,1,4
maven-maven-3.0-alpha-4,org.apache.maven.plugin,PluginLoaderException,1,0,14,14,60,14,0,0,0.21428571428571427,0,8
maven-maven-3.0-alpha-4,org.apache.maven.plugin,PluginManager,1,0,8,0,21,8,0,0,-1.0,0,4
maven-maven-3.0-alpha-4,org.apache.maven.plugin,PluginManagerException,5,0,17,13,111,17,2,0,0.0,1,4
maven-maven-3.0-alpha-4,org.apache.maven.plugin,PluginNotFoundException,1,0,3,3,19,3,0,0,0.0,1,1
maven-maven-3.0-alpha-4,org.apache.maven.plugin,PluginParameterException,2,0,5,4,47,10,0,1,0.0,1,3
maven-maven-3.0-alpha-4,org.apache.maven.plugin,PluginParameterExpressionEvaluator,5,0,8,6,247,54,0,0,0.0,1,7
maven-maven-3.0-alpha-4,org.apache.maven.plugin,PluginRealmCache,2,2,5,1,24,5,1,0,-1.0,1,3
maven-maven-3.0-alpha-4,org.apache.maven.plugin,CacheRecord,2,2,1,1,8,1,0,0,0.0,0,0
maven-maven-3.0-alpha-4,org.apache.maven.plugin,PluginResolutionException,1,0,2,2,15,2,0,0,0.0,0,1
maven-maven-3.0-alpha-4,org.apache.maven.plugin,PluginManagerTest,1,0,15,10,96,17,0,0,0.6666666666666666,0,7
maven-maven-3.0-alpha-4,org.apache.maven.plugin,PluginParameterExpressionEvaluatorTest,2,0,25,17,212,27,0,0,0.08,1,11
maven-maven-3.0-alpha-4,org.apache.maven.plugin,AbstractMojo,2,0,4,4,47,5,0,1,0.5,0,1
maven-maven-3.0-alpha-4,org.apache.maven.plugin,AbstractMojoExecutionException,2,0,4,4,20,4,2,0,1.0,0,0
maven-maven-3.0-alpha-4,org.apache.maven.plugin,ContextEnabled,0,0,2,0,15,2,1,0,-1.0,0,0
maven-maven-3.0-alpha-4,org.apache.maven.plugin,Mojo,1,0,3,0,26,3,1,0,-1.0,2,1
maven-maven-3.0-alpha-4,org.apache.maven.plugin,MojoExecutionException,0,0,4,4,40,4,0,1,-1.0,0,0
maven-maven-3.0-alpha-4,org.apache.maven.plugin,MojoFailureException,0,0,3,3,33,3,0,1,-1.0,1,0
maven-maven-3.0-alpha-4,org.apache.maven.plugin,MojoNotFoundException,2,0,4,3,36,9,0,0,0.0,1,3
maven-maven-3.0-alpha-4,org.apache.maven.plugin.internal,DefaultLegacySupport,1,0,2,2,18,3,0,0,0.0,0,1
maven-maven-3.0-alpha-4,org.apache.maven.plugin.internal,DefaultMavenPluginManager,9,0,13,5,355,45,0,0,0.0,0,18
maven-maven-3.0-alpha-4,org.apache.maven.plugin.internal,DefaultPluginManager,5,0,9,8,126,11,0,0,0.2222222222222222,0,13
maven-maven-3.0-alpha-4,org.apache.maven.plugin.prefix,DefaultPluginPrefixRequest,4,0,21,21,108,23,0,1,0.0,0,6
maven-maven-3.0-alpha-4,org.apache.maven.plugin.prefix,NoPluginFoundForPrefixException,3,0,2,1,27,6,0,0,0.0,1,2
maven-maven-3.0-alpha-4,org.apache.maven.plugin.prefix,PluginPrefixRequest,0,0,16,0,94,16,1,0,-1.0,4,3
maven-maven-3.0-alpha-4,org.apache.maven.plugin.prefix,PluginPrefixResolver,0,0,1,0,13,1,0,0,-1.0,2,1
maven-maven-3.0-alpha-4,org.apache.maven.plugin.prefix,PluginPrefixResult,0,0,3,0,21,3,0,0,-1.0,3,0
maven-maven-3.0-alpha-4,org.apache.maven.plugin.prefix.internal,DefaultPluginPrefixResolver,4,0,5,1,115,24,0,0,0.0,0,7
maven-maven-3.0-alpha-4,org.apache.maven.plugin.prefix.internal,DefaultPluginPrefixResult,3,0,9,9,38,9,0,0,0.2222222222222222,0,1
maven-maven-3.0-alpha-4,org.apache.maven.plugin.version,DefaultPluginVersionRequest,3,0,20,20,106,21,0,1,0.0,0,6
maven-maven-3.0-alpha-4,org.apache.maven.plugin.version,PluginVersionNotFoundException,2,0,3,3,15,3,0,0,0.0,1,0
maven-maven-3.0-alpha-4,org.apache.maven.plugin.version,PluginVersionRequest,0,0,14,0,83,14,1,0,-1.0,5,3
maven-maven-3.0-alpha-4,org.apache.maven.plugin.version,PluginVersionResolutionException,3,0,7,6,48,11,0,0,0.0,2,2
maven-maven-3.0-alpha-4,org.apache.maven.plugin.version,PluginVersionResolver,0,0,1,0,13,1,0,0,-1.0,3,1
maven-maven-3.0-alpha-4,org.apache.maven.plugin.version,PluginVersionResult,0,0,2,0,16,2,0,0,-1.0,0,0
maven-maven-3.0-alpha-4,org.apache.maven.plugin.version.internal,DefaultPluginVersionResolver,3,0,5,1,89,16,0,0,0.4,0,5
maven-maven-3.0-alpha-4,org.apache.maven.plugin.version.internal,DefaultPluginVersionResult,2,0,4,4,20,4,0,0,0.5,1,1
maven-maven-3.0-alpha-4,org.apache.maven.project.artifact,ActiveProjectArtifact,2,0,50,50,341,58,0,0,0.0,0,7
maven-maven-3.0-alpha-4,org.apache.maven.project.artifact,ArtifactWithDependencies,0,0,2,0,4,2,2,0,-1.0,0,0
maven-maven-3.0-alpha-4,org.apache.maven.project.artifact,DefaultMavenMetadataCache,13,0,23,12,189,42,0,1,0.08695652173913043,2,8
maven-maven-3.0-alpha-4,org.apache.maven.project.artifact,CacheKey,5,0,3,3,38,6,0,0,0.0,3,5
maven-maven-3.0-alpha-4,org.apache.maven.project.artifact,CacheRecord,7,0,7,6,61,13,0,0,0.0,1,3
maven-maven-3.0-alpha-4,org.apache.maven.project.artifact,DefaultMetadataSource,0,0,0,0,6,0,0,1,-1.0,0,0
maven-maven-3.0-alpha-4,org.apache.maven.project.artifact,InvalidDependencyVersionException,1,0,3,2,18,3,0,0,0.0,2,3
maven-maven-3.0-alpha-4,org.apache.maven.project.artifact,MavenMetadataCache,0,0,3,0,5,3,1,0,-1.0,1,3
maven-maven-3.0-alpha-4,org.apache.maven.project.artifact,MavenMetadataSource,10,0,17,7,361,68,1,0,0.0,2,19
maven-maven-3.0-alpha-4,org.apache.maven.project.artifact,ProjectRelocation,3,0,0,0,5,0,0,0,-1.0,1,2
maven-maven-3.0-alpha-4,org.apache.maven.project.artifact,PluginArtifact,1,0,10,10,38,10,0,1,0.9,0,1
maven-maven-3.0-alpha-4,org.apache.maven.project.artifact,PluginArtifactHandler,0,0,7,7,23,7,0,0,-1.0,0,0
maven-maven-3.0-alpha-4,org.apache.maven.project.artifact,ProjectArtifact,1,0,11,11,42,11,0,1,0.7272727272727273,0,1
maven-maven-3.0-alpha-4,org.apache.maven.project.artifact,PomArtifactHandler,0,0,7,7,23,7,0,0,-1.0,0,0
maven-maven-3.0-alpha-4,org.apache.maven.project.artifact,ProjectArtifactMetadata,1,0,12,11,54,13,0,0,0.5,1,5
maven-maven-3.0-alpha-4,org.apache.maven.project.artifact,DefaultMavenMetadataCacheTest,1,0,3,1,30,3,0,0,0.0,0,4
maven-maven-3.0-alpha-4,org.apache.maven.project.artifact,MavenMetadataSourceTest,1,0,3,1,13,3,0,0,0.6666666666666666,0,1
maven-maven-3.0-alpha-4,org.apache.maven.settings.building,DefaultSettingsBuilder,3,0,4,1,105,12,0,1,0.0,0,7
maven-maven-3.0-alpha-4,org.apache.maven.settings.building,DefaultSettingsBuildingRequest,4,0,8,8,56,12,0,1,0.5,0,0
maven-maven-3.0-alpha-4,org.apache.maven.settings.building,DefaultSettingsBuildingResult,2,0,3,3,18,3,0,1,0.0,0,0
maven-maven-3.0-alpha-4,org.apache.maven.settings.building,DefaultSettingsProblem,6,0,9,9,86,17,0,1,0.0,0,0
maven-maven-3.0-alpha-4,org.apache.maven.settings.building,SettingsBuilder,0,0,1,0,13,1,1,0,-1.0,1,1
maven-maven-3.0-alpha-4,org.apache.maven.settings.building,SettingsBuildingException,1,0,3,2,43,5,0,0,0.0,1,1
maven-maven-3.0-alpha-4,org.apache.maven.settings.building,SettingsBuildingRequest,0,0,8,0,50,8,1,0,-1.0,3,0
maven-maven-3.0-alpha-4,org.apache.maven.settings.building,SettingsBuildingResult,0,0,2,0,16,2,1,0,-1.0,1,0
maven-maven-3.0-alpha-4,org.apache.maven.settings.building,SettingsProblem,0,0,7,0,45,7,1,0,-1.0,1,0
maven-maven-3.0-alpha-4,org.apache.maven.settings.io,DefaultSettingsReader,0,0,4,3,47,7,0,1,-1.0,0,0
maven-maven-3.0-alpha-4,org.apache.maven.settings.io,DefaultSettingsWriter,0,0,3,3,49,10,0,1,-1.0,0,0
maven-maven-3.0-alpha-4,org.apache.maven.settings.io,SettingsParseException,2,0,4,4,52,4,0,0,0.0,0,0
maven-maven-3.0-alpha-4,org.apache.maven.settings.io,SettingsReader,1,0,3,0,37,3,1,0,-1.0,1,0
maven-maven-3.0-alpha-4,org.apache.maven.settings.io,SettingsWriter,0,0,3,0,30,3,1,0,-1.0,1,0
maven-maven-3.0-alpha-4,org.apache.maven.settings.validation,DefaultSettingsValidator,0,0,5,1,58,13,0,1,-1.0,1,1
maven-maven-3.0-alpha-4,org.apache.maven.settings.validation,SettingsValidationResult,2,0,7,7,59,9,0,0,0.0,4,0
maven-maven-3.0-alpha-4,org.apache.maven.settings.validation,SettingsValidator,1,0,1,0,13,1,1,0,-1.0,2,0
maven-maven-3.0-alpha-4,org.apache.maven.settings.validation,DefaultSettingsValidatorTest,0,0,4,2,33,4,0,0,-1.0,0,2
maven-maven-3.0-alpha-4,org.apache.maven.toolchain,DefaultToolchain,5,1,7,4,46,10,0,2,0.0,0,1
maven-maven-3.0-alpha-4,org.apache.maven.toolchain,DefaultToolchainManager,2,0,3,2,42,7,1,1,0.0,1,5
maven-maven-3.0-alpha-4,org.apache.maven.toolchain,DefaultToolchainManagerPrivate,1,0,2,2,35,8,0,2,1.0,0,4
maven-maven-3.0-alpha-4,org.apache.maven.toolchain,DefaultToolchainsBuilder,1,0,1,1,26,3,0,1,0.0,0,0
maven-maven-3.0-alpha-4,org.apache.maven.toolchain,MisconfiguredToolchainException,0,0,2,2,11,2,0,0,-1.0,0,0
maven-maven-3.0-alpha-4,org.apache.maven.toolchain,RequirementMatcher,0,0,1,0,6,1,2,0,-1.0,2,0
maven-maven-3.0-alpha-4,org.apache.maven.toolchain,RequirementMatcherFactory,2,0,7,4,43,8,0,0,0.7142857142857143,2,2
maven-maven-3.0-alpha-4,org.apache.maven.toolchain,ExactMatcher,1,0,2,1,9,2,0,1,0.0,0,0
maven-maven-3.0-alpha-4,org.apache.maven.toolchain,VersionMatcher,1,0,2,1,21,3,0,1,0.0,0,2
maven-maven-3.0-alpha-4,org.apache.maven.toolchain,Toolchain,0,0,2,0,13,2,2,0,-1.0,0,0
maven-maven-3.0-alpha-4,org.apache.maven.toolchain,ToolchainFactory,0,0,2,0,13,2,0,0,-1.0,2,0
maven-maven-3.0-alpha-4,org.apache.maven.toolchain,ToolchainManager,1,0,1,0,10,1,1,0,-1.0,0,1
maven-maven-3.0-alpha-4,org.apache.maven.toolchain,ToolchainManagerPrivate,0,0,2,0,14,2,1,0,-1.0,0,2
maven-maven-3.0-alpha-4,org.apache.maven.toolchain,ToolchainPrivate,0,0,2,0,13,2,1,1,-1.0,2,0
maven-maven-3.0-alpha-4,org.apache.maven.toolchain,ToolchainsBuilder,0,0,1,0,13,1,1,0,-1.0,1,0
maven-maven-3.0-alpha-4,org.apache.maven.toolchain,RequirementMatcherFactoryTest,0,0,3,3,33,3,0,0,-1.0,0,2
maven-maven-3.0-alpha-4,org.apache.maven.toolchain.java,DefaultJavaToolChain,2,1,6,5,36,9,0,1,0.3333333333333333,2,1
maven-maven-3.0-alpha-4,org.apache.maven.toolchain.java,DefaultJavaToolchainFactory,1,0,4,3,48,10,0,0,0.75,0,2
maven-maven-3.0-alpha-4,org.apache.maven.toolchain.java,JavaToolChain,0,0,0,0,6,0,1,0,-1.0,0,0
maven-maven-3.0-alpha-4,org.apache.maven.project.canonical,CanonicalProjectBuilderTest,0,0,1,1,33,3,0,0,-1.0,0,1
maven-maven-3.0-alpha-4,org.apache.maven.project.harness,PomTestWrapper,3,0,9,9,49,11,0,0,0.0,2,1
maven-maven-3.0-alpha-4,org.apache.maven.project.harness,Xpp3DomAttributeIterator,5,0,4,4,38,7,0,0,0.0,0,0
maven-maven-3.0-alpha-4,org.apache.maven.project.harness,Xpp3DomAttributePointer,1,0,11,11,41,11,0,0,0.6363636363636364,0,0
maven-maven-3.0-alpha-4,org.apache.maven.project.harness,Xpp3DomNodeIterator,8,0,6,4,89,21,0,0,0.0,0,0
maven-maven-3.0-alpha-4,org.apache.maven.project.harness,Xpp3DomNodePointer,1,0,14,13,75,20,0,0,0.42857142857142855,1,1
maven-maven-3.0-alpha-4,org.apache.maven.project.harness,Xpp3DomPointerFactory,0,0,3,3,22,5,0,0,-1.0,0,0
maven-maven-3.0-alpha-4,org.apache.maven.lifecycle.test,App,0,0,1,1,8,1,0,0,-1.0,0,0
maven-maven-3.0-alpha-4,org.apache.maven.lifecycle.test,AppTest,0,0,3,3,24,3,0,0,-1.0,0,0
maven-maven-3.0-alpha-4,org.apache.maven.embedder,App,0,0,1,1,8,1,0,0,-1.0,0,0
maven-maven-3.0-alpha-4,org.apache.maven.embedder,AppTest,0,0,3,3,24,3,0,0,-1.0,0,0
maven-maven-3.0-alpha-4,org.apache.maven.cli,AbstractMavenTransferListener,2,0,13,6,77,22,2,0,0.0,0,2
maven-maven-3.0-alpha-4,org.apache.maven.cli,BatchModeMavenTransferListener,0,0,1,1,5,1,0,1,-1.0,0,0
maven-maven-3.0-alpha-4,org.apache.maven.cli,CLIManager,33,32,4,3,139,14,0,0,0.0,1,0
maven-maven-3.0-alpha-4,org.apache.maven.cli,CLIReportingUtils,3,3,7,2,109,20,0,0,0.5714285714285714,2,1
maven-maven-3.0-alpha-4,org.apache.maven.cli,ConsoleMavenTransferListener,0,0,2,1,25,5,0,1,-1.0,0,1
maven-maven-3.0-alpha-4,org.apache.maven.cli,ExecutionEventLogger,2,0,15,10,156,37,0,0,0.0,1,6
maven-maven-3.0-alpha-4,org.apache.maven.cli,MavenCli,26,7,25,8,549,110,0,0,0.08,1,16
maven-maven-3.0-alpha-4,org.apache.maven.cli,CliRequest,11,0,1,0,18,1,0,0,0.0,1,1
maven-maven-3.0-alpha-4,org.apache.maven.cli,ExitException,1,1,1,1,6,1,0,0,0.0,0,0
maven-maven-3.0-alpha-4,org.apache.maven.cli,MavenLoggerManager,3,0,12,10,75,18,0,0,0.25,0,0
maven-maven-3.0-alpha-4,org.apache.maven.cli,PrintStreamLogger,6,0,9,9,78,21,0,0,0.2222222222222222,1,0
maven-maven-3.0-alpha-4,org.plugin,TestPlugin,1,0,3,3,17,3,0,0,0.6666666666666666,0,1
maven-maven-3.0-alpha-4,org.plugin,TestPlugin,1,0,3,3,16,3,0,0,0.6666666666666666,0,1
maven-maven-3.0-alpha-4,org.plugin,TestPlugin,1,0,3,3,15,3,0,0,0.6666666666666666,0,1
maven-maven-3.0-alpha-4,org.plugin,TestPlugin,1,0,3,3,15,3,0,0,0.6666666666666666,0,1
maven-maven-3.0-alpha-4,org.plugin,TestPlugin,2,0,3,3,20,3,0,0,0.6666666666666666,0,1
maven-maven-3.0-alpha-4,org.plugin,TestPlugin,3,0,3,3,27,3,0,0,0.6666666666666666,0,3
maven-maven-3.0-alpha-4,org.plugin,ComponentOne,1,0,0,0,3,0,0,0,-1.0,2,1
maven-maven-3.0-alpha-4,org.plugin,ComponentTwo,1,0,0,0,3,0,0,0,-1.0,1,1
maven-maven-3.0-alpha-4,org.plugin,TestPlugin,2,0,3,3,19,3,0,0,0.6666666666666666,0,2
maven-maven-3.0-alpha-4,org.plugin,TestPlugin,1,0,3,3,15,3,0,0,0.6666666666666666,0,1
maven-maven-3.0-alpha-4,org.plugin,TestPlugin,1,0,3,3,17,3,0,0,0.6666666666666666,0,1
maven-maven-3.0-alpha-4,org.plugin,TestPlugin,2,0,3,3,19,3,0,0,0.6666666666666666,0,1
maven-maven-3.0-alpha-4,org.plugin,TestPlugin,1,0,3,3,15,3,0,0,0.6666666666666666,0,1
maven-maven-3.0-alpha-4,org.plugin,TestPlugin,1,0,3,3,15,3,0,0,0.6666666666666666,0,1
maven-maven-3.0-alpha-4,org.plugin,TestPlugin,2,0,3,3,21,3,0,0,0.6666666666666666,0,2
maven-maven-3.0-alpha-4,org.apache.maven.test.error.mojoFailure,App,0,0,1,1,8,1,0,0,-1.0,0,0
maven-maven-3.0-alpha-4,org.apache.maven.test.error.mojoFailure,AppTest,0,0,3,3,24,3,0,0,-1.0,0,0
maven-maven-3.0-alpha-4,org.apache.maven.test.error.mojoFailure,App,0,0,1,1,8,1,0,0,-1.0,0,0
maven-maven-3.0-alpha-4,org.apache.maven.test.error.mojoFailure,AppTest,0,0,3,3,24,3,0,0,-1.0,0,0
maven-maven-3.0-alpha-4,org.apache.maven.test.error.mojoFailure,App,0,0,1,1,9,1,0,0,-1.0,0,0
maven-maven-3.0-alpha-4,org.apache.maven.test.error.mojoFailure,AppTest,0,0,3,3,24,3,0,0,-1.0,0,0
maven-maven-3.0-alpha-4,org.ext,App,0,0,1,1,8,1,0,0,-1.0,0,0
maven-maven-3.0-alpha-4,org.ext,App,0,0,1,1,8,1,0,0,-1.0,0,0
maven-maven-3.0-alpha-4,org.test,App,0,0,1,1,8,1,0,0,-1.0,0,0
maven-maven-3.0-alpha-4,org.test,AppTest,0,0,3,3,24,3,0,0,-1.0,0,0
maven-maven-3.0-alpha-4,org.codehaus.m2eclipse,App,0,0,1,1,8,1,0,0,-1.0,0,0
maven-maven-3.0-alpha-4,org.codehaus.m2eclipse,AppTest,0,0,3,3,24,3,0,0,-1.0,0,0
maven-maven-3.0-alpha-4,org.apache.maven.model.building,AbstractModelBuildingListener,0,0,1,1,8,1,0,1,-1.0,0,1
maven-maven-3.0-alpha-4,org.apache.maven.model.building,DefaultModelBuilder,15,0,19,2,398,70,0,1,0.15789473684210525,0,31
maven-maven-3.0-alpha-4,org.apache.maven.model.building,DefaultModelBuildingEvent,3,0,4,4,23,4,0,1,0.0,0,2
maven-maven-3.0-alpha-4,org.apache.maven.model.building,DefaultModelBuildingRequest,14,0,28,28,160,38,0,1,0.5,0,4
maven-maven-3.0-alpha-4,org.apache.maven.model.building,DefaultModelBuildingResult,6,0,14,14,88,20,0,1,0.14285714285714285,1,0
maven-maven-3.0-alpha-4,org.apache.maven.model.building,DefaultModelProblem,7,0,11,11,105,19,0,1,0.0,0,1
maven-maven-3.0-alpha-4,org.apache.maven.model.building,DefaultModelProblemCollector,4,0,17,14,87,21,0,1,0.29411764705882354,1,3
maven-maven-3.0-alpha-4,org.apache.maven.model.building,DefaultModelProcessor,0,0,5,4,47,8,0,1,-1.0,0,0
maven-maven-3.0-alpha-4,org.apache.maven.model.building,FileModelSource,1,0,5,5,33,6,0,1,0.0,0,0
maven-maven-3.0-alpha-4,org.apache.maven.model.building,ModelBuilder,0,0,2,0,21,2,1,0,-1.0,1,2
maven-maven-3.0-alpha-4,org.apache.maven.model.building,ModelBuildingEvent,0,0,3,0,21,3,1,0,-1.0,5,0
maven-maven-3.0-alpha-4,org.apache.maven.model.building,ModelBuildingEventCatapult,1,0,2,1,18,2,0,0,-1.0,1,2
maven-maven-3.0-alpha-4,org.apache.maven.model.building,ModelBuildingException,2,0,4,3,56,7,0,0,0.0,1,1
maven-maven-3.0-alpha-4,org.apache.maven.model.building,ModelBuildingListener,0,0,1,0,11,1,1,0,-1.0,4,1
maven-maven-3.0-alpha-4,org.apache.maven.model.building,ModelBuildingRequest,5,0,28,0,180,28,1,0,-1.0,37,4
maven-maven-3.0-alpha-4,org.apache.maven.model.building,ModelBuildingResult,0,0,7,0,43,7,1,0,-1.0,4,0
maven-maven-3.0-alpha-4,org.apache.maven.model.building,ModelCache,0,0,2,0,24,2,0,0,-1.0,3,0
maven-maven-3.0-alpha-4,org.apache.maven.model.building,ModelCacheTag,2,0,12,8,66,12,0,0,-1.0,2,2
maven-maven-3.0-alpha-4,org.apache.maven.model.building,ModelData,6,0,16,16,128,16,0,0,0.1875,2,0
maven-maven-3.0-alpha-4,org.apache.maven.model.building,ModelEventListener,0,0,1,0,3,1,0,0,-1.0,0,0
maven-maven-3.0-alpha-4,org.apache.maven.model.building,ModelProblem,0,0,8,0,50,8,1,0,-1.0,4,0
maven-maven-3.0-alpha-4,org.apache.maven.model.building,ModelProblemCollector,0,0,4,0,28,4,2,0,-1.0,34,0
maven-maven-3.0-alpha-4,org.apache.maven.model.building,ModelProblemUtils,0,0,4,4,64,11,0,0,-1.0,4,1
maven-maven-3.0-alpha-4,org.apache.maven.model.building,ModelProcessor,2,0,0,0,4,0,1,0,-1.0,4,0
maven-maven-3.0-alpha-4,org.apache.maven.model.building,ModelSource,0,0,2,0,16,2,2,0,-1.0,3,0
maven-maven-3.0-alpha-4,org.apache.maven.model.building,UrlModelSource,1,0,5,5,33,6,0,1,0.0,0,0
maven-maven-3.0-alpha-4,org.apache.maven.model.building,SimpleProblemCollector,2,0,6,6,26,6,0,1,0.3333333333333333,2,0
maven-maven-3.0-alpha-4,org.apache.maven.model.composition,DefaultDependencyManagementImporter,0,0,1,1,30,7,0,1,-1.0,0,2
maven-maven-3.0-alpha-4,org.apache.maven.model.composition,DependencyManagementImporter,0,0,1,0,14,1,1,0,-1.0,1,2
maven-maven-3.0-alpha-4,org.apache.maven.model.inheritance,DefaultInheritanceAssembler,1,0,4,1,113,22,0,1,0.75,0,4
maven-maven-3.0-alpha-4,org.apache.maven.model.inheritance,InheritanceModelMerger,0,0,2,0,72,15,0,0,-1.0,1,0
maven-maven-3.0-alpha-4,org.apache.maven.model.inheritance,InheritanceAssembler,0,0,1,0,14,1,1,0,-1.0,1,2
maven-maven-3.0-alpha-4,org.apache.maven.model.interpolation,AbstractStringBasedModelInterpolator,7,0,11,4,137,25,1,1,0.36363636363636365,0,3
maven-maven-3.0-alpha-4,org.apache.maven.model.interpolation,BuildTimestampValueSource,3,0,2,2,22,4,0,0,0.0,0,0
maven-maven-3.0-alpha-4,org.apache.maven.model.interpolation,ModelInterpolator,0,0,1,0,15,1,1,0,-1.0,1,2
maven-maven-3.0-alpha-4,org.apache.maven.model.interpolation,PathTranslatingPostProcessor,4,0,2,2,24,4,0,0,0.0,0,1
maven-maven-3.0-alpha-4,org.apache.maven.model.interpolation,ProblemDetectingValueSource,4,0,4,4,33,6,0,0,0.0,0,1
maven-maven-3.0-alpha-4,org.apache.maven.model.interpolation,StringSearchModelInterpolator,7,0,9,3,200,42,0,2,0.4444444444444444,2,4
maven-maven-3.0-alpha-4,org.apache.maven.model.interpolation,InterpolateObjectAction,5,0,6,2,176,39,0,0,0.0,1,2
maven-maven-3.0-alpha-4,org.apache.maven.model.io,DefaultModelReader,0,0,4,3,48,7,0,1,-1.0,0,0
maven-maven-3.0-alpha-4,org.apache.maven.model.io,DefaultModelWriter,0,0,3,3,49,10,0,1,-1.0,0,0
maven-maven-3.0-alpha-4,org.apache.maven.model.io,ModelParseException,2,0,4,4,52,4,0,0,0.0,1,0
maven-maven-3.0-alpha-4,org.apache.maven.model.io,ModelReader,1,0,3,0,37,3,1,0,-1.0,1,0
maven-maven-3.0-alpha-4,org.apache.maven.model.io,ModelWriter,0,0,3,0,30,3,1,0,-1.0,0,0
maven-maven-3.0-alpha-4,org.apache.maven.model.locator,DefaultModelLocator,0,0,1,1,9,1,0,1,-1.0,0,0
maven-maven-3.0-alpha-4,org.apache.maven.model.locator,ModelLocator,0,0,1,0,12,1,1,0,-1.0,0,0
maven-maven-3.0-alpha-4,org.apache.maven.model.management,DefaultDependencyManagementInjector,1,0,3,2,41,9,0,1,1.0,0,3
maven-maven-3.0-alpha-4,org.apache.maven.model.management,ManagementModelMerger,0,0,2,1,31,8,0,0,-1.0,2,0
maven-maven-3.0-alpha-4,org.apache.maven.model.management,DefaultPluginManagementInjector,1,0,4,2,62,14,0,1,1.0,0,3
maven-maven-3.0-alpha-4,org.apache.maven.model.management,ManagementModelMerger,0,0,3,1,52,13,0,0,-1.0,0,0
maven-maven-3.0-alpha-4,org.apache.maven.model.management,DependencyManagementInjector,0,0,1,0,13,1,1,0,-1.0,1,2
maven-maven-3.0-alpha-4,org.apache.maven.model.management,PluginManagementInjector,0,0,1,0,13,1,1,0,-1.0,1,2
maven-maven-3.0-alpha-4,org.apache.maven.model.merge,MavenModelMerger,2,1,36,0,345,101,0,1,0.7777777777777778,1,0
maven-maven-3.0-alpha-4,org.apache.maven.model.merge,ModelMerger,0,0,204,1,1755,526,1,0,-1.0,0,0
maven-maven-3.0-alpha-4,org.apache.maven.model.normalization,DefaultModelNormalizer,1,0,4,3,54,14,0,1,0.75,0,3
maven-maven-3.0-alpha-4,org.apache.maven.model.normalization,DuplicateMerger,0,0,1,1,5,1,0,0,-1.0,1,0
maven-maven-3.0-alpha-4,org.apache.maven.model.normalization,ModelNormalizer,0,0,2,0,20,2,1,0,-1.0,1,2
maven-maven-3.0-alpha-4,org.apache.maven.model.path,DefaultModelPathTranslator,1,0,2,1,41,9,0,1,0.0,0,2
maven-maven-3.0-alpha-4,org.apache.maven.model.path,DefaultPathTranslator,0,0,1,1,22,4,0,1,-1.0,0,0
maven-maven-3.0-alpha-4,org.apache.maven.model.path,ModelPathTranslator,0,0,1,0,13,1,1,0,-1.0,1,1
maven-maven-3.0-alpha-4,org.apache.maven.model.path,PathTranslator,0,0,1,0,13,1,1,0,-1.0,4,0
maven-maven-3.0-alpha-4,org.apache.maven.model.profile,DefaultProfileActivationContext,5,0,10,10,80,18,0,1,0.5,1,0
maven-maven-3.0-alpha-4,org.apache.maven.model.profile,DefaultProfileInjector,1,0,5,3,85,19,0,1,1.0,0,3
maven-maven-3.0-alpha-4,org.apache.maven.model.profile,ProfileModelMerger,0,0,4,2,67,15,0,0,-1.0,1,0
maven-maven-3.0-alpha-4,org.apache.maven.model.profile,DefaultProfileSelector,1,0,3,1,54,12,0,1,0.0,0,2
maven-maven-3.0-alpha-4,org.apache.maven.model.profile,ProfileActivationContext,0,0,10,0,61,10,1,0,-1.0,10,0
maven-maven-3.0-alpha-4,org.apache.maven.model.profile,ProfileInjector,0,0,1,0,14,1,1,0,-1.0,1,2
maven-maven-3.0-alpha-4,org.apache.maven.model.profile,ProfileSelector,0,0,1,0,14,1,1,0,-1.0,2,2
maven-maven-3.0-alpha-4,org.apache.maven.model.profile.activation,FileProfileActivator,1,0,2,2,62,11,0,1,1.0,0,3
maven-maven-3.0-alpha-4,org.apache.maven.model.profile.activation,JdkVersionProfileActivator,2,0,10,4,121,33,0,1,0.0,1,4
maven-maven-3.0-alpha-4,org.apache.maven.model.profile.activation,RangeValue,2,0,4,3,17,4,0,0,0.0,1,0
maven-maven-3.0-alpha-4,org.apache.maven.model.profile.activation,OperatingSystemProfileActivator,0,0,6,1,92,20,0,1,-1.0,0,2
maven-maven-3.0-alpha-4,org.apache.maven.model.profile.activation,ProfileActivator,0,0,1,0,14,1,4,0,-1.0,1,2
maven-maven-3.0-alpha-4,org.apache.maven.model.profile.activation,PropertyProfileActivator,0,0,1,1,54,10,0,1,-1.0,0,2
maven-maven-3.0-alpha-4,org.apache.maven.model.profile.activation,AbstractProfileActivatorTest,3,0,5,1,34,6,2,0,0.4,0,4
maven-maven-3.0-alpha-4,org.apache.maven.model.profile.activation,JdkVersionProfileActivatorTest,0,0,7,5,48,7,0,1,-1.0,0,0
maven-maven-3.0-alpha-4,org.apache.maven.model.profile.activation,PropertyProfileActivatorTest,0,0,13,11,85,13,0,1,-1.0,0,0
maven-maven-3.0-alpha-4,org.apache.maven.model.resolution,InvalidRepositoryException,1,0,3,3,36,3,0,0,0.0,0,0
maven-maven-3.0-alpha-4,org.apache.maven.model.resolution,ModelResolver,0,0,3,0,26,3,0,0,-1.0,4,0
maven-maven-3.0-alpha-4,org.apache.maven.model.resolution,UnresolvableModelException,3,0,5,5,66,5,0,0,0.0,0,0
maven-maven-3.0-alpha-4,org.apache.maven.model.superpom,DefaultSuperPomProvider,2,0,1,1,29,3,0,1,0.0,0,1
maven-maven-3.0-alpha-4,org.apache.maven.model.superpom,SuperPomProvider,0,0,1,0,12,1,1,0,-1.0,1,0
maven-maven-3.0-alpha-4,org.apache.maven.model.validation,DefaultModelValidator,1,0,18,2,339,82,0,1,0.0,1,2
maven-maven-3.0-alpha-4,org.apache.maven.model.validation,ModelValidator,0,0,2,0,21,2,1,0,-1.0,3,2
maven-maven-3.0-alpha-4,org.apache.maven.model.validation,DefaultModelValidatorTest,1,0,33,25,182,33,0,0,0.0,0,4
maven-maven-3.0-alpha-4,org.apache.maven.model,ActivationFileTest,0,0,4,4,21,4,0,0,-1.0,0,0
maven-maven-3.0-alpha-4,org.apache.maven.model,ActivationOSTest,0,0,4,4,21,4,0,0,-1.0,0,0
maven-maven-3.0-alpha-4,org.apache.maven.model,ActivationPropertyTest,0,0,4,4,21,4,0,0,-1.0,0,0
maven-maven-3.0-alpha-4,org.apache.maven.model,ActivationTest,0,0,4,4,21,4,0,0,-1.0,0,0
maven-maven-3.0-alpha-4,org.apache.maven.model,BuildTest,0,0,4,4,21,4,0,0,-1.0,0,0
maven-maven-3.0-alpha-4,org.apache.maven.model,CiManagementTest,0,0,4,4,21,4,0,0,-1.0,0,0
maven-maven-3.0-alpha-4,org.apache.maven.model,ContributorTest,0,0,4,4,21,4,0,0,-1.0,0,0
maven-maven-3.0-alpha-4,org.apache.maven.model,DependencyManagementTest,0,0,4,4,21,4,0,0,-1.0,0,0
maven-maven-3.0-alpha-4,org.apache.maven.model,DependencyTest,0,0,4,4,21,4,0,0,-1.0,0,0
maven-maven-3.0-alpha-4,org.apache.maven.model,DeploymentRepositoryTest,0,0,4,4,21,4,0,0,-1.0,0,0
maven-maven-3.0-alpha-4,org.apache.maven.model,DeveloperTest,0,0,4,4,21,4,0,0,-1.0,0,0
maven-maven-3.0-alpha-4,org.apache.maven.model,DistributionManagementTest,0,0,4,4,21,4,0,0,-1.0,0,0
maven-maven-3.0-alpha-4,org.apache.maven.model,ExclusionTest,0,0,4,4,21,4,0,0,-1.0,0,0
maven-maven-3.0-alpha-4,org.apache.maven.model,ExtensionTest,0,0,4,4,21,4,0,0,-1.0,0,0
maven-maven-3.0-alpha-4,org.apache.maven.model,IssueManagementTest,0,0,4,4,21,4,0,0,-1.0,0,0
maven-maven-3.0-alpha-4,org.apache.maven.model,LicenseTest,0,0,4,4,21,4,0,0,-1.0,0,0
maven-maven-3.0-alpha-4,org.apache.maven.model,MailingListTest,0,0,4,4,21,4,0,0,-1.0,0,0
maven-maven-3.0-alpha-4,org.apache.maven.model,ModelTest,0,0,4,4,21,4,0,0,-1.0,0,0
maven-maven-3.0-alpha-4,org.apache.maven.model,NotifierTest,0,0,4,4,21,4,0,0,-1.0,0,0
maven-maven-3.0-alpha-4,org.apache.maven.model,OrganizationTest,0,0,4,4,21,4,0,0,-1.0,0,0
maven-maven-3.0-alpha-4,org.apache.maven.model,ParentTest,0,0,4,4,21,4,0,0,-1.0,0,0
maven-maven-3.0-alpha-4,org.apache.maven.model,PluginConfigurationTest,0,0,4,4,21,4,0,0,-1.0,0,0
maven-maven-3.0-alpha-4,org.apache.maven.model,PluginContainerTest,0,0,4,4,21,4,0,0,-1.0,0,0
maven-maven-3.0-alpha-4,org.apache.maven.model,PluginExecutionTest,0,0,4,4,21,4,0,0,-1.0,0,0
maven-maven-3.0-alpha-4,org.apache.maven.model,PluginManagementTest,0,0,4,4,21,4,0,0,-1.0,0,0
maven-maven-3.0-alpha-4,org.apache.maven.model,PluginTest,0,0,4,4,21,4,0,0,-1.0,0,0
maven-maven-3.0-alpha-4,org.apache.maven.model,PrerequisitesTest,0,0,4,4,21,4,0,0,-1.0,0,0
maven-maven-3.0-alpha-4,org.apache.maven.model,ProfileTest,0,0,4,4,21,4,0,0,-1.0,0,0
maven-maven-3.0-alpha-4,org.apache.maven.model,RelocationTest,0,0,4,4,21,4,0,0,-1.0,0,0
maven-maven-3.0-alpha-4,org.apache.maven.model,ReportPluginTest,0,0,4,4,21,4,0,0,-1.0,0,0
maven-maven-3.0-alpha-4,org.apache.maven.model,ReportSetTest,0,0,4,4,21,4,0,0,-1.0,0,0
maven-maven-3.0-alpha-4,org.apache.maven.model,ReportingTest,0,0,4,4,21,4,0,0,-1.0,0,0
maven-maven-3.0-alpha-4,org.apache.maven.model,RepositoryPolicyTest,0,0,4,4,21,4,0,0,-1.0,0,0
maven-maven-3.0-alpha-4,org.apache.maven.model,RepositoryTest,0,0,4,4,21,4,0,0,-1.0,0,0
maven-maven-3.0-alpha-4,org.apache.maven.model,ResourceTest,0,0,4,4,21,4,0,0,-1.0,0,0
maven-maven-3.0-alpha-4,org.apache.maven.model,ScmTest,0,0,4,4,21,4,0,0,-1.0,0,0
maven-maven-3.0-alpha-4,org.apache.maven.model,SiteTest,0,0,4,4,21,4,0,0,-1.0,0,0
maven-maven-3.0-alpha-4,org.apache.maven.monitor.logging,DefaultLog,1,0,18,17,65,19,0,0,0.0,0,0
maven-maven-3.0-alpha-4,org.apache.maven.plugin.descriptor,DuplicateMojoDescriptorException,0,0,1,1,5,1,0,1,-1.0,0,0
maven-maven-3.0-alpha-4,org.apache.maven.plugin.descriptor,DuplicateParameterException,0,0,1,1,5,1,0,1,-1.0,0,0
maven-maven-3.0-alpha-4,org.apache.maven.plugin.descriptor,InvalidParameterException,0,0,2,2,11,2,0,1,-1.0,0,0
maven-maven-3.0-alpha-4,org.apache.maven.plugin.descriptor,InvalidPluginDescriptorException,0,0,2,2,8,2,3,0,-1.0,0,0
maven-maven-3.0-alpha-4,org.apache.maven.plugin.descriptor,MojoDescriptor,25,3,57,56,486,72,0,0,0.3684210526315789,18,4
maven-maven-3.0-alpha-4,org.apache.maven.plugin.descriptor,Parameter,12,0,28,28,109,28,0,0,0.42857142857142855,4,1
maven-maven-3.0-alpha-4,org.apache.maven.plugin.descriptor,PluginDescriptor,16,0,41,40,222,53,0,0,0.3170731707317073,23,4
maven-maven-3.0-alpha-4,org.apache.maven.plugin.descriptor,PluginDescriptorBuilder,0,0,4,4,165,28,0,0,-1.0,1,3
maven-maven-3.0-alpha-4,org.apache.maven.plugin.descriptor,Requirement,2,0,5,5,33,5,0,0,0.4,1,0
maven-maven-3.0-alpha-4,org.apache.maven.plugin.descriptor,PluginDescriptorBuilderTest,0,0,2,1,67,2,0,0,-1.0,0,3
maven-maven-3.0-alpha-4,org.apache.maven.plugin.logging,Log,0,0,16,0,86,16,1,0,-1.0,15,0
maven-maven-3.0-alpha-4,org.apache.maven.plugin.logging,SystemStreamLog,0,0,19,16,123,19,0,1,-1.0,0,0
maven-maven-3.0-alpha-4,org.apache.maven.plugin.lifecycle,LifecycleXpp3ReaderTest,0,0,1,1,9,1,0,0,-1.0,0,0
